id,drcog_id,latitude,longitude,crashtime,time,crashtype,numbkilled,numbinjurd,drcoglocat,rdconditin,lightngcon,roadcntgrd,weatherco,location,roaddescrp,schoolzone,constrzone,splimit,bikeinv,pedinv,sctrinv,motoinv,svrty,rdsystem,ttlvehcls,hcf
,2021-01577,39.75826352,-104.9123799,1/7/2021 11:20,11:20,15,0,0,2800 BLK N MONACO ST & E 29TH AVE,1,1,0,0,1,4,0,0,30,0,0,0,0,0,4,2,8
,2021-01578,39.77288352,-104.9406289,1/7/2021 7:30,7:30,1,0,0,N COLORADO BLVD & E 40TH AVE,1,1,0,0,1,1,0,0,40,0,0,0,0,0,2,2,13
,2021-01579,39.74742352,-104.9127999,1/9/2021 19:37,19:37,8,0,2,E MONTEVIEW BLVD & N MONACO ST,9,3,0,2,1,1,0,0,30,0,0,0,0,2,4,2,13
,2021-01580,39.71123354,-104.9971264,1/7/2021 11:10,11:10,10,0,0,S SANTA FE DR & W ALAMEDA AVE,1,1,0,0,1,1,0,0,45,0,0,0,0,0,4,2,13
,2021-01582,39.72931353,-105.0148199,1/8/2021 9:43,9:43,15,0,0,I-25 NB & W 8TH AVE,1,1,0,0,1,4,0,0,65,0,0,0,0,0,1,2,1
,2021-01601,39.75803353,-105.0205299,1/8/2021 14:57,14:57,3,0,0,N CLAY ST & N SPEER BLVD,1,1,0,0,1,1,0,0,25,0,0,0,0,0,4,2,1
,2021-01604,39.70339354,-105.0406399,1/9/2021 20:30,20:30,5,0,0,QUITMAN ST S & 4081 W WALSH PL,4,4,0,2,3,2,0,0,25,0,0,0,0,0,4,3,14
,2021-01605,39.72008353,-104.8907299,1/9/2021 19:59,19:59,15,0,0,N UNITA WAY & E LOWRY BLVD,4,3,0,2,1,6,0,0,15,0,0,0,0,0,4,2,13
,2021-01714,39.69849853,-104.9035984,1/29/2021 20:59,20:59,12,0,0,HIGHWAY 83 & S QUEBEC ST,1,3,0,0,1,3,0,0,40,0,0,0,0,1,4,2,5
,2021-01731,39.75106353,-104.9222699,1/6/2021 19:37,19:37,6,0,0,N HOLLY ST & E 23RD AVE,1,3,0,0,1,4,0,0,25,0,0,0,0,0,4,6,5
,2021-02128,39.65704439,-104.8839784,1/2/2021 17:51,17:51,3,0,0,HAMPDEN AVE E & S. AKRON ST,1,3,0,0,1,2,0,0,45,0,0,0,0,1,2,5,9
,2021-02141,39.79104553,-105.0125789,2/9/2021 14:00,14:00,3,0,0,W 52ND AVE & HWY 95,1,1,1,0,1,1,0,0,35,0,0,0,0,0,4,2,3
,2021-02474,39.65699053,-104.866451,1/31/2021 19:29,19:29,12,0,0,S PARKER RD & S HAVANA ST,1,3,1,0,1,3,0,0,45,0,0,0,0,1,2,2,7
,2021-02492,39.63144355,-105.0253899,1/23/2021 11:26,11:26,3,0,0,S FEDERAL BLVD & W UNION AVE,1,1,0,0,1,1,0,0,35,0,0,0,0,0,2,2,8
,2021-02493,39.76910353,-104.9952899,1/7/2021 23:07,23:07,5,1,1,FOX ST N & 38TH AVE W,1,3,0,0,3,1,0,0,35,0,0,0,0,4,1,1,9
,2021-02726,39.69670754,-104.9929099,1/31/2021 8:48,8:48,3,0,0,S PLATTE RIVER DR & W MISSISSIPPI AVE,1,1,0,0,1,1,0,0,35,0,0,0,0,0,2,4,13
,2021-02739,39.77827352,-104.9128699,1/22/2021 15:40,15:40,12,0,0,I-70 EB & N MONACO ST,1,1,0,0,1,4,0,0,55,0,0,0,0,0,1,3,14
,2021-02749,39.73127354,-105.0532399,2/5/2021 16:55,16:55,3,0,0,W 9TH AVE & N SHERIDAN BLVD,1,1,0,0,1,1,0,0,25,0,0,0,0,1,2,3,7
,2021-02766,39.77967353,-104.9791499,2/5/2021 14:27,14:27,15,0,0,N WASHINGTON ST & I-70 WB RAMPS,1,1,1,0,1,1,0,0,35,0,0,0,0,0,4,2,13
,2021-02770,39.75803353,-105.0205299,1/18/2021 12:49,12:49,3,0,0,N CLAY ST & N SPEER BLVD,1,1,1,0,1,1,0,0,30,0,0,0,0,0,4,2,8
,2021-02773,39.76207353,-104.9790299,2/5/2021 13:26,13:26,6,0,0,3000 BLK LAWRENCE ST & 30TH ST,1,1,0,0,1,4,0,0,25,0,0,0,0,0,4,3,13
,2021-02775,39.77490982,-104.8160437,1/24/2021 9:19,9:19,6,0,0,4900 BLK N FONTANA CT & N FREEPORT WAY,1,1,0,0,1,4,0,0,25,0,0,0,0,0,4,4,5
,2021-02778,39.71130353,-104.8928999,1/25/2021 18:10,18:10,12,0,0,E ALAMEDA AVE & E FAIRMOUNT DR,1,3,0,0,1,3,0,0,35,0,0,0,0,1,4,3,3
,2021-02779,39.78993353,-105.0532399,1/26/2021 12:58,12:58,12,0,0,5100 BLK N SHERIDAN BLVD & W 52ND AVE,4,1,1,2,1,4,0,0,35,0,0,0,0,0,2,2,13
,2021-02780,39.72569653,-105.0001594,2/5/2021 6:51,6:51,12,0,0,W 6TH AVE & N KALAMATH ST,1,1,0,0,1,4,0,0,35,0,0,0,0,0,4,3,13
,2021-02781,39.77967353,-104.9791499,1/26/2021 13:51,13:51,5,0,0,I-70 WB & N WASHINGTON ST,9,1,1,2,2,4,0,0,55,0,0,0,0,0,1,3,3
,2021-02782,39.72553353,-105.0131199,1/25/2021 15:51,15:51,12,0,0,I-25 NB & W 6TH AVE,1,1,0,0,1,4,0,0,65,0,0,0,0,0,1,3,7
,2021-02785,39.75060353,-105.0268099,1/26/2021 10:27,10:27,6,0,0,2200 BLK N GROVE ST & W 22ND AVE,4,1,1,2,1,4,0,0,25,0,0,0,0,0,4,4,16
,2021-02787,39.78542352,-104.8931899,2/6/2021 16:37,16:37,9,0,0,E NORTHFIELD BLVD & N UINTA ST,1,1,0,0,1,3,0,0,25,0,1,0,0,1,4,1,8
,2021-02788,39.77496353,-104.9780399,2/5/2021 22:11,22:11,12,0,0,38TH ST & ARKINS CT,1,3,0,0,1,1,0,0,30,0,0,0,0,1,4,3,3
,2021-02791,39.76143353,-105.0392899,1/25/2021 21:48,21:48,6,0,0,3100 BLK N PERRY ST & W 32ND AVE,1,3,0,0,1,4,0,0,25,0,0,0,0,0,4,4,1
,2021-02792,39.63323354,-104.9063099,1/25/2021 11:24,11:24,12,0,0,I-225 SB & I-25 NB / SB SPLIT,1,1,0,0,1,4,0,0,55,0,0,0,0,1,1,3,1
,2021-02793,39.67284354,-104.9406899,1/25/2021 11:47,11:47,15,0,1,2300 BLK S COLORADO BLVD & W ILIFF AVE,1,1,0,0,1,4,0,0,35,0,0,0,0,2,2,3,1
,2021-02794,39.75148273,-105.0158424,1/26/2021 15:57,15:57,12,0,0,I-25 SB EXIT RAMP & W 23RD AVE,9,1,0,2,1,3,0,0,35,0,0,0,0,0,1,3,7
,2021-02795,39.76115353,-105.0047499,1/16/2021 21:57,21:57,15,0,0,I-25 SB & 20TH ST EXIT GORE,1,3,0,0,1,4,0,0,65,0,0,0,0,1,1,3,5
,2021-02796,39.67856354,-104.9816699,1/23/2021 13:45,13:45,12,0,0,E EVANS AVE & S PENNSYLVANIA ST,1,1,0,0,1,1,0,0,35,0,0,0,0,0,4,5,13
,2021-02798,39.67474353,-104.8724299,1/25/2021 20:15,20:15,12,0,1,9900 BLK E ILIFF AVE & S PARKER RD,1,3,0,0,1,4,0,0,45,0,0,0,0,2,4,4,3
,2021-02802,39.68495354,-105.0274099,2/5/2021 22:32,22:32,6,0,0,3100 BLK W COLORADO AVE & S FEDERAL BLVD,1,3,0,0,1,4,0,0,25,0,0,0,0,0,4,3,13
,2021-02803,39.65863353,-104.86638,1/26/2021 18:06,18:06,15,0,0,3100 S HAVANA ST & E DARTMOUTH AVE,9,4,0,2,1,3,0,0,45,0,0,0,0,1,2,3,13
,2021-02805,39.69657353,-104.9593099,1/24/2021 15:42,15:42,15,0,0,S UNIVERSITY BLVD & E MISSISSIPPI  AVE,1,1,0,0,1,1,0,0,35,0,0,0,0,1,4,3,13
,2021-02806,39.72908053,-104.9874064,2/4/2021 20:28,20:28,3,0,0,N BROADWAY ST & 8TH AVE,1,3,0,0,1,1,0,0,30,0,0,0,0,0,4,4,5
,2021-02807,39.77279425,-104.7494501,2/5/2021 14:05,14:05,6,0,0,5100 BLK N JERICHO ST & E 52ND AVE,1,1,0,0,1,4,0,0,25,0,0,0,0,0,4,3,10
,2021-02808,39.68588354,-105.0250499,1/26/2021 12:16,12:16,9,0,0,S FEDERAL BLVD & W MEXICO AVE,4,1,1,2,1,3,0,0,35,0,0,0,0,0,2,4,13
,2021-02811,39.69294354,-104.9640499,1/13/2021 4:05,4:05,5,0,1,S RACE ST & E LOUISIANA AVE,1,3,0,0,1,4,0,0,25,0,0,0,0,2,4,3,5
,2021-02813,39.76347353,-104.9772199,1/24/2021 15:58,15:58,3,0,0,32ND ST & LAWRENCE ST,1,1,0,0,1,1,0,0,25,0,0,0,0,0,4,3,14
,2021-02814,39.74221471,-104.9907708,2/1/2021 22:54,22:54,10,0,0,15TH ST & TREMONT ST,1,3,0,0,1,1,0,0,25,0,1,0,0,1,4,2,13
,2021-02816,39.71299354,-105.0250699,1/26/2021 14:50,14:50,1,0,0,W CEDAR AVE & S FEDERAL BLVD,4,1,1,2,1,2,0,0,35,0,0,0,0,0,2,3,13
,2021-02817,39.72341353,-104.9837799,2/5/2021 22:13,22:13,12,0,0,E SPEER BLVD & N GRANT ST,1,3,0,0,1,1,0,0,30,0,0,0,0,0,4,2,13
,2021-02818,39.7257528,-105.0153475,1/22/2021 7:47,7:47,12,0,0,I-25 NB & 6TH AVE EXIT GORE PT,1,1,1,0,1,8,0,0,55,0,0,0,0,0,1,3,14
,2021-02819,39.79837473,-104.7889303,1/24/2021 12:17,12:17,12,0,0,E 56TH AVE & N PENA BLVD,1,1,0,0,1,4,0,0,45,0,0,0,0,1,4,3,3
,2021-02820,39.70483354,-104.9815799,1/31/2021 19:02,19:02,6,0,0,600 BLOCK S PENNSYLVANIA ST & E CENTER AVE,1,4,0,0,1,4,0,0,25,0,0,0,0,0,4,4,16
,2021-02821,39.64137103,-105.0299311,1/25/2021 19:23,19:23,6,0,0,800 BLK OF S IRVING ST & W OHIO AVE,1,4,0,0,1,4,0,0,25,0,0,0,0,1,4,4,10
,2021-02822,39.69293353,-104.9406199,1/24/2021 13:20,13:20,12,0,0,E LOUISIANA AVE & S COLORADO BLVD,1,1,0,0,1,1,0,0,35,0,0,0,0,0,2,5,3
,2021-02823,39.76084103,-105.0040802,1/22/2021 10:34,10:34,5,0,0,20TH ST & I-25 NB EXIT RAMP,1,1,1,0,2,1,0,0,30,0,0,0,0,0,1,1,16
,2021-02824,39.67849354,-104.9632499,2/2/2021 10:44,10:44,12,0,1,2000 BLK E EVANS AVE & S RACE ST,1,1,0,0,1,3,0,0,30,0,0,0,0,2,4,3,3
,2021-02825,39.72508354,-105.0324699,2/2/2021 6:50,6:50,12,0,0,W 6TH AVE & N KNOX CT,1,1,0,0,1,4,0,0,60,0,0,0,0,0,2,3,1
,2021-02827,39.65181555,-105.0531874,2/2/2021 15:48,15:48,15,0,0,S SHERIDAN BLVD & W HAMPDEN AVE,1,1,1,0,1,4,0,0,35,0,0,0,0,0,2,3,3
,2021-02830,39.77420352,-104.8470299,2/2/2021 6:40,6:40,12,0,0,I-70 WB & N PEORIA ST,1,1,0,0,1,4,0,0,65,0,0,0,0,0,1,3,13
,2021-02832,39.75848353,-105.0281599,1/26/2021 16:20,16:20,12,0,0,W 29TH AVE & N HOOKER ST,4,1,0,2,1,1,0,0,35,0,0,0,0,0,4,3,7
,2021-02834,39.65303354,-104.9362899,2/1/2021 18:00,18:00,12,0,0,E HAMPDEN AVE & S BIRCH ST,1,3,0,0,1,3,0,0,35,0,0,0,0,0,2,3,3
,2021-02835,39.78730353,-105.0532299,2/4/2021 12:03,12:03,14,0,1,4900 BLK N SHERIDAN BLVD & W 49TH AVE,1,1,1,0,1,4,0,0,35,0,0,0,0,2,2,3,16
,2021-02836,39.70665354,-104.9965899,1/22/2021 8:32,8:32,12,0,0,I-25 NB & S SANTA FE DR,1,1,0,0,1,4,0,0,65,0,0,0,0,1,1,3,3
,2021-02837,39.91915628,-105.0050976,2/1/2021 21:30,21:30,6,0,0,3400 BLK N PECOS ST & W 34TH AVE,1,3,1,0,1,4,0,0,25,0,0,0,0,0,4,3,6
,2021-02839,39.72547894,-105.0492162,1/8/2021 8:50,8:50,3,0,1,W 6TH AVE S DR & N PERRY ST,1,1,1,0,1,1,0,0,30,0,0,0,0,2,4,2,3
,2021-02840,39.8325535,-104.69294,1/25/2021 12:44,12:44,12,0,0,7500 BLK N JACKSON GAP ST & E 75TH AVE,1,1,0,0,1,4,0,0,35,0,0,0,0,0,4,2,13
,2021-02841,39.78919352,-104.9569799,2/4/2021 9:14,9:14,3,0,0,E 51 ST AVE & N COLUMBINE ST,1,1,0,0,1,1,0,0,30,0,0,0,0,1,4,2,8
,2021-02842,39.70297354,-104.9827799,2/3/2021 16:20,16:20,12,0,0,700 BLK S LOGAN & 700 BLK S,1,1,0,0,1,4,0,0,25,0,0,0,0,0,4,3,3
,2021-02844,39.71484354,-105.0429099,1/21/2021 21:03,21:03,5,0,0,S STUART ST & 104 BLK,1,3,1,1,3,3,0,0,25,0,0,0,0,1,4,1,1
,2021-02845,39.70387353,-104.9034899,2/2/2021 16:15,16:15,12,0,0,S QUEBEC ST & E EXPOSITION AVE,1,1,0,0,1,3,0,0,30,0,0,0,0,0,4,3,3
,2021-02846,39.70605353,-104.9407399,2/1/2021 6:49,6:49,1,0,0,S COLORADO BLVD & E CHERRY CREEK S DR,1,2,0,0,1,1,0,0,35,0,0,0,0,1,2,3,13
,2021-02847,39.66767354,-105.0349499,1/23/2021 8:50,8:50,3,0,0,S LOWELL BLVD & W YALE AVE,1,1,1,0,1,1,0,0,25,0,0,0,0,0,4,5,1
,2021-02848,39.71120354,-104.9988899,1/23/2021 11:04,11:04,12,0,0,I-25 NB & W ALAMEDA AVE,1,1,0,0,1,4,0,0,65,0,0,0,0,1,1,4,13
,2021-02849,39.72570353,-104.9985599,2/4/2021 12:59,12:59,15,0,0,W 6TH AVE & N SANTA FE DR,1,1,0,0,1,4,0,0,30,0,0,0,0,0,4,2,8
,2021-02850,39.68226354,-105.0572499,2/4/2021 12:44,12:44,1,0,2,W JEWELL AVE & S DEPEW ST,1,1,0,0,1,1,0,0,40,0,0,0,0,3,4,2,3
,2021-02851,39.65306354,-104.8861099,2/4/2021 10:41,10:41,15,0,0,8800 BLK E HAMPDEN AVE & S YOSEMITE ST,1,1,0,0,1,1,0,0,45,0,0,0,0,0,2,2,13
,2021-02853,39.71295353,-104.9851399,2/4/2021 8:50,8:50,6,0,0,S SHERMAN ST & E CEDAR AVE,1,1,0,0,1,4,0,0,30,0,0,0,0,0,4,2,13
,2021-02854,39.69310354,-105.0267599,2/4/2021 14:22,14:22,6,0,0,3100 BLK W LOUISIANA AVE & S HAZEL CT,1,1,0,0,1,2,0,0,25,0,0,0,0,0,4,2,13
,2021-02855,39.79837473,-104.7889303,2/3/2021 18:19,18:19,12,0,0,E 56TH AVE & N PEORIA ST,1,3,0,0,1,4,0,0,25,0,0,0,0,0,4,3,7
,2021-02856,39.74043353,-105.0139599,2/3/2021 16:55,16:55,12,0,0,I-25 NB & W COLFAX AVE,1,2,0,0,1,4,0,0,55,0,0,0,0,0,1,3,3
,2021-02857,39.72409354,-105.0532399,2/4/2021 10:44,10:44,1,0,0,N SHERIDAN BLVD & W 5TH AVE,1,1,1,0,1,1,0,0,30,0,0,0,0,0,2,2,13
,2021-02858,39.71048354,-105.0391199,1/22/2021 7:47,7:47,6,0,0,3900 BLK W NEVADA PL & S OSCEOLA ST,1,1,0,0,1,4,0,0,25,0,0,0,0,0,4,2,16
,2021-02859,39.72889353,-104.9963999,1/22/2021 8:58,8:58,12,0,0,W 8TH AVE & N GALAPAGO ST,1,1,1,0,1,1,0,0,30,0,0,0,0,0,4,2,13
,2021-02860,39.63574354,-104.8935099,2/4/2021 9:54,9:54,12,0,0,I-225 SB & S TAMARAC ST,1,1,1,0,1,4,0,0,65,0,0,0,0,0,1,2,13
,2021-02861,39.75240353,-105.0205099,1/23/2021 4:44,4:44,6,0,0,N CLAY ST & W 24TH AVE,1,3,0,0,1,4,0,0,25,0,0,0,0,0,4,4,5
,2021-02862,39.69477353,-104.9361999,2/4/2021 10:18,10:18,3,0,0,E ARIZONA AVE & S BIRCH ST,1,1,0,0,1,1,0,0,30,0,0,0,0,0,4,2,13
,2021-02863,39.77994352,-104.9406599,2/4/2021 8:40,8:40,12,0,0,N COLORADO BLVD & I-70 EB ENT RAMP,1,1,1,0,1,1,0,0,40,0,0,0,0,0,2,2,13
,2021-02864,39.78345353,-105.0251799,2/4/2021 8:10,8:10,15,0,0,4700 BLK N FEDERAL BLVD & W 47TH AVE,1,1,0,0,1,4,0,0,35,0,0,0,0,0,2,2,5
,2021-02865,39.75819353,-104.9788299,2/1/2021 0:35,0:35,6,0,0,2800 BLK CHAMPA ST & 28TH ST,1,3,0,0,1,4,0,0,30,0,0,0,0,0,4,5,13
,2021-02866,39.78199353,-105.0227799,1/23/2021 18:39,18:39,6,0,1,N ELM CT & W 47TH AVE,1,3,0,0,1,4,0,0,25,0,0,0,0,2,4,5,5
,2021-02867,39.78346312,-105.0112166,2/4/2021 1:05,1:05,12,0,0,I-70 EB & I-225 ENT GORE PT,1,3,0,0,1,4,0,1,65,0,0,0,0,1,1,2,5
,2021-02868,39.68999354,-104.9734099,2/4/2021 7:35,7:35,15,0,0,I-25 NB & S DOWNING ST,1,1,0,0,1,4,0,0,60,0,0,0,0,1,1,3,13
,2021-02869,39.75536353,-105.0532299,1/22/2021 7:23,7:23,12,0,0,4000 BLK N SHERIDAN BLVD & W 41ST AVE,1,1,0,0,1,4,0,0,35,0,0,0,0,0,2,2,16
,2021-02870,39.74139353,-104.9988299,2/3/2021 8:40,8:40,15,0,0,STOUT ST & N SPEER BLVD,1,1,0,0,1,3,0,0,30,0,0,0,0,0,4,2,13
,2021-02871,39.74542843,-105.0176775,1/21/2021 22:48,22:48,5,0,1,W 17TH AVE  EXIT RAMP & I-25 NB,1,3,0,0,3,8,0,0,65,0,0,0,0,2,1,1,1
,2021-02872,39.71987346,-104.8472585,2/2/2021 14:35,14:35,15,0,0,I-70 WB RAMP & N PEORIA ST ENT GORE PT,1,1,0,0,1,8,0,0,35,0,0,0,0,0,1,2,1
,2021-02873,39.7065626,-104.9769056,1/24/2021 7:33,7:33,15,0,0,I-25 SB & S EMERSON ST,1,1,0,0,1,4,0,0,60,0,0,0,0,1,1,2,7
,2021-02874,39.75259039,-104.9848982,1/22/2021 17:40,17:40,12,0,0,I-25 SB & PARK AVE W,1,3,0,0,1,4,0,0,55,0,0,0,0,1,1,3,7
,2021-02875,39.74013353,-104.9297899,1/22/2021 1:34,1:34,5,0,0,E COLFAX AVE & N ELM ST,1,3,0,0,3,4,0,0,35,0,0,0,0,0,2,1,16
,2021-02876,39.72508354,-105.0324699,2/2/2021 6:47,6:47,12,0,0,W 6TH AVE & N KNOX CT,1,1,0,0,1,4,0,0,60,0,0,0,0,0,2,3,1
,2021-02877,39.63540354,-104.9035799,2/3/2021 17:47,17:47,12,0,2,I-225 & I-25,1,2,0,0,1,4,0,0,60,0,0,0,0,1,1,4,7
,2021-02878,39.70665354,-104.9965899,1/22/2021 7:45,7:45,12,0,0,I-25 NB ENT RAMP FROM & S SANTA FE DR,1,1,1,0,1,8,0,0,45,0,0,0,0,0,2,2,13
,2021-02879,39.74018653,-104.9407414,2/4/2021 11:03,11:03,12,0,0,N COLORADO BLVD & E COLFAX AVE,1,1,0,0,1,1,0,0,30,0,0,0,0,1,2,2,13
,2021-02880,39.63557354,-104.8943499,2/4/2021 9:45,9:45,12,0,0,I-225 & I-25 NB / SB SPLIT,1,1,0,0,1,4,0,0,55,0,0,0,0,0,1,2,14
,2021-02881,39.75614352,-104.8907099,2/4/2021 11:09,11:09,12,0,0,N CENTRAL PARK BLVD & E 28TH AVE,1,1,0,0,1,1,0,0,30,0,0,0,0,0,4,2,1
,2021-02882,39.67401353,-104.86991,1/7/2021 6:29,6:29,8,0,2,PARKER RD 2300 BLK S & ILIFF AVE,4,2,0,0,1,4,0,0,45,0,0,0,0,1,2,3,13
,2021-02883,39.77996352,-104.9497999,2/3/2021 7:05,7:05,12,0,0,I-70 EB & N STEELE ST,1,2,0,0,1,4,0,0,55,0,0,0,0,1,1,4,13
,2021-02884,39.73503353,-104.9597799,1/30/2021 9:47,9:47,3,0,0,N YORK ST & E 12TH AVE,1,1,0,0,1,1,0,0,25,0,0,0,0,0,4,5,16
,2021-02886,39.72017353,-104.9127499,1/22/2021 8:27,8:27,5,0,1,200 BLK N MONACO ST & 200 BLK N,1,1,0,0,3,4,0,0,35,0,0,0,0,2,4,1,10
,2021-02887,39.78561353,-105.0345699,1/16/2021 17:31,17:31,6,0,0,N LOWELL BLVD & W 49TH AVE,1,3,0,0,1,4,0,0,30,0,0,0,0,0,4,3,16
,2021-02888,39.75390352,-104.8907099,1/9/2021 18:44,18:44,6,0,0,2500 BLK N CENTRAL PARK BLVD & N WABASH ST,9,3,0,2,1,4,0,0,35,0,0,0,0,0,4,3,16
,2021-02889,39.76303353,-105.0369499,1/24/2021 13:01,13:01,6,0,0,3200 BLK N NEWTON ST & 3200 BLK N,1,1,0,0,1,4,0,0,25,0,0,0,0,0,4,2,8
,2021-02890,39.78938353,-105.0423799,2/1/2021 9:04,9:04,6,0,0,5100 BLOCK N STUART ST & 51ST AVE,1,1,0,0,1,4,0,0,25,0,0,0,0,0,4,3,14
,2021-02891,39.78185353,-105.0532199,1/15/2021 13:29,13:29,12,0,0,4700 BLK N SHERIDAN BLVD & W 48TH AVE,1,1,1,0,1,4,0,0,35,0,0,0,0,0,2,3,13
,2021-02892,39.76363353,-104.9752999,1/31/2021 22:05,22:05,6,0,1,3200 BLK ARAPAHOE ST & 32ND ST,1,3,0,0,1,4,0,0,30,0,0,0,0,2,4,5,13
,2021-02893,39.72598353,-104.9402799,1/19/2021 20:30,20:30,5,0,0,COLORADO BLVD & 4805 E 6TH AVE,1,3,0,0,3,4,0,0,35,0,0,0,0,0,2,1,13
,2021-02894,39.78577353,-105.0283999,1/12/2021 5:40,5:40,6,0,0,4900 BLK N HOOKER ST & W 49TH AVE,1,3,0,0,1,4,0,0,25,0,0,0,0,0,4,3,16
,2021-02895,39.72931353,-105.0150399,1/20/2021 10:06,10:06,12,0,0,I-25 SB & W 8TH AVE,1,1,0,0,1,4,0,0,65,0,0,0,0,1,1,2,13
,2021-02896,39.76207353,-105.0532399,1/22/2021 17:06,17:06,12,0,0,W 32ND AVE & N SHERIDAN BLVD,1,2,0,0,1,3,0,0,35,0,0,0,0,0,2,2,3
,2021-02897,39.74130353,-104.9919799,1/24/2021 22:36,22:36,12,0,0,TREMONT PL & 14TH ST,1,3,0,0,1,4,0,0,30,0,0,0,0,0,4,2,13
,2021-02898,39.69317354,-105.0531799,2/5/2021 16:20,16:20,12,0,0,S SHERIDAN BLVD & W LOUISIANA AVE,1,1,0,0,1,4,0,0,30,0,0,0,0,1,2,2,8
,2021-02900,39.76257353,-105.0019099,1/12/2021 8:45,8:45,6,0,0,3400 BLK RACKMOUNT DR & 19TH ST ON RAMP TO I-25 N/B HOV,1,1,0,0,1,4,0,0,25,0,0,0,0,0,4,4,16
,2021-02901,39.77262352,-104.8298499,1/14/2021 6:55,6:55,12,0,0,I-225 NB RAMP TO & I-70 WB,1,2,1,0,1,8,0,0,65,0,0,0,0,0,1,3,13
,2021-02902,39.75131353,-105.0165199,1/15/2021 18:32,18:32,12,0,0,I-25 NB & W 23RD AVE,1,3,0,0,1,4,0,0,55,0,0,0,0,0,1,4,13
,2021-02903,39.71030354,-105.0311199,1/12/2021 3:45,3:45,6,0,0,3300 BLK W NEVADA PL & S IRVING ST,4,4,0,0,1,4,0,0,25,0,0,0,0,0,4,3,1
,2021-02904,39.7914641,-104.8453585,1/15/2021 12:20,12:20,8,0,0,E 52ND AVE DR & E 53 AVE,1,1,1,0,1,1,0,0,25,0,0,0,0,0,4,2,1
,2021-02905,39.78364751,-104.809787,1/12/2021 14:55,14:55,8,0,0,E GATEWAY AVE & N CHAMBERS RD,11,1,0,0,3,3,0,0,40,0,0,0,0,1,4,4,6
,2021-02906,39.75618185,-105.0155256,1/28/2021 7:44,7:44,15,0,0,I-25 NB & N SPEER BLVD,1,3,0,0,1,4,0,0,55,0,0,0,0,0,1,2,14
,2021-02907,39.77582352,-104.8657299,1/14/2021 15:55,15:55,12,0,0,I-70 WB & N HAVANA ST,1,1,0,0,1,4,0,0,55,0,0,0,0,0,1,3,13
,2021-02908,39.68883354,-105.0421499,1/27/2021 8:02,8:02,6,0,0,1500 BLK S RALEIGH ST & W IOWA AVE,9,2,0,0,1,4,0,0,25,0,0,0,0,0,4,2,16
,2021-02909,39.73745953,-104.9120449,1/12/2021 8:23,8:23,12,0,0,1300 BLK N MONACO ST NB & 1300 BLK N,1,1,0,0,1,4,0,0,30,0,0,0,0,0,4,3,7
,2021-02910,39.69838353,-104.9500099,1/12/2021 8:30,8:30,3,0,0,S STEELE ST & S MILWAUKEE WAY,1,1,0,0,1,1,0,0,25,0,0,0,0,0,4,2,13
,2021-02911,39.77339752,-104.8473699,1/13/2021 19:34,19:34,12,0,2,I-70 EB EXIT RAMP & N PEORIA ST,1,4,0,0,1,8,0,0,25,0,0,0,0,1,4,2,13
,2021-02912,39.76841353,-105.0532299,1/27/2021 8:44,8:44,12,0,0,3700 BLK N SHERIDAN BLVD & W 38TH AVE,4,1,1,0,1,4,0,0,35,0,0,0,0,0,2,2,13
,2021-02913,39.68568354,-104.9500399,2/5/2021 15:53,15:53,3,0,0,S STEELE ST & E MEXICO AVE,1,1,0,0,1,1,0,0,25,0,0,0,0,0,4,2,2
,2021-02914,39.69673354,-105.0203499,2/5/2021 16:51,16:51,3,0,0,S CLAY ST & W MISSISSIPPI AVE,1,1,0,0,1,1,0,0,25,0,0,0,0,0,4,2,13
,2021-02915,39.77874353,-104.9792399,1/15/2021 10:24,10:24,15,0,0,4500 BLK N WASHINGTON ST & I-70 WB EXIT RAMP,1,1,1,0,1,4,0,0,35,0,0,0,0,0,4,2,13
,2021-02916,39.74009468,-104.9035119,1/15/2021 11:10,11:10,12,0,0,NB N QUEBEC ST & I-70 WB,1,1,0,0,1,4,0,0,35,0,0,0,0,0,4,3,5
,2021-02917,39.71624353,-104.9498399,1/12/2021 16:40,16:40,12,0,0,N STEELE ST & E ELLSWORTH AVE,11,1,0,0,1,3,0,0,25,0,0,0,0,0,4,3,3
,2021-02918,39.76832353,-104.9949599,1/22/2021 16:50,16:50,15,0,0,I-25 SB & PARK AVE W,1,1,0,0,1,4,0,0,55,0,0,0,0,0,1,2,14
,2021-02919,39.78016453,-105.0064459,1/12/2021 16:13,16:13,12,0,0,E 46TH AVE & N PECOS ST,1,1,0,0,1,4,0,0,35,0,0,0,0,0,4,3,13
,2021-02920,39.86662778,-104.6717006,1/14/2021 9:09,9:09,15,0,0,7000 BLK PENA BLVD & TOWER RD,1,1,0,0,1,4,0,0,65,0,0,0,0,0,4,3,13
,2021-02921,39.71127354,-105.0460799,1/14/2021 17:22,17:22,1,0,0,W ALAMEDA AVE & S UTICA ST,1,2,0,0,1,1,0,0,35,0,0,0,0,0,2,3,1
,2021-02922,39.71669211,-104.8995656,1/14/2021 18:34,18:34,12,0,0,EB MONTVIEW BLVD & N ROSEMARY ST,1,3,0,0,1,1,0,0,30,0,0,0,0,0,4,3,13