id,drcog_id,latitude,longitude,crashtime,time,crashtype,numbkilled,numbinjurd,drcoglocat,rdconditin,lightngcon,roadcntgrd,weatherco,location,roaddescrp,schoolzone,constrzone,splimit,bikeinv,pedinv,sctrinv,motoinv,svrty,rdsystem,ttlvehcls,hcf
,2021-02924,39.74686353,-104.9835799,1/16/2021 16:00,16:00,6,0,0,1900 BLK N GRANT ST & 20TH ST,1,5,0,0,1,4,0,0,25,0,0,0,0,0,4,2,16
,2021-02925,39.66015354,-104.9023099,1/15/2021 12:08,12:08,3,0,0,E DARTMOUTH AVE & S QUEBEC ST,1,1,0,0,1,1,0,0,30,0,0,0,0,0,4,2,16
,2021-02926,39.75472352,-104.9033899,2/5/2021 18:13,18:13,3,0,0,E 26TH AVE & N QUEBEC ST,14,3,0,0,1,1,0,0,40,0,0,0,0,0,4,2,13
,2021-02927,39.75575353,-104.9733499,1/15/2021 11:00,11:00,6,0,0,2700 BLK N DOWNING ST & TREMONT PL,1,1,0,0,1,4,0,0,35,0,0,0,0,0,4,3,16
,2021-02928,39.77605351,-104.74385,1/27/2021 10:00,10:00,5,0,0,20923 E 43RD AVE & 2093 BLK E,4,1,1,0,3,4,0,0,25,0,0,0,0,0,4,1,7
,2021-02929,39.63538354,-104.9001199,1/12/2021 18:24,18:24,12,0,0,I-225 & I-25 NB / SB,1,3,0,0,1,4,0,0,65,0,0,0,0,0,1,4,13
,2021-02930,39.73680353,-104.9597799,1/27/2021 10:45,10:45,15,0,0,E 13TH AVE & N YORK ST,7,1,0,0,1,4,0,0,30,0,0,0,0,0,4,2,13
,2021-02932,39.73848354,-105.0532099,2/5/2021 21:54,21:54,15,0,0,N SHERIDAN BLVD & W 14TH AVE,1,3,0,0,1,4,0,0,35,0,0,0,0,0,2,2,14
,2021-02933,39.75259039,-104.9848982,1/26/2021 13:01,13:01,15,0,0,I-25 NB & PARK AVE W,4,1,0,2,1,4,0,0,65,0,0,0,0,0,1,2,13
,2021-02934,39.80080352,-104.9067299,1/15/2021 18:25,18:25,12,0,0,I-225 NB & I-25 NB / SB SPLIT,1,3,0,0,1,4,0,0,55,0,0,0,0,0,1,3,13
,2021-02935,39.73385353,-104.9874099,1/15/2021 12:56,12:56,12,0,0,N BROADWAY ST & E 11TH AVE,1,1,0,0,1,1,0,0,30,0,0,0,0,0,4,3,1
,2021-02937,39.72276353,-104.9927299,1/13/2021 1:00,1:00,6,0,0,400 BLK N DELAWARE ST & W 4TH AVE,1,3,0,0,1,4,0,0,25,0,0,0,0,0,4,3,5
,2021-02938,39.70021353,-104.9082099,1/14/2021 15:35,15:35,12,0,0,LEETSDALE DR & S ONEIDA ST,1,1,0,0,1,3,0,0,35,0,0,0,0,0,2,3,3
,2021-02939,39.76926352,-104.9126799,1/11/2021 16:43,16:43,3,0,0,E 38TH AVE & N MONACO ST,1,1,0,0,1,1,0,0,30,0,0,0,0,0,4,3,13
,2021-02940,39.69045354,-104.9928099,1/14/2021 6:15,6:15,9,0,0,1400 BLK S SANTA FE DR & W FLORIDA AVE,1,3,0,0,1,4,0,0,45,0,0,0,0,0,2,4,1
,2021-02942,39.70394354,-105.0250699,1/22/2021 12:38,12:38,1,0,0,S FEDERAL BLVD & W EXPOSITION AVE,1,1,1,0,1,1,0,0,40,0,0,0,0,0,2,2,3
,2021-02944,39.82518502,-104.9816053,1/22/2021 18:22,18:22,12,0,0,I-25 NB & COLFAX AVE,1,3,0,0,1,4,0,0,65,0,0,0,0,0,1,2,5
,2021-02945,39.73504353,-104.9610199,1/22/2021 16:47,16:47,6,0,0,E 12TH AVE & N GAYLORD ST,1,2,1,0,1,4,0,0,25,0,0,0,0,0,4,3,13
,2021-02946,39.8340925,-104.7719825,1/26/2021 9:36,9:36,5,0,0,PENA BLVD & N TOWER RD,9,4,1,2,3,4,0,0,65,0,0,0,0,0,4,1,13
,2021-02948,39.73649353,-104.9234199,1/22/2021 15:42,15:42,3,0,0,E 13TH AVE & N HUDSON ST,1,1,0,0,1,1,0,0,25,0,0,0,0,0,4,2,14
,2021-02949,39.70137354,-104.9874399,1/26/2021 13:56,13:56,15,0,0,I-25 NB & S BROADWAY ST,9,1,0,2,1,4,0,0,65,0,0,0,0,0,1,2,13
,2021-02950,39.74849353,-105.0032099,1/26/2021 10:35,10:35,12,0,0,AURARIA PKWY & N SPEER BLVD,11,1,0,0,1,1,0,0,30,0,0,0,0,1,4,2,13
,2021-02951,39.69530353,-104.9128799,2/3/2021 16:35,16:35,10,0,0,S MONACO ST & E ARIZONA AVE,1,2,0,0,1,1,0,0,35,0,0,0,0,0,4,2,13
,2021-02952,39.74378353,-104.9500399,2/3/2021 15:14,15:14,5,0,0,E 17TH AVE & N STEELE ST,1,1,0,0,3,1,0,0,30,0,0,0,0,1,4,1,10
,2021-02953,39.77400352,-104.8470199,2/3/2021 17:52,17:52,12,0,0,I-70 EB & N PEORIA ST,1,4,0,0,1,4,0,0,55,0,0,0,0,0,1,2,13
,2021-02954,39.72012353,-104.8753299,1/23/2021 0:15,0:15,5,0,0,E 3RD AVE & N DAYTON ST,1,4,0,0,3,4,0,0,25,0,0,0,0,0,4,1,5
,2021-02955,39.78313353,-105.0064099,2/3/2021 15:14,15:14,5,0,0,I-70 EB & N PECOS ST,1,1,0,0,3,4,0,0,55,0,0,0,0,0,1,1,2
,2021-02956,39.76213353,-105.0346099,1/26/2021 11:47,11:47,6,0,0,3600 BLK W 32ND AVE & N LOWELL BLVD,4,1,1,2,1,4,0,0,30,0,0,0,0,0,4,2,13
,2021-02957,39.66029353,-104.8850999,1/26/2021 10:14,10:14,5,0,0,S YOSEMIT ST & S SYRACUSE WAY,7,1,0,2,3,3,0,0,35,0,0,0,0,0,4,1,13
,2021-02958,39.62945355,-105.0963399,1/22/2021 18:00,18:00,5,0,0,S DUDLEY ST & W SARATOGA PL,1,4,0,0,4,1,0,0,25,0,0,0,0,0,4,1,14
,2021-02959,39.74357353,-104.9925099,1/26/2021 10:45,10:45,6,0,0,WELTON ST & 15TH ST,9,1,0,2,1,4,0,0,30,0,0,0,0,0,4,2,13
,2021-02960,39.76074353,-104.9597499,1/26/2021 11:50,11:50,3,0,0,N YORK ST & E 31ST AVE,4,1,1,2,1,1,0,0,30,0,0,0,0,0,4,2,3
,2021-02961,39.65874354,-104.9120599,1/26/2021 11:20,11:20,6,0,0,S MAGNOLIA ST & E EASTMAN AVE,9,1,0,2,1,3,0,0,25,0,0,0,0,0,4,2,8
,2021-02962,39.72931354,-105.0216999,1/24/2021 2:42,2:42,5,0,1,W 8TH AVE & N DECATUR ST,1,3,0,0,3,1,0,0,30,0,0,0,0,1,4,1,13
,2021-02963,39.75483353,-105.0252099,1/22/2021 18:54,18:54,5,0,0,FEDERAL BLVD & 2600 BLK (APPROX),1,3,0,0,3,2,0,0,35,0,0,0,0,0,2,1,10
,2021-02964,39.77265352,-104.9029899,2/3/2021 14:49,14:49,12,0,0,E 40TH AVE & N QUEBEC ST,1,1,0,0,1,1,0,0,35,0,0,0,0,0,4,2,13
,2021-02965,39.68955354,-105.0532599,1/22/2021 17:20,17:20,12,0,0,S SHERIDAN BLVD & W FLORIDA AVE,1,3,0,0,1,4,0,0,40,0,0,0,0,0,2,2,3
,2021-02966,39.79483351,-104.76272,2/4/2021 6:35,6:35,3,0,0,E MAXWELL PL & N DUNKIRK ST,1,1,0,0,1,1,0,0,35,0,0,0,0,1,4,2,13
,2021-02967,39.76094353,-105.0043199,2/3/2021 21:34,21:34,1,0,0,20TH ST & I-25 NB ENT RAMP,14,3,0,0,1,1,0,0,35,0,0,0,0,0,4,2,13
,2021-02968,39.71973354,-105.0372799,2/3/2021 6:37,6:37,6,0,0,200 BLK N NEWTON ST & W 3RD AVE,1,1,0,0,1,4,0,0,15,0,0,0,0,0,4,2,16
,2021-02969,39.72541754,-105.0252199,1/26/2021 12:02,12:02,12,0,0,W 6TH AVE & N FEDERAL BLVD,9,1,1,2,1,4,0,0,55,0,0,0,0,1,2,2,13
,2021-02971,39.69113199,-104.9569685,1/26/2021 12:15,12:15,1,0,0,E EVANS AVE & S COLUMBINE ST,9,1,0,2,1,1,0,0,30,0,0,0,0,0,4,2,8
,2021-02972,39.75896353,-105.0003499,1/26/2021 14:50,14:50,12,0,0,2000 BLK 20TH ST & CHESTNUT PL,9,1,1,2,1,4,0,0,30,0,0,0,0,0,4,2,16
,2021-02973,39.75131353,-105.0165199,2/3/2021 17:30,17:30,12,0,0,I-25 NB & W 23RD AVE,1,3,0,0,1,4,0,0,55,0,0,0,0,0,1,2,7
,2021-02974,39.78020353,-104.9891799,1/26/2021 13:33,13:33,15,0,0,I-70 WB ENT RAMP GORE PT FROM & I-25,9,1,0,2,1,4,0,0,65,0,0,0,0,0,1,2,13
,2021-02975,39.75485353,-105.0387199,1/22/2021 12:35,12:35,6,0,0,3900 BLK W 26TH AVE & N OSCEOLA ST,1,1,1,0,1,4,0,0,30,0,0,0,0,0,4,2,16
,2021-02976,39.74043353,-105.0139599,1/26/2021 14:19,14:19,5,0,0,I-25 NB & W COLFAX AVE,9,1,1,2,3,8,0,0,65,0,0,0,0,0,1,1,15
,2021-02977,39.78008352,-104.9404999,1/26/2021 12:28,12:28,15,0,0,I-70 WB & N COLORADO BLVD,9,1,0,2,1,4,0,0,65,0,0,0,0,0,1,2,7
,2021-02978,39.66075354,-104.9406799,1/22/2021 12:17,12:17,12,0,0,E DARTMOUTH AVE & S COLORADO BLVD,1,1,0,0,1,3,0,0,35,0,0,0,0,0,2,2,16
,2021-02979,39.71116354,-104.9899999,1/22/2021 18:24,18:24,3,0,0,W ALAMEDA AVE & S BANNOCK ST,1,3,0,0,1,3,0,0,30,0,0,0,0,0,4,2,3
,2021-02980,39.77423353,-105.0017399,1/26/2021 15:09,15:09,12,0,0,E 42ND AVE & N LIPAN ST,9,1,0,2,1,1,0,0,25,0,0,0,0,0,4,2,7
,2021-02981,39.86973741,-104.7719352,1/26/2021 11:15,11:15,5,0,0,N TOWER RD & E PENA BLVD,4,1,1,2,3,1,0,0,45,0,0,0,0,0,4,1,7
,2021-02982,39.75823353,-104.9665599,1/26/2021 10:34,10:34,5,0,0,1700 BLK E 29TH AVE & N GILPIN AVE,4,1,1,2,3,3,0,0,25,0,0,0,0,0,4,1,7
,2021-02983,39.73754354,-105.0404699,1/22/2021 9:30,9:30,6,0,0,1300 BLK N QUITMAN ST & W 13TH AVE,1,1,0,0,1,4,0,0,25,0,0,0,0,0,4,2,13
,2021-02985,39.71477353,-104.9875099,1/22/2021 14:58,14:58,15,0,0,S BROADWAY ST & E BAYAUD AVE,1,1,0,0,1,4,0,0,35,0,0,0,0,0,4,2,13
,2021-02987,39.63660354,-104.8926799,1/24/2021 3:44,3:44,5,0,0,I-225 OFF RAMP & S TAMARAC ST,1,4,1,0,2,8,0,0,45,0,0,0,0,0,1,1,1
,2021-02988,39.75104013,-104.9769462,1/26/2021 13:10,13:10,3,0,0,700 BLK E 12TH AVE & N CLARKSON ST,9,1,0,2,1,5,0,0,15,0,0,0,0,0,4,2,8
,2021-02990,39.68587354,-105.0250399,1/26/2021 10:15,10:15,12,0,0,1700 BLK S FEDERAL BLVD & W COLORADO AVE,9,1,1,2,1,4,0,0,35,0,0,0,0,0,2,2,7
,2021-02992,39.75103353,-104.9406099,1/26/2021 15:09,15:09,1,0,0,E 23RD AVE & N COLORADO BLVD,9,1,0,2,1,1,0,0,35,0,0,0,0,1,2,2,13
,2021-02993,39.67501354,-105.0168499,1/22/2021 15:32,15:32,6,0,0,2400 BLK W ILIFF AVE & S ZUNI ST,1,1,0,0,1,4,0,0,25,0,0,0,0,0,4,2,3
,2021-02995,39.72093353,-104.9951699,1/24/2021 23:26,23:26,6,0,0,N FOX ST & W 3RD AVE,1,3,0,0,1,3,0,0,25,0,0,0,0,0,4,4,1
,2021-02996,39.73384353,-104.9861199,2/3/2021 17:33,17:33,12,0,0,N LINCOLN ST & E 11TH AVE,1,3,0,0,1,3,0,0,30,0,0,0,0,0,4,2,8
,2021-02997,39.72906353,-104.9763999,1/22/2021 10:12,10:12,15,0,0,E 8TH AVE & N EMERSON ST,1,1,0,0,1,1,0,0,30,0,0,0,0,0,4,2,3
,2021-02998,39.72383353,-104.8841944,1/25/2021 10:59,10:59,3,0,0,E LOWRY BLVD & N YOSEMITE ST,11,1,0,2,1,6,0,0,35,0,0,0,0,0,4,2,8
,2021-03000,39.74009468,-104.9035119,1/26/2021 15:45,15:45,12,0,0,4200 N QUEBEC ST & I-70,9,2,0,2,1,4,0,0,35,0,0,0,0,0,2,2,7
,2021-03001,39.75959953,-104.9770249,2/3/2021 15:09,15:09,12,0,0,30TH ST & CHAMPA ST,1,1,0,0,1,4,0,0,25,0,0,0,0,1,4,2,13
,2021-03002,39.73841353,-104.9781599,1/26/2021 13:27,13:27,12,0,0,700 BLK E 14TH AVE & N CLARKSON ST,4,1,0,2,1,4,0,0,30,0,0,0,0,0,4,2,13
,2021-03003,39.75400353,-104.9842499,1/21/2021 11:27,11:27,3,0,1,24TH ST & CHAMPA ST,1,1,0,0,1,1,0,0,25,0,0,0,0,1,4,2,14
,2021-03004,39.78235352,-104.8658099,1/22/2021 9:55,9:55,1,0,0,E 47TH AVE & N HAVANA ST,1,1,0,0,1,1,0,0,40,0,0,0,0,1,4,2,3
,2021-03005,39.74187353,-104.9709099,1/26/2021 11:10,11:10,3,0,0,PARK AVE & N LAFAYETTE ST,9,1,0,2,1,1,0,0,30,0,0,0,0,0,4,2,13
,2021-03006,39.74016353,-104.9518099,1/25/2021 14:42,14:42,12,0,0,E COLFAX AVE & N MILWAUKEE ST,1,1,0,0,1,1,0,0,35,0,0,0,0,0,2,2,7
,2021-03008,39.73685353,-104.9941099,1/25/2021 12:00,12:00,3,0,0,W 13TH AVE & N ELATI ST,1,1,0,0,1,1,0,0,25,0,0,0,0,0,4,2,1
,2021-03009,39.77994352,-104.9404999,1/26/2021 8:40,8:40,12,0,0,I-70 EB & N COLORADO BLVD,4,1,1,2,1,8,0,1,25,0,0,0,0,0,1,2,13
,2021-03010,39.72070353,-104.8877099,1/24/2021 19:24,19:24,5,0,0,8550 E LOWRY BLVD & E LOWRY BLVD,1,1,1,0,2,4,0,0,15,0,0,0,0,0,4,1,5
,2021-03011,39.77291052,-104.8563825,1/26/2021 9:52,9:52,12,0,0,E 40TH AVE & N CENTRAL PARK BLVD,4,1,0,2,1,4,0,0,40,0,0,0,0,0,4,2,13
,2021-03012,39.65488355,-105.0414699,1/25/2021 4:56,4:56,6,0,0,W HAMILTON PL & S RALIEGH ST,1,3,0,0,1,3,0,0,25,0,0,0,0,0,4,2,1
,2021-03013,39.75894353,-105.0299099,1/26/2021 12:20,12:20,3,0,0,2900 BLK N IRVING ST & W 29TH AVE,9,1,1,2,1,5,0,0,25,0,0,0,0,0,4,2,13
,2021-03015,39.70572354,-104.9875499,1/24/2021 14:20,14:20,12,0,0,S BROADWAY ST & E CENTER AVE,1,1,0,0,1,4,0,0,30,0,0,0,0,0,4,2,3
,2021-03016,39.72106461,-105.0579755,1/25/2021 15:00,15:00,6,0,0,N SANTA FE DR & W 3RD AVE,1,1,0,0,1,3,0,0,25,0,0,0,0,0,4,2,16
,2021-03017,39.74323353,-104.9726799,1/24/2021 19:02,19:02,3,0,0,E 17TH AVE & PARK AVE,1,2,0,0,1,1,0,0,35,0,0,0,0,0,4,2,3
,2021-03018,39.78362951,-104.791364,1/25/2021 7:30,7:30,12,0,0,E GVR BLVD & PENA BLVD INBOUND,1,1,0,0,1,1,0,0,35,0,0,0,0,0,4,2,1
,2021-03019,39.67834354,-104.9933799,1/25/2021 15:30,15:30,12,0,0,W EVANS AVE & S SANTA FE DR,1,1,0,0,1,3,0,0,30,0,0,0,0,0,2,2,3
,2021-03020,39.78346312,-105.0112166,1/24/2021 22:28,22:28,12,0,0,I-70 EB & N HOLLY ST,1,4,0,0,1,4,0,0,65,0,0,0,0,0,1,2,13
,2021-03021,39.74770279,-104.9835518,1/13/2021 14:22,14:22,12,0,0,N GRANT ST & E 4TH AVE,1,1,0,0,1,4,0,0,25,0,0,0,0,0,4,2,1
,2021-03022,39.75361353,-105.0315099,1/20/2021 1:12,1:12,6,0,0,W 25TH AVE & N JULIAN ST,1,3,0,0,1,4,0,0,25,0,0,0,0,0,4,2,16
,2021-03023,39.75537841,-104.9807271,1/25/2021 11:35,11:35,15,0,0,700 BLK 15TH ST & STOUT ST,1,1,0,0,1,4,0,0,30,0,0,0,0,0,4,2,13
,2021-03024,39.69175354,-104.9990999,1/23/2021 20:34,20:34,6,0,0,1300 BLK S JASON ST & W LOUISANA AVE,1,3,0,0,1,4,0,0,30,0,0,0,0,0,4,2,13
,2021-03025,39.63872354,-104.9041799,1/25/2021 15:50,15:50,5,0,1,7200 BLK E QUINCY AVE & S QUEBEC ST,1,1,0,0,2,4,0,0,35,0,0,0,1,2,4,1,14
,2021-03026,39.73687353,-104.9798699,1/24/2021 13:20,13:20,10,0,0,E 13TH AVE & N PEARL ST,1,1,0,0,1,1,0,0,30,0,0,0,0,0,4,2,8
,2021-03027,39.75035353,-104.9819999,1/25/2021 8:40,8:40,3,0,0,GLENARM PL & PARK AVE W,1,1,0,0,1,1,0,0,25,0,0,0,0,0,4,2,14
,2021-03028,39.78438353,-105.0251799,1/25/2021 8:08,8:08,3,0,0,N FEDERAL BLVD & I-70 WB EXIT RAMP,1,1,0,0,1,1,0,0,30,0,0,0,0,0,2,2,13
,2021-03029,39.72931353,-105.0139799,1/25/2021 6:30,6:30,1,0,0,W 8TH AVE & N WYANDOT ST,1,4,1,0,1,1,0,0,25,0,0,0,0,1,4,2,7
,2021-03030,39.77994352,-104.9406599,1/13/2021 14:18,14:18,12,0,0,N COLORADO BLVD & I-70 EB,1,1,0,0,1,3,0,0,30,0,0,0,0,0,2,2,16
,2021-03031,39.7151053,-104.8656994,1/24/2021 22:15,22:15,12,0,0,I-70 & N HAVANA ST,1,3,0,0,1,4,0,0,55,0,0,0,0,0,1,2,16
,2021-03032,39.74001353,-104.9747799,1/25/2021 9:48,9:48,10,0,0,E COLFAX AVE & N OGDEN ST (RD S),1,1,0,0,1,1,0,0,,0,0,0,0,0,2,2,13
,2021-03033,39.75657352,-104.9175699,1/26/2021 5:29,5:29,6,0,0,6000 BLOCK E 29TH AVE & 6000 BLK E,9,3,0,2,1,4,0,0,25,0,0,0,0,0,4,2,7
,2021-03034,39.73869352,-104.8916799,1/24/2021 21:07,21:07,3,0,0,E 14TH AVE & N VALENTIA ST,1,4,0,0,1,1,0,0,25,0,0,0,0,0,4,2,13
,2021-03036,39.71302354,-105.0474099,1/10/2021 11:00,11:00,1,0,0,200 BLK S WEIR DR & W BYERS PL,4,1,1,0,1,2,0,0,25,0,0,0,0,0,4,2,7
,2021-03037,39.75739353,-105.0104999,1/6/2021 14:08,14:08,11,0,0,CENTRAL ST & 15TH ST,1,1,1,0,1,1,0,0,25,0,1,0,0,1,4,1,16
,2021-03038,39.71531053,-104.9590879,1/25/2021 12:00,12:00,12,0,0,S UNIVERSITY BLVD & E CHERRY CR DR S,1,1,0,0,1,1,0,0,30,0,0,0,0,0,4,2,1
,2021-03039,39.74394353,-105.0299499,1/20/2021 17:36,17:36,6,0,0,3300 W 17TH AVE & N JULIAN ST,1,1,1,0,1,3,0,0,25,0,0,0,0,1,4,2,5
,2021-03040,39.77400352,-104.8470199,1/23/2021 12:15,12:15,3,0,0,I-70 EB OFF RAMP & N PEORIA ST,1,1,0,0,1,1,0,0,35,0,0,0,0,0,4,2,7
,2021-03041,39.71119754,-105.0251704,1/26/2021 12:18,12:18,12,0,0,S FEDERAL BLVD & W ALAMEDA AVE,1,1,1,2,1,3,0,0,40,0,0,0,0,0,2,2,7
,2021-03042,39.78346312,-105.0112166,1/24/2021 21:40,21:40,12,0,0,I-70 & MM 280.1,1,3,1,0,1,4,0,0,65,0,0,0,0,0,1,2,1
,2021-03043,39.63866354,-104.8926699,1/25/2021 17:00,17:00,12,0,0,E QUINCY AVE & S TAMARAC DR,1,1,0,0,1,3,0,0,25,0,0,0,0,0,4,2,3
,2021-03045,39.73686353,-105.0001299,1/25/2021 15:41,15:41,3,0,0,W 13TH AVE & N KALAMATH ST,1,1,0,0,1,1,0,0,30,0,0,0,0,0,4,2,13
,2021-03046,39.74920259,-104.8922942,1/26/2021 10:06,10:06,6,0,0,1700 BLK E 22ND AVE & 1700 BLK,4,1,0,2,1,4,0,0,25,0,0,0,0,0,4,2,16
,2021-03047,39.75145353,-104.9857999,1/25/2021 7:23,7:23,3,0,0,STOUT ST & 22ND ST,1,1,0,0,1,1,0,0,,0,0,0,0,0,4,2,13
,2021-03048,39.7151053,-104.8656994,1/24/2021 21:39,21:39,12,0,1,I-70 & N HAVANA ST,1,3,0,0,1,4,0,0,55,0,0,0,0,1,1,2,13
,2021-03049,39.72561353,-104.9787699,1/23/2021 15:15,15:15,12,0,0,E 6TH AVE & N WASHINGTON ST,1,1,0,0,1,1,0,0,30,0,0,0,0,0,4,2,4
,2021-03050,39.77320751,-104.8099085,1/22/2021 18:45,18:45,1,0,0,N CHAMBERS RD & E 40TH AVE,1,3,0,0,1,1,0,0,40,0,0,0,0,0,4,2,7
,2021-03051,39.72553353,-105.0131199,1/25/2021 16:39,16:39,12,0,0,W 6TH AVE & I-25,11,1,0,0,1,4,0,0,45,0,0,0,0,0,2,2,16
,2021-03052,39.74230353,-104.9993299,1/24/2021 8:59,8:59,3,0,0,CHAMPA ST & N SPEER BLVD,1,1,0,0,1,1,0,0,30,0,0,0,0,0,4,2,3
,2021-03054,39.78021817,-105.0456622,1/26/2021 8:20,8:20,3,0,0,N SHERIDAN BLVD & W 46TH AVE,4,1,0,2,1,1,0,0,35,0,0,0,0,0,2,2,7
,2021-03055,39.75497352,-104.8468499,1/23/2021 12:00,12:00,12,0,0,2600 BLK N PEORIA ST & E 26TH AVE,1,1,1,0,1,4,0,0,35,0,0,0,0,0,4,2,2
,2021-03059,39.69090353,-104.9399599,1/15/2021 18:24,18:24,12,0,0,COLORADO BLVD & 1400 BLK S,1,3,0,0,1,4,0,0,40,0,0,0,0,0,2,2,7
,2021-03061,39.73870353,-104.8999699,1/16/2021 7:42,7:42,3,0,0,E 14TH AVE & N ROSEMARY ST,1,1,0,0,1,1,0,0,30,0,0,0,0,0,4,2,13
,2021-03064,39.78179351,-104.73453,1/25/2021 9:50,9:50,3,0,0,E GVR BLVD & N PICADILLY RD,1,1,0,0,1,1,0,0,40,0,0,0,0,1,4,2,13
,2021-03070,39.71493254,-105.0579712,1/24/2021 7:21,7:21,5,0,1,000 BLK S TEJON ST & W BAYAUD AVE,1,1,0,0,2,4,0,0,25,0,0,0,0,2,4,1,2
,2021-03071,39.77582352,-104.8657299,1/21/2021 18:30,18:30,9,0,1,I-70 WB OFF RAMP & N HAVANA ST,1,3,0,0,3,8,0,0,65,0,0,0,0,1,1,1,3
,2021-03074,39.74004353,-104.9842099,1/25/2021 10:55,10:55,12,0,0,200 BLK E COLFAX AVE & N GRANT ST,1,1,1,0,1,4,0,0,30,0,0,0,0,1,2,2,13
,2021-03079,39.72527841,-105.1417334,1/21/2021 17:41,17:41,12,0,0,500 BLK NB I-25 & W 6TH AVE,1,3,0,0,1,4,0,0,65,0,0,0,0,0,1,2,14
,2021-03087,39.65699053,-104.866451,1/28/2021 21:30,21:30,15,0,0,PARKER RD S & Havana St S,11,3,0,0,1,4,0,0,45,0,0,0,0,0,2,2,13
,2021-03089,39.75259039,-104.9848982,1/24/2021 11:45,11:45,12,0,0,I-25 & PARK AVE W,1,1,0,0,1,4,0,0,65,0,0,0,0,0,1,2,13
,2021-03092,39.75695353,-105.0381299,1/24/2021 11:50,11:50,6,0,0,2700 BLK N OSCEOLA ST & W 29TH AVE,1,1,1,0,1,4,0,0,25,0,0,0,0,0,4,2,16
,2021-03094,39.83544662,-104.9964886,2/16/2021 15:35,15:35,6,0,0,7771 BLK & GRENADA RD,1,1,0,0,1,4,0,0,25,0,0,0,0,0,4,2,13
,2021-03103,39.71686353,-104.9111099,1/6/2021 10:28,10:28,5,0,0,MAGNOLIA WAY & 51 N,1,1,0,0,5,4,0,0,20,0,0,0,0,0,3,1,5
,2021-03131,39.77411353,-105.0205199,1/18/2021 11:08,11:08,5,0,0,W 42ND AVE & N CLAY ST,1,1,1,0,3,1,0,0,25,0,0,0,0,0,4,1,5
,2021-03299,39.78383353,-105.0082399,1/18/2021 14:48,14:48,10,0,0,N QUIVAS ST & W 48TH AVE,1,1,1,0,1,1,0,0,25,0,0,0,0,1,4,2,13
,2021-03302,39.74015353,-104.9127899,1/20/2021 6:09,6:09,3,0,0,E COLFAX AVE & N MONACO ST,1,3,0,0,1,1,0,0,35,0,0,0,0,0,2,3,14
,2021-03303,39.78345353,-105.0251799,1/20/2021 13:46,13:46,6,0,0,4700 BLK N FEDERAL BLVD & I-70,1,1,1,0,1,4,0,0,35,0,0,0,0,0,2,2,3
,2021-03305,39.67084353,-104.86604,1/16/2021 12:10,12:10,3,0,1,S PARKER RD & S HAVANNA  ST,1,1,0,0,1,1,0,0,45,0,0,0,1,3,2,2,1
,2021-03306,39.71123354,-104.9971264,1/18/2021 16:50,16:50,12,0,0,W ALAMEDA AVE & S SANTA FE DR,1,1,0,0,1,1,0,0,30,0,0,0,0,0,4,3,3
,2021-03309,39.69730354,-105.0065899,2/4/2021 0:35,0:35,1,0,0,S QUIVAS ST & W HOYE PL,1,3,0,0,1,1,0,0,25,0,0,0,0,0,4,2,16
,2021-03310,39.71030354,-105.0297999,1/18/2021 13:37,13:37,3,0,1,S IRVING ST & W NEVADA PL,1,1,1,0,1,1,0,0,25,0,0,0,1,2,4,2,13
,2021-03311,39.72661353,-104.9874199,1/19/2021 13:32,13:32,15,0,0,N SPEER BLVD & N BROADWAY,1,1,1,0,1,1,0,0,30,0,0,0,0,0,4,2,13
,2021-03313,39.75119729,-105.0263403,1/20/2021 11:03,11:03,3,0,0,N JULIAN ST & W 23TH AVE,1,1,1,0,1,1,0,0,25,0,0,0,0,1,4,3,13
,2021-03314,39.63957354,-104.8851,1/19/2021 8:57,8:57,12,0,0,I-225 & S YOSEMITE ST,1,1,0,0,1,4,0,0,55,0,0,0,0,0,1,3,14
,2021-03315,39.77288352,-104.9406289,1/18/2021 12:20,12:20,12,0,0,N COLORADO BLVD & E 40TH AVE,1,1,0,0,1,3,0,0,40,0,0,0,0,0,2,2,1
,2021-03317,39.75657352,-104.9190599,1/19/2021 4:03,4:03,6,0,0,5900 BLK E 28TH AVE & N JASMINE ST,1,3,0,0,1,4,0,0,35,0,0,0,0,0,4,3,1
,2021-03318,39.67757354,-104.9675699,1/18/2021 13:50,13:50,6,0,0,GILPIN ST & 2100 BLK S,1,1,0,0,1,4,0,0,25,0,0,0,0,0,4,2,9
,2021-03319,39.63871355,-105.0816199,1/20/2021 14:12,14:12,3,0,0,4400 BLK WADSWORTH BLVD & W STANFORD AVE,1,1,0,0,1,2,0,0,40,0,0,0,0,0,2,3,14
,2021-03320,39.69491354,-105.0297199,1/16/2021 20:16,20:16,8,0,0,S IRVING ST & W ARIZONA AVE,1,3,0,0,1,1,0,0,25,0,0,0,0,1,4,3,5
,2021-03321,39.73293353,-104.9861199,1/15/2021 16:45,16:45,6,0,0,1000 BLK N LINCOLN ST & N LINCOLN ST,1,2,0,0,1,4,0,0,35,0,0,0,0,0,4,2,8
,2021-03322,39.63903355,-105.0503499,1/18/2021 10:12,10:12,5,0,0,W QUINCY AVE & S ZENOBIA ST,1,1,1,0,3,4,0,0,30,0,0,0,0,0,4,1,3