id,drcog_id,latitude,longitude,crashtime,time,crashtype,numbkilled,numbinjurd,drcoglocat,rdconditin,lightngcon,roadcntgrd,weatherco,location,roaddescrp,schoolzone,constrzone,splimit,bikeinv,pedinv,sctrinv,motoinv,svrty,rdsystem,ttlvehcls,hcf
,2021-03323,39.75485353,-105.0381399,1/18/2021 15:25,15:25,8,0,0,W 26TH AVE & N OSCEOLA ST,1,1,0,0,1,1,0,0,30,0,0,0,0,0,4,2,3
,2021-03325,39.63574354,-104.8935099,1/20/2021 18:32,18:32,12,0,2,I-225 SB & S TAMARAC ST,1,3,0,0,1,4,0,0,55,0,0,0,0,1,1,3,13
,2021-03326,39.76855353,-104.9741599,1/20/2021 17:58,17:58,3,0,0,36TH ST & WALNUT ST,1,3,0,0,1,1,0,0,30,0,0,0,0,0,4,3,1
,2021-03328,39.67574354,-104.9994499,1/18/2021 15:30,15:30,12,0,0,2200 BLK S JASON ST & W WARREN AVE,1,1,0,0,1,4,0,0,25,0,0,0,0,0,4,2,13
,2021-03329,39.78326353,-105.0064199,1/18/2021 13:16,13:16,3,0,0,I-70 WB OFF RAMP & N PECOS ST,1,1,1,0,1,6,0,0,20,0,0,0,0,0,1,2,8
,2021-03330,39.75774353,-104.9985699,1/19/2021 16:09,16:09,12,0,0,CHESTNUT PL & 20TH ST,1,1,1,0,1,1,0,0,35,0,0,0,0,1,4,3,3
,2021-03331,39.79840751,-104.7872825,1/16/2021 14:04,14:04,12,0,0,E 56TH AVE & PENA BLVD INBOUND,1,1,0,0,1,1,0,0,40,0,0,0,0,1,4,2,1
,2021-03333,39.73509353,-104.9585999,1/19/2021 13:35,13:35,10,0,0,N JOSEPHINE ST & E 12TH AVE,1,1,0,0,1,1,0,0,35,0,0,0,0,0,4,2,8
,2021-03335,39.76832353,-104.9949599,1/20/2021 8:09,8:09,15,0,0,I-25 SB ON LOOP RAMP & PARK AVE SB ENT GORE PT,1,1,1,0,1,8,0,0,45,0,0,0,0,0,1,2,13
,2021-03336,39.78362951,-104.791364,1/17/2021 11:13,11:13,12,0,0,E GRV BLVD & PENA BLVD INBOUND,1,1,0,0,1,1,0,0,40,0,0,0,0,1,4,3,4
,2021-03337,39.74378352,-104.9034499,1/19/2021 17:40,17:40,12,0,0,E 17TH AVE & N QUEBEC ST,1,1,0,0,1,4,0,0,35,0,0,0,0,0,4,2,13
,2021-03338,39.74377353,-104.9116499,1/18/2021 23:18,23:18,5,0,0,E 17TH AVE & N MAGNOLIA ST,1,3,0,0,2,4,0,0,30,0,0,0,0,0,4,1,5
,2021-03339,39.75128353,-105.0167799,1/18/2021 15:17,15:17,12,0,0,I-25 & W 23RD AVE,1,1,0,0,1,4,0,0,55,0,0,0,0,0,1,3,3
,2021-03340,39.76970353,-105.0299499,1/19/2021 8:48,8:48,3,0,0,3800 BLK N IRVING ST & W 38TH AVE,1,1,1,0,1,5,0,0,20,0,0,0,0,0,4,2,13
,2021-03341,39.77321352,-104.9511499,2/1/2021 0:24,0:24,15,0,0,40TH AVE & 3031 E,1,3,0,0,1,4,0,0,30,0,0,0,0,0,4,2,16
,2021-03342,39.71705353,-104.9036999,1/18/2021 15:14,15:14,12,0,0,S QUEBEC ST & E LOWRY BLVD,1,1,0,0,1,3,0,0,30,0,0,0,0,1,4,2,16
,2021-03345,39.71119354,-104.9977599,1/19/2021 6:47,6:47,15,0,0,ALAMEDA AVE & 1000 BLK W,1,3,0,0,1,1,0,0,35,0,0,0,0,0,2,2,13
,2021-03346,39.71115354,-104.9863599,1/18/2021 19:14,19:14,1,0,1,E ALAMEDA AVE & S LINCOLN ST,1,3,0,0,1,1,0,0,30,0,0,0,0,2,4,2,13
,2021-03347,39.65615355,-105.0532099,1/18/2021 13:56,13:56,15,0,0,S SHERIDAN BLVD & W DARTMOUTH AVE,1,1,1,0,1,4,0,0,40,0,0,0,0,0,2,2,13
,2021-03348,39.70802354,-105.0396799,1/19/2021 16:28,16:28,6,0,0,S PERRY ST & W VIRGINIA AVE,1,1,0,0,1,4,0,0,25,0,0,0,0,0,4,2,3
,2021-03349,39.69080354,-105.0250499,1/19/2021 16:41,16:41,15,0,0,S FEDERAL BLVD & W ARKANSAS AVE (APPROX),1,1,0,0,1,4,0,0,40,0,0,0,0,0,2,2,3
,2021-03350,39.79847352,-104.8754499,1/19/2021 17:05,17:05,12,0,0,9700 BLK E 56TH AVE & N DALLAS ST,1,1,0,0,1,4,0,0,45,0,0,0,0,1,4,2,16
,2021-03351,39.79829052,-104.8844689,1/18/2021 16:35,16:35,1,0,0,N CENTRAL PARK BLVD & E 56TH AVE,1,1,0,0,1,1,0,0,35,0,0,0,0,0,4,2,7
,2021-03352,39.77887353,-104.9846999,1/18/2021 14:55,14:55,6,0,0,4500 BLK N SHERMAN ST & E 45TH AVE,1,1,0,0,1,4,0,0,30,0,0,0,0,0,4,2,9
,2021-03353,39.7022505,-105.0250567,1/31/2021 18:08,18:08,11,0,1,FEDERAL BLVD 700 BLK S & W OHIO AVE (APPROX),1,4,1,0,1,4,0,0,0,0,1,0,0,2,2,1,16
,2021-03354,39.69669854,-104.9918704,1/18/2021 15:20,15:20,1,0,0,W MISSISSIPPI  AVE & SANTA FE DR,1,1,0,0,1,1,0,0,30,0,0,0,0,0,2,2,3
,2021-03355,39.77561352,-104.8657299,1/18/2021 16:30,16:30,1,0,0,N HAVANA ST & I-70 EB ON RAMP,1,2,0,0,1,1,0,0,35,0,0,0,0,0,4,2,13
,2021-03356,39.72173353,-104.9874599,1/20/2021 8:48,8:48,15,0,0,300 BLK BROADWAY ST & W 4TH AVE,1,1,0,0,1,4,0,0,30,0,0,0,0,0,4,2,13
,2021-03357,39.74106353,-104.9488299,1/19/2021 16:36,16:36,15,0,0,1500 BLK N ADAMS ST & COLFAX AVE,1,1,0,0,1,4,0,0,25,0,0,0,0,0,4,2,13
,2021-03358,39.68309354,-104.9405399,1/20/2021 8:17,8:17,12,0,0,I-25 & S COLORADO BLVD,1,1,0,0,1,4,0,0,60,0,0,0,0,0,1,2,13
,2021-03359,39.72533653,-104.9127829,1/18/2021 18:10,18:10,15,0,0,E 6TH AVE & N MONACO ST,1,3,0,0,1,3,0,0,25,0,0,0,0,0,4,2,8
,2021-03360,39.75679353,-104.9806299,1/31/2021 19:30,19:30,3,0,0,27TH ST & CHAMPA ST,1,3,0,0,1,1,0,0,25,0,0,0,0,1,4,2,14
,2021-03361,39.70597354,-105.0188899,1/20/2021 7:55,7:55,5,0,0,CANOSA CT & 580 S,1,1,0,0,3,5,0,0,20,0,0,0,0,0,4,1,6
,2021-03363,39.68228054,-105.0531784,1/18/2021 8:38,8:38,1,0,0,W JEWELL AVE & S SHERIDAN BLVD,1,1,1,0,1,1,0,0,35,0,0,0,0,0,2,2,13
,2021-03364,39.68514354,-105.0531899,1/19/2021 20:10,20:10,12,0,0,1600 BLK S SHERIDAN BLVD & W MEXICO AVE,1,3,1,0,1,4,0,0,40,0,0,0,0,0,2,2,1
,2021-03365,39.76025353,-105.0252299,1/19/2021 18:01,18:01,1,0,0,N FEDERAL BLVD & N SPEER BLVD,1,3,0,0,1,1,0,0,35,0,0,0,0,1,2,2,13
,2021-03366,39.78927351,-104.8470799,1/15/2021 21:38,21:38,6,0,0,E 51ST AVE & N PEORIA ST,1,3,0,0,1,3,0,0,45,0,0,0,0,0,4,2,8
,2021-03367,39.67864354,-105.0226999,1/19/2021 13:56,13:56,10,0,0,2700 BLK W EVANS AVE & S CLAY ST,1,1,0,0,1,2,0,0,30,0,0,0,0,0,4,2,3
,2021-03369,39.77822267,-104.9034526,1/20/2021 8:50,8:50,15,0,0,SB N QUEBEC ST & EB I-70 ON RAMP,1,1,0,0,1,1,0,0,35,0,0,0,0,0,2,2,13
,2021-03371,39.8340925,-104.7719825,1/19/2021 2:00,2:00,3,0,0,PENA BLVD & TOWER RD,1,3,0,0,1,1,0,0,35,0,0,0,0,0,4,2,5
,2021-03373,39.71119754,-105.0251704,1/19/2021 18:59,18:59,15,0,0,S FEDERAL BLVD & W ALAMEDA AVE,1,3,1,0,1,4,0,0,40,0,0,0,0,0,2,2,7
,2021-03374,39.77994352,-104.9404999,1/19/2021 10:45,10:45,12,0,0,I-70 EB OFF RAMP & N COLORADO BLVD,1,1,1,0,1,8,0,1,35,0,0,0,0,0,1,2,13
,2021-03375,39.75791353,-104.9917599,1/19/2021 15:15,15:15,10,0,0,PARK AVE W & WAZEE ST,1,1,1,0,1,2,0,0,35,0,0,0,0,0,4,2,13
,2021-03376,39.65308354,-104.9153399,1/19/2021 19:00,19:00,3,0,0,E HAMPDEN AVE & S LOCUST ST,1,3,0,0,1,1,0,0,25,0,0,0,0,0,2,2,2
,2021-03377,39.74879353,-104.9733499,1/18/2021 21:10,21:10,5,0,0,2100 BLK N DOWNING ST & E 22ND AVE,1,3,0,0,1,4,0,0,30,0,0,0,0,0,4,1,14
,2021-03379,39.68756354,-105.0390499,1/17/2021 17:00,17:00,8,0,0,W IOWA AVE & S PATTON CT,1,1,0,0,1,1,0,0,,0,0,0,0,0,4,2,1
,2021-03380,39.69842354,-105.0223599,1/20/2021 8:35,8:35,15,0,0,1000 S DECATUR ST & W MISSISSIPPI AVE,1,1,0,0,1,4,0,0,25,0,0,0,0,0,4,2,13
,2021-03382,39.73675353,-104.9205599,1/19/2021 13:01,13:01,15,0,0,E 13TH AVE & N IVY ST,1,1,0,0,1,4,0,0,30,0,0,0,0,0,4,2,13
,2021-03383,39.72619354,-105.0309699,2/2/2021 6:47,6:47,12,0,1,6TH AVE 3300 BLK W & FEDERAL BLVD,1,1,0,0,1,4,0,0,55,0,0,0,0,1,2,2,13
,2021-03384,39.75145353,-104.9857999,2/1/2021 11:58,11:58,3,0,0,22ND ST & STOUT ST,1,1,0,0,1,1,0,0,25,0,0,0,0,0,4,2,14
,2021-03385,39.72910353,-104.9590199,1/20/2021 0:28,0:28,3,0,0,E 8TH AVE & N JOSEPHINE ST,1,3,0,0,1,1,0,0,30,0,0,0,0,0,4,2,13
,2021-03386,39.74024954,-105.1197344,2/1/2021 8:45,8:45,15,0,0,I-25 NB OFF RAMP & W COLFAX AVE,1,1,1,0,1,1,0,0,35,0,0,0,0,0,2,2,13
,2021-03387,39.70633354,-105.0396799,1/24/2021 11:00,11:00,12,0,0,S PERRY ST & MORRISON RD,1,1,0,0,1,1,0,0,25,0,0,0,0,0,4,2,13
,2021-03388,39.78014352,-104.9788199,2/1/2021 14:04,14:04,12,0,0,I-70 WB EXIT RAMP [SLIP] & N WASHINGTON ST,1,1,1,0,1,8,0,0,35,0,0,0,0,0,1,2,13
,2021-03389,39.69853353,-104.9035299,2/3/2021 6:15,6:15,11,0,0,S PARKER RD & S QUEBEC ST,1,4,0,0,1,3,0,0,0,0,1,0,0,0,2,2,16
,2021-03390,39.69310354,-105.0241099,2/1/2021 7:52,7:52,3,0,0,2900 BLK W LOUISANA AVE & S FEDERAL BLVD,1,1,0,0,1,2,0,0,,0,0,0,0,0,4,2,13
,2021-03392,39.73692353,-104.9459699,2/1/2021 4:20,4:20,6,0,0,1300 BLK N MADISON ST & E 13TH AVE,1,4,0,0,1,4,0,0,25,0,0,0,0,0,4,2,5
,2021-03393,39.72730353,-104.9406899,2/1/2021 15:46,15:46,12,0,0,N COLORADO BLVD & E 7TH AVE,1,1,0,0,1,1,0,0,35,0,0,0,0,1,2,2,13
,2021-03394,39.68935353,-104.9034999,2/2/2021 16:56,16:56,2,0,1,E FLORIDA AVE & S QUEBEC ST,1,2,0,0,1,1,0,0,30,1,0,0,0,2,4,2,3
,2021-03395,39.72745604,-105.0532752,1/30/2021 15:20,15:20,15,0,0,W 6TH AVE & N SHERIDAN BLVD,1,1,0,0,1,4,0,0,65,0,0,0,0,0,2,2,1
,2021-03396,39.77931352,-104.8397899,2/2/2021 15:48,15:48,3,0,0,N CROWN BLVD & E ALBROOK DR,1,1,0,0,1,1,0,0,35,0,0,0,0,0,4,2,13
,2021-03397,39.71782353,-104.9485799,1/26/2021 16:13,16:13,6,0,0,N ADAMS ST & E 1ST AVE,9,1,0,2,1,4,0,0,25,0,0,0,0,0,4,2,5
,2021-03400,39.73838353,-104.9610099,1/27/2021 17:15,17:15,6,0,0,N GAYLORD ST & E 14TH AVE,9,2,0,0,1,4,0,0,25,0,0,0,0,1,4,2,8
,2021-03401,39.75382251,-104.9708599,2/2/2021 14:20,14:20,5,0,0,1400 BLK 13TH AVE & N LAFAYETTE ST,1,1,0,0,1,4,0,0,30,0,0,0,0,0,4,1,5
,2021-03402,39.73364353,-104.9173797,1/19/2021 20:30,20:30,6,0,0,1100 N ODGEN ST & E 11TH AVE,1,4,1,0,1,4,0,0,30,0,0,0,0,0,4,2,13
,2021-03403,39.71130353,-104.8928999,1/27/2021 10:20,10:20,5,0,0,E ALAMEDA AVE & E FAIRMOUNT DR,4,1,0,0,3,4,0,0,35,0,0,0,0,0,4,1,13
,2021-03404,39.74617353,-104.9764799,2/1/2021 9:13,9:13,1,0,0,E 19TH AVE & PARK AVE,1,1,0,0,1,1,0,0,30,0,0,0,0,0,4,2,1
,2021-03407,39.69656353,-104.9405999,2/2/2021 18:30,18:30,12,0,0,S COLORADO BLVD & E MISSISSIPPI AVE,1,1,0,0,1,3,0,0,35,0,0,0,0,0,2,2,3
,2021-03408,39.72927353,-104.9104899,1/31/2021 17:51,17:51,3,0,0,E 8TH AVE & N NIAGARA ST,1,3,0,0,1,1,0,0,25,0,0,0,0,0,4,2,3
,2021-03410,39.70493353,-104.9406999,1/30/2021 12:20,12:20,12,0,0,600 BLK S COLORADO BLVD & E EXPOSITION AVE,1,1,0,0,1,4,0,0,35,0,0,0,0,0,2,2,3
,2021-03412,39.74006353,-104.9903499,1/30/2021 11:20,11:20,15,0,0,14TH ST & W COLFAX AVE,1,1,0,0,1,3,0,0,30,0,0,0,0,0,2,2,13
,2021-03414,39.64064354,-104.9069699,2/1/2021 8:13,8:13,12,0,0,6900 BLK E PRINCETON AVE & S OLIVE ST,1,1,0,0,1,4,0,0,25,0,0,0,0,1,4,2,13
,2021-03415,39.71068711,-104.9967644,1/29/2021 20:06,20:06,12,0,0,300 BLK S SANTA FE DR & W ALAMEDA AVE,1,3,0,0,1,4,0,0,35,0,0,0,0,0,4,2,13
,2021-03416,39.68223354,-105.0297799,2/1/2021 12:19,12:19,3,0,0,W JEWELL AVE & S IRVING ST,1,1,0,0,1,1,0,0,30,0,0,0,0,1,4,2,3
,2021-03417,39.74363353,-104.9889599,1/31/2021 15:00,15:00,14,0,0,1600 BLK TREMONT PL & 16TH ST,1,1,0,0,1,4,0,0,30,0,0,0,0,0,4,2,13
,2021-03418,39.76939353,-105.0299599,2/3/2021 2:55,2:55,5,0,0,W 38TH AVE & N IRVING ST,1,3,0,0,2,1,0,0,30,0,0,0,0,0,4,1,1
,2021-03419,39.70041354,-105.0481099,2/2/2021 22:39,22:39,15,0,0,MORISSON RD & W KENTUCKY AVE,1,3,0,0,1,1,0,0,30,0,0,0,0,0,4,2,1
,2021-03420,39.75615353,-104.9918999,1/31/2021 10:40,10:40,11,0,1,22ND ST & BLAKE ST,1,1,0,0,1,1,0,0,30,0,1,0,0,2,4,1,8
,2021-03421,39.79014351,-104.8548699,2/1/2021 5:58,5:58,3,0,0,E 51ST AVE & N MOLINE ST,1,3,0,0,1,1,0,0,25,0,0,0,0,0,4,2,7
,2021-03423,39.76115353,-105.0047499,2/1/2021 7:15,7:15,12,0,0,I-25 & 20TH ST,1,1,0,0,1,4,0,0,55,0,0,0,0,0,1,2,2
,2021-03424,39.77295353,-104.9754099,2/1/2021 12:38,12:38,10,0,0,38TH ST & N BRIGHTON BLVD,1,1,0,0,1,1,0,0,35,0,0,0,0,0,4,2,7
,2021-03425,39.73562352,-104.8905699,1/30/2021 23:05,23:05,5,0,0,E 12TH AVE & N VERBENA ST,1,3,0,0,1,1,0,0,30,0,0,0,0,0,4,1,1
,2021-03426,39.71233353,-104.9412499,1/15/2021 18:10,18:10,6,0,0,200 BLK S HARRISON ST & E ALAMEDA AVE,1,2,0,0,1,4,0,0,25,0,0,0,0,0,4,2,7
,2021-03427,39.74019553,-105.0001549,1/30/2021 11:45,11:45,15,0,0,N KALAMATH ST & W COLFAX AVE,1,1,0,0,1,1,0,0,30,0,0,0,0,0,2,2,13
,2021-03429,39.76115353,-105.0047599,1/19/2021 18:56,18:56,5,0,0,I-25 & 20TH ST,1,3,0,0,1,4,0,0,55,0,0,0,0,0,1,2,13
,2021-03430,39.68569353,-104.9373099,2/2/2021 15:28,15:28,2,0,0,E MEXICO AVE & S BELLAIRE ST,1,1,0,0,1,1,0,0,0,1,0,0,0,1,4,2,16
,2021-03431,39.70203553,-104.9152332,2/2/2021 15:00,15:00,1,0,0,S LOGAN ST & E OHIO AVE,1,1,0,0,1,1,0,0,25,0,0,0,0,0,4,2,1
,2021-03432,39.76771352,-104.8832199,1/9/2021 1:30,1:30,5,0,0,E 37TH AVE & N AKRON ST,1,3,0,0,3,1,0,0,25,0,0,0,0,0,4,1,13
,2021-03433,39.76929655,-104.9633886,1/18/2021 13:04,13:04,5,0,0,RACE ST & 3810 N,1,1,0,0,3,2,0,0,25,0,0,0,0,0,4,1,1
,2021-03434,39.77761351,-104.81488,1/17/2021 0:44,0:44,5,0,0,N FONTANA WAY & E 46TH AVE,1,3,0,0,3,1,0,0,25,0,0,0,0,0,4,1,5
,2021-03435,39.65310354,-104.9047099,1/22/2021 15:35,15:35,12,0,0,E HAMPDEN AVE & S POPLAR ST,1,3,0,0,1,3,0,0,40,0,0,0,0,0,2,2,3
,2021-03436,39.79827351,-104.79773,1/7/2021 2:54,2:54,4,0,0,16100 BLK E 56TH AVE & N LAREDO ST,1,3,0,0,1,4,0,0,45,0,0,0,0,0,4,1,13
,2021-03437,39.73764353,-104.9798799,2/1/2021 16:49,16:49,6,0,0,1300 BLK N PEARL ST & E 13TH AVE,1,4,0,0,1,4,0,0,,0,0,0,0,0,4,2,16
,2021-03438,39.75445353,-104.9634499,1/30/2021 17:55,17:55,6,0,0,E 26TH AVE & N RACE ST,1,3,1,0,1,4,0,0,25,0,0,0,0,0,4,2,5
,2021-03439,39.75629353,-105.0158299,2/1/2021 19:28,19:28,1,0,1,N SPEER BLVD & N ZUNI ST,1,3,0,0,1,1,0,0,35,0,0,0,0,2,4,2,1
,2021-03441,39.76198352,-104.9368399,1/22/2021 19:11,19:11,12,0,0,E MLK BLVD & N BELLAIRE ST,1,3,0,0,1,4,0,0,35,0,0,0,0,0,4,2,1
,2021-03442,39.68225354,-105.0552199,1/22/2021 15:26,15:26,15,0,0,5200 BLK W JEWELL AVE & S SHERIDAN BLVD,1,1,0,0,1,4,0,0,25,0,0,0,0,0,4,2,13
,2021-03443,39.74640353,-105.0014099,1/22/2021 13:15,13:15,15,0,0,LARIMER ST & N SPEER BLVD,1,1,0,0,1,1,0,0,35,0,0,0,0,0,4,2,8
,2021-03444,39.66775355,-105.0735099,1/12/2021 20:40,20:40,3,0,0,S REED ST & W YALE AVE,1,3,0,0,1,1,0,0,35,0,0,0,0,0,4,2,14
,2021-03445,39.73605353,-104.9835999,2/2/2021 15:25,15:25,3,0,0,1200 BLK N GRANT ST & E 12TH ST,1,1,0,0,1,2,0,0,30,0,0,0,0,0,4,2,13
,2021-03446,39.74010353,-104.9980699,2/2/2021 14:45,14:45,2,0,1,W COLFAX AVE & N SPEER BLVD NB INTERSECTION,1,1,0,0,1,1,0,0,40,1,0,0,0,2,1,2,13
,2021-03447,39.77309351,-104.80846,1/22/2021 12:35,12:35,12,0,0,15400 E 40TH AVE & E ANDREWS DR,1,1,0,0,1,4,0,0,40,0,0,0,0,0,4,2,3
,2021-03448,39.78375352,-104.9655999,1/14/2021 22:17,22:17,5,0,0,E 48TH AVE & N WILLIAMS ST,1,3,0,0,2,1,0,0,25,0,0,0,0,0,4,1,1
,2021-03449,39.74105353,-104.9034499,1/22/2021 10:45,10:45,12,0,0,1500 BLK N QUEBEC ST & E COLFAX AVE,1,1,0,0,1,4,0,0,30,0,0,0,0,0,4,2,3
,2021-03450,39.77400352,-104.8470199,1/19/2021 9:37,9:37,12,0,0,I-70 & N PEORIA ST,1,1,1,0,1,4,0,0,65,0,0,0,0,0,1,2,7
,2021-03451,39.74000653,-104.9684659,1/22/2021 15:00,15:00,10,0,0,E COLFAX AVE & N FRANKLIN ST,1,1,0,0,1,1,0,0,35,0,0,0,0,0,2,2,1
,2021-03452,39.75259039,-104.9848982,1/20/2021 4:52,4:52,15,0,0,I-25 & PARK AVE W,1,3,1,0,1,4,0,0,55,0,0,0,0,0,1,2,7
,2021-03453,39.74002353,-104.9724799,1/22/2021 11:30,11:30,6,0,0,1100 BLK E COLFAX AVE & N DOWNING ST,1,1,0,0,1,4,0,0,30,0,0,0,0,0,2,2,16
,2021-03454,39.75371353,-104.9863499,1/16/2021 17:45,17:45,11,0,1,PARK AVE W & CURTIS ST,1,3,0,0,1,1,0,0,0,0,1,0,0,3,4,1,16
,2021-03455,39.77967353,-104.9791499,1/12/2021 12:00,12:00,5,0,0,I-70 & N WASHINGTON ST,1,1,0,0,1,4,0,0,65,0,0,0,0,0,1,1,13
,2021-03456,39.65309354,-104.9090799,2/1/2021 7:05,7:05,3,0,2,E HAMPDEN AVE & S ONEIDA WAY,1,1,0,0,1,1,0,0,45,0,0,0,0,2,2,2,3
,2021-03457,39.75520353,-105.0129099,1/23/2021 0:32,0:32,5,0,0,I-25 SB OFF RAMP & N SPEER BLVD WB,1,3,1,0,6,8,0,0,,0,0,0,0,0,4,1,5
,2021-03459,39.70733353,-104.9407299,1/22/2021 14:44,14:44,14,0,0,S COLORADO BLVD & E VIRGINIA AVE,1,1,0,0,1,1,0,0,35,0,0,0,0,0,2,2,1
,2021-03460,39.77547353,-105.0017499,1/12/2021 16:57,16:57,15,0,0,N LIPAN ST & W 43RD AVE,1,1,0,0,1,4,0,0,25,0,0,0,0,0,4,2,13
,2021-03461,39.76324353,-104.9720999,1/22/2021 12:45,12:45,3,0,0,1200 BLK E 33RD AVE & N DOWNING ST,1,1,0,0,1,5,0,0,30,0,0,0,0,0,4,2,13
,2021-03462,39.75070353,-104.9609799,1/13/2021 15:29,15:29,6,0,0,2200 BLK E 23RD AVE & N GAYLORD ST,1,1,0,6,1,4,0,0,30,0,0,0,0,0,4,2,13
,2021-03463,39.67595354,-105.0348899,1/12/2021 9:40,9:40,12,0,0,2100 BLK S LOWELL BLVD & W EVANS AVE,1,1,0,0,1,4,0,0,30,0,0,0,0,0,4,2,1
,2021-03465,39.72725353,-104.9787299,1/14/2021 14:05,14:05,12,0,0,700 BLK E 7TH AVE & 700 BLK E,1,1,0,0,1,4,0,0,30,0,0,0,0,1,4,2,1
,2021-03466,39.73927353,-104.9439599,1/22/2021 12:15,12:15,6,0,0,1400 BLK N GARFIELD ST & E 14TH AVE,1,1,0,0,1,4,0,0,25,0,0,0,0,0,4,2,13
,2021-03469,39.76190352,-104.9126099,2/2/2021 14:34,14:34,12,0,0,E MLK BLVD & N MONACO ST,1,1,0,0,1,1,0,0,35,0,0,0,0,0,4,2,1
,2021-03470,39.72541754,-105.0252199,2/2/2021 14:53,14:53,15,0,0,W 6TH AVE & N FEDERAL BLVD,1,1,1,0,1,4,0,0,55,0,0,0,0,0,2,2,13
,2021-03471,39.72541754,-105.0252199,2/2/2021 14:04,14:04,12,0,0,W 6TH AVE FWY & N FEDERAL BLVD,1,1,1,0,1,4,0,0,55,0,0,0,0,1,2,2,3
,2021-03505,39.72173353,-104.9874599,2/2/2021 8:40,8:40,15,0,0,300 BLK N BROADWAY ST & E 3RD AVE,1,1,0,0,1,4,0,0,30,0,0,0,0,0,4,2,13
,2021-03520,39.72569353,-104.9969499,2/2/2021 5:30,5:30,5,0,0,700 BLK W 6TH AVE & N GALAPAGO ST,1,3,0,0,3,4,0,0,35,0,0,0,0,0,4,1,16
,2021-03524,39.76616353,-104.9569299,2/2/2021 11:49,11:49,6,0,0,3520 N COLUMBINE ST & 3520 BLK N,1,1,0,0,1,4,0,0,25,0,0,0,0,0,4,2,5
,2021-03542,39.66989354,-105.0250699,2/2/2021 12:40,12:40,12,0,0,FEDERAL BLVD & 2600 BLK S,1,1,0,0,1,3,0,0,35,0,0,0,0,1,2,2,7
,2021-03548,39.70033354,-105.0297599,2/2/2021 8:42,8:42,3,0,0,W KENTUCKY AVE & S IRVING ST,1,1,0,0,1,1,0,0,25,0,0,0,0,0,4,2,13
,2021-03549,39.78317311,-104.9005972,2/2/2021 9:25,9:25,15,0,0,N NORTHFIELD QUEBEC ST SB & I-70 EB ON RAMP,1,1,1,0,1,1,0,1,35,0,0,0,0,0,4,2,13
,2021-03550,39.72560653,-104.9418601,2/2/2021 8:00,8:00,15,0,0,0 BLK E 6TH AVE & N BROADWAY ST,1,1,0,0,1,4,0,0,30,0,0,0,0,0,4,2,16
,2021-03551,39.76198353,-104.9609699,2/1/2021 13:40,13:40,3,0,0,N GAYLORD ST & E MLK BLVD,1,1,0,0,1,1,0,0,25,0,0,0,0,0,4,2,3
,2021-03552,39.76928353,-105.0228999,2/2/2021 9:27,9:27,1,0,0,W 38TH AVE & N ELIOT ST,1,1,1,0,1,2,0,0,35,0,0,0,0,1,4,2,13
,2021-03554,39.69113354,-105.0413099,2/2/2021 5:00,5:00,5,0,0,QUITMAN ST & 1401 S,1,1,1,0,5,5,0,0,15,0,0,0,0,0,3,1,3
,2021-03556,39.80462351,-104.76266,2/2/2021 11:47,11:47,5,0,1,5900 BLK N DUNKIRK ST & E 62ND AVE,1,1,0,0,3,4,0,0,35,0,0,0,1,3,4,1,7
,2021-03557,39.72553353,-105.0131199,2/2/2021 12:36,12:36,12,0,0,I-25 & W 6TH AVE,1,1,0,0,1,4,0,0,65,0,0,0,0,0,1,2,1
,2021-03558,39.68935353,-104.9034999,2/1/2021 17:20,17:20,12,0,0,E FLORIDA AVE & S QUEBEC ST,1,1,0,0,1,3,0,0,25,0,0,0,0,0,4,2,3
,2021-03559,39.77420352,-104.8470299,2/2/2021 8:55,8:55,12,0,3,I-70 & N PEORIA ST,1,1,0,0,1,4,0,0,55,0,0,0,0,1,1,2,13
,2021-03560,39.75274353,-104.9910899,2/1/2021 16:35,16:35,15,0,0,2000 BLK LAWRANCE ST & 20TH ST,1,1,0,0,1,2,0,0,30,0,0,0,0,0,4,2,13
,2021-03563,39.77064702,-104.9317414,2/2/2021 11:47,11:47,12,0,0,I-70 & N DAHLIA ST,1,1,0,0,1,4,0,0,65,0,0,0,0,0,1,2,7
,2021-03564,39.77190353,-104.9785099,2/1/2021 15:31,15:31,8,0,0,36TH ST & DELGANY ST,1,1,0,0,1,1,0,0,25,0,0,0,0,0,4,2,3
,2021-03565,39.68659354,-104.9441799,2/1/2021 20:15,20:15,6,0,0,1600 BLK S GARFIELD ST & E IOWA AVE,1,4,0,0,1,4,0,0,30,0,0,0,0,0,4,2,5
,2021-03567,39.78081352,-104.9667899,2/2/2021 16:36,16:36,1,0,0,E 46TH AVE & N BRIGHTON BLVD,1,1,0,0,1,1,0,0,30,0,0,0,0,0,2,2,1
,2021-03568,39.787486,-105.0415603,1/23/2021 8:34,8:34,12,0,0,W 6TH AVE & N RALEIGH ST,1,1,1,0,1,4,0,0,55,0,0,0,0,0,2,2,13
,2021-03569,39.65796354,-104.9128999,2/3/2021 8:05,8:05,12,0,0,S MONACO ST & E FLOYD AVE,1,1,0,0,1,1,0,0,25,0,0,0,0,0,4,2,3
,2021-03571,39.71120354,-104.9991199,2/2/2021 8:10,8:10,12,0,0,I-25 & W ALAMEDA AVE,1,1,1,0,1,4,0,0,65,0,0,0,0,0,1,2,3
,2021-03573,39.74745352,-104.8916699,2/2/2021 7:44,7:44,3,0,0,E MONTVIEW BLVD & N VALENTIA ST,1,1,0,0,1,1,0,0,30,0,0,0,0,1,4,2,3