id,drcog_id,latitude,longitude,crashtime,time,crashtype,numbkilled,numbinjurd,drcoglocat,rdconditin,lightngcon,roadcntgrd,weatherco,location,roaddescrp,schoolzone,constrzone,splimit,bikeinv,pedinv,sctrinv,motoinv,svrty,rdsystem,ttlvehcls,hcf
,2021-03575,39.72615354,-105.0306399,2/2/2021 6:47,6:47,12,0,0,6TH AVE 3300 BLK & FEDERAL BLVD,11,1,1,0,1,4,0,0,65,0,0,0,0,0,2,2,16
,2021-03576,39.77400352,-104.8470199,2/1/2021 17:30,17:30,12,0,0,I-70 & N PEORIA ST,1,1,0,0,1,4,0,0,65,0,0,0,0,0,1,2,3
,2021-03577,39.78277351,-104.8212599,1/23/2021 19:43,19:43,6,0,0,E BOLLING DR & N DULUTH CT,1,3,0,0,3,4,0,0,20,0,0,0,0,0,4,2,3
,2021-03579,39.66694354,-105.0168299,2/1/2021 1:00,1:00,6,0,0,YALE AVE & 2500 BLK W,1,3,0,0,1,4,0,0,25,0,0,0,0,0,4,2,16
,2021-03580,39.78745353,-105.0252099,2/3/2021 9:40,9:40,12,0,0,W REGIS BLVD & N FEDERAL BLVD,1,1,0,0,1,3,0,0,30,0,0,0,0,0,2,2,1
,2021-03582,39.66891355,-105.0814299,2/1/2021 23:25,23:25,5,0,0,WADSWORTH BLVD & 2600 BLK S,1,3,3,0,3,4,0,0,40,0,0,0,0,0,2,1,14
,2021-03583,39.66808354,-104.9382099,1/23/2021 18:18,18:18,3,0,0,4300 BLK E YALE AVE & S COLORADO BLVD,1,3,0,0,1,1,0,0,15,0,0,0,0,0,4,2,13
,2021-03584,39.74738353,-104.9406299,2/1/2021 15:09,15:09,9,0,0,N COLORADO BLVD & E MONTVIEW BLVD,1,1,0,0,1,1,0,0,35,0,0,0,0,0,2,2,1
,2021-03587,39.70137874,-104.9875304,2/1/2021 15:20,15:20,12,0,0,S BROADWAY ST & I-25,1,1,0,0,1,4,0,0,30,0,0,0,0,0,4,2,3
,2021-03590,39.63957354,-104.8851,1/5/2021 16:32,16:32,12,0,2,I-225 & S YOSEMITE ST,1,1,0,0,1,4,0,0,55,0,0,0,0,1,1,2,16
,2021-03595,39.75103353,-104.9406099,2/1/2021 14:50,14:50,5,0,0,N COLORADO BLVD & E 23RD AVE,1,1,0,0,2,1,0,0,35,0,0,0,0,0,2,1,7
,2021-03598,39.70750354,-104.9851499,2/2/2021 16:32,16:32,3,0,0,S SHERMAN ST & E VIRGINIA AVE,1,1,0,0,1,1,0,0,25,0,0,0,0,0,4,2,13
,2021-03599,39.77830353,-104.9905499,2/2/2021 15:55,15:55,12,0,0,I-70 EB OFF RAMP TO SB & I-25,1,2,1,0,1,8,0,0,55,0,0,0,0,0,1,2,3
,2021-03600,39.75725353,-105.0268699,2/2/2021 21:20,21:20,6,0,0,3000 BLK W 28TH AVE & N FEDERAL BLVD,1,3,1,0,1,4,0,0,25,0,0,0,0,0,4,2,16
,2021-03601,39.69274523,-104.9924773,1/23/2021 16:27,16:27,5,0,0,I-25 & S SANTA FE DR,1,1,1,0,2,4,0,0,55,0,0,0,0,0,1,1,13
,2021-03602,39.73694226,-104.9126405,1/17/2021 13:06,13:06,3,0,1,E 13TH AVE & N LINCOLN AVE,1,1,0,0,1,1,0,0,30,0,0,0,0,2,4,2,13
,2021-03603,39.71113353,-104.9827699,2/1/2021 14:40,14:40,12,0,0,E ALAMEDA AVE & S LOGAN ST,1,1,0,0,1,3,0,0,30,0,0,0,0,0,4,2,3
,2021-03604,39.71479379,-104.9941049,1/23/2021 16:53,16:53,6,0,0,3150 BLK OF W BAYAUD AVE & S HAZEL CT,1,3,0,0,1,4,0,0,25,0,0,0,0,0,4,2,13
,2021-03605,39.65990354,-105.0244499,1/17/2021 0:00,0:00,6,0,0,3100 BLK S FEDERAL BLVD & W DARTMOUTH AVE,1,3,0,0,1,4,0,0,40,0,0,0,0,0,2,2,5
,2021-03606,39.63469354,-104.8931499,1/7/2021 17:10,17:10,12,0,0,S TAMARAC ST & I-225 NB/EB RAMPS,1,3,0,0,1,3,0,0,40,0,0,0,0,0,4,2,5
,2021-03607,39.72541754,-105.0252199,1/23/2021 8:47,8:47,12,0,0,N FEDERAL BLVD & W 6TH AVE WB ON RAMP,1,1,1,0,1,1,0,0,40,0,0,0,0,0,2,2,3
,2021-03608,39.65715354,-104.8847399,2/3/2021 8:26,8:26,12,0,0,S YOSEMITE ST & E EASTMAN PL,1,1,0,0,1,4,0,0,30,0,0,0,0,0,4,2,13
,2021-03609,39.69853353,-104.9091099,2/3/2021 10:56,10:56,8,0,0,EVANS AVE & 6858 E,1,1,0,0,1,2,0,0,10,0,0,0,0,0,3,2,13
,2021-03610,39.69299354,-104.9787999,1/23/2021 13:06,13:06,3,0,0,E BUCHTEL BLVD & E LOUISIANA AVE,1,1,0,0,1,1,0,0,30,0,0,0,0,0,4,2,13
,2021-03611,39.72541754,-105.0252199,2/2/2021 7:20,7:20,12,0,0,E 6TH AVE & N FEDERAL BLVD,1,1,1,0,1,4,0,0,65,0,0,0,0,0,2,2,13
,2021-03612,39.77015352,-104.8877999,2/3/2021 12:43,12:43,15,0,0,E SMITH RD & N CENTRAL PARK BLVD,1,1,0,0,1,1,0,0,35,0,0,0,0,0,4,2,13
,2021-03613,39.73386353,-104.9929199,1/23/2021 20:49,20:49,3,0,0,W 11TH AVE & N DELAWARE ST,1,2,0,0,1,1,0,0,30,0,0,0,0,0,4,2,3
,2021-03614,39.67760354,-104.9875599,1/24/2021 14:32,14:32,5,0,0,2100 BLOCK S BROADWAY ST & E EVANS AVE,1,1,0,0,3,4,0,0,35,0,0,0,0,0,4,1,5
,2021-03615,39.75618185,-105.0155256,1/23/2021 15:19,15:19,12,0,0,I-25 & N SPEER BLVD,1,1,0,0,1,4,0,0,65,0,0,0,0,0,1,2,13
,2021-03616,39.76742502,-104.9439904,1/14/2021 18:39,18:39,3,0,0,3700 E 13TH AVE & N GARFIELD ST,1,4,0,0,1,5,0,0,20,0,0,0,0,0,4,3,9
,2021-03617,39.76319353,-105.0252299,1/18/2021 11:11,11:11,10,0,0,W 33RD AVE & N FEDERAL BLVD,1,1,1,0,1,1,0,0,25,0,0,0,0,0,4,2,16
,2021-03618,39.70686354,-105.0420099,1/1/2021 22:59,22:59,6,0,0,S RALEIGH ST & W CUSTER PL,1,3,0,7,1,4,0,0,25,0,0,0,0,0,4,2,16
,2021-03619,39.75457353,-104.9922299,1/2/2021 20:46,20:46,3,0,0,21ST ST & MARKET ST,1,3,0,0,1,1,0,0,15,0,0,0,0,0,4,2,13
,2021-03620,39.63547354,-104.8937099,1/19/2021 14:01,14:01,15,0,0,I-225 & S TAMARAC ST,1,1,0,0,1,4,0,0,55,0,0,0,0,0,1,2,1
,2021-03621,39.77834652,-104.9793199,1/18/2021 15:05,15:05,14,0,0,N WASHINGTON ST & W 45TH AVE,1,1,0,0,1,3,0,0,30,0,0,0,0,0,4,2,9
,2021-03623,39.63999354,-104.88517,2/3/2021 14:10,14:10,15,0,0,YOSEMITE ST S & I-225 SB/WB RAMPS,1,1,0,0,1,1,0,0,35,0,0,0,0,0,4,2,16
,2021-03624,39.70403354,-105.0250799,2/3/2021 14:13,14:13,15,0,0,FEDERAL BLVD & 600 BLOCK S,1,1,0,0,1,4,0,0,30,0,0,0,0,0,2,2,14
,2021-03625,39.74749353,-104.9781699,1/23/2021 20:08,20:08,1,0,0,E 20TH AVE & PARK AVE,1,3,0,0,1,1,0,0,10,0,0,0,0,0,4,2,7
,2021-03626,39.76755353,-105.0439999,1/23/2021 18:00,18:00,6,0,0,N TENNYSON ST & W 37TH AVE,1,2,0,0,1,4,0,0,25,0,0,0,0,0,4,2,13
,2021-03627,39.76390353,-105.0439999,1/24/2021 13:51,13:51,3,0,0,W 33RD AVE & N TENNYSON ST,1,1,0,0,1,1,0,0,25,0,0,0,0,1,4,2,8
,2021-03628,39.71575354,-105.0395899,1/1/2021 22:59,22:59,6,0,0,0 BLK S PERRY ST & W ELLSWORTH AVE,1,3,0,0,1,4,0,0,25,0,0,0,0,0,4,2,13
,2021-03629,39.70290354,-105.0532399,2/3/2021 10:30,10:30,15,0,0,SHERIDAN BLVD & 700 BLK S,1,1,1,0,1,4,0,0,35,0,0,0,0,0,2,2,3
,2021-03630,39.73843353,-104.9835799,1/23/2021 11:41,11:41,10,0,0,E 14TH AVE & N GRANT ST,1,1,0,0,1,1,0,0,30,0,0,0,0,0,4,2,13
,2021-03631,39.77999352,-104.9593099,2/3/2021 7:51,7:51,15,0,0,I-70 & N YORK ST EXIT GORE PT,1,1,0,0,1,4,0,0,55,0,0,0,0,0,1,2,14
,2021-03632,39.72558354,-105.0394499,1/24/2021 17:38,17:38,3,0,0,N PERRY ST & W 6TH AVE,1,3,1,0,1,1,0,0,25,0,0,0,0,1,2,2,1
,2021-03633,39.69849853,-104.9035984,2/3/2021 10:43,10:43,12,0,0,LEETSDALE DR & S QUEBEC ST,1,1,0,0,1,4,0,0,35,0,0,0,0,0,2,2,13
,2021-03634,39.72527841,-105.1417334,1/23/2021 14:46,14:46,12,0,0,W 6TH AVE & I-25,1,1,1,0,1,4,0,0,45,0,0,0,0,0,2,2,3
,2021-03635,39.75470353,-105.0316999,1/16/2021 0:00,0:00,6,0,0,3400 BLK W 26TH AVE & N JULIAN ST,1,3,0,0,1,4,0,0,30,0,0,0,0,0,4,2,5
,2021-03636,39.63539354,-104.9029799,1/23/2021 23:39,23:39,12,0,1,I-225 & I-25 RAMP SPLIT,1,3,0,0,1,4,0,0,55,0,0,0,0,3,1,2,13
,2021-03637,39.75890353,-105.0158299,1/15/2021 9:45,9:45,15,0,0,2900 BLK N ZUNI ST & W 29TH AVE,1,1,1,0,1,4,0,0,30,0,0,0,0,0,4,2,16
,2021-03638,39.70486354,-104.9957999,2/3/2021 12:59,12:59,15,0,0,I-25 SB ON RAMP & S SANTA FE DR (AT MERGE),1,1,1,0,1,8,0,0,55,0,0,0,0,0,1,2,8
,2021-03639,39.75027353,-105.0012299,1/13/2021 18:15,18:15,6,0,0,15TH ST & WAZEE ST,1,3,0,0,1,4,0,0,25,0,0,0,0,0,4,2,3
,2021-03640,39.72551297,-105.016571,1/23/2021 22:16,22:16,15,0,0,I-25 & W 6TH AVE FWY,1,4,0,0,1,4,0,0,60,0,0,0,0,0,1,2,16
,2021-03641,39.73694226,-104.9126405,1/24/2021 6:51,6:51,6,0,0,E 13TH AVE & PEARL ST,1,2,0,0,1,4,0,0,30,0,0,0,0,0,4,2,3
,2021-03642,39.68396354,-104.9875299,2/3/2021 15:10,15:10,12,0,0,S BROADWAY ST & E COLORADO AVE,1,1,0,0,1,3,0,0,30,0,0,0,0,0,4,2,3
,2021-03643,39.70041354,-105.0238499,1/23/2021 15:59,15:59,3,0,0,S ELIOT ST & W KENTUCKY AVE,1,1,0,0,1,1,0,0,25,0,0,0,0,0,4,2,7
,2021-03645,39.76094353,-105.0043199,2/6/2021 19:02,19:02,12,0,0,I-25 & 20TH ST,1,3,0,0,1,4,0,0,65,0,0,0,0,0,1,2,1
,2021-03646,39.74014353,-104.9156799,1/7/2021 10:54,10:54,12,0,0,6200 BLK E COLFAX AVE & N KRAMERIA ST,1,1,1,0,1,3,0,0,35,0,0,0,0,0,2,2,14
,2021-03648,39.70767354,-105.0485799,1/17/2021 22:15,22:15,5,0,0,W VIRGINIA AVE & S WOLFF ST,1,3,0,0,4,1,0,0,25,0,0,0,0,0,4,1,1
,2021-03649,39.76018353,-105.0251099,2/2/2021 13:45,13:45,15,0,0,2900 BLK N SPEER BLVD & W 29TH AVE,1,1,1,0,1,4,0,0,30,0,0,0,0,0,4,2,16
,2021-03650,39.79113353,-105.0346099,1/17/2021 1:04,1:04,5,0,0,N LOWELL BLVD & W 52ND AVE,1,3,1,0,2,4,0,0,30,0,0,0,0,0,4,1,1
,2021-03651,39.72615354,-105.0392399,1/23/2021 21:01,21:01,1,0,0,610 N PERRY ST & 610 BLK N,1,3,0,0,1,2,0,0,25,0,0,0,0,0,4,2,5
,2021-03652,39.79208352,-104.9405599,1/25/2021 7:45,7:45,15,0,0,5100 BLK N VASQUEZ BLVD & 5100 BLK N,1,1,0,0,1,4,0,0,45,0,0,0,0,0,2,2,1
,2021-03653,39.70145354,-104.9875199,1/24/2021 3:52,3:52,5,0,1,I-25 & S BROADWAY ST,1,4,1,0,2,4,0,0,60,0,0,0,0,3,1,1,3
,2021-03654,39.79829052,-104.8844689,1/11/2021 18:17,18:17,1,0,0,E 56TH AVE & N CENTRAL PARK BLVD,1,3,0,0,1,1,0,0,40,0,0,0,0,0,4,2,14
,2021-03655,39.71663354,-105.0250699,1/31/2021 15:15,15:15,5,0,0,W ELLSWORTH AVE & S FEDERAL BLVD,14,1,1,0,3,9,0,0,,0,0,0,0,0,4,1,14
,2021-03656,39.75937353,-105.0520699,1/27/2021 7:50,7:50,6,0,0,2900 BLK N ZENOBIA ST & W 29TH AVE,4,2,1,0,1,4,0,0,25,0,0,0,0,0,4,2,16
,2021-03657,39.63543354,-104.9034999,1/23/2021 23:39,23:39,12,0,0,I-225 & I-25,1,3,0,0,1,4,0,0,65,0,0,0,0,0,1,2,13
,2021-03659,39.77659484,-104.8097861,1/9/2021 19:42,19:42,12,0,0,N CHAMBERS RD & E 46TH AVE,9,3,0,2,1,3,0,0,35,0,0,0,0,0,4,2,13
,2021-03660,39.70776353,-104.8865299,1/10/2021 7:26,7:26,5,0,0,8800 BLK E ALAMEDA AVE & S XENIA ST,11,2,0,0,2,4,0,0,40,0,0,0,0,0,4,1,14
,2021-03661,39.73685353,-104.9957099,1/23/2021 22:25,22:25,15,0,0,W 13TH AVE & N SPEER BLVD,1,3,0,0,1,1,0,0,,0,0,0,0,0,4,2,13
,2021-03662,39.76193052,-104.9027344,1/24/2021 18:15,18:15,15,0,0,E MLK BLVD & N QUEBEC ST,1,3,0,0,1,4,0,0,35,0,0,0,0,0,4,2,13
,2021-03663,39.72745604,-105.0532752,1/24/2021 17:38,17:38,1,0,0,N SHERIDAN BLVD & W 6TH AVE,1,3,0,0,1,1,0,0,40,0,0,0,0,0,2,2,13
,2021-03665,39.76560352,-104.9245999,2/1/2021 1:44,1:44,6,0,0,N GRAPE ST & E 35TH AVE,1,4,0,0,1,4,0,0,30,0,0,0,0,0,4,2,16
,2021-03669,39.68208354,-104.9316599,1/29/2021 11:36,11:36,12,0,0,E JEWELL AVE & S DAHLIA ST,1,1,0,0,1,1,0,0,35,0,0,0,0,0,4,2,16
,2021-03670,39.72413353,-104.9874699,2/6/2021 18:00,18:00,10,0,0,E 5TH AVE & N BROADWAY ST,1,3,0,0,1,1,0,0,35,0,0,0,0,0,4,2,1
,2021-03672,39.73204353,-104.9752499,1/31/2021 18:30,18:30,6,0,0,N OGDEN ST & E 10TH AVE,1,3,0,0,1,4,0,0,25,0,0,0,0,0,4,2,16
,2021-03673,39.78925351,-104.8300099,1/9/2021 20:25,20:25,10,0,0,N BILLINGS ST & E 51ST AVE,9,2,0,2,1,1,0,0,25,0,0,0,0,0,4,2,1
,2021-03674,39.77400352,-104.8470199,2/5/2021 15:30,15:30,5,0,1,I-70 WB OFF RAMP & N PEORIA ST,1,1,0,0,3,8,0,0,45,0,0,0,0,2,1,1,5
,2021-03675,39.66458354,-105.0344999,1/24/2021 14:15,14:15,6,0,0,2700 BLK S LOWELL BLVD & W YALE AVE,1,1,1,0,1,4,0,0,30,0,0,0,0,0,4,2,13
,2021-03676,39.63574354,-104.8936399,2/6/2021 13:22,13:22,12,0,0,I-225 & TAMARAC ST,1,1,0,0,1,4,0,0,55,0,0,0,0,0,1,2,16
,2021-03677,39.68568354,-104.9500399,2/5/2021 16:44,16:44,12,0,0,2300  BLK E MEXICO AVE & S STEELE ST,1,1,0,0,1,3,0,0,25,0,0,0,0,0,4,2,6
,2021-03678,39.72725353,-104.9775499,1/7/2021 19:59,19:59,3,0,0,N CLARKSON ST & E 7TH AVE,1,3,1,0,1,1,0,0,30,0,0,0,0,1,4,3,13
,2021-03684,39.68071354,-105.0532199,2/6/2021 14:01,14:01,15,0,0,SHERIDAN BLVD & 1900 BLK S,1,1,0,0,1,4,0,0,10,0,0,0,0,0,2,2,16
,2021-03687,39.74378352,-104.9081499,2/6/2021 12:42,12:42,3,0,0,E 17TH AVE & N ONEIDA ST,1,1,0,0,1,1,0,0,25,0,0,0,0,0,4,2,13
,2021-03688,39.75282353,-105.0047499,2/6/2021 12:43,12:43,12,0,0,I-25 & 20TH ST,1,1,0,0,1,4,0,0,55,0,0,0,0,0,1,2,7
,2021-03753,39.68950354,-105.0137199,2/5/2021 8:45,8:45,12,0,0,2300 BLK W FLORIDA AVE & S ZUNI ST,1,1,0,0,1,4,0,0,30,0,0,0,0,0,4,2,16
,2021-03755,39.78326353,-105.0064199,2/6/2021 14:58,14:58,3,0,0,N PECOS ST & I-70 WB RAMPS,1,1,0,0,1,6,0,0,35,0,0,0,0,0,4,2,13
,2021-03767,39.72553353,-105.0131199,2/5/2021 14:12,14:12,12,0,0,I-25 & W 6TH AVE,1,1,1,0,1,4,0,0,55,0,0,0,0,0,1,2,3
,2021-03769,39.72562353,-104.9836099,2/7/2021 1:16,1:16,8,0,0,E 6TH AVE & N GRANT ST,1,3,0,0,1,1,0,0,35,0,0,0,0,0,4,2,13
,2021-03773,39.78020353,-105.0357599,2/6/2021 12:14,12:14,6,0,0,N MEADE ST & W 46TH AVE,1,1,0,0,1,4,0,0,30,0,0,0,0,1,4,2,3
,2021-03801,39.69492354,-105.0203699,2/7/2021 4:13,4:13,6,0,1,1200 BLK S CLAY ST & W LOUISIANA AVE,1,4,0,0,1,4,0,0,25,0,0,0,0,2,4,2,5
,2021-03813,39.74000353,-104.9672199,1/1/2021 5:43,5:43,10,0,1,E COLFAX AVE & N GILPIN ST,1,3,0,0,1,1,0,0,30,0,0,0,1,3,2,2,13
,2021-03814,39.71819353,-104.9732199,2/4/2021 19:32,19:32,15,0,0,E 1ST AVE & N DOWNING ST,1,3,0,0,1,1,0,0,30,0,0,0,0,1,4,2,13
,2021-03815,39.76804353,-105.0077699,2/4/2021 13:52,13:52,3,0,0,W 37TH AVE & N QUIVAS ST,1,1,0,0,1,1,0,0,25,0,0,0,0,0,4,2,16
,2021-03816,39.71814354,-105.0396899,2/5/2021 14:24,14:24,3,0,0,N PERRY ST & W 1ST AVE,1,1,0,0,1,1,0,0,25,0,0,0,0,0,4,2,16
,2021-03817,39.67862654,-105.0249814,2/6/2021 12:33,12:33,12,0,0,S FEDERAL BLVD & W EVANS AVE,1,1,1,0,1,4,0,0,45,0,0,0,0,0,2,2,3
,2021-03818,39.77701352,-104.8824679,2/5/2021 23:25,23:25,12,0,0,I-70 EB OFF RAMP & N CENTRAL PARK BLVD,1,3,0,0,1,1,0,0,35,0,0,0,0,0,1,2,13
,2021-03820,39.77911352,-104.9779049,2/5/2021 7:55,7:55,12,0,1,I-70 EB OFF RAMP & N WASHINGTON ST,1,1,0,0,1,1,0,0,30,0,0,0,0,1,1,2,13
,2021-03821,39.68756354,-104.9827899,2/7/2021 12:54,12:54,10,0,0,S LOGAN ST & E IOWA AVE,1,1,0,0,1,1,0,0,30,0,0,0,0,0,4,2,1
,2021-03823,39.74011353,-104.9988399,2/6/2021 23:34,23:34,3,0,0,W COLFAX AVE & N SPEER BLVD,1,3,0,0,1,1,0,0,35,0,0,0,0,0,2,2,3
,2021-03824,39.72569653,-105.0001594,2/5/2021 7:42,7:42,12,0,0,W 6TH AVE & N KALAMATH ST,1,1,0,0,1,4,0,0,35,0,0,0,0,0,4,2,13
,2021-03825,39.70642354,-104.9967799,2/5/2021 13:18,13:18,12,0,0,S SANTA FE DR & I-25 SB ON RAMP (NEW CONFIG),1,1,0,0,1,1,0,0,35,0,0,0,0,0,2,2,3
,2021-03826,39.75128353,-105.0167799,2/5/2021 13:01,13:01,12,0,0,I-25 & W 23RD AVE,1,1,0,0,1,4,0,0,65,0,0,0,0,0,1,2,13
,2021-03827,39.77987352,-104.9671599,2/4/2021 8:05,8:05,15,0,0,I-70 & N BRIGHTON BLVD,1,1,0,0,1,4,0,0,65,0,0,0,0,0,1,2,1
,2021-03829,39.72551297,-105.016571,2/5/2021 13:33,13:33,12,0,0,W 6TH AVE FWY & I-25,1,1,1,0,1,4,0,0,45,0,0,0,0,1,2,2,3
,2021-03831,39.76538652,-104.9026039,1/20/2021 18:21,18:21,12,0,0,N QUEBEC ST & E 35TH AVE,1,1,0,0,1,1,0,0,,0,0,0,0,0,4,2,16
,2021-03832,39.67516355,-105.0615099,2/7/2021 0:43,0:43,6,0,0,5930 W WARREN AVE & 5930 BLK W,1,3,0,0,1,4,0,0,25,0,0,0,0,1,4,2,5
,2021-03833,39.67867354,-105.0156899,2/12/2021 19:34,19:34,3,1,3,S ZUNI ST & W EVANS AVE,1,3,0,0,1,1,0,0,25,0,0,0,0,4,4,2,5
,2021-03835,39.7570745,-104.9929849,1/20/2021 18:20,18:20,12,0,0,1600 BLK PARK AVE W & W WAZEE ST,1,4,0,0,1,4,0,0,35,0,0,0,0,0,4,2,13
,2021-03836,39.78363351,-104.78169,2/4/2021 22:21,22:21,15,0,0,E GVR BLVD & N TELLURIDE ST,1,3,0,0,1,4,0,0,40,0,0,0,0,0,4,2,1
,2021-03837,39.71817353,-104.9680099,1/27/2021 8:20,8:20,12,0,0,1400 BLK E 1ST AVE & E 1ST AVE,4,1,0,0,1,4,0,0,30,0,0,0,0,0,4,2,13
,2021-03839,39.68486354,-104.9594399,2/4/2021 15:00,15:00,12,0,0,I-25 NB OFF RAMP & S UNIVERSITY BLVD,1,1,0,0,1,8,0,0,30,0,0,0,0,0,1,2,3
,2021-03840,39.73837353,-104.9546199,1/27/2021 10:12,10:12,15,0,0,14TH AVE & 2700 BLK E,9,1,0,0,1,4,0,0,30,0,0,0,0,0,4,3,7
,2021-03841,39.72026354,-105.0250899,1/26/2021 17:34,17:34,3,0,0,W 2ND AVE & N FEDERAL BLVD,9,3,1,2,1,1,0,0,35,0,0,0,0,0,2,5,14
,2021-03842,39.76135353,-104.9817199,2/5/2021 16:15,16:15,6,0,0,29TH ST & LARIMER ST,1,2,0,0,1,3,0,0,25,0,0,0,0,0,4,2,8
,2021-03843,39.71133354,-105.0532399,1/20/2021 10:10,10:10,1,0,0,S SHERIDAN BLVD & W ALAMEDA AVE,1,1,1,0,1,1,0,0,35,0,0,0,0,0,2,2,1
,2021-03844,39.68220354,-105.0343599,1/20/2021 10:25,10:25,3,0,0,S LOWEL BLVD & W JEWELL AVE,1,1,0,0,1,1,0,0,30,0,0,0,0,0,4,2,13
,2021-03845,39.76191352,-104.9317099,1/27/2021 14:49,14:49,12,0,0,N DAHLIA ST & E MLK BLVD,4,1,0,0,1,1,0,0,30,0,0,0,0,1,4,3,13
,2021-03846,39.72093353,-104.9856099,1/30/2021 18:03,18:03,3,0,0,100 BLK E 3RD AVE & N LINCOLN ST,1,2,1,0,1,5,0,0,20,0,0,0,0,0,4,3,13
,2021-03847,39.75023353,-104.9873799,1/20/2021 12:50,12:50,10,0,0,STOUT ST & N BROADWAY,1,1,1,0,1,1,0,0,30,0,0,0,0,0,4,2,1
,2021-03848,39.71701353,-104.8955599,1/20/2021 12:17,12:17,12,0,0,E LOWRY BLVD & E FAIRMOUNT DR,1,1,0,0,1,6,0,0,30,0,0,0,0,0,4,2,13
,2021-03850,39.63871355,-105.0816199,1/20/2021 15:56,15:56,12,0,0,WADSWORTH BLVD & 4400 BLK S,1,1,0,0,1,4,0,0,40,0,0,0,0,0,2,2,13
,2021-03851,39.65431353,-104.87563,1/20/2021 14:20,14:20,1,0,0,E GIRARD AVE & S DAYTON ST,1,1,0,0,1,2,0,0,30,0,0,0,0,0,4,2,1
,2021-03852,39.68226354,-105.0250299,1/16/2021 23:32,23:32,15,0,0,S FEDERAL BLVD & W JEWELL AVE,1,3,0,0,1,3,0,0,40,0,0,0,0,0,2,3,5
,2021-03853,39.69129859,-105.0626914,1/20/2021 11:35,11:35,12,0,0,W 285 & S HARLAN ST,1,1,1,0,1,4,0,0,65,0,0,0,0,0,2,2,3
,2021-03854,39.69413354,-104.9792399,1/27/2021 9:29,9:29,12,0,0,I-25 & S WASHINGTON ST,11,1,0,0,1,4,0,0,55,0,0,0,0,0,1,4,13
,2021-03856,39.70145354,-104.9875199,1/27/2021 9:46,9:46,12,0,0,I-25 & S BROADWAY ST,7,1,1,0,1,4,0,0,55,0,0,0,0,0,1,2,1
,2021-03857,39.76691352,-104.9536299,1/27/2021 8:19,8:19,3,0,0,E 36TH AVE & N FILLMORE ST,1,1,1,0,1,1,0,0,25,0,0,0,0,0,4,2,7
,2021-03858,39.70345353,-104.9748999,1/20/2021 9:25,9:25,5,0,0,721 S CORONA ST & E EXPOSITION AVE,1,1,0,0,1,5,0,0,20,0,0,0,0,0,4,1,1
,2021-03859,39.76322353,-105.0172099,1/20/2021 12:40,12:40,5,0,0,2400 BLK W 33RD AVE & N ZUNI ST,1,1,1,0,3,5,0,0,20,0,0,0,0,0,4,1,13
,2021-03860,39.75536353,-105.0126799,1/27/2021 15:39,15:39,12,0,0,I-25 & N SPEER BLVD,1,1,0,0,1,4,0,0,65,0,0,0,0,0,1,3,7
,2021-03861,39.72551297,-105.016571,1/12/2021 8:00,8:00,12,0,0,I-25 & W 6TH AVE FWY,1,1,0,0,1,4,0,0,55,0,0,0,0,0,1,2,14
,2021-03862,39.78367353,-105.0532299,1/27/2021 9:05,9:05,12,0,0,I-70 & N SHERIDAN BLVD,4,1,0,0,1,4,0,0,65,0,0,0,0,0,1,2,13
,2021-03863,39.69658353,-104.8917199,1/27/2021 9:29,9:29,3,0,0,E MISSISSIPPI AVE & S VALENTIA ST,4,1,0,0,1,1,0,0,35,0,0,0,0,0,4,2,7
,2021-03864,39.69847021,-104.9036971,1/11/2021 12:25,12:25,15,0,0,7300 BLK E LEETSDALE DR & S QUEBEC ST,1,1,0,0,1,4,0,0,30,0,0,0,0,0,4,2,13
,2021-03865,39.72561353,-104.9888699,1/11/2021 12:06,12:06,10,0,0,W 6TH AVE & N ACOMA ST,1,1,0,0,1,1,0,0,30,0,0,0,0,0,4,2,13
,2021-03866,39.78051352,-104.9404899,1/26/2021 18:39,18:39,12,0,0,4500 BLK N COLORADO BLVD & E 40TH AVE,9,3,0,0,1,4,0,0,35,0,0,0,0,0,2,3,8
,2021-03867,39.74011353,-104.9988499,1/10/2021 13:49,13:49,3,0,0,W COLFAX AVE & N SPEER BLVD,1,1,0,0,1,1,0,0,35,0,0,0,0,0,2,2,3
,2021-03868,39.68751354,-104.9687199,1/27/2021 9:10,9:10,5,0,0,I-25 SB OFF RAMP TO UNIVERSITY & S FRANKLIN ST,7,1,0,0,2,8,0,0,50,0,0,0,0,0,1,1,13
,2021-03869,39.67211354,-104.9593799,1/10/2021 11:10,11:10,11,0,1,UNIVERSITY BLVD 2400 BLK S & E WESLEY AVE,11,1,0,2,1,4,0,0,0,0,1,0,0,3,4,1,16
,2021-03870,39.71133253,-104.9350984,1/27/2021 8:39,8:39,12,0,0,E ALAMEDA AVE & S CLERMONT ST,4,1,1,0,1,1,0,0,30,0,0,0,0,0,4,2,14
,2021-03872,39.81940044,-104.9828907,1/27/2021 17:02,17:02,12,0,3,I-25 & I-70,2,2,1,0,1,4,0,0,55,0,0,0,0,1,1,5,3
,2021-03873,39.78317311,-104.9005972,1/12/2021 7:05,7:05,12,0,0,I-70 WB OFF RAMP & N NORTHFIELD QUEBEC ST NB,1,2,1,0,1,1,0,1,35,0,0,0,0,0,2,2,8