id,drcog_id,latitude,longitude,crashtime,time,crashtype,numbkilled,numbinjurd,drcoglocat,rdconditin,lightngcon,roadcntgrd,weatherco,location,roaddescrp,schoolzone,constrzone,splimit,bikeinv,pedinv,sctrinv,motoinv,svrty,rdsystem,ttlvehcls,hcf
,2021-03874,39.72921353,-104.9394499,1/11/2021 14:30,14:30,3,0,0,N ALBION ST & E 8TH AVE,1,1,0,0,1,1,0,0,25,0,0,0,0,0,4,2,3
,2021-03875,39.69669854,-104.9918704,1/27/2021 9:00,9:00,1,0,0,W MISSISSIPPI AVE & S SANTA FE DR,11,1,0,0,1,1,0,0,30,0,0,0,0,0,2,2,13
,2021-03876,39.75471702,-104.8522894,1/27/2021 9:00,9:00,6,0,0,N NEWARK CT & E 26TH AVE,9,1,0,0,1,4,0,0,25,0,0,0,0,0,4,2,13
,2021-03877,39.72195353,-104.9740499,1/12/2021 14:23,14:23,11,0,0,N CORONA ST & E 4TH AVE,1,1,1,0,1,1,0,0,25,0,1,0,0,1,4,1,13
,2021-03878,39.84979749,-104.6738195,1/12/2021 8:35,8:35,1,0,0,PENA BLVD INBOUND & E GVR BLVD,1,1,0,0,1,1,0,0,45,0,0,0,0,0,4,2,13
,2021-03880,39.71117353,-104.9352399,1/27/2021 9:00,9:00,15,0,0,4500 BLK E ALAMEDA AVE & S CLERMONT ST,4,1,1,0,1,4,0,0,35,0,0,0,0,0,4,2,1
,2021-03881,39.75107352,-104.9128399,1/11/2021 10:45,10:45,12,0,0,E 23RD AVE & N MONACO ST,1,1,0,0,1,1,0,0,30,0,0,0,0,0,4,2,13
,2021-03882,39.79727351,-104.76348,1/11/2021 8:45,8:45,12,0,0,5500 BLK N DANUBE ST & ROBINS DR,9,1,0,0,1,2,0,0,15,0,0,0,0,0,4,2,14
,2021-03884,39.77393271,-104.8657399,1/12/2021 8:40,8:40,15,0,0,I-70 & HAVANA ST,1,1,0,0,1,4,0,0,55,0,0,0,0,0,1,2,13
,2021-03885,39.70201354,-105.0451799,1/14/2021 22:05,22:05,6,0,0,4410 MORRISON RD & W OHIO AVE,1,3,0,0,1,3,0,0,25,0,0,0,0,0,4,3,16
,2021-03886,39.71780353,-104.9407774,1/11/2021 7:45,7:45,12,0,0,E 1ST AVE & N COLORADO BLVD,1,1,1,0,1,1,0,0,35,0,0,0,0,0,2,2,13
,2021-03887,39.67663354,-104.9255099,1/23/2021 0:50,0:50,15,0,0,5200 BLK E WARREN AVE & S GRAPE ST,1,4,0,0,1,2,0,0,25,0,0,0,0,1,4,3,1
,2021-03888,39.77829352,-104.9034199,1/8/2021 18:48,18:48,15,0,0,I-70 & N NORTHFIELD QUEBEC ST,1,3,0,0,1,4,0,0,55,0,0,0,0,0,1,2,13
,2021-03889,39.75966353,-105.0017699,1/27/2021 8:41,8:41,5,0,0,20TH ST & LITTLE RAVEN ST,9,1,1,0,3,1,0,0,35,0,0,0,0,1,4,1,1
,2021-03890,39.75184352,-104.8899099,1/27/2021 8:58,8:58,12,0,0,N CENTRAL PARK BLVD & W WABASH ST,4,1,0,0,1,3,0,0,30,0,0,0,0,0,4,2,13
,2021-03891,39.74378352,-104.9034499,1/27/2021 9:12,9:12,3,0,0,E 17TH AVE & N QUEBEC ST,4,1,0,0,1,5,0,0,15,0,0,0,0,0,4,2,1
,2021-03892,39.78367353,-105.0532299,1/27/2021 9:09,9:09,5,0,0,I-70 & N SHERIDAN BLVD,12,1,0,2,3,4,0,0,65,0,0,0,0,0,1,2,14
,2021-03895,39.68472354,-104.9594399,1/27/2021 9:07,9:07,15,0,0,I-25 & S UNIVERSITY BLVD,7,1,0,0,1,4,0,0,60,0,0,0,0,0,1,2,3
,2021-03897,39.7550058,-104.9916188,1/11/2021 14:19,14:19,3,0,0,MARKET ST & 16TH ST,1,1,0,0,1,1,0,0,30,0,0,0,0,1,4,2,8
,2021-03899,39.77713352,-104.8829699,1/26/2021 20:16,20:16,15,0,0,I-70 & N CENTRAL PARK BLVD,10,3,0,2,1,4,0,0,55,0,0,0,0,0,1,2,14
,2021-03900,39.73042353,-104.9775799,1/10/2021 9:06,9:06,9,0,0,E 9TH AVE & N CLARKSON ST,4,1,0,0,2,1,0,0,25,0,0,0,0,0,4,2,16
,2021-03901,39.75966353,-105.0017699,1/12/2021 10:00,10:00,15,0,0,20TH ST & LITTLE RAVEN  ST,1,1,1,0,1,1,0,0,35,0,0,0,0,0,4,2,13
,2021-03902,39.73685353,-104.9752799,1/11/2021 12:10,12:10,3,0,0,E 13TH AVE & N OGDEN ST,1,1,0,0,1,1,0,0,30,0,0,0,0,0,4,2,13
,2021-03903,39.62992355,-105.0871399,1/11/2021 10:02,10:02,15,0,0,W LAYTON AVE & S WADSWORTH BLVD,1,1,0,0,1,1,0,0,25,0,0,0,0,0,2,2,15
,2021-03904,39.69858847,-104.9129089,1/27/2021 10:15,10:15,12,0,0,200 BLK S MONACO ST PKWY & E ALAMEDA AVE,7,1,1,0,1,3,0,0,35,0,0,0,0,0,4,2,13
,2021-03907,39.73467353,-104.9400799,1/11/2021 15:40,15:40,15,0,0,12TH AVE & 4000 BLK E,1,1,0,0,1,4,0,0,25,0,0,0,0,0,4,2,2
,2021-03909,39.74374353,-104.9406399,1/11/2021 17:30,17:30,12,0,0,E 17TH AVE & N COLORADO BLVD,1,1,0,0,1,3,0,0,25,0,0,0,0,0,4,2,3
,2021-03910,39.74014353,-104.9234199,1/11/2021 16:30,16:30,10,0,0,E COLFAX AVE & N HUDSON ST,1,1,0,0,1,3,0,0,25,0,0,0,0,0,2,2,3
,2021-03911,39.69782353,-104.9015999,1/11/2021 15:50,15:50,15,0,0,1000 BLK S PARKER RD & S QUEBEC ST,1,1,0,0,1,1,0,0,30,0,0,0,0,1,2,2,13
,2021-03912,39.66757354,-104.9206799,1/11/2021 18:40,18:40,3,0,0,E YALE AVE & S HOLLY ST,1,3,0,0,1,1,0,0,25,0,0,0,0,0,4,2,4
,2021-03913,39.75709353,-104.9906999,1/12/2021 11:00,11:00,3,0,0,PARK AVE W & BLAKE ST,1,1,0,0,1,1,0,0,30,0,0,0,0,0,4,2,14
,2021-03915,39.74000353,-104.9758499,1/12/2021 2:06,2:06,5,0,1,900 BLK E COLFAX AVE & N EMERSON ST (NEAR ALLEY),1,3,0,0,2,4,0,0,35,0,0,0,0,2,1,1,14
,2021-03916,39.78008352,-104.9406599,1/12/2021 5:55,5:55,15,0,0,N COLORADO BLVD & I-70 WB OFF RAMP,1,2,0,0,1,1,0,0,25,0,0,0,0,0,2,2,13
,2021-03918,39.62413354,-104.88971,1/12/2021 10:21,10:21,3,0,0,8400 BLK E BELLEVIEW AVE & S DTC BLVD,1,1,0,0,1,2,0,0,35,0,0,0,0,1,4,2,13
,2021-03919,39.68485354,-104.9594399,1/11/2021 11:14,11:14,15,0,0,I-25 NB ON RAMP & S UNIVERSITY BLVD,1,1,0,0,1,8,0,0,30,0,0,0,0,0,4,2,13
,2021-03920,39.67730354,-105.0532599,1/11/2021 15:05,15:05,12,0,0,2100 BLK S SHERIDAN BLVD & W EVANS AVE,1,1,0,0,1,4,0,0,35,0,0,0,0,0,2,2,13
,2021-03921,39.73203353,-104.9775799,1/11/2021 21:07,21:07,6,0,0,E 10TH AVE & N CLARKSON ST,1,3,1,0,1,1,0,0,35,0,0,0,0,0,4,2,14
,2021-03922,39.83252648,-104.6792915,1/12/2021 8:12,8:12,3,0,0,E 76TH AVE & PATSBURG ST,1,1,0,0,1,1,0,0,45,0,0,0,0,1,4,2,13
,2021-03923,39.77957952,-104.8471054,1/12/2021 14:35,14:35,10,0,0,E 46TH AVE & N PEORIA ST,1,1,0,0,1,2,0,0,25,0,0,0,0,0,4,2,1
,2021-03924,39.77314352,-104.8470199,1/12/2021 12:19,12:19,12,0,0,4000 BLK N PEORIA ST & E 39TH AVE,1,1,0,0,1,4,0,0,40,0,0,0,0,0,4,2,13
,2021-03925,39.63531354,-104.9035899,1/12/2021 11:47,11:47,12,0,0,I-225 & I-25,1,1,0,0,1,4,0,0,55,0,0,0,0,0,1,2,13
,2021-03926,39.78525352,-104.8824899,1/12/2021 7:45,7:45,12,0,0,E NORTHFIELD BLVD & N CENTRAL PARK BLVD,1,1,0,0,1,3,0,0,40,0,0,0,0,0,4,2,13
,2021-03927,39.77798351,-104.77206,1/12/2021 12:05,12:05,1,0,0,N TOWER RD & E 45TH AVE,1,1,0,0,1,1,0,0,40,0,0,0,0,1,4,2,7
,2021-03932,39.74182353,-104.9757599,1/5/2021 13:50,13:50,14,0,0,1600 BLK N EMERSON ST & E 16TH AVE,1,1,0,0,1,4,0,0,30,0,0,0,0,0,4,2,13
,2021-03935,39.63480355,-105.0815099,1/8/2021 11:16,11:16,15,0,0,WADSWORTH BLVD & 4500 BLOCK S,1,1,0,0,1,4,0,0,40,0,0,0,0,0,2,2,3
,2021-03965,39.70042354,-105.0532399,1/12/2021 18:46,18:46,14,0,1,S SHERIDAN BLVD & W KENTUCKY AVE,1,2,1,0,1,4,0,0,35,0,0,0,0,2,2,2,3
,2021-03969,39.73842353,-104.9873999,1/12/2021 20:20,20:20,15,0,0,N BROADWAY ST & E 14TH AVE,1,1,0,0,1,1,0,0,,0,0,0,0,0,4,2,1
,2021-03978,39.66762354,-104.9128699,1/13/2021 11:46,11:46,15,0,0,E YALE AVE & S MONACO ST,1,1,0,0,1,3,0,0,35,0,0,0,0,0,4,2,13
,2021-03979,39.68574354,-104.9734099,1/13/2021 9:35,9:35,3,0,0,E MEXICO AVE & S DOWNING ST,1,1,0,0,1,1,0,0,25,0,0,0,0,0,4,2,13
,2021-03980,39.74043353,-105.0139599,1/12/2021 18:03,18:03,12,0,1,I-25 & W COLFAX AVE,1,3,0,0,1,4,0,0,65,0,0,0,0,1,1,2,3
,2021-03981,39.62378354,-104.9016999,1/13/2021 14:38,14:38,15,0,0,I-25 & E BELLEVIEW AVE,1,1,0,0,1,4,0,0,65,0,0,0,0,0,1,2,3
,2021-03984,39.72553353,-105.0131199,1/12/2021 19:20,19:20,15,0,0,I-25 & W 6TH AVE NB EXIT GORE PT,1,3,0,0,1,4,0,0,65,0,0,0,0,0,1,2,3
,2021-03986,39.67846454,-104.9315884,1/12/2021 15:15,15:15,6,0,0,S DAHLIA ST & E EVANS AVE,1,1,3,0,1,1,0,0,30,0,0,0,0,0,4,2,1
,2021-03987,39.77957952,-104.8471054,2/5/2021 11:42,11:42,1,0,0,N PEORIA ST & E 46TH AVE,1,1,0,0,1,1,0,0,35,0,0,0,0,0,4,2,13
,2021-03988,39.74018653,-104.9034634,1/31/2021 9:05,9:05,3,0,0,N QUEBEC ST & E COLFAX AVE,1,1,0,0,1,3,0,0,30,0,0,0,0,0,2,2,16
,2021-03989,39.78422353,-105.0251799,2/7/2021 17:53,17:53,1,0,0,N FEDERAL BLVD & I-70 EB ON RAMP,1,2,0,0,1,1,0,0,35,0,0,0,0,0,2,2,13
,2021-03990,39.75993353,-104.9491199,2/6/2021 17:25,17:25,6,0,0,3045 N ADAMS ST & 3045 BLK N,1,2,0,0,1,2,0,0,25,0,0,0,0,0,4,2,16
,2021-03991,39.70665354,-104.9965899,1/12/2021 17:21,17:21,12,0,0,I-25 NB OFF RAMP & S SANTA FE DR,1,3,0,0,1,8,0,0,65,0,0,0,0,0,1,2,13
,2021-03992,39.72566353,-104.9928099,1/15/2021 9:05,9:05,10,0,0,W 6TH AVE & N DELAWARE ST,1,1,0,0,1,1,0,0,30,0,0,0,0,0,4,2,13
,2021-03993,39.70642354,-104.9967799,1/13/2021 12:49,12:49,15,0,0,I-25 & S SANTA FE DR,1,1,1,0,1,4,0,0,65,0,0,0,0,0,1,2,1
,2021-03999,39.74327353,-104.9860999,2/6/2021 4:55,4:55,8,0,0,E 17TH AVE & N LINCOLN ST,1,3,0,0,1,1,0,0,35,0,0,0,0,0,4,2,13
,2021-04000,39.78377352,-104.9405099,1/12/2021 17:51,17:51,1,0,0,N COLORADO BLVD & E 48TH AVE,1,3,0,0,1,1,0,0,40,0,0,0,0,0,2,3,13
,2021-04001,39.65316355,-105.0520899,1/12/2021 11:10,11:10,6,0,1,W HAMPDEN AVE & S SHERIDAN BLVD,1,1,1,0,3,4,0,0,65,0,0,0,0,3,2,2,3
,2021-04002,39.74273353,-105.0291499,1/13/2021 12:27,12:27,15,0,0,3200 BLK W 16TH AVE & N IRVING ST,1,1,1,0,1,4,0,0,30,0,0,0,0,0,4,2,13
,2021-04003,39.71624353,-104.9498399,1/12/2021 15:00,15:00,12,0,0,N STEELE ST & E ELLSWORTH AVE,1,1,0,0,1,3,0,0,25,0,0,0,0,0,4,2,3
,2021-04006,39.78133352,-104.9405699,1/12/2021 12:32,12:32,15,0,0,4600 BLK N COLORADO BLVD & I-70 EB RAMP,1,1,0,0,1,3,0,0,40,0,0,0,0,0,2,2,14
,2021-04009,39.71624353,-104.9498399,1/12/2021 16:00,16:00,15,0,0,N STEELE ST & E ELLSWORTH AVE,1,1,0,0,1,3,0,0,25,0,0,0,0,0,4,2,3
,2021-04012,39.75131353,-105.0165199,1/13/2021 13:01,13:01,12,0,2,I-25 & W 23RD AVE,1,1,0,0,1,4,0,0,55,0,0,0,0,1,1,2,13
,2021-04013,39.73972353,-104.9684499,1/13/2021 10:29,10:29,11,0,0,FRANKLIN ST & 1500 BLK N,1,1,0,0,1,4,0,0,25,0,1,0,0,1,4,1,14
,2021-04014,39.72551353,-105.0133499,1/12/2021 17:02,17:02,12,0,0,I-25 & W 6TH AVE,1,4,0,0,1,4,0,0,65,0,0,0,0,0,1,2,3
,2021-04019,39.67845353,-104.9127999,1/12/2021 18:00,18:00,12,0,0,E EVANS AVE & S MONACO ST,1,1,0,0,1,3,0,0,30,0,0,0,0,1,4,2,3
,2021-04020,39.75512353,-105.0127099,1/13/2021 13:20,13:20,12,0,0,I-25 & N SPEER BLVD,1,1,0,0,1,4,0,0,65,0,0,0,0,0,1,2,1
,2021-04021,39.77619452,-104.8827089,1/14/2021 5:55,5:55,1,0,2,I-70 WB ON RAMP & N CENTRAL PARK BLVD,1,3,1,0,1,1,0,0,35,0,0,0,0,1,4,2,13
,2021-04023,39.75462701,-104.909341,2/5/2021 8:51,8:51,15,0,0,6700 BLK E RICHTHOFER PKWY & NEWPORT ST,1,1,0,0,1,4,0,0,20,0,0,0,0,0,4,2,13
,2021-04024,39.71858354,-105.0038599,1/12/2021 15:37,15:37,12,0,0,90 BLK N RIO GRANDE BLVD & W ELLSWORTH AVE,1,1,0,0,1,2,0,0,25,0,0,0,0,1,4,2,14
,2021-04025,39.72553353,-105.0131199,1/13/2021 18:05,18:05,12,0,0,I-25 & W 6TH AVE,1,3,0,0,1,4,0,0,65,0,0,0,0,0,1,2,3
,2021-04026,39.67660354,-104.9508199,1/12/2021 14:03,14:03,5,0,0,S ST PAUL ST & E WARREN AVE,1,1,0,0,3,3,0,0,25,0,0,0,0,0,4,1,3
,2021-04027,39.77727352,-104.8827699,1/13/2021 6:45,6:45,12,0,0,I-70 & N CENTRAL PARK BLVD,1,3,0,0,1,4,0,0,65,0,0,0,0,0,1,2,13
,2021-04028,39.78317311,-104.9005972,1/14/2021 16:51,16:51,12,0,0,I-270 WB & N NORTHFIELD QUEBEC ST,1,2,0,0,1,4,0,0,55,0,0,0,0,0,1,2,3
,2021-04029,39.63129354,-104.89233,1/13/2021 17:29,17:29,1,0,0,S DTC BLVD & E UNION AVE,1,3,0,0,1,1,0,0,30,0,0,0,0,0,4,2,7
,2021-04030,39.76911353,-104.9952899,1/13/2021 12:15,12:15,12,0,0,N FOX ST & W 36TH AVE,1,1,0,0,1,1,0,0,30,0,0,0,0,0,4,2,13
,2021-04031,39.65050355,-105.0530099,1/14/2021 12:50,12:50,1,0,0,S SHERIDAN BLVD & W KENYON AVE,1,1,1,0,1,1,0,0,30,0,0,0,0,0,2,2,13
,2021-04032,39.86662778,-104.6717006,1/12/2021 22:25,22:25,15,0,0,6000 BLK PENA BLVD & 600 BLK,1,3,0,0,1,4,0,0,35,0,0,0,0,0,4,2,13
,2021-04033,39.74765353,-105.0024799,1/24/2021 17:11,17:11,15,0,0,N SPEER BLVD & AURARIA PKWY,1,1,0,0,1,1,0,0,35,0,0,0,0,0,4,2,8
,2021-04034,39.78026353,-104.9895499,1/14/2021 7:38,7:38,12,0,1,I-25 & I-70,1,1,0,0,1,4,0,0,55,0,0,0,0,1,1,2,7
,2021-04035,39.73920353,-104.9406499,2/5/2021 16:05,16:05,12,0,0,COLORADO BLVD & 1400 BLK N,1,1,0,0,1,3,0,0,35,0,0,0,0,0,2,2,3
,2021-04036,39.66748354,-104.9254699,2/6/2021 23:28,23:28,5,0,0,E YALE AVE & I-25 SB OFF RAMP,1,3,0,0,3,1,0,0,30,0,0,0,0,0,4,1,13
,2021-04037,39.65350353,-104.8684,2/6/2021 2:34,2:34,5,0,0,E HAMPDEN AVE & S GALENA ST,1,4,0,0,3,4,0,0,45,0,0,0,0,1,2,1,5
,2021-04038,39.76738452,-104.9025184,1/13/2021 19:06,19:06,5,0,0,N QUEBEC ST & E 36TH AVE,1,3,0,0,3,4,0,0,40,0,0,0,0,0,4,1,16
,2021-04039,39.76557352,-104.9055099,1/12/2021 9:35,9:35,12,0,0,7100 BLK E 35TH AVE & N POPLAR ST,1,1,0,0,1,3,0,0,25,0,0,0,0,0,4,2,3
,2021-04040,39.78328352,-104.9007799,2/2/2021 6:40,6:40,15,0,0,I-270 EB & N NORTHFIELD QUEBEC ST,1,2,0,0,1,4,0,0,65,0,0,0,0,0,1,2,14
,2021-04041,39.78616652,-104.9006869,1/14/2021 9:25,9:25,12,0,0,I-270 WB/NB ON RAMP & NORTHFIELD QUEBEC ST,1,1,1,0,1,8,0,0,35,0,0,0,0,0,1,2,13
,2021-04042,39.76115353,-105.0047499,1/13/2021 7:25,7:25,15,0,0,I-25 & 20TH ST,1,1,0,0,1,4,0,0,55,0,0,0,0,0,1,2,16
,2021-04043,39.79254351,-104.77207,1/27/2021 19:54,19:54,12,0,0,5400 BLK N TOWER RD & 54TH AVE,1,3,0,0,1,4,0,0,45,0,0,0,0,1,4,2,1
,2021-04044,39.77796351,-104.769,1/13/2021 12:25,12:25,3,0,0,E 45TH AVE & N ARGONNE ST,1,1,0,0,1,1,0,0,30,0,0,0,0,0,4,2,13
,2021-04045,39.79830351,-104.80959,2/7/2021 18:30,18:30,12,0,0,E 56TH AVE & N CHAMBERS RD,1,3,0,0,1,4,0,0,40,0,0,0,0,0,4,2,13
,2021-04046,39.78387353,-105.0439299,1/13/2021 16:24,16:24,12,0,0,W 48TH AVE & N TENNYSON ST,1,2,0,6,1,3,0,0,25,0,0,0,0,0,4,2,8
,2021-04047,39.79845351,-104.8660499,1/11/2021 16:16,16:16,15,0,0,E 56TH AVE & N HAVANA ST,1,1,0,0,1,4,0,0,40,0,0,0,0,0,4,2,14
,2021-04048,39.78212353,-105.0252299,1/13/2021 16:15,16:15,12,0,0,FEDERAL BLVD & 4600 BLK N,1,2,0,0,1,4,0,1,35,0,0,0,0,1,2,2,1
,2021-04049,39.68999354,-104.9734099,2/6/2021 22:40,22:40,15,0,0,I-25 & S DOWNING ST,1,3,0,0,1,4,0,0,65,0,0,0,0,0,1,2,13
,2021-04050,39.75184352,-104.8899099,1/27/2021 8:15,8:15,12,0,0,N CENTRAL PARK BLVD & N WABASH ST,4,1,0,0,1,3,0,0,30,0,0,0,0,0,4,2,13
,2021-04051,39.75252353,-104.9896199,1/14/2021 0:16,0:16,12,0,0,21ST & ARAPAHOE ST,1,3,0,0,1,1,0,0,30,0,0,0,0,0,4,2,13
,2021-04052,39.77582352,-104.8657299,1/13/2021 17:13,17:13,15,0,0,I-70 & N HAVANA ST,1,3,0,0,1,4,0,1,65,0,0,0,0,0,1,1,1
,2021-04053,39.77827352,-104.9128699,1/14/2021 14:52,14:52,12,0,0,I-70 & N MONACO ST,1,1,0,0,1,4,0,0,65,0,0,0,0,0,1,2,13
,2021-04054,39.67664353,-104.9035799,1/14/2021 6:00,6:00,12,0,0,E EVANS AVE & S QUEBEC ST,1,2,0,0,1,4,0,0,40,0,0,0,0,0,4,2,13
,2021-04055,39.68293354,-104.9405399,1/13/2021 10:43,10:43,15,0,0,S COLORADO BLVD & I-25 SB ON LOOP RAMP,1,1,1,0,1,8,0,0,35,0,0,0,0,0,2,2,13
,2021-04056,39.71134153,-104.9035399,1/13/2021 15:30,15:30,15,0,0,E ALAMDEDA AVE & S QUEBEC ST,1,1,0,0,1,3,0,0,35,0,0,0,0,0,4,2,8
,2021-04057,39.67843184,-104.9333007,1/30/2021 23:57,23:57,5,0,0,E EVANS AVE & I-25 NB ON RAMP,1,3,0,0,3,1,0,0,35,0,0,0,0,0,4,1,14
,2021-04058,39.71337354,-105.0324499,1/12/2021 23:41,23:41,6,0,0,S KNOX CT & W CEDAR AVE,1,3,1,0,1,4,0,0,35,0,0,0,0,1,4,2,5
,2021-04059,39.78020353,-104.9891799,1/14/2021 15:53,15:53,12,0,0,I-70 WB OFF RAMP & I-25,1,1,1,0,1,8,0,0,55,0,0,0,0,0,1,2,13
,2021-04060,39.77727352,-104.8827699,1/13/2021 6:40,6:40,15,0,0,I-70 & N CENTRAL PARK BLVD,1,3,0,0,1,4,0,0,55,0,0,0,0,0,1,2,13
,2021-04061,39.69661353,-104.9218799,1/13/2021 14:20,14:20,8,0,0,E CHERRY CREEK N DR & S HOLLY ST,1,1,0,0,1,3,0,0,25,0,0,0,0,0,4,2,2
,2021-04062,39.75133353,-104.9929199,2/6/2021 23:34,23:34,12,0,0,19TH ST & LAWRENCE ST,1,3,0,0,1,1,0,0,35,0,0,0,0,0,4,2,3
,2021-04063,39.76866353,-105.0111899,1/13/2021 20:35,20:35,6,0,0,3700 BLK N TEJON ST & W 38TH AVE,1,3,0,0,1,4,0,0,30,0,0,0,0,0,4,2,5
,2021-04064,39.71576354,-105.0286899,1/10/2021 23:14,23:14,6,0,0,0 BLOCK S HOOKER ST & W ELLSWORTH AVE,1,4,0,0,1,4,0,0,25,0,0,0,0,0,4,2,5
,2021-04065,39.77727352,-104.8827699,1/13/2021 15:22,15:22,15,0,0,I-70 & CENTERAL PARK BLVD,1,1,0,0,1,4,0,0,55,0,0,0,0,0,1,2,13
,2021-04066,39.77120353,-104.9645099,1/5/2021 5:42,5:42,6,0,0,HIGH ST & 3862 N,1,3,0,0,5,5,0,0,15,0,0,0,0,0,3,1,16
,2021-04067,39.67977354,-105.0426999,2/7/2021 0:10,0:10,6,0,0,4200 BLK W EVANS AVE & S STUART ST,1,3,0,0,1,4,0,0,30,0,0,0,0,1,4,2,5
,2021-04068,39.78143351,-104.7424,2/2/2021 19:12,19:12,12,0,0,4800 BLK N MALAYA ST & E GVR BLVD,1,3,0,0,1,3,0,0,25,0,0,0,0,0,4,2,3
,2021-04069,39.68938354,-104.9921499,1/13/2021 19:09,19:09,15,0,0,SANTA FE DR & 1500 BLK S,1,3,0,0,1,4,0,0,45,0,0,0,0,0,2,2,7
,2021-04070,39.8373635,-104.71321,1/13/2021 12:07,12:07,12,0,0,23520 E 78TH AVE & 23520 BLK E,1,1,0,0,1,4,0,0,,0,0,0,0,0,4,2,7
,2021-04071,39.74002353,-104.9714199,1/13/2021 21:55,21:55,8,0,0,1200 BLK E COLFAX AVE & N DOWNING ST,1,3,0,0,1,3,0,0,,0,0,0,0,0,2,2,16
,2021-04072,39.74489353,-104.9860834,1/12/2021 21:30,21:30,3,0,1,E 18TH AVE & N LINCOLN ST,1,3,0,0,1,1,0,0,30,0,0,0,0,2,4,2,3
,2021-04073,39.78013352,-104.9670799,1/13/2021 15:31,15:31,15,0,0,I-70 & N BRIGHTON BLVD,1,1,0,0,1,4,0,0,65,0,0,0,0,0,4,2,3
,2021-04074,39.73998353,-104.9597699,1/13/2021 19:00,19:00,6,0,0,N YORK ST & E COLFAX AVE,1,3,0,0,1,4,0,0,30,0,0,0,0,0,4,2,8
,2021-04075,39.72562353,-104.9848699,1/14/2021 7:39,7:39,15,0,0,E 6TH AVE & N SHERMAN ST,1,1,0,0,1,1,0,0,35,0,0,0,0,0,4,2,13
,2021-04076,39.70432354,-105.0475199,1/14/2021 17:51,17:51,6,0,0,4600 BLK W EXPOSITION AVE & S WOLFF ST,1,3,1,0,1,4,0,0,25,0,0,0,0,0,4,2,16
,2021-04077,39.77598353,-104.9767299,1/14/2021 17:00,17:00,5,0,0,3800 BLK ARKINS CT & E 38TH AVE,1,1,0,0,1,4,0,0,35,0,0,0,0,0,4,1,13
,2021-04078,39.69658354,-105.0440499,1/28/2021 22:45,22:45,5,0,0,TENNYSON ST & 1101 S,2,3,0,0,5,4,0,0,25,0,0,0,0,0,3,1,5
,2021-04079,39.70209353,-104.9034999,1/15/2021 16:10,16:10,12,0,0,800 BLK S QUEBEC ST & LEETSDALE DR,1,1,0,0,1,4,0,0,35,0,0,0,0,0,4,2,3
,2021-04080,39.78631351,-104.8470399,1/15/2021 12:25,12:25,10,0,0,N PEORIA ST & E 49TH AVE,1,1,0,0,1,1,0,0,35,0,0,0,0,0,4,2,13
,2021-04081,39.67885354,-105.0437499,1/14/2021 8:00,8:00,12,0,0,2100 BLK S TENNYSON WAY & W EVANS AVE,1,1,0,0,1,4,0,0,25,0,0,0,0,1,4,2,14
,2021-04084,39.63277355,-105.0952299,1/14/2021 9:23,9:23,12,0,0,4600 BLK S DUDLEY ST & W UNION AVE,1,1,0,0,1,2,0,0,,0,0,0,0,0,4,2,13
,2021-04085,39.78364751,-104.809787,1/16/2021 13:36,13:36,3,0,0,E GATEWAY AVE & N CHAMBERS RD,1,1,0,0,1,1,0,0,25,0,0,0,0,0,4,2,7
,2021-04086,39.69627354,-104.9920699,1/14/2021 13:55,13:55,12,0,0,SANTA FE DR & 1100 BLK S,1,1,0,0,1,4,0,0,35,0,0,0,0,0,2,2,14
,2021-04087,39.71133354,-105.0532399,1/14/2021 22:30,22:30,1,0,0,S SHERIDAN BLVD & W ALAMEDA AVE,1,3,0,0,1,1,0,0,35,0,0,0,0,0,2,2,1
,2021-04089,39.74831353,-105.0251499,1/15/2021 15:32,15:32,15,0,0,FEDERAL BLVD & 2000 BLK N,1,1,0,0,1,3,0,0,35,0,0,0,0,0,2,2,1
,2021-04090,39.77107452,-104.8464169,1/14/2021 13:45,13:45,15,0,0,N PEORIA ST & E 39TH AVE,1,1,0,0,1,3,0,0,35,0,0,0,0,0,4,2,8
,2021-04091,39.72501984,-105.0161616,2/5/2021 23:00,23:00,5,0,0,W 6TH AVE EB OFF RAMP TO & I-25 SB/NB SPLIT PT,1,4,1,0,3,8,0,0,45,0,0,0,0,0,2,1,3
,2021-04093,39.63323354,-104.9063099,1/15/2021 10:43,10:43,12,0,0,I-225 SB & I-25 NB/SB ON RAMP MERGE,1,1,0,0,1,4,0,0,55,0,0,0,0,0,1,2,14
,2021-04094,39.75462353,-104.9769699,1/14/2021 7:40,7:40,12,0,0,26TH AVE & 700 BLK E,1,1,1,0,1,4,0,0,25,0,0,0,0,0,4,2,7
,2021-04095,39.79840751,-104.7872825,1/15/2021 9:37,9:37,5,0,0,PENA BLVD & 56TH AVE,1,1,0,0,3,4,0,0,,0,0,0,0,1,4,1,16
,2021-04096,39.77392352,-104.9028899,1/14/2021 12:47,12:47,12,0,0,QUEBEC ST 4200 BLK N & I-70 EB RAMPS,1,1,0,0,1,4,0,0,35,0,0,0,0,1,2,2,13
,2021-04097,39.65303354,-104.9374299,1/13/2021 15:27,15:27,12,0,0,E HAMPDEN AVE & S BELLAIRE ST,1,1,0,0,1,1,0,0,35,0,0,0,0,0,2,2,14
,2021-04098,39.77420352,-104.8470299,1/14/2021 8:10,8:10,12,0,1,I-70 & N PEORIA ST,1,1,0,0,1,4,0,0,55,0,0,0,0,1,1,2,13