id,drcog_id,latitude,longitude,crashtime,time,crashtype,numbkilled,numbinjurd,drcoglocat,rdconditin,lightngcon,roadcntgrd,weatherco,location,roaddescrp,schoolzone,constrzone,splimit,bikeinv,pedinv,sctrinv,motoinv,svrty,rdsystem,ttlvehcls,hcf
,2021-04099,39.61440356,-105.0912899,1/14/2021 12:37,12:37,3,0,0,S WADSWORTH BLVD & W LONG DR,1,1,0,0,1,1,0,0,40,0,0,0,0,0,2,2,3
,2021-04100,39.70126354,-104.9874499,1/15/2021 11:59,11:59,3,0,0,I-25 SB OFF RAMP & 800 BLK S BROADWAY ST,1,1,0,0,1,1,0,0,30,0,0,0,0,0,1,2,13
,2021-04101,39.68923354,-105.0245499,1/3/2021 10:29,10:29,15,0,0,FEDERAL BLVD & 1500 BLOCK S,1,1,1,0,1,4,0,0,35,0,0,0,0,0,2,2,5
,2021-04102,39.71120354,-104.9991199,1/14/2021 17:51,17:51,12,0,1,I-25 & W ALAMEDA AVE,1,4,0,0,1,4,0,0,65,0,0,0,0,1,1,2,8
,2021-04103,39.79840751,-104.7872825,1/15/2021 8:35,8:35,12,0,0,E 56TH AVE & PENA BLVD INBOUND,1,1,0,0,1,8,0,0,35,0,0,0,0,1,4,2,13
,2021-04104,39.9428395,-105.0049339,1/11/2021 20:19,20:19,6,0,0,N NAVAJO ST & W 36TH AVE,1,3,0,0,1,4,0,0,25,0,0,0,0,0,4,2,16
,2021-04105,39.71148353,-104.9449699,1/14/2021 16:53,16:53,2,0,0,E ALAMEDA AVE & S MONROE ST,1,2,0,0,1,1,0,0,0,1,0,0,0,1,4,2,16
,2021-04106,39.74273353,-105.0299399,1/15/2021 14:20,14:20,3,0,0,N IRVING ST & W 16TH AVE,1,1,0,0,1,1,0,0,30,0,0,0,0,1,4,2,7
,2021-04107,39.71054354,-105.0460799,1/16/2021 12:11,12:11,6,0,0,W NEVADA PL & S UTICA ST,1,1,1,0,1,4,0,0,,0,0,0,0,0,4,2,16
,2021-04108,39.75098353,-104.9864099,1/15/2021 10:51,10:51,15,0,0,2100 BLK STOUT ST & 22ND ST,1,1,0,0,1,4,0,0,30,0,0,0,0,0,4,2,13
,2021-04109,39.70039754,-105.0250714,1/15/2021 9:47,9:47,3,0,0,W KENTUCKY AVE & S FEDERAL BLVD,1,1,0,0,1,1,0,0,35,0,0,0,0,0,2,2,13
,2021-04110,39.72553353,-105.0131199,1/15/2021 18:45,18:45,12,0,0,I-25 NB OFF RAMP & W 6TH AVE,1,3,0,0,1,8,0,0,55,0,0,0,0,0,1,2,13
,2021-04111,39.71382099,-104.9407909,1/14/2021 11:39,11:39,12,0,0,CHERRY CREEK DR N & S COLORADO BLVD,1,1,0,0,1,1,0,0,30,0,0,0,0,0,4,2,13
,2021-04112,39.75838352,-104.9005299,1/15/2021 11:12,11:12,15,0,0,N ROSLYN ST & E 29TH PL,1,1,0,0,1,4,0,0,25,0,0,0,0,0,4,2,13
,2021-04113,39.72558354,-105.0394499,1/15/2021 13:14,13:14,3,0,0,N PERRY ST & W 6TH AVE,1,1,0,0,1,1,0,0,25,0,0,0,0,1,4,2,1
,2021-04114,39.73286353,-104.8987299,1/14/2021 17:23,17:23,12,0,0,E 11TH AVE & N SYRACUSE ST,1,3,0,0,1,1,0,0,30,0,0,0,0,0,4,2,13
,2021-04115,39.76751353,-105.0509099,1/28/2021 11:17,11:17,5,0,0,W 37TH AVE & N YATES ST,4,1,1,0,1,1,0,0,25,0,0,0,0,0,4,1,16
,2021-04116,39.69656353,-104.9405999,1/14/2021 15:10,15:10,11,0,0,E MISSISSIPPI AVE & S COLORADO BLVD,1,1,1,0,1,1,0,0,35,0,1,0,0,1,2,1,13
,2021-04117,39.75365353,-104.9934099,1/14/2021 15:15,15:15,3,0,0,MARKET ST & 20TH ST,1,1,0,0,1,5,0,0,25,0,0,0,0,0,4,2,8
,2021-04118,39.77994352,-104.9404999,1/15/2021 8:10,8:10,12,0,0,I-70 & N COLORADO BLVD,1,1,0,0,1,4,0,0,55,0,0,0,0,0,1,2,13
,2021-04119,39.74317353,-104.9895699,1/14/2021 17:30,17:30,6,0,0,TREMONT PL & 16TH ST,1,3,0,0,1,4,0,0,25,0,0,0,0,0,4,2,1
,2021-04120,39.74280353,-104.9721199,1/14/2021 18:27,18:27,15,0,0,N MARIONST & PARK AVE,1,3,0,0,1,1,0,0,25,0,0,0,0,0,4,2,13
,2021-04121,39.71476153,-104.9875144,1/14/2021 21:13,21:13,12,0,0,S BROADWAY ST & W BAYAUD AVE,1,3,0,0,1,4,0,0,35,0,0,0,0,0,4,2,13
,2021-04122,39.65715354,-104.8847399,1/14/2021 10:40,10:40,12,0,0,S YOSEMITE ST & E EASTMAN PL,1,1,0,0,1,4,0,0,35,0,0,0,0,0,4,2,13
,2021-04123,39.72908953,-104.9861329,1/14/2021 12:09,12:09,3,0,0,W 8TH AVE & N LINCOLN ST,1,1,0,0,1,1,0,0,30,0,0,0,0,0,4,2,14
,2021-04124,39.70460354,-105.0135499,1/1/2021 0:25,0:25,6,0,0,2200 BLK W GILL PL & S ZUNI ST,1,4,0,0,1,4,0,0,30,0,0,0,0,0,4,2,16
,2021-04125,39.79840751,-104.7872825,1/15/2021 9:20,9:20,12,0,0,WB E 56TH AVE & OB PENA BLVD,1,1,0,0,1,8,0,0,35,0,0,0,0,1,4,2,13
,2021-04126,39.71505353,-104.9406899,1/14/2021 11:29,11:29,15,0,0,LEETSDALE DR & S COLORADO BLVD,1,1,1,0,1,1,0,0,35,0,0,0,0,0,2,2,14
,2021-04128,39.74478353,-104.9891999,1/15/2021 15:17,15:17,3,0,0,17TH ST & GLENARM PL,1,1,0,0,1,1,0,0,30,0,0,0,0,0,4,2,8
,2021-04129,39.67665354,-104.9994499,1/15/2021 16:07,16:07,3,0,0,S JASON ST & W WARREN AVE,1,1,0,0,1,1,0,0,30,0,0,0,0,0,4,2,14
,2021-04130,39.74402353,-104.9671999,1/14/2021 14:15,14:15,6,0,0,1700 BLK N GILPIN ST & E 18TH AVE,1,1,0,0,1,4,0,0,30,0,0,0,0,0,4,2,16
,2021-04131,39.77880352,-104.8470199,2/4/2021 15:21,15:21,15,0,0,4500 BLK N PEORIA ST & E 45TH AVE,1,1,0,0,1,2,0,0,35,0,0,0,0,0,4,2,7
,2021-04132,39.78356653,-105.0066169,1/17/2021 18:33,18:33,3,0,0,N PECOS ST & 48TH AVE,1,3,0,0,1,6,0,0,25,0,0,0,0,0,4,2,7
,2021-04133,39.65304354,-104.87565,1/15/2021 15:59,15:59,12,0,0,E HAMPDEN AVE & S DAYTON ST,1,1,0,0,1,1,0,0,40,0,0,0,0,0,2,2,16
,2021-04134,39.66771354,-105.0250999,1/15/2021 21:43,21:43,3,0,0,S FEDERAL BLVD & W YALE AVE,1,3,0,0,1,1,0,0,40,0,0,0,0,1,2,2,16
,2021-04135,39.70895353,-104.9407299,1/15/2021 16:00,16:00,12,0,0,COLORADO BLVD & 400 BLK S,1,1,0,0,1,4,0,0,35,0,0,0,0,0,2,2,7
,2021-04136,39.68471354,-104.9504599,1/14/2021 17:13,17:13,12,0,0,I-25 & S STEELE ST,1,3,0,0,1,4,0,0,60,0,0,0,0,0,1,2,7
,2021-04137,39.76109673,-105.0037584,1/16/2021 3:12,3:12,5,0,1,I-25 NB ON SLIP RAMP & 20TH ST,1,3,0,0,2,8,0,0,25,0,0,0,0,1,4,1,5
,2021-04138,39.72051354,-105.0133499,1/15/2021 18:29,18:29,12,0,0,W 6TH AVE EB OFF RAMP & I-25 SB/NB RAMP BEGIN,1,3,0,0,1,8,0,0,45,0,0,0,0,0,2,2,16
,2021-04139,39.71655353,-104.9862399,1/15/2021 23:17,23:17,9,0,1,N LINCOLN ST & E ELLSWORTH AVE,1,3,0,0,1,4,0,0,25,0,0,0,1,3,4,1,2
,2021-04140,39.72561553,-104.9407909,1/15/2021 8:56,8:56,1,0,0,N COLORADO BLVD & E 6TH AVE,1,1,0,0,1,1,0,0,35,0,0,0,0,0,2,2,13
,2021-04141,39.71416354,-105.0396799,1/16/2021 2:16,2:16,6,0,1,100 BLK S PERRY ST & W BAYAUD AVE,1,3,1,0,1,4,0,0,25,0,0,0,0,3,4,2,3
,2021-04142,39.68665354,-104.9734099,1/15/2021 19:01,19:01,12,0,0,1600 BLK S DOWNING ST & E IOWA AVE,1,3,0,0,1,4,0,0,30,0,0,0,0,0,4,2,13
,2021-04143,39.76094353,-105.0043199,1/15/2021 23:13,23:13,3,0,0,20TH ST & I-25 NB EXIT RAMP,1,3,1,0,1,1,0,0,25,0,0,0,0,0,4,2,7
,2021-04144,39.63720354,-104.89016,1/17/2021 20:50,20:50,5,0,1,I-225 & TAMARAC ST S,1,4,0,0,3,4,0,0,65,0,0,0,0,2,1,1,16
,2021-04145,39.77507352,-104.9033599,1/15/2021 16:51,16:51,9,0,0,N QUEBEC ST & I-70 EB RAMPS,1,1,0,0,1,4,0,0,35,0,0,0,0,0,4,2,13
,2021-04146,39.71117354,-104.9899799,1/15/2021 16:38,16:38,2,0,0,300 BLK S BANNOCK ST & E ALAMEDA AVE,1,2,0,0,1,1,0,0,10,1,0,0,0,1,4,2,14
,2021-04147,39.75636352,-104.8981799,1/17/2021 15:12,15:12,6,0,0,2819 N SYRACUSE CT & E 28TH AVE,1,1,0,0,1,5,0,0,25,0,0,0,0,0,4,2,7
,2021-04148,39.74034354,-105.0509099,1/15/2021 15:47,15:47,11,0,1,N YATES ST & W COLFAX AVE,1,1,0,0,1,1,0,0,0,0,1,0,0,2,2,1,16
,2021-04149,39.74086353,-104.9861099,1/15/2021 21:18,21:18,6,0,0,1500 BLK N LINCOLN ST & E 16TH AVE,1,3,0,0,1,4,0,0,35,0,0,0,0,0,4,2,14
,2021-04150,39.75131353,-105.0165199,1/15/2021 17:48,17:48,12,0,0,I-25 NB & W 23RD AVE EXIT [GORE PT],1,3,0,0,1,8,0,0,65,0,0,0,0,0,1,2,3
,2021-04154,39.84979749,-104.6738195,1/18/2021 10:50,10:50,6,0,0,8400 PENA BLVD & 8400 BLK,1,1,0,0,1,4,0,0,25,0,0,0,0,0,4,2,13
,2021-04157,39.72590354,-105.0252334,1/17/2021 19:50,19:50,12,0,0,W 6TH AVE WB EXIT RAMP SPLIT [GORE PT] & FEDERAL BLVD,1,3,0,0,1,8,0,0,55,0,0,0,0,0,2,2,14
,2021-04158,39.74035353,-105.0296699,1/18/2021 3:24,3:24,5,0,0,HOOKER ST & 1500 BLK,1,3,0,0,3,4,0,0,25,0,0,0,0,0,2,1,9
,2021-04159,39.75917353,-105.0021099,1/18/2021 9:40,9:40,15,0,1,1900 BLK LITTLE RAVEN ST & 20TH ST,1,1,0,0,1,4,0,0,25,0,0,0,1,2,4,2,16
,2021-04161,39.78346312,-105.0112166,1/17/2021 21:12,21:12,12,0,0,I-70 EB & N KEARNEY ST,1,4,0,0,1,4,0,1,65,0,0,0,0,0,1,2,16
,2021-04164,39.65308454,-104.8848559,1/17/2021 21:50,21:50,3,0,0,E HAMPDEN AVE & S YOSEMITE ST,1,3,0,0,1,1,0,0,35,0,0,0,0,0,2,2,13
,2021-04171,39.76194852,-104.9406604,1/18/2021 10:36,10:36,12,0,0,N COLORADO BLVD & E MLK BLVD,1,1,0,0,1,1,0,0,35,0,0,0,0,0,2,2,3
,2021-04172,39.77288352,-104.9406289,1/18/2021 8:00,8:00,10,0,0,E 40TH AVE & N COLORADO BLVD,1,1,0,0,1,1,0,0,40,0,0,0,0,1,2,2,7
,2021-04175,39.73601353,-104.9786999,1/17/2021 21:00,21:00,6,0,0,1200 BLK N WASHINGTON ST & E 13TH AVE,1,4,0,0,1,3,0,0,30,0,0,0,0,0,4,2,13
,2021-04180,39.63863355,-105.0452899,1/17/2021 22:00,22:00,15,0,0,W QUINCY AVE & S UTICA ST,1,3,0,0,1,4,0,0,35,0,0,0,0,1,4,2,14
,2021-04181,39.72922353,-104.9371399,1/18/2021 13:44,13:44,8,0,0,E 8TH AVE & N BELLAIRE ST,1,1,0,0,1,1,0,0,30,0,0,0,0,0,4,2,13
,2021-04189,39.68293354,-105.0332199,1/17/2021 1:46,1:46,6,0,1,1800 BLK S KING WY & W JEWELL AVE,1,3,0,0,1,4,0,0,15,0,0,0,0,2,4,2,4
,2021-04191,39.75128353,-105.0167799,1/16/2021 7:19,7:19,12,0,0,I-25 SB & W 23RD AVE,1,1,1,0,1,4,0,0,65,0,0,0,0,1,4,2,14
,2021-04192,39.71120354,-104.9988899,1/17/2021 15:17,15:17,12,0,0,I-25 NB & W ALAMEDA AVE,1,1,1,0,1,4,0,0,65,0,0,0,0,0,1,2,8
,2021-04194,39.78346312,-105.0112166,1/16/2021 23:50,23:50,3,0,0,N QUEBEC ST & I-70 EB EXIT RAMP,1,3,0,0,1,1,0,0,35,0,0,0,0,0,2,2,13
,2021-04195,39.71299354,-105.0250699,1/16/2021 16:00,16:00,12,0,0,S FEDERAL BLVD & W CEDAR AVE,1,1,0,0,1,3,0,0,35,0,0,0,0,0,2,2,4
,2021-04197,39.78562352,-104.8996999,1/17/2021 12:45,12:45,12,0,0,E NORTHFIELD BLVD & N QUEBEC,1,1,0,0,1,1,0,0,40,0,0,0,0,0,2,2,13
,2021-04198,39.65181555,-105.0531874,1/16/2021 17:13,17:13,9,0,0,S SHERIDAN BLVD NB EXIT RAMP & W HAMPDEN AVE ENT [GORE PT],1,4,0,0,1,8,0,0,55,0,0,0,0,0,2,1,1
,2021-04200,39.74551353,-104.9835799,1/16/2021 21:30,21:30,6,0,0,1800 BLK N GRANT ST & E 18TH AVE,1,3,0,0,1,4,0,0,35,0,0,0,0,0,4,2,14
,2021-04202,39.63692875,-104.8899084,1/18/2021 13:41,13:41,15,0,0,I-70 WB & I-225 NB,1,1,0,0,1,4,0,0,55,0,0,0,0,0,1,2,13
,2021-04205,39.66755354,-104.9406699,1/18/2021 15:32,15:32,1,0,0,E YALE AVE & S COLORADO BLVD,1,1,0,0,1,1,0,0,30,0,0,0,0,1,2,2,13
,2021-04207,39.76115353,-105.0047499,1/16/2021 21:28,21:28,15,0,0,I-25 SB & 20TH ST,1,3,0,0,1,4,0,0,65,0,0,0,0,0,1,2,3
,2021-04208,39.64916354,-104.9289599,1/16/2021 11:30,11:30,12,0,0,3700 BLK S GLENCOE ST & E HAPPY CANYON RD,1,1,0,0,1,2,0,0,25,0,0,0,0,0,4,2,13
,2021-04209,39.67480658,-104.9361693,1/16/2021 18:02,18:02,12,0,0,2300 BLK S PARKER RD & E ILIFF AVE,1,4,0,0,1,4,0,0,45,0,0,0,0,0,2,2,13
,2021-04210,39.74765353,-105.0024799,1/16/2021 12:30,12:30,10,0,0,N SPEER BLVD & AURARIA PKWY,1,1,0,0,1,1,0,0,30,0,0,0,0,0,4,2,8
,2021-04211,39.77829352,-104.9034199,1/13/2021 14:23,14:23,3,0,0,N NORTHFIELD QUEBEC ST & I-70  WB ENT / EXIT RAMPS,1,1,0,0,1,3,0,1,35,0,0,0,0,0,2,2,3
,2021-04212,39.63540354,-104.9020299,1/16/2021 15:37,15:37,12,0,0,I-225 SB & TAMARAC ST / DTC PKWY,1,1,0,0,1,4,0,0,55,0,0,0,0,0,1,2,3
,2021-04213,39.70320354,-105.0466099,1/1/2021 2:21,2:21,6,0,0,700 BLK S UTICA-VRAIN ALY & W EXPOSITION AVE,1,4,0,0,1,5,0,0,25,0,0,0,0,0,4,2,1
,2021-04214,39.78364751,-104.809634,1/16/2021 17:17,17:17,12,0,0,E GVR BLVD & N CHAMBERS RD,1,3,0,0,1,1,0,0,35,0,0,0,0,0,4,2,13
,2021-04215,39.74706353,-104.9897699,1/16/2021 18:50,18:50,6,0,0,18TH ST & CALIFORNIA ST,1,3,0,0,1,4,0,0,30,0,0,0,0,0,4,2,13
,2021-04236,39.75518353,-105.0261799,1/17/2021 11:50,11:50,5,0,0,26TH AVE & 3401 BLK,1,1,0,0,2,5,0,0,,0,0,0,0,0,4,1,16
,2021-04242,39.69045354,-104.9928099,1/17/2021 9:47,9:47,15,0,0,1400 BLK S SANTA FE DR & W FLORIDA AVE,1,1,0,0,1,3,0,0,45,0,0,0,0,0,2,2,13
,2021-04243,39.72906353,-104.9835899,1/17/2021 12:45,12:45,10,0,1,E 8TH AVE & N GRANT ST,1,1,1,0,1,1,0,0,30,0,0,0,0,2,4,2,1
,2021-04245,39.74755353,-105.0053099,1/20/2021 16:51,16:51,1,0,0,AURARIA PKWY & 11TH ST,1,1,1,0,1,1,0,0,40,0,0,0,0,0,4,2,13
,2021-04248,39.77939353,-104.9791499,1/17/2021 6:20,6:20,5,0,0,I-70 WB & N WASHINGTON ST EXIT RAMP [GORE PT],1,3,0,0,3,4,0,0,65,0,0,0,0,0,1,3,5
,2021-04257,39.72931353,-105.0150399,1/21/2021 17:20,17:20,12,0,0,I-25 SB & W 8TH AVE,1,2,0,0,1,4,0,0,55,0,0,0,0,0,1,3,7
,2021-04259,39.77291052,-104.8563825,1/15/2021 13:20,13:20,15,0,0,N PENA BLVD & E 40TH AVE,1,1,0,0,1,1,0,0,45,0,0,0,0,0,4,2,1
,2021-04263,39.7439944,-105.0251978,1/21/2021 15:01,15:01,3,0,0,N FEDERAL BLVD & W DICK CONNER AVE,1,1,1,0,1,1,0,0,30,0,0,0,0,0,2,2,13
,2021-04264,39.72922353,-104.9359999,1/21/2021 13:30,13:30,3,0,2,N BIRCH ST & E 8TH AVE,1,1,0,0,1,1,0,0,35,0,0,0,0,2,4,3,7
,2021-04268,39.74033353,-105.0404799,1/21/2021 12:09,12:09,3,0,0,N QUITMAN ST & W COLFAX AVE,1,1,1,0,1,1,0,0,25,0,0,0,0,0,2,2,13
,2021-04271,39.77631352,-104.9405099,1/20/2021 10:46,10:46,12,0,0,4200 BLK N COLORADO BLVD & I-70 EB ENT RAMP,1,1,1,0,1,3,0,0,40,0,0,0,0,0,2,3,14
,2021-04447,39.70604353,-104.9407099,1/7/2021 17:11,17:11,1,0,0,COLORADO BLVD S & CHERRY CREEK SOUTH DR E,11,3,3,0,1,1,0,0,35,0,0,0,0,1,2,2,13
,2021-04617,39.76718513,-104.99484,1/28/2021 11:45,11:45,3,0,0,I-25 NB EXIT RAMP & PARK AVE W / FOX ST,1,1,0,0,1,1,0,0,25,0,0,0,0,0,1,2,8
,2021-04620,39.71109289,-105.0691329,1/13/2021 18:50,18:50,15,0,0,SB I-25 & W ALAMEDA AVE,1,3,0,0,1,4,0,0,55,0,0,0,0,0,1,2,13
,2021-04623,39.77967353,-104.9911099,1/29/2021 15:19,15:19,12,0,0,I-70 EB OFF RAMP & I-25 SB,1,2,1,0,1,8,0,0,55,0,0,0,0,0,1,3,3
,2021-04627,39.78233352,-104.8828199,1/26/2021 11:10,11:10,12,0,0,N CENTRAL PARK BLVD & E 47TH AVE,4,1,0,2,1,1,0,0,35,0,0,0,0,0,4,3,13
,2021-04628,39.66257355,-105.0532299,1/26/2021 16:50,16:50,3,0,0,S SHERIDAN BLVD & W BATES AVE,4,2,1,2,1,1,0,0,35,0,0,0,0,0,2,3,1
,2021-04629,39.71118354,-105.0027099,1/28/2021 16:47,16:47,15,0,0,1200 BLK W ALAMEDA AVE & S LIPAN ST,1,1,0,0,1,4,0,0,30,0,0,0,0,0,2,3,13
,2021-04630,39.64342354,-104.9122499,1/29/2021 16:18,16:18,11,0,1,S MONACO ST & S MAGNOLIA WAY,1,1,0,0,1,1,0,0,40,0,1,0,0,0,4,1,13
,2021-04631,39.74515353,-105.0291599,1/28/2021 7:15,7:15,3,0,0,3200 BLK W 18TH AVE & S  IRVING ST,4,1,0,0,1,5,0,0,20,0,0,0,0,0,4,3,3
,2021-04634,39.72407654,-105.0532054,1/27/2021 14:45,14:45,12,0,0,S SHERIDAN BLVD & W 5TH AVE,1,1,0,0,1,1,0,0,35,0,0,0,0,0,2,3,3
,2021-04635,39.73664354,-105.0498199,1/27/2021 9:10,9:10,6,0,0,N XAVIER ST & W 13TH AVE,4,1,1,0,1,4,0,0,20,0,0,0,0,0,4,2,6
,2021-04637,39.76641353,-104.9786199,1/28/2021 11:45,11:45,3,0,0,33RD ST & BLAKE ST,4,1,0,0,1,1,0,0,30,0,0,0,0,0,4,3,13
,2021-04640,39.76115353,-105.0047499,1/29/2021 8:08,8:08,12,0,0,I-25 SB & 20TH ST,1,1,0,0,1,4,0,0,55,0,0,0,0,0,1,3,3
,2021-04642,39.76568353,-104.9950429,1/30/2021 9:30,9:30,12,0,0,N GLOBEVILLE RD & PARK AVE WEST,1,1,0,0,1,4,0,0,45,0,0,0,0,0,4,3,13
,2021-04643,39.71118354,-104.9971299,1/28/2021 12:54,12:54,2,0,1,W ALAMEDA AVE & S SANTA FE DR,1,1,0,0,1,1,0,0,0,1,0,0,0,3,1,3,16
,2021-04648,39.74754353,-104.9810699,1/30/2021 14:23,14:23,6,0,0,E 20TH AVE & 22ND ST,1,1,0,0,1,4,0,0,30,0,0,0,0,0,4,3,5
,2021-04651,39.74014353,-104.9163099,1/29/2021 17:18,17:18,12,0,0,E COLFAX AVE & N KRAMERIA ST,1,1,0,0,1,3,0,0,,0,0,0,0,0,2,3,3
,2021-04653,39.70933453,-104.9899894,1/30/2021 0:37,0:37,6,0,1,3400 BLK W DAKOTA AVE & S KNOX CT,1,4,0,0,1,4,0,0,25,0,0,0,0,2,4,5,5
,2021-04654,39.66762354,-104.9128699,1/29/2021 17:08,17:08,12,0,0,E YALE AVE & S MONACO ST,1,1,0,0,1,1,0,0,30,0,0,0,0,0,4,3,2
,2021-04657,39.73685353,-104.9752799,1/20/2021 16:30,16:30,6,0,0,N OGDEN ST & E 13TH AVE,1,1,0,0,1,3,0,0,25,0,0,0,0,0,4,2,8
,2021-04658,39.74272353,-105.0252099,1/11/2021 17:00,17:00,12,0,0,W 16TH AVE & N FEDERAL BLVD,1,1,0,0,1,4,0,0,35,0,0,0,0,0,2,2,13
,2021-04659,39.68932353,-104.8953899,1/26/2021 16:55,16:55,15,0,0,7900 BLK E FLORIDA AVE & S QUEBEC WAY,4,3,1,2,1,4,0,0,35,0,0,0,0,0,4,3,13
,2021-04660,39.63323354,-104.9063099,1/20/2021 13:43,13:43,12,0,0,I-225 SB & I-25 NB,1,1,0,0,1,4,0,0,55,0,0,0,0,0,1,2,13
,2021-04661,39.68114354,-104.9605999,1/20/2021 17:15,17:15,6,0,0,S YORK ST & 1996 BLK,1,1,0,0,1,4,0,0,25,0,0,0,0,0,4,2,7
,2021-04663,39.75990666,-104.9818438,1/20/2021 19:21,19:21,5,0,0,SPEER BLVD & LAWRENCE ST,1,3,0,0,2,1,0,0,35,0,0,0,0,0,4,1,14
,2021-04664,39.84180201,-104.7373241,1/9/2021 0:30,0:30,6,0,0,21000 BLK E 47TH AVE & N ODESSA ST,1,3,0,0,1,4,0,0,25,0,0,0,0,0,4,2,7
,2021-04665,39.74018653,-104.9407414,1/20/2021 15:45,15:45,10,0,0,N COLORADO BLVD & W COLFAX AVE,1,2,0,0,1,1,0,0,35,0,0,0,0,0,2,2,1
,2021-04666,39.72171855,-105.0055534,1/9/2021 22:25,22:25,12,0,0,1400 BLK & N OSAGE ST,10,3,0,2,1,3,0,0,35,0,0,0,0,0,4,2,16
,2021-04668,39.77288352,-104.9406289,1/11/2021 19:04,19:04,12,0,0,E 40TH AVE & N COLORADO BLVD,1,3,0,0,1,4,0,0,40,0,0,0,0,0,2,2,10
,2021-04669,39.72891353,-105.0001699,1/20/2021 15:25,15:25,15,0,0,N KALAMATH ST & W 8TH AVE,1,1,0,0,1,1,0,0,30,0,0,0,0,0,4,2,14
,2021-04672,39.75035353,-104.9820099,1/20/2021 15:40,15:40,3,0,0,PARK AVE W & GLENARM PL,1,1,0,0,1,1,0,0,25,0,0,0,0,0,4,2,3
,2021-04673,39.65307354,-104.9227999,1/20/2021 17:00,17:00,12,0,0,E HAMPDEN AVE & S HOLLY ST,1,1,0,0,1,1,0,0,40,0,0,0,0,0,2,2,4
,2021-04674,39.72578354,-105.0394399,1/21/2021 2:46,2:46,5,0,0,N PERRY ST & W 6TH AVE FRONTAGE RD,1,3,0,0,1,1,0,0,25,0,0,0,0,0,2,1,5
,2021-04675,39.74818353,-105.0268099,1/7/2021 12:15,12:15,6,0,0,2000 BLK N GROVE ST & W 21ST AVE,1,1,0,0,1,4,0,0,25,0,0,0,0,0,4,2,16
,2021-04678,39.66770355,-105.0406699,1/20/2021 14:45,14:45,6,0,0,S QUITMAN ST & W YALE AVE,1,1,0,0,1,4,0,0,25,0,0,0,0,0,4,2,16
,2021-04680,39.69840354,-104.9827599,1/8/2021 15:00,15:00,12,0,0,S LOGAN ST & E TENNESSEE,1,1,0,0,1,1,0,0,,0,0,0,0,0,4,2,16
,2021-04682,39.63541354,-104.9030599,1/20/2021 14:14,14:14,12,0,0,I-225 & I-25 NB / SB [SPLIT GORE PT],1,1,0,0,1,4,0,0,55,0,0,0,0,0,1,2,13
,2021-04683,39.74013353,-104.9211199,1/20/2021 14:00,14:00,12,0,0,E COLFAX AVE & N IVANHOE ST,1,1,0,0,1,1,0,0,35,0,0,0,0,0,2,2,1
,2021-04684,39.74008752,-104.9034634,1/10/2021 13:00,13:00,12,0,0,E COLFAX AVE & N  QUEBEC ST,11,1,0,0,1,1,0,0,35,0,0,0,0,0,2,2,5
,2021-04685,39.74008752,-104.9034634,1/20/2021 15:30,15:30,1,0,0,E COLFAX AVE & N QUEBEC ST,1,1,0,0,1,1,0,0,35,0,0,0,0,0,2,2,1
,2021-04686,39.75393353,-105.0532199,1/7/2021 15:37,15:37,12,0,0,2500 BLK N SHERIDAN BLVD & W 26TH AVE,1,1,0,0,1,4,0,0,30,0,0,0,0,0,2,2,13
,2021-04687,39.72557353,-104.9861399,1/8/2021 13:36,13:36,12,0,0,100 BLK E 6TH AVE & N LINCOLN ST,1,1,1,0,1,4,0,0,30,0,0,0,0,0,4,2,16
,2021-04688,39.69658353,-104.8917199,1/13/2021 8:40,8:40,15,0,0,E MISSISSIPPI AVE & S VALENTIA ST,1,1,0,0,1,4,0,0,40,0,0,0,0,0,4,2,13
,2021-04690,39.78003353,-104.9891799,1/20/2021 13:47,13:47,15,0,0,I-25 NB & I-70,1,1,0,0,1,4,0,0,55,0,0,0,0,0,1,2,7
,2021-04694,39.63427354,-104.9070899,1/11/2021 7:25,7:25,12,0,0,I-225 SB EXIT RAMP [FLYOVER] & I-25,1,1,1,0,1,8,0,0,55,0,0,0,0,0,1,2,13
,2021-04703,39.69747353,-104.9558099,1/18/2021 19:00,19:00,6,0,0,S ELIZABETH ST & 1036 BLK,1,3,0,0,1,4,0,0,25,0,0,0,0,0,4,2,3
,2021-04705,39.67845554,-104.9222509,1/4/2021 18:20,18:20,12,0,0,E EVANS AVE & S HOLLY ST,1,3,0,0,1,3,0,0,30,0,0,0,0,0,4,2,5
,2021-04709,39.74377752,-104.9040693,1/29/2021 19:15,19:15,12,0,0,E 17TH AVE & N MONACO PKWY,1,1,0,0,1,1,0,0,30,0,0,0,0,0,4,2,13
,2021-04801,39.75840352,-104.9034499,1/17/2021 16:37,16:37,12,0,0,E 29TH AVE & N QUEBEC ST,1,1,0,0,1,1,0,0,35,0,0,0,0,0,4,2,3
,2021-04803,39.74405353,-105.0005999,1/19/2021 12:00,12:00,3,0,0,N SPEER BLVD & ARAPAHOE ST,1,1,0,0,1,1,0,0,30,0,0,0,0,0,4,2,16
,2021-04807,39.76190352,-104.9126099,1/15/2021 9:20,9:20,12,0,0,E MLK BLVD & N MONACO ST,1,1,0,0,1,1,0,0,30,0,0,0,0,0,4,2,1