id,drcog_id,latitude,longitude,crashtime,time,crashtype,numbkilled,numbinjurd,drcoglocat,rdconditin,lightngcon,roadcntgrd,weatherco,location,roaddescrp,schoolzone,constrzone,splimit,bikeinv,pedinv,sctrinv,motoinv,svrty,rdsystem,ttlvehcls,hcf
,2021-04810,39.76931353,-105.0532299,1/16/2021 19:14,19:14,12,0,0,W 38TH AVE & N SHERIDAN BLVD,1,3,0,0,1,1,0,0,35,0,0,0,0,0,2,2,5
,2021-04815,39.73998353,-104.9622299,1/21/2021 16:51,16:51,6,0,0,E COLFAX AVE & N VINE ST,1,2,0,0,1,4,0,0,30,0,0,0,0,0,2,2,8
,2021-04817,39.70394354,-105.0250699,1/21/2021 15:02,15:02,12,0,0,S FEDERAL BLVD & W EXPOSITION AVE,1,1,0,0,1,3,0,0,40,0,0,0,0,0,2,2,3
,2021-04820,39.73986353,-104.9658399,1/15/2021 19:43,19:43,6,0,0,COLFAX AVE (1800 BLK) & N HIGH ST,1,3,0,0,1,4,0,0,30,0,0,0,0,0,4,2,13
,2021-04821,39.73527353,-104.9861099,1/20/2021 13:30,13:30,12,0,0,E 12TH AVE & N LINCOLN ST,1,1,0,0,1,3,0,0,25,0,0,0,0,0,4,2,3
,2021-04822,39.72531354,-105.0350999,1/15/2021 12:30,12:30,15,0,0,W 6TH AVE & FEDERAL BLVD SB RAMP (GORE PT),1,1,0,0,1,4,0,0,65,0,0,0,0,0,2,2,14
,2021-04824,39.72569653,-105.0001594,1/21/2021 17:22,17:22,12,0,0,W 6TH AVE & N KALAMATH ST,1,3,0,0,1,4,0,0,35,0,0,0,0,0,1,2,13
,2021-04826,39.74137353,-104.9372199,1/17/2021 21:19,21:19,15,0,0,E 16TH AVE & N BELLAIRE ST,1,3,0,0,1,4,0,0,25,0,0,0,0,0,4,2,1
,2021-04827,39.72574354,-105.0250299,1/15/2021 12:25,12:25,15,0,0,6TH AVE WB EXIT RAMP & N FEDERAL BLVD,1,1,0,0,1,8,0,0,45,0,0,0,0,0,2,2,16
,2021-04833,39.77967353,-104.9791499,1/17/2021 19:41,19:41,15,0,0,I-70 WB & N WASHINGTON ST EXIT [GORE PT],1,3,0,0,1,4,0,0,55,0,0,0,0,0,1,2,13
,2021-04834,39.74590353,-104.9894899,1/17/2021 14:58,14:58,15,0,0,1700 BLK WELTON ST & 17TH ST,1,2,0,0,1,1,0,0,30,0,0,0,0,0,4,2,13
,2021-04835,39.78840351,-104.80563,1/2/2021 21:40,21:40,6,0,0,15600 BLK E 51ST PL & E 53RD AVE,1,3,0,0,1,4,0,0,25,0,0,0,0,0,4,2,5
,2021-04843,39.75128353,-105.0167799,1/21/2021 8:22,8:22,12,0,0,I-25 SB & W 23RD AVE,1,1,0,0,1,4,0,0,55,0,0,0,0,1,1,2,13
,2021-04844,39.73838353,-104.9597699,1/27/2021 18:15,18:15,5,0,0,E 14TH AVE & N YORK ST,9,3,0,0,3,1,0,0,30,0,0,0,0,0,4,1,1
,2021-04846,39.69987354,-105.0255999,1/31/2021 14:33,14:33,6,0,0,FEDERAL BLVD & 925 S,1,1,0,0,5,7,0,0,,0,0,0,0,0,3,2,16
,2021-04847,39.72092353,-104.9825999,1/27/2021 17:35,17:35,3,0,0,E 3RD AVE & N LOGAN ST,4,3,0,0,1,1,0,0,25,0,0,0,0,0,4,2,13
,2021-04848,39.76193052,-104.9027344,1/21/2021 9:57,9:57,3,0,0,E MLK BLVD & N QUEBEC ST,1,1,0,0,1,1,0,0,35,0,0,0,0,0,4,2,4
,2021-04849,39.68945354,-105.0051099,1/27/2021 16:52,16:52,1,0,0,W FLORIDA AVE & S OSAGE ST,1,1,0,0,1,1,0,0,25,0,0,0,0,1,4,2,14
,2021-04850,39.79254351,-104.77207,1/27/2021 18:23,18:23,5,0,1,5400 BLK N TOWER RD & E 56TH AVE,1,3,0,0,3,4,0,0,45,0,0,0,0,3,4,1,8
,2021-04852,39.73838353,-104.9597699,1/27/2021 18:43,18:43,8,0,1,E 14TH AVE & N YORK ST,1,2,0,0,1,1,0,0,30,0,0,0,0,3,4,2,8
,2021-04853,39.71149353,-104.9425499,1/27/2021 12:49,12:49,12,0,0,E ALAMEDA AVE & S JACKSON ST,1,1,0,0,1,1,0,0,25,0,0,0,0,0,4,2,16
,2021-04854,39.71120354,-104.9991199,1/31/2021 13:11,13:11,5,0,0,I-25 SB & W ALAMEDA AVE EXIT [GORE PT],1,1,0,0,3,4,0,0,55,0,0,0,0,0,1,1,14
,2021-04855,39.74007353,-104.9964399,1/21/2021 15:12,15:12,1,0,0,N GALAPAGO ST & W COLFAX AVE,1,1,0,0,1,1,0,0,30,0,0,0,0,1,2,2,8
,2021-04856,39.78003353,-104.9891799,1/21/2021 7:50,7:50,12,0,0,I-25 NB EXIT RAMP & I-70,1,1,0,0,1,8,0,0,45,0,0,0,0,0,1,2,2
,2021-04857,39.75710653,-104.9906959,1/26/2021 13:40,13:40,5,0,0,BLAKE ST & PARK AVE W,9,1,0,2,3,3,0,0,,0,0,0,0,0,4,1,13
,2021-04858,39.67488354,-104.9734699,1/28/2021 9:25,9:25,3,0,0,E ILIFF AVE & S DOWNING ST,1,1,0,0,1,1,0,0,30,0,0,0,0,0,4,2,13
,2021-04859,39.81940044,-104.9828907,1/21/2021 10:05,10:05,9,0,0,W 6TH AVE EB & I-25 EXIT RAMP,1,1,1,0,1,4,0,0,55,0,0,0,0,0,2,2,13
,2021-04860,39.71779353,-104.9413299,1/11/2021 17:23,17:23,14,0,0,N HARRISON ST & E 1ST AVE,1,3,0,0,1,4,0,0,25,0,0,0,0,0,4,2,1
,2021-04861,39.75905353,-104.9764199,1/16/2021 11:00,11:00,6,0,0,800 BLK 30TH ST & STOUT ST,1,1,0,0,1,4,0,0,25,0,0,0,0,0,4,2,3
,2021-04862,39.67769354,-105.0250399,1/21/2021 7:35,7:35,12,0,0,2100 BLK S FEDERAL BLVD & W EVANS AVE,1,1,0,0,1,4,0,0,35,0,0,0,0,1,2,2,13
,2021-04863,39.67483354,-104.9593699,1/27/2021 17:15,17:15,1,0,0,S UNIVERSITY BLVD & E ILIFF AVE,1,3,0,0,1,1,0,0,35,0,0,0,0,1,4,2,3
,2021-04864,39.63574354,-104.8935099,1/21/2021 11:52,11:52,12,0,0,I-225 SB & S TAMARAC ST / DTC PKWY,1,1,0,0,1,4,0,0,65,0,0,0,0,0,1,2,13
,2021-04865,39.75667353,-104.9877599,1/28/2021 10:00,10:00,3,0,0,24TH ST & LARIMER ST,11,1,0,0,1,1,0,0,30,0,0,0,0,0,4,2,13
,2021-04866,39.67855354,-104.9852099,1/29/2021 14:25,14:25,1,0,0,E  EVANS AVE & S SHERMAN ST,1,1,0,0,1,1,0,0,30,0,0,0,0,0,4,2,1
,2021-04867,39.74147352,-104.9034499,1/27/2021 16:26,16:26,3,0,0,E 16TH AVE & N QUEBEC ST,11,1,0,0,1,3,0,0,35,0,0,0,0,0,4,2,16
,2021-04868,39.68228054,-105.0531784,1/21/2021 15:55,15:55,3,0,0,W JEWELL AVE & S SHERIDAN BLVD,1,1,0,0,1,2,0,0,15,0,0,0,0,0,4,2,7
,2021-04869,39.76840153,-104.9936384,1/27/2021 19:39,19:39,15,0,0,I-25 NB / I-70 ENT RAMP & PARK AVE W,11,3,0,0,1,8,0,0,65,0,0,0,0,0,4,2,13
,2021-04871,39.76980353,-105.0275999,1/28/2021 12:01,12:01,15,0,0,3800 BLK N GROVE ST & W 38TH AVE,11,1,1,0,1,4,0,0,25,0,0,0,0,0,4,2,13
,2021-04872,39.75603353,-105.0228299,1/28/2021 6:50,6:50,6,0,0,2800 BLK W 27TH AVE & N ELIOT ST,4,3,0,0,1,4,0,0,25,0,0,0,0,0,4,2,16
,2021-04873,39.71844354,-105.0250999,1/28/2021 3:49,3:49,3,0,0,N FEDERAL BLVD & W 1ST AVE,1,3,0,0,1,1,0,0,40,0,0,0,0,0,2,2,13
,2021-04874,39.67844353,-104.9187799,1/19/2021 11:30,11:30,15,0,0,S JASMINE ST & E EVANS AVE,1,1,0,0,1,1,0,0,30,0,0,0,0,0,4,2,5
,2021-04875,39.68032354,-104.9875599,1/21/2021 8:45,8:45,8,0,0,E ASBURY AVE & S BROADWAY ST,1,1,0,0,1,1,0,0,30,0,0,0,0,0,4,2,13
,2021-04876,39.77287352,-104.9429199,1/28/2021 11:12,11:12,15,0,0,E 40TH AVE & N JACKSON ST,1,1,0,0,1,1,0,0,30,0,0,0,0,0,4,2,7
,2021-04877,39.74925353,-104.9938299,1/28/2021 10:44,10:44,3,0,0,ARAPAHOE ST & 1700 BLK,11,1,0,0,1,3,0,0,30,0,0,0,0,0,4,2,13
,2021-04878,39.73386353,-104.9934999,1/27/2021 19:28,19:28,3,0,0,W 11TH AVE & N SPEER BLVD,1,3,0,0,1,1,0,0,30,0,0,0,0,1,4,2,13
,2021-04879,39.76450353,-104.9733299,1/28/2021 13:09,13:09,15,0,0,E BRUCE RANDOLPH AVE & N DOWNING ST,1,1,0,0,1,1,0,0,35,0,0,0,0,0,4,2,13
,2021-04880,39.73837353,-104.9562599,1/28/2021 10:17,10:17,10,0,0,E 14TH AVE & N ELIZABETH ST,1,1,0,0,1,1,0,0,30,0,0,0,0,0,4,2,13
,2021-04881,39.75641654,-104.9123787,1/27/2021 18:12,18:12,15,0,0,MONACO PKWY & E 9TH AVE,1,3,0,0,1,1,0,0,35,0,0,0,0,0,4,2,13
,2021-04882,39.72563353,-104.9850999,1/28/2021 6:43,6:43,3,0,0,E SPEER BLVD & E 6TH AVE,1,1,0,0,1,1,0,0,30,0,0,0,0,0,4,2,13
,2021-04884,39.74178353,-105.0144499,1/27/2021 16:21,16:21,5,0,0,AURARIA PKWY & WB COLFAX AVE ENT [GORE PT],1,1,1,0,3,8,0,0,45,0,0,0,0,0,2,1,13
,2021-04885,39.76569352,-104.9498999,1/28/2021 9:06,9:06,3,0,0,E 35TH AVE & N STEELE ST,4,1,2,0,1,1,0,0,25,0,0,0,0,0,4,2,8
,2021-04886,39.74019553,-104.9128009,1/28/2021 7:55,7:55,3,0,0,E COLFAX AVE & N MONACO ST,1,1,0,0,1,1,0,0,35,0,0,0,0,1,4,2,7
,2021-04887,39.70649353,-104.8856799,1/27/2021 16:14,16:14,5,0,0,S XENIA ST & E FAIRMOUNT DR,4,1,0,0,3,4,0,0,25,0,0,0,0,0,4,1,13
,2021-04888,39.83654098,-104.6718289,1/26/2021 20:25,20:25,12,0,0,7500 PENA BLVD & JACKSONS GAP RD,4,4,0,2,1,4,0,0,45,0,0,0,0,0,4,2,1
,2021-04889,39.71115354,-105.0214999,1/29/2021 11:26,11:26,12,0,0,W ALAMEDA AVE & S DALE CT,1,1,1,0,1,4,0,0,35,0,0,0,0,0,2,2,1
,2021-04890,39.77703352,-104.8800199,1/29/2021 9:45,9:45,15,0,0,I-70 WB & I-270,1,1,0,0,1,8,0,0,65,0,0,0,0,0,1,2,13
,2021-04892,39.7437871,-105.1188925,1/28/2021 21:42,21:42,15,0,0,I-25 NB & W 17TH AVE,1,3,0,0,1,4,0,0,65,0,0,0,0,0,1,2,13
,2021-04893,39.69662354,-104.9862099,1/29/2021 12:34,12:34,10,0,0,S LINCOLN ST & E MISSISSIPPI AVE,1,1,0,0,1,1,0,0,25,0,0,0,0,0,4,2,13
,2021-04894,39.64912354,-104.8848799,1/29/2021 11:40,11:40,3,0,1,S YOSEMITE ST & E KENYON AVE,1,1,0,0,1,1,0,0,25,0,0,0,0,2,4,2,13
,2021-04896,39.76201353,-105.0252299,1/29/2021 8:27,8:27,3,0,0,W 32ND AVE & N FEDERAL BLVD,1,1,0,0,1,1,0,0,35,0,0,0,0,1,2,2,13
,2021-04897,39.76319353,-105.0252299,1/29/2021 9:21,9:21,6,0,0,N FEDERAL BLVD & W HIGHLAND PARK PL,1,1,1,0,1,1,0,0,35,0,0,0,0,0,2,2,13
,2021-04898,39.72922353,-104.9406799,1/28/2021 19:42,19:42,3,0,0,N COLORADO BLVD & E 8TH AVE,1,1,0,0,1,1,0,0,30,0,0,0,0,0,2,2,14
,2021-04899,39.72816353,-104.9861399,1/30/2021 23:04,23:04,12,0,0,700 BLK N LINCOLN ST & E 8TH AVE,1,3,0,0,1,1,0,0,30,0,0,0,0,1,4,2,3
,2021-04900,39.77601353,-104.9993799,1/29/2021 13:10,13:10,6,0,0,4300 BLK N JASON ST & W 44TH AVE,1,1,1,0,1,4,0,0,25,0,0,0,0,0,4,2,7
,2021-04901,39.73998353,-104.9609999,1/29/2021 15:01,15:01,12,0,0,E COLFAX AVE & N GAYLORD ST,1,1,0,0,1,1,0,0,30,0,0,0,0,1,2,2,14
,2021-04902,39.73686353,-104.9775999,1/31/2021 9:19,9:19,12,0,0,E 13TH AVE & N CLARKSON ST,1,1,0,0,1,1,0,0,30,0,0,0,0,1,4,2,13
,2021-04903,39.71120354,-104.9988899,1/29/2021 7:25,7:25,12,0,0,I-25 NB & W ALAMEDA AVE,1,1,1,0,1,4,0,0,55,0,0,0,0,0,1,2,13
,2021-04904,39.71477353,-104.9875099,1/29/2021 19:19,19:19,10,0,0,S BROADWAY ST & E BAYAUD AVE,1,3,0,0,1,1,0,0,35,0,0,0,0,0,4,2,13
,2021-04906,39.76695353,-104.9684099,1/18/2021 10:40,10:40,5,0,0,N FRANKLIN ST & E 36TH AVE,1,1,0,0,2,4,0,0,25,0,0,0,0,0,4,1,5
,2021-04907,39.72620353,-104.9294099,1/29/2021 14:40,14:40,6,0,0,700 BLK N ELM ST & SEVERN PL,1,1,0,0,1,4,0,0,30,0,0,0,0,0,4,2,16
,2021-04908,39.77446852,-104.8652669,1/31/2021 6:22,6:22,8,0,0,I-70 EB OFF RAMP GORE PT & N HAVANA ST,1,2,1,0,1,8,0,0,35,0,0,0,0,0,1,2,16
,2021-04909,39.73870352,-104.8987399,1/27/2021 15:48,15:48,10,0,0,E 14TH AVE & N SYRACUSE ST,4,1,0,0,1,1,0,0,30,0,0,0,0,1,4,2,2
,2021-04910,39.77663353,-105.0252099,1/29/2021 15:32,15:32,3,0,0,N FEDERAL BLVD & W 44TH AVE,1,1,0,0,1,1,0,0,35,0,0,0,0,0,2,2,14
,2021-04911,39.77967353,-104.9791499,1/27/2021 13:36,13:36,3,0,0,N WASHINGTON ST & I-70 WB EXIT RAMP,4,1,1,0,1,1,0,0,25,0,0,0,0,0,1,2,7
,2021-04912,39.65310354,-104.9047099,1/29/2021 17:40,17:40,12,0,1,E HAMPDEN AVE & S POPLAR ST,1,3,0,0,1,1,0,0,40,0,0,0,1,3,2,2,5
,2021-04913,39.75827653,-104.9874334,1/29/2021 9:58,9:58,8,0,0,N BROADWAY ST & N WALNUT ST,1,1,0,0,1,4,0,0,30,0,0,0,0,0,4,2,7
,2021-04914,39.76962352,-104.8470199,1/29/2021 12:35,12:35,10,0,0,E 38TH AVE & N PEORIA ST,1,1,1,0,1,1,0,0,35,0,0,0,0,0,4,2,1
,2021-04915,39.71987346,-104.8472585,1/31/2021 0:15,0:15,15,0,0,WB I-70 MM 281.5 & N PEORIA ST,1,3,0,0,1,4,0,0,65,0,0,0,0,0,1,2,1
,2021-04916,39.82518502,-104.9816053,1/29/2021 11:01,11:01,12,0,0,I-25 NB & 6TH AVE WB EXIT RAMP [GORE PT],1,1,1,0,1,8,0,0,65,0,0,0,0,0,1,2,3
,2021-04917,39.8380135,-104.70132,1/28/2021 13:37,13:37,3,0,0,23800 BLK E 78TH AVE & N CALAWBA ST,1,1,0,0,1,1,0,0,45,0,0,0,0,0,4,2,7
,2021-04918,39.72551297,-105.016571,1/29/2021 18:44,18:44,12,0,0,I-25 NB & W 6TH AVE FWY,1,3,0,0,1,4,0,0,60,0,0,0,0,0,1,2,13
,2021-04919,39.63574354,-104.8935099,1/29/2021 17:04,17:04,15,0,0,I-225 SB & S TAMARAC ST / DTC PKWY,1,4,1,0,1,4,0,0,65,0,0,0,0,0,1,2,7
,2021-04920,39.72732353,-105.0028399,1/31/2021 9:51,9:51,6,0,0,N MARIPOSA ST & W 7TH AVE,1,4,1,0,1,4,0,0,25,0,0,0,0,0,4,2,16
,2021-04921,39.71659353,-104.9985699,1/29/2021 15:07,15:07,1,0,0,W ELLSWORTH AVE & N SANTA FE DR,1,1,1,0,1,1,0,0,25,0,0,0,0,0,4,2,13
,2021-04922,39.73847353,-105.0322599,1/29/2021 10:53,10:53,6,0,0,N KNOT CT & W 14TH AVE,1,1,0,0,1,1,0,0,25,0,0,0,0,0,4,2,14
,2021-04924,39.72082437,-104.9087689,1/27/2021 13:35,13:35,9,0,0,E 17TH AVE & N ONEIDA ST,7,1,0,0,1,1,0,0,30,0,0,0,1,1,4,1,14
,2021-04925,39.76115353,-105.0047499,1/27/2021 14:51,14:51,12,0,0,I-25 SB & 20TH ST,2,1,0,0,1,4,0,0,65,0,0,0,0,1,1,2,1
,2021-04926,39.68373353,-104.9240599,1/28/2021 13:47,13:47,6,0,0,5400 BLK E UTAH PL & S HOLLY ST,1,1,0,0,1,4,0,0,25,0,0,0,0,0,4,2,3
,2021-04927,39.78422353,-105.0251799,1/27/2021 15:33,15:33,3,0,0,N FEDERAL BLVD & I-70 EB,11,1,1,0,1,1,0,0,35,0,0,0,0,0,2,2,16
,2021-04928,39.73125353,-104.9902499,1/31/2021 2:00,2:00,6,0,0,900 BLK N BANNOCK ST & W 9TH AVE,1,3,0,0,1,4,0,0,30,0,0,0,0,0,4,2,2
,2021-04929,39.76538652,-104.9026039,1/28/2021 11:55,11:55,3,0,0,N QUEBEC ST & E 35TH AVE,1,1,0,0,1,1,0,0,45,0,0,0,0,0,4,2,7
,2021-04930,39.74014153,-104.9442109,1/30/2021 10:28,10:28,6,0,0,E COLFAX AVE & N GARFIELD,1,1,0,0,1,4,0,0,35,0,0,0,0,0,2,2,16
,2021-04931,39.78779352,-104.9642299,1/29/2021 13:30,13:30,3,0,0,N RACE ST & N BRIGHTON BLVD,1,1,0,0,1,1,0,0,,0,0,0,0,0,4,2,16
,2021-04932,39.70203354,-104.9686999,1/21/2021 15:40,15:40,6,0,0,800 BLK S FRANKLIN ST & E OHIO AVE,1,4,0,0,1,4,0,0,25,0,0,0,0,0,4,2,16
,2021-04933,39.77384352,-104.9417199,1/28/2021 6:15,6:15,12,0,0,3900 BLK E 41ST AVE & N COLORADO BLVD,1,2,0,0,1,3,0,1,25,0,0,0,0,0,4,2,1
,2021-04936,39.75717353,-105.0102099,1/30/2021 12:47,12:47,12,0,0,I-25 SB & 15TH ST,1,1,0,0,1,4,0,0,65,0,0,0,0,0,1,2,1
,2021-04937,39.75304353,-104.9854699,1/27/2021 10:45,10:45,12,0,0,CHAMPA ST & PARK AVE,4,1,0,0,1,1,0,0,25,0,0,0,0,0,4,2,14
,2021-04938,39.70346353,-104.9681699,1/27/2021 2:08,2:08,5,0,0,FRANKLIN  ST & 700 BLK,9,3,0,2,2,4,0,0,30,0,0,0,0,0,3,1,16
,2021-04940,39.68567354,-104.9400699,1/27/2021 12:59,12:59,15,0,0,4000 BLK E MEXICO AVE & S ALBION ST,11,1,1,0,1,2,0,0,25,0,0,0,0,0,4,2,13
,2021-04942,39.78195352,-104.9570199,1/23/2021 16:34,16:34,8,0,0,E 47TH AVE & N COLUMBINE ST,1,1,0,0,1,1,0,0,25,0,0,0,0,0,4,2,13
,2021-04945,39.65304354,-104.87565,1/27/2021 11:40,11:40,12,0,0,E HAMPDEN AVE & S DAYTON ST,1,1,0,1,1,1,0,0,35,0,0,0,0,0,4,2,3
,2021-04946,39.76832353,-104.9949599,1/27/2021 11:45,11:45,15,0,0,I-25 SB ENT [GORE PT] & PARK AVE W,7,1,1,0,1,4,0,0,65,0,0,0,0,0,1,2,7
,2021-04947,39.72566353,-105.0004199,1/20/2021 11:07,11:07,15,0,0,1000 BLK W 6TH AVE & N SANTA FE DR,1,1,0,0,1,4,0,0,30,0,0,0,0,0,4,2,1
,2021-04948,39.71531353,-104.9592199,1/27/2021 12:30,12:30,15,0,0,S UNIVERSITY BLVD & E CHERRY CREEK S DR,4,1,0,0,1,1,0,0,30,0,0,0,0,0,4,2,1
,2021-04951,39.74323353,-104.9720999,1/27/2021 11:19,11:19,6,0,0,1200 BLK E 17TH AVE & N LAFAYETTE ST,9,1,0,0,1,4,0,0,25,0,0,0,0,0,4,2,14
,2021-04952,39.76530528,-105.0532414,1/28/2021 17:17,17:17,12,0,0,N SHERIDAN BLVD & 1ST AVE,1,2,0,0,1,4,0,0,35,0,0,0,0,0,2,2,13
,2021-04953,39.67098354,-105.0175399,1/20/2021 8:35,8:35,6,0,0,2500 BLK W HILLSIDE AVE & S ZUNI ST,1,1,0,0,1,4,0,0,25,0,0,0,0,0,4,2,5
,2021-04954,39.73527353,-104.9848499,1/28/2021 18:15,18:15,6,0,0,E 12TH AVE & N SHERMAN ST,4,3,0,0,1,4,0,0,25,0,0,0,0,0,4,2,1
,2021-04956,39.75536353,-105.0126799,1/28/2021 16:39,16:39,12,0,0,I-25 SB & N SPEER BLVD,1,2,0,0,1,4,0,0,65,0,0,0,0,1,1,2,3
,2021-04957,39.65297355,-105.0625499,1/28/2021 17:00,17:00,12,0,0,S HARLAN ST & W HAMPDEN S FRTG,1,2,0,0,1,1,0,0,35,0,0,0,0,0,4,2,4
,2021-04958,39.74059353,-104.9891099,1/30/2021 3:18,3:18,5,0,0,100 BLK W COLFAX AVE & N BANNOCK ST,1,3,0,0,3,4,0,0,30,0,0,0,0,1,4,1,14
,2021-04960,39.68757354,-104.9920499,1/27/2021 11:13,11:13,15,0,0,S SANTA FE DR & W IOWA AVE,9,1,0,0,1,4,0,0,45,0,0,0,0,0,2,2,16
,2021-04962,39.73918353,-105.0393099,1/28/2021 13:23,13:23,12,0,0,1400 BLK N PERRY ST & W 14TH AVE,1,1,1,0,1,4,0,0,30,0,0,0,0,0,4,2,13
,2021-04963,39.74013353,-104.9194499,1/27/2021 14:20,14:20,3,0,0,E COLFAX AVE & N JERSEY ST,1,1,0,0,1,1,0,0,35,0,0,0,0,0,2,2,3
,2021-04967,39.75071353,-104.9597599,1/27/2021 8:58,8:58,12,0,0,N YORK ST & E 23RD AVE,9,1,0,0,1,4,0,0,25,0,0,0,0,0,4,2,14
,2021-04968,39.77618352,-104.9509399,1/27/2021 11:53,11:53,6,0,0,43RD AVE & 3050 E,9,1,0,0,1,4,0,0,25,0,0,0,0,0,4,2,7
,2021-04969,39.74491353,-104.9942499,1/30/2021 18:22,18:22,3,0,0,15TH ST & STOUT ST,1,3,0,0,1,1,0,0,30,0,0,0,0,0,4,2,1
,2021-04970,39.68213354,-104.9734099,1/27/2021 13:30,13:30,6,0,0,E JEWELL AVE & S DOWNING ST,7,1,0,0,1,3,0,0,25,0,0,0,0,0,4,2,16
,2021-04971,39.75451353,-104.9800899,1/28/2021 14:26,14:26,3,0,0,26TH ST & CALIFORNIA ST,11,1,0,0,1,1,0,0,25,0,0,0,0,1,4,2,13
,2021-04972,39.75131353,-105.0165199,1/28/2021 18:19,18:19,12,0,0,I-25 NB & W 23RD AVE,1,3,0,0,1,4,0,0,55,0,0,0,0,0,1,2,7
,2021-04973,39.77432752,-104.8657409,1/28/2021 17:36,17:36,1,0,0,I-70 EB ON RAMP & N HAVANNA ST,1,3,0,0,1,1,0,0,35,0,0,0,0,0,4,2,3
,2021-04974,39.77029353,-104.9719099,1/29/2021 18:16,18:16,5,0,0,38TH ST & WALNUT ST,1,3,1,0,2,1,0,0,35,0,0,0,0,0,4,1,13
,2021-04975,39.76767253,-105.0529759,1/27/2021 7:35,7:35,14,0,0,SHERIDAN BLVD & 3700 BLK (APPROX),4,1,0,0,1,3,0,0,35,0,0,0,0,0,2,2,1
,2021-04976,39.72908053,-104.9874064,1/30/2021 16:44,16:44,3,0,0,E 8TH AVE & N BROADWAY ST,1,1,0,0,1,1,0,0,30,0,0,0,0,0,4,2,13
,2021-04977,39.70212354,-104.9875199,1/27/2021 8:15,8:15,15,0,0,S BROADWAY ST & E OHIO AVE,4,1,0,0,1,1,0,0,35,0,0,0,0,0,4,2,8
,2021-04978,39.67844354,-104.9337599,1/27/2021 7:35,7:35,12,0,0,I-25 NB EXIT RAMP & E EVANS AVE,4,1,0,0,1,8,0,0,30,0,0,0,0,0,1,2,14
,2021-04979,39.72912353,-104.9489399,1/27/2021 7:46,7:46,12,0,0,3200 BLK E 8TH AVE & N STEELE ST,4,1,0,0,1,3,0,0,30,0,0,0,0,0,4,2,14
,2021-04980,39.69748353,-104.9593099,1/30/2021 16:17,16:17,12,0,0,1000 BLK S UNIVERSITY BLVD & E MISSISSIPPI AVE,1,1,0,0,1,1,0,0,30,0,0,0,0,1,4,2,5
,2021-04981,39.76954353,-105.0346299,1/30/2021 14:38,14:38,1,0,0,W 38TH AVE & N LOWELL BLVD,1,1,0,0,1,5,0,0,35,0,0,0,0,0,4,2,13
,2021-04983,39.74272353,-105.0252099,1/27/2021 8:00,8:00,15,0,0,W 16TH AVE & N FEDERAL BLVD,10,1,0,0,1,1,0,0,35,0,0,0,0,0,2,2,13
,2021-04984,39.70571354,-104.9862899,1/26/2021 14:20,14:20,12,0,0,S LINCOLN ST & E CENTER AVE,9,1,0,2,1,3,0,0,25,0,0,0,0,0,4,2,3
,2021-04985,39.68930354,-104.9965799,1/28/2021 5:25,5:25,5,0,0,S PLATT RIVER DR & W FLORIDA AVE,1,3,0,0,3,1,0,0,35,0,0,0,0,0,4,1,1
,2021-04986,39.77488352,-104.9246099,1/26/2021 11:20,11:20,3,0,0,N GRAPE ST & E SMITH RD,9,1,0,2,1,3,0,0,30,0,0,0,0,1,4,2,1
,2021-04987,39.70571354,-104.9862899,1/26/2021 14:30,14:30,12,0,0,S LINCOLN ST & E CENTER AVE,9,1,0,2,1,3,0,0,25,0,0,0,0,0,4,2,3
,2021-04988,39.70845353,-104.9288799,1/27/2021 7:38,7:38,10,0,0,5100 BLK LEETSDALE DR & S FOREST ST,10,1,0,0,1,2,0,0,35,0,0,0,0,1,4,2,13
,2021-04989,39.67846354,-104.9418099,1/29/2021 19:35,19:35,3,0,0,3900 BLK E EVANS AVE & S COLORADO BLVD,1,3,0,0,1,2,0,0,35,0,0,0,0,0,2,2,13
,2021-04990,39.76211353,-105.0322599,1/30/2021 14:01,14:01,6,0,0,W 32ND AVE & N JULIAN ST,1,1,0,0,1,4,0,0,30,0,0,0,0,0,4,2,16
,2021-04991,39.68587354,-105.0250399,1/26/2021 11:40,11:40,3,0,0,1700 BLK S FEDERAL BLVD & W MEXICO AVE,9,1,1,2,1,2,0,0,35,0,0,0,0,0,2,2,7
,2021-04992,39.65317355,-105.0552899,1/30/2021 1:55,1:55,5,0,0,5900 BLK W HAMPDEN AVE & S SHERIDAN BLVD,1,4,1,0,2,4,0,0,65,0,0,0,0,0,2,1,2
,2021-04993,39.72908353,-104.9671299,1/26/2021 15:30,15:30,10,0,0,E 8TH AVE & N GILPIN ST,9,1,0,2,1,3,0,0,25,0,0,0,0,0,4,2,3
,2021-04994,39.79274415,-104.8794386,1/26/2021 19:03,19:03,3,0,0,E 52ND AVE & N FAIRPLAY ST,9,4,0,2,1,1,0,0,25,0,0,0,0,0,4,2,13
,2021-04995,39.76832353,-104.9949599,1/30/2021 13:29,13:29,12,0,0,I-25 SB & PARK AVE W,1,1,0,0,1,4,0,0,65,0,0,0,0,1,1,2,13
,2021-04996,39.78572352,-104.8830599,1/29/2021 15:00,15:00,12,0,1,N CENTRAL PARK BLVD & E NORTHFIELD BLVD,1,1,0,0,1,4,0,0,40,0,0,0,0,2,4,2,13