id,drcog_id,latitude,longitude,crashtime,time,crashtype,numbkilled,numbinjurd,drcoglocat,rdconditin,lightngcon,roadcntgrd,weatherco,location,roaddescrp,schoolzone,constrzone,splimit,bikeinv,pedinv,sctrinv,motoinv,svrty,rdsystem,ttlvehcls,hcf
,2021-04997,39.77288352,-104.9406289,1/29/2021 16:49,16:49,1,0,0,N COLORADO BLVD & E 40TH AVE,1,2,0,0,1,1,0,0,35,0,0,0,0,0,2,2,13
,2021-04998,39.63323354,-104.9063099,1/27/2021 0:52,0:52,5,0,0,I-225 SB & I-25 NB / SB SPIT [GORE PT],10,3,1,2,2,4,0,0,,0,0,0,0,0,1,2,16
,2021-04999,39.74695453,-104.9733394,1/27/2021 8:15,8:15,12,0,0,SPEER BLVD & N DOWNING ST,4,1,1,0,1,4,0,0,35,0,0,0,0,0,4,2,13
,2021-05000,39.72342354,-105.0251199,1/29/2021 20:24,20:24,15,0,0,500 BLK N FEDERAL BLVD & 6TH AVE EB ENT RAMP,1,3,0,7,1,3,0,0,40,0,0,0,0,0,2,2,13
,2021-05001,39.65311154,-104.8988149,1/29/2021 18:49,18:49,1,0,0,S TAMARAC DR & E HAMPDEN AVE,1,4,0,0,1,1,0,0,40,0,0,0,0,0,2,2,13
,2021-05003,39.75512353,-105.0127099,1/26/2021 13:53,13:53,12,0,0,I-25 NB & WB SPEER BLVD ENT RAMP [GORE PT],4,1,0,2,1,8,0,0,35,0,0,0,0,1,1,2,13
,2021-05004,39.71819353,-104.9732199,1/26/2021 23:15,23:15,5,0,0,E SPEER BLVD & N DOWNING ST,4,3,0,0,2,4,0,0,35,0,0,0,0,0,4,1,7
,2021-05005,39.70781353,-104.8855264,1/27/2021 6:00,6:00,5,0,0,ALAMEDA AVE & 8701 E,4,4,0,2,3,7,0,0,35,0,0,0,0,1,4,1,16
,2021-05006,39.75471702,-104.8522894,1/29/2021 17:07,17:07,6,0,0,E 26TH PL & NEWARK CT,1,2,0,0,1,4,0,0,30,0,0,0,0,0,4,2,16
,2021-05007,39.77939353,-104.9791399,1/26/2021 14:10,14:10,15,0,0,I-70 EB & N WASHINGTON ST,9,1,0,2,1,4,0,0,55,0,0,0,0,0,1,2,13
,2021-05008,39.78313353,-105.0064099,1/26/2021 14:12,14:12,5,0,0,I-70 EB & N PECOS ST ENT [GORE PT],9,1,0,2,3,4,0,0,55,0,0,0,0,0,1,1,7
,2021-05009,39.66761354,-104.9257499,1/27/2021 7:10,7:10,5,0,0,I-25 SB & E YALE AVE,4,2,0,0,3,4,0,0,65,0,0,0,0,0,1,1,13
,2021-05010,39.69670754,-104.9929099,1/27/2021 0:22,0:22,3,0,0,S PLATTE RIVER DR & W MISSISSIPPI AVE,9,3,0,2,1,1,0,0,45,0,0,0,0,0,4,2,13
,2021-05011,39.78198351,-104.81183,1/30/2021 18:00,18:00,6,0,0,15100 BLK E 50TH AVE & N GRANBY ST,1,3,0,0,1,4,0,0,25,0,0,0,0,0,4,2,16
,2021-05012,39.78236631,-104.8470065,1/30/2021 12:43,12:43,1,0,0,12100 BLK E ALBROOK DR & N PEORIA ST,1,1,0,0,1,1,0,0,25,0,0,0,0,0,4,2,13
,2021-05014,39.70665354,-104.9965899,1/30/2021 10:46,10:46,12,0,0,I-25 NB & S SANTA FE DR ENT RAMP [GORE PT],1,1,1,0,1,4,0,0,65,0,0,0,0,0,1,2,13
,2021-05015,39.74018653,-104.9407414,1/29/2021 18:34,18:34,12,0,0,WB E COLFAX AVE & N COLORADO BLVD,1,1,0,0,1,3,0,0,35,0,0,0,0,0,2,2,13
,2021-05016,39.74018653,-104.9407414,1/26/2021 13:30,13:30,12,0,0,N COLORADO BLVD & E COLFAX AVE,9,1,0,2,1,3,0,0,35,0,0,0,0,0,2,2,3
,2021-05017,39.77565353,-105.0532299,1/27/2021 6:40,6:40,5,0,0,4300 BLK N SHERIDAN BLVD & W 44TH AVE,4,1,0,0,3,4,0,0,35,0,0,0,0,0,2,1,13
,2021-05022,39.69648353,-104.8741399,1/26/2021 15:44,15:44,5,0,0,9800 BLK E MISSISSIPPI AVE & S ELMIRA ST,9,3,0,2,3,4,0,0,40,0,0,0,0,1,4,1,7
,2021-05023,39.77483002,-104.8471076,1/28/2021 7:15,7:15,15,0,0,N PEORIA ST & I-70 EB OFF RAMP,1,1,0,0,1,1,0,0,35,0,0,0,0,0,4,2,13
,2021-05024,39.71133354,-105.0532399,1/30/2021 14:27,14:27,1,0,0,W ALAMEDA AVE & S SHERIDAN BLVD,1,1,0,0,1,2,0,0,30,0,0,0,1,1,2,2,13
,2021-05027,39.73647353,-104.9383899,1/28/2021 19:10,19:10,5,0,0,E 13TH AVE & N ASH ST,7,3,0,0,2,4,0,0,25,0,0,0,0,0,4,1,7
,2021-05030,39.71126353,-104.9339299,1/26/2021 17:30,17:30,12,0,0,E ALAMEDA AVE & S CHERRY ST,9,3,0,2,1,3,0,0,25,0,0,0,0,0,4,2,3
,2021-05031,39.67474353,-104.8752899,1/26/2021 18:40,18:40,3,0,0,E ILIFF AVE & S DAYTON WAY,9,3,0,2,1,3,0,0,25,0,0,0,0,0,4,2,3
,2021-05037,39.69648353,-104.8741399,1/26/2021 15:43,15:43,5,0,0,9800 BLK E MISSISSIPPI AVE & S ELMIRA ST,9,3,0,2,3,4,0,0,40,0,0,0,0,0,4,1,1
,2021-05045,39.73461153,-105.1124398,1/26/2021 18:45,18:45,6,0,0,N YATES ST & W 12TH AVE,9,2,1,2,1,4,0,0,25,0,0,0,0,0,4,2,7
,2021-05663,39.72563353,-104.9874244,2/6/2021 10:00,10:00,12,0,0,W 6TH AVE & N BROADWAY ST,1,1,0,0,1,1,0,0,30,0,0,0,0,0,4,2,5
,2021-05704,39.76111353,-105.0104899,2/16/2021 10:15,10:15,6,0,0,1700 BLK ERIE ST & W 18TH ST,4,1,1,0,1,4,0,0,25,0,0,0,0,0,4,2,16
,2021-05713,39.72687353,-104.9406899,2/16/2021 11:40,11:40,3,0,0,E 7TH AVE & N COLORADO BLVD,1,1,0,0,1,1,0,0,35,0,0,0,0,1,2,2,13
,2021-05722,39.77420352,-104.8470299,2/16/2021 7:50,7:50,12,0,0,I-70 WB & N PEORIA ST,1,1,0,0,1,4,0,0,65,0,0,0,0,1,1,2,13
,2021-05725,39.72570353,-104.9985599,2/16/2021 13:01,13:01,12,0,0,W 6TH AVE & N SANTA FE DR,1,1,0,0,1,4,0,0,45,0,0,0,0,1,2,3,10
,2021-05726,39.69686354,-105.0532199,2/16/2021 12:24,12:24,3,0,0,S SHERIDAN BLVD & W MISSISSIPPI AVE,1,1,1,0,1,2,0,1,35,0,0,0,0,0,2,2,3
,2021-05729,39.65431355,-105.0410199,2/16/2021 8:38,8:38,15,0,0,3700 BLK W HAMPDEN AVE & S LOWELL BLVD,1,1,0,0,1,4,0,0,55,0,0,0,0,0,2,2,13
,2021-05730,39.67854354,-104.9793499,2/16/2021 9:15,9:15,3,0,0,S WASHINGTON ST & E EVANS AVE,1,1,0,0,1,1,0,0,25,0,0,0,0,0,4,2,16
,2021-05731,39.69021353,-104.9406299,2/16/2021 10:25,10:25,12,0,0,1400 BLK S COLORADO BLVD & E FLORIDA AVE,1,1,1,0,1,4,0,0,35,0,0,0,0,0,2,2,13
,2021-05733,39.76433353,-104.9625499,2/15/2021 3:22,3:22,5,0,0,N VINE ST  (3361 BLK) & E BRUCE RANDOLPH AVE,4,3,1,2,2,4,0,0,30,0,0,0,0,0,4,1,14
,2021-05734,39.71382099,-104.9407909,2/21/2021 19:10,19:10,1,0,2,S COLORADO AVE & CHERRY CREEK DR S,1,3,0,0,1,1,0,0,40,0,0,0,0,2,4,3,8
,2021-05735,39.73608353,-105.0052499,2/16/2021 14:03,14:03,3,0,0,1200 BLK N OSAGE ST & W 13TH AVE,1,1,1,0,1,2,0,0,30,0,0,0,0,1,4,3,13
,2021-05737,39.72551353,-105.0133499,2/16/2021 9:10,9:10,12,0,0,W 6TH AVE WB & I-25 NB ENT GORE PT,1,1,0,0,1,4,0,0,65,0,0,0,0,0,2,2,13
,2021-05739,39.74090353,-105.0326899,2/16/2021 13:25,13:25,5,0,0,KING ST & 1520 N,1,1,1,0,3,5,0,0,15,0,0,0,0,0,4,1,16
,2021-05740,39.75194353,-104.9350199,2/16/2021 14:00,14:00,6,0,0,2300 BLK N CLERMONT ST & E 23RD AVE,1,1,0,0,1,4,0,0,30,0,0,0,0,0,4,2,13
,2021-05741,39.68220354,-105.0343599,2/16/2021 14:04,14:04,6,0,0,S LOWELL BLVD & W JEWELL AVE,1,1,0,0,1,4,0,0,30,0,0,0,0,0,4,2,3
,2021-05744,39.68930354,-104.9965799,2/16/2021 9:15,9:15,1,0,0,S PLATTE RIVER DR & W FLORIDA AVE,1,1,0,0,1,1,0,0,35,0,0,0,0,0,4,2,1
,2021-05746,39.66585355,-105.0664699,2/20/2021 18:35,18:35,6,0,0,2755 S KENDALL WAY & W YALE AVE,9,4,1,2,1,4,0,0,20,0,0,0,0,0,4,3,14
,2021-05748,39.75613353,-104.9797599,2/16/2021 10:05,10:05,3,0,0,27TH ST & STOUT ST,1,1,0,0,1,1,0,0,30,0,0,0,0,0,4,2,7
,2021-05750,39.77668353,-105.0299299,2/16/2021 13:54,13:54,12,1,0,W 44TH AVE & N IRVING ST,1,1,0,0,1,1,0,0,30,0,0,0,0,4,4,3,16
,2021-05751,39.67845354,-104.9324399,2/14/2021 14:00,14:00,12,0,0,4700 BLK E EVANS AVE & S DAHLIA ST,11,1,0,0,1,4,0,0,35,0,0,0,0,0,4,4,7
,2021-05752,39.72527841,-105.1417334,2/16/2021 6:00,6:00,12,0,0,W 6TH AVE & I-25,5,2,0,0,1,4,0,0,55,0,0,0,0,1,2,3,13
,2021-05753,39.68226354,-105.0250299,2/17/2021 20:09,20:09,3,0,0,S FEDERAL BLVD & W JEWELL AVE,9,3,0,2,1,3,0,0,25,0,0,0,0,0,2,3,14
,2021-05754,39.8334235,-104.7718,2/17/2021 11:02,11:02,10,0,0,N TOWER RD & PENA BLVD,1,1,0,0,1,1,0,0,45,0,0,0,0,0,4,2,8
,2021-05756,39.76575353,-104.9659399,2/14/2021 13:07,13:07,3,0,0,E 35TH AVE & N WILLIAMS ST,7,1,0,0,1,1,0,0,25,0,0,0,0,0,4,3,3
,2021-05757,39.72491813,-105.01591,2/16/2021 5:57,5:57,12,0,0,6TH AVE EB EXIT RAMP & I-25 NB / SB SPLIT GORE,1,4,0,0,1,8,0,0,65,0,0,0,0,0,1,3,14
,2021-05758,39.77362353,-104.9762899,2/17/2021 6:05,6:05,12,0,0,38TH ST & DELGANY ST,9,2,1,4,1,1,0,0,30,0,0,0,0,0,4,3,1
,2021-05759,39.72910747,-104.9861326,2/14/2021 18:01,18:01,6,0,0,000 BLK E 3RD AVE & N LINCOLN ST,9,3,1,2,1,4,0,0,30,0,0,0,0,0,4,3,5
,2021-05760,39.68939954,-104.9920549,2/16/2021 11:57,11:57,9,0,0,W FLORIDA AVE & S SANTA FE DR,1,1,0,0,1,3,0,0,30,0,0,0,0,0,2,3,14
,2021-05762,39.71652353,-104.9768999,2/7/2021 6:35,6:35,6,0,0,N EMERSON ST & E ELLSWORTH AVE,1,2,0,0,1,1,0,0,25,0,0,0,0,0,4,3,1
,2021-05764,39.75705253,-104.9928964,2/15/2021 15:14,15:14,15,0,1,PARK AVE W & WAZEE ST,1,1,0,0,1,1,0,0,30,0,0,0,0,2,4,4,14
,2021-05765,39.77663353,-105.0252099,2/17/2021 14:38,14:38,3,0,1,N FEDERAL BLVD & W 44TH AVE,1,1,1,0,1,1,0,0,35,0,0,0,0,2,2,3,13
,2021-05766,39.66748354,-104.9254699,2/16/2021 7:50,7:50,12,0,0,I-25 NB & E YALE AVE,1,1,0,0,1,4,0,0,65,0,0,0,0,0,1,3,14
,2021-05767,39.70665354,-104.9965899,2/14/2021 7:59,7:59,6,0,0,I-25 NB & S SANTA FE DR,4,1,1,2,1,4,0,0,65,0,0,0,0,0,1,2,7
,2021-05768,39.79284352,-104.9033299,2/13/2021 15:26,15:26,8,0,2,N QUEBEC ST & E 53RD PL,9,1,0,2,1,4,0,0,40,0,0,0,0,2,2,3,7
,2021-05769,39.75484353,-105.0532299,2/15/2021 12:12,12:12,3,0,0,N SHERIDAN BLVD & W 26TH AVE,1,1,1,0,1,1,0,0,35,0,0,0,0,0,2,2,13
,2021-05771,39.78184352,-104.9786299,2/14/2021 18:12,18:12,1,0,0,E 46TH AVE & N WASHINGTON ST,11,3,0,2,1,1,0,0,35,0,0,0,0,0,4,3,1
,2021-05772,39.73676353,-104.9139399,2/14/2021 22:14,22:14,6,0,0,E 13TH AVE & N LOCUST ST,9,3,0,0,3,3,0,0,30,0,0,0,0,1,4,4,10
,2021-05773,39.78260803,-104.9985394,1/27/2021 6:30,6:30,9,0,0,N FEDERAL BLVD & I-70 WB ENT / EXIT RAMPS,9,3,0,0,1,1,0,0,35,0,0,0,0,0,2,3,16
,2021-05774,39.69656353,-104.9535012,2/13/2021 19:12,19:12,12,0,1,1000 BLK S HAVANA ST & E MISSISSIPPI AVE,9,3,0,2,1,4,0,0,25,0,0,0,0,2,2,5,5
,2021-05775,39.72551353,-105.0133499,2/12/2021 15:08,15:08,12,0,0,I-25 SB & W 6TH AVE,2,1,0,0,1,4,0,0,65,0,0,0,0,0,1,3,3
,2021-05776,39.74738353,-104.9406299,2/9/2021 12:48,12:48,12,0,0,N COLORADO BLVD & E MONTVIEW BLVD,1,1,0,0,1,3,0,0,35,0,0,0,0,1,2,3,1
,2021-05777,39.78910351,-104.8190699,2/19/2021 22:00,22:00,5,0,0,N DEEPHAVEN CT & E 52ND AVE,1,3,0,0,3,4,0,0,25,0,0,0,0,0,4,1,13
,2021-05778,39.79478351,-104.80971,2/14/2021 16:45,16:45,3,0,0,N CHAMBERS RD & E MAXWELL PL,5,2,0,0,1,1,0,0,25,0,0,0,0,1,4,3,7
,2021-05779,39.7257528,-105.0153475,2/12/2021 15:55,15:55,12,0,0,I-25 NB & 6TH AVE EXIT RAMP [GORE PT],1,1,1,0,1,4,0,0,55,0,0,0,0,0,1,3,13
,2021-05780,39.74008752,-104.9034634,2/13/2021 18:00,18:00,1,0,0,E COLFAX AVE & N QUEBEC ST,9,3,0,0,1,1,0,0,35,0,0,0,0,0,2,3,13
,2021-05781,39.73660353,-105.0392999,2/14/2021 4:27,4:27,3,0,0,N PERRY ST & W 13TH AVE,4,3,0,2,1,1,0,0,25,0,0,0,0,0,4,4,13
,2021-05782,39.76482353,-104.9789599,2/14/2021 16:42,16:42,12,0,0,32ND ST & WALNUT ST,4,1,0,0,1,4,0,0,25,0,0,0,0,1,4,3,7
,2021-05783,39.65310354,-104.8968799,2/19/2021 20:49,20:49,12,0,0,8000 BLK E HAMPDEN AVE & S TAMARAC DR,1,3,1,0,1,3,0,0,45,0,0,0,0,1,2,4,5
,2021-05784,39.75436353,-105.0065399,2/13/2021 21:13,21:13,12,0,0,15TH ST & LITTLE RAVEN ST,9,3,0,2,1,4,0,0,25,0,0,0,0,0,4,3,1
,2021-05785,39.69596353,-104.9128799,2/14/2021 15:00,15:00,15,0,0,1100 BLK S MONACO ST & E MISSISSIPPI AVE,4,1,0,0,1,4,0,0,35,0,0,0,0,0,4,4,8
,2021-05786,39.76193052,-104.9027344,2/13/2021 12:30,12:30,3,0,0,E MLK BLVD & N QUEBEC ST,1,1,0,2,1,1,0,0,35,0,0,0,0,0,4,3,13
,2021-05787,39.76115353,-105.0047499,2/11/2021 17:49,17:49,12,0,0,I-25 SB EXIT RAMP & 20TH ST,1,3,1,0,1,8,0,0,55,0,0,0,0,0,1,3,3
,2021-05788,39.65488355,-105.0414699,2/20/2021 3:50,3:50,6,0,0,W HAMILTON PL & S RALEIGH ST,1,3,0,0,1,4,0,0,25,0,0,0,0,0,4,3,13
,2021-05789,39.63427354,-104.9070899,2/13/2021 8:01,8:01,12,0,0,I-25 SB EXIT RAMP TO & I-225 NB,4,1,1,2,1,8,0,0,45,0,0,0,0,0,1,3,13
,2021-05790,39.69669854,-104.9918704,2/14/2021 14:26,14:26,3,0,0,W MISSISSIPPI AVE & S SANTA FE DR,11,1,0,0,1,1,0,0,45,0,0,0,0,0,2,3,7
,2021-05791,39.71110353,-104.9792099,1/20/2021 19:52,19:52,6,0,0,S WASHINGTON ST & E ALAMEDA AVE,1,4,0,0,1,4,0,0,30,0,0,0,0,0,4,4,2
,2021-05793,39.67862654,-105.0249814,2/13/2021 16:21,16:21,8,0,0,S FEDERAL BLVD & W EVANS AVE,4,1,0,2,1,3,0,0,40,0,0,0,0,0,2,3,5
,2021-05794,39.83230305,-104.9834911,2/20/2021 13:11,13:11,12,0,0,I-25 SB & 6TH AVE EB EXIT [GORE PT],1,1,1,0,1,4,0,0,55,0,0,0,0,0,1,4,13
,2021-05861,39.74327353,-104.9461999,1/19/2021 14:48,14:48,6,0,0,N MADISON ST & 1672 BLK,1,1,0,0,1,4,0,0,25,0,0,0,0,0,4,2,1
,2021-05863,39.72027353,-104.9035299,2/6/2021 15:13,15:13,11,0,1,E 2ND AVE & N QUEBEC ST,1,1,0,0,1,1,0,0,35,0,1,0,0,3,4,1,13
,2021-05865,39.65305354,-104.88141,2/8/2021 19:03,19:03,11,1,0,E HAMPDEN AVE & S ARKON ST,1,3,0,0,1,1,0,0,0,0,1,0,0,4,2,1,16
,2021-05894,39.75629353,-105.0158299,2/13/2021 15:00,15:00,10,0,0,N ZUNI ST & N SPEER BLVD,11,1,0,2,1,1,0,0,30,0,0,0,0,0,4,2,9
,2021-05928,39.69670754,-104.9929099,2/6/2021 1:24,1:24,3,0,0,W MISSISSIPPI AVE & S PLATTE RIVER DR,1,3,0,0,1,1,0,0,45,0,0,0,0,0,2,2,13
,2021-05932,39.73384354,-105.0321399,2/17/2021 18:00,18:00,6,0,0,1000 BLK N KNOX CT & W 10TH AVE,9,2,1,2,1,2,0,0,30,0,0,0,0,0,4,2,16
,2021-05934,39.77829352,-104.9035599,2/3/2021 11:04,11:04,15,1,2,I-70 & EB ON RAMP FROM QUEBEC ST,1,1,1,0,1,4,0,1,55,0,0,0,0,4,1,3,7
,2021-05935,39.78020353,-104.9891799,2/4/2021 16:30,16:30,12,0,0,I-25 NB & I-70 WB,1,1,0,0,1,4,0,0,55,0,0,0,0,0,1,2,1
,2021-05936,39.72558354,-105.0249099,2/18/2021 5:04,5:04,5,0,0,W 6TH AVE & EB EXIT GORE PT TO BRYANT ST,7,3,0,2,3,4,0,0,55,0,0,0,0,0,2,1,3
,2021-05937,39.83795469,-104.6929198,2/21/2021 16:20,16:20,12,0,1,N JACKSON GAP ST & E 78TH AVE,1,1,0,0,1,1,0,0,,0,0,0,0,2,4,2,16
,2021-05938,39.63323354,-104.9063099,2/10/2021 14:00,14:00,12,0,0,I-225 SB & I-25 NB / SB RAMP SPLIT,1,1,0,0,1,4,0,0,65,0,0,0,0,0,1,2,1
,2021-05940,39.63770354,-104.9098499,2/12/2021 8:57,8:57,5,0,0,I-225 NB ON RAMP & I-25 SB EXIT [GORE PT],1,1,1,2,2,8,0,0,55,0,0,0,0,0,1,1,14
,2021-05941,39.77702352,-104.8829699,2/6/2021 20:30,20:30,12,0,0,I-270 EB & N CENTRAL PARK BLVD,1,4,0,0,1,4,0,0,55,0,0,0,0,0,1,2,3
,2021-05942,39.69114354,-104.9593299,1/27/2021 15:40,15:40,12,0,0,S UNIVERSITY BLVD & E ARKANSAS AVE,1,1,0,0,1,4,0,0,35,0,0,0,0,0,4,2,14
,2021-05943,39.74832353,-104.9950599,2/18/2021 0:33,0:33,6,0,0,1600 BLK ARAPAHOE ST & 17TH ST,10,3,0,2,1,4,0,0,30,0,0,0,0,0,4,2,1
,2021-05945,39.8334535,-104.69293,2/21/2021 19:00,19:00,1,0,0,N JACKSON GAP ST & PENA BLVD INBOUND,1,3,0,0,1,1,0,0,35,0,0,0,0,0,4,2,13
,2021-05946,39.76785723,-104.9947166,2/21/2021 4:33,4:33,5,0,0,I-25 NB EXIT RAMP [LOOP] & 38TH AVE / PARK AVE,4,3,0,0,3,8,0,0,45,0,0,0,0,0,1,1,7
,2021-05948,39.76198353,-104.9597399,2/16/2021 15:20,15:20,3,0,0,N YORK ST & E MLK BLVD,1,1,0,0,1,1,0,0,30,0,0,0,0,1,4,2,13
,2021-05949,39.62369894,-104.9008945,3/1/2021 0:01,0:01,5,0,0,I-25 NB OFF RAMP TO & BELLEVIEW AVE E,1,3,0,0,3,8,0,0,65,0,0,0,0,0,1,1,5
,2021-05950,39.69756354,-104.9926999,2/15/2021 13:32,13:32,15,0,0,PLATTE RIVER DR 900 BLK S & W TENNESSEE AVE,1,1,0,0,1,4,0,0,35,0,0,0,0,0,2,2,13
,2021-05952,39.80181351,-104.76747,2/15/2021 20:05,20:05,3,0,0,N BISCAY ST & E 58TH AVE,4,3,0,2,1,1,0,0,25,0,0,0,0,1,4,2,13
,2021-05953,39.72091353,-105.0001699,2/15/2021 14:45,14:45,12,0,0,N KALAMATH ST & W 3RD AVE,1,1,0,0,1,3,0,0,35,0,0,0,0,0,4,2,3
,2021-05955,39.75165353,-105.0247999,2/15/2021 20:29,20:29,5,0,0,N FEDERAL BLVD & 2324 BLK (APPROX),4,3,1,0,2,1,0,0,10,0,0,0,0,0,4,1,14
,2021-05956,39.77713352,-104.8829699,2/16/2021 14:29,14:29,15,0,0,I-70 EB & N CENTRAL PARK BLVD,1,1,0,0,1,4,0,0,55,0,0,0,0,0,1,2,7
,2021-05957,39.88646554,-105.0166246,2/20/2021 22:59,22:59,5,0,0,W 6TH AVE & N BRYANT ST EXIT RAMP [GORE PT],9,4,0,0,3,4,0,0,55,0,0,0,0,0,2,1,5
,2021-05958,39.72583823,-105.0128791,2/16/2021 6:34,6:34,5,0,0,I-25 NB FLYOVER RAMP & I-25 NB / SB SPLIT GORE,4,1,1,0,3,8,0,0,55,0,0,0,0,0,1,1,13
,2021-05959,39.72553353,-105.0131199,2/16/2021 6:24,6:24,12,0,0,6TH AVE EB EXIT RAMP & I-25 NB / SB SPLIT GORE,11,2,1,0,1,8,0,0,55,0,0,0,0,1,1,2,13
,2021-05960,39.74033353,-105.0393099,2/16/2021 19:01,19:01,1,0,0,W COLFAX AVE & N PERRY ST,1,3,0,0,1,1,0,0,35,0,0,0,0,0,2,2,16
,2021-05961,39.74878353,-105.0299499,2/16/2021 17:26,17:26,3,0,0,N IRVING ST & W 21ST AVE,1,1,0,0,1,1,0,0,25,0,0,0,0,0,4,2,16
,2021-05962,39.62378354,-104.9016999,2/21/2021 3:50,3:50,5,0,1,I-25 SB & E BELLEVIEW AVE,5,3,0,0,2,4,0,0,65,0,0,0,0,1,1,1,8
,2021-05964,39.66027353,-104.86632,2/16/2021 17:50,17:50,12,0,0,S HAVANA ST & E DARTMOUTH AVE,1,1,0,0,1,1,0,0,45,0,0,0,0,0,2,2,13
,2021-05965,39.71133354,-105.0532399,1/30/2021 14:51,14:51,12,0,0,W ALAMEDA AVE & S SHERIDAN BLVD,1,1,1,0,1,4,0,0,35,0,0,0,0,0,4,2,16
,2021-05966,39.67291354,-105.0298299,2/15/2021 18:39,18:39,3,0,0,W HARVARD AVE & S IRVING ST,1,3,0,0,1,1,0,0,25,0,0,0,0,1,4,2,13
,2021-05967,39.80181351,-104.76911,2/13/2021 15:00,15:00,6,0,0,N ARGONNE ST & E 58TH AVE,9,1,0,0,1,4,0,0,35,0,0,0,0,0,4,2,1
,2021-05968,39.76807353,-104.9948099,1/31/2021 15:25,15:25,15,0,2,I-25 NB & PARK AVE,1,1,0,0,1,4,0,0,55,0,0,0,1,3,1,2,3
,2021-05970,39.69045354,-104.9928099,2/15/2021 18:44,18:44,15,0,0,1400 BLK S SANTA FE DR & W FLORIDA AVE,1,1,0,0,1,2,0,0,45,0,0,0,0,1,2,2,13
,2021-05971,39.72091353,-105.0001699,2/15/2021 16:00,16:00,15,0,0,N KALAMATH ST & W 3RD AVE,1,1,0,0,1,3,0,0,35,0,0,0,0,0,4,2,3
,2021-05972,39.71939353,-104.9546199,2/21/2021 15:10,15:10,12,0,0,2700 BLK E 2ND AVE & DETROIT ST,1,1,0,0,1,4,0,0,25,0,0,0,0,0,4,2,5
,2021-05973,39.72026354,-105.0250999,2/1/2021 13:20,13:20,15,0,0,N FEDERAL BLVD & W 2ND AVE,1,1,0,0,1,1,0,0,35,0,0,0,0,0,2,3,9
,2021-05974,39.68942354,-105.0343699,2/3/2021 1:27,1:27,6,0,0,S LOWELL BLVD & W FLORIDA AVE,1,3,0,0,1,4,0,0,,0,0,0,0,0,4,2,16
,2021-05975,39.69356354,-104.9792499,2/16/2021 8:00,8:00,14,0,0,S WASHINGTON ST & E BUCHTEL BLVD,1,1,0,0,1,3,0,0,25,0,0,0,0,0,4,2,13
,2021-05976,39.75229353,-105.0038599,2/20/2021 23:07,23:07,5,0,0,15TH ST & DELGANY ST,9,3,0,2,3,1,0,0,35,0,0,0,0,0,4,1,5
,2021-05977,39.66212354,-105.0168799,2/15/2021 10:14,10:14,6,0,0,2500 BLK W CORNELL AVE & S BRYANT ST,4,1,1,0,1,4,0,0,25,0,0,0,0,0,4,2,16
,2021-05978,39.73848354,-105.0509399,2/16/2021 7:40,7:40,3,0,0,W 14TH AVE & N YATES ST,1,1,0,0,1,1,0,0,30,0,0,0,0,0,4,2,7
,2021-05980,39.79353352,-104.8894799,2/16/2021 7:00,7:00,5,0,0,N VERBENA ST & E PRAIRIE MEADOW DR,4,1,0,0,3,4,0,0,25,0,0,0,0,0,4,1,5
,2021-05981,39.75923353,-104.9350099,2/19/2021 11:40,11:40,6,0,0,2900 BLK N CLERMONT ST & 29TH AVE,1,1,0,0,1,4,0,0,35,0,0,0,0,0,4,2,16
,2021-05983,39.65328354,-104.9347899,2/15/2021 22:18,22:18,5,0,0,S CLERMONT ST & HAMPDEN AVE,1,3,1,0,2,3,0,0,35,0,0,0,0,0,2,1,6
,2021-05984,39.67472053,-104.8707799,1/24/2021 0:42,0:42,12,0,0,E ILIFF AVE & S PARKER RD,1,3,0,0,1,3,0,0,35,0,0,0,0,0,2,2,9
,2021-05986,39.72750354,-105.0251299,2/17/2021 15:47,15:47,10,0,0,FEDERAL BLVD & 707 BLK (APPROX),9,1,0,2,1,2,0,0,35,0,0,0,0,0,2,2,8
,2021-05987,39.65950354,-105.0267299,1/2/2021 16:00,16:00,12,0,0,DARTMOUTH AVE 3100 BLK W & S SHERIDAN BLVD,1,1,0,0,1,3,0,0,25,0,0,0,0,0,2,2,1
,2021-05988,39.65564355,-105.0531999,2/13/2021 16:48,16:48,3,0,1,S SHERIDAN BLVD & 3100 BLK,1,1,0,0,1,2,0,0,25,0,0,0,0,2,2,2,3
,2021-05989,39.73888353,-104.9713999,1/30/2021 18:30,18:30,14,0,0,1100 BLK N MARION ST & E 11TH AVE,1,4,0,0,1,4,0,0,25,0,0,0,0,0,4,2,14
,2021-05990,39.74693353,-104.9597699,2/17/2021 14:00,14:00,3,0,0,N YORK ST & E 20TH AVE,1,1,0,0,1,1,0,0,25,0,0,0,0,0,4,2,8
,2021-05991,39.82976428,-104.692964,2/10/2021 22:27,22:27,1,0,0,7600 BLK JACKSON GAP ST & PENA BLVD,1,3,0,0,1,1,0,0,,0,0,0,0,0,4,2,13
,2021-05992,39.66458354,-105.0344999,2/17/2021 19:30,19:30,5,0,0,2700 BLK S LOWELL BLVD & S OSCEOLA WAY,9,3,1,2,3,3,0,0,25,0,0,0,0,0,4,1,14