id,drcog_id,latitude,longitude,crashtime,time,crashtype,numbkilled,numbinjurd,drcoglocat,rdconditin,lightngcon,roadcntgrd,weatherco,location,roaddescrp,schoolzone,constrzone,splimit,bikeinv,pedinv,sctrinv,motoinv,svrty,rdsystem,ttlvehcls,hcf
,2021-05993,39.8427335,-104.67716,2/14/2021 7:46,7:46,5,0,0,8000 BLK PENA BLVD & E 81ST AVE,5,1,0,0,2,4,0,0,45,0,0,0,0,0,4,1,7
,2021-05994,39.74323353,-104.9708999,2/10/2021 9:24,9:24,3,0,0,E 17TH AVE & N LAFAYETTE ST,1,1,0,0,1,1,0,0,30,0,0,0,0,0,4,2,8
,2021-05995,39.73842353,-104.9873999,2/13/2021 12:10,12:10,12,0,0,N BROADWAY ST & E 14TH AVE,1,1,0,0,1,1,0,0,30,0,0,0,0,0,4,2,13
,2021-05997,39.74923353,-104.9645599,1/27/2021 6:30,6:30,15,0,0,E 22ND AVE / PARK AVE W (1900 BLK) & WEWATTA ST / DELGANEY ST,4,2,1,2,1,3,0,0,35,0,0,0,0,0,4,2,13
,2021-05998,39.78260803,-104.9985394,2/13/2021 11:11,11:11,15,0,0,I-70 WB & N BRIGHTON ST,4,1,0,2,1,4,0,0,55,0,0,0,0,1,1,2,13
,2021-05999,39.70821042,-104.9593232,2/13/2021 14:05,14:05,10,0,0,E SPEER BLVD & S UNIVERSITY BLVD,9,1,0,2,1,1,0,0,35,0,0,0,0,0,4,2,13
,2021-06000,39.68932354,-104.9812999,1/8/2021 20:10,20:10,6,0,0,500 BLOCK E FLORIDA AVE & S PEARL ST,1,3,0,4,1,4,0,0,25,0,0,0,0,0,4,2,16
,2021-06001,39.72527841,-105.1417334,2/14/2021 20:50,20:50,15,0,0,I-25 SB & W 6TH AVE,4,3,1,0,1,4,0,0,60,0,0,0,0,0,1,2,1
,2021-06004,39.75966353,-105.0017699,2/17/2021 21:05,21:05,14,0,0,20TH ST & LITTLE RAVEN ST,9,3,0,2,1,1,0,0,35,0,0,0,0,0,4,2,7
,2021-06005,39.75106244,-104.9781184,2/17/2021 12:49,12:49,15,0,0,I-70 EB & N WASHINGTON ST ENT RAMP [GORE PT],1,1,1,0,1,4,0,0,55,0,0,0,0,0,1,2,13
,2021-06007,39.74765353,-105.0024799,2/14/2021 20:27,20:27,3,0,0,N SPEER BLCD & AURARIA PKWY,11,3,0,2,1,1,0,0,35,0,0,0,0,0,4,2,13
,2021-06014,39.84172452,-104.9810961,2/13/2021 21:50,21:50,5,0,0,80TH AVE & TITUS CT,5,3,0,2,3,1,0,0,45,0,0,0,0,0,4,1,7
,2021-06016,39.76601353,-104.9756999,1/23/2021 14:43,14:43,1,0,2,LARIMER ST & 34TH ST,1,1,0,0,1,1,0,0,30,0,0,0,0,2,4,2,8
,2021-06018,39.66769354,-105.0377599,2/17/2021 18:35,18:35,3,0,0,W YALE AVE & S OSCEOLA ST,9,3,0,2,1,1,0,0,25,0,0,0,0,1,4,2,1
,2021-06019,39.74751353,-104.9871999,2/6/2021 15:30,15:30,3,0,0,E 20TH AVE & WELTON ST,1,1,0,0,1,1,0,0,35,0,0,0,0,1,4,2,14
,2021-06020,39.73998353,-104.9628399,2/6/2021 13:30,13:30,6,0,0,2000 BLK E COLFAX AVE & N VINE ST,1,1,0,0,1,5,0,0,35,0,0,0,0,0,2,2,14
,2021-06021,39.74197353,-105.0145799,2/16/2021 15:58,15:58,12,0,0,I-25 NB & AURARIA PKWY,1,1,0,0,1,4,0,0,55,0,0,0,0,0,1,2,3
,2021-06022,39.77567353,-104.9786499,2/17/2021 16:31,16:31,9,0,0,N WASHINGTON ST & 38TH ST,1,1,1,2,1,4,0,0,35,0,0,0,0,0,4,1,16
,2021-06023,39.78485353,-105.0531999,2/17/2021 19:33,19:33,8,0,0,N SHERIDAN BLVD & 4800 BLK,9,3,0,2,6,4,0,0,35,0,0,0,0,1,2,2,13
,2021-06024,39.77798353,-105.0064299,2/16/2021 17:10,17:10,15,0,0,PECOS ST & 4500 BLK N,1,1,0,0,1,4,0,0,30,0,0,0,0,0,4,2,16
,2021-06025,39.76404353,-104.9947099,1/31/2021 6:37,6:37,15,0,0,3300 BLK PARK AVE & GLOBEVILLE RD,1,3,1,0,1,4,0,0,35,0,0,0,0,0,4,2,5
,2021-06027,39.76005352,-104.9242899,1/29/2021 4:00,4:00,5,0,0,N GRAPE ST (2990 BLK) & 30TH AVE E,1,2,0,0,2,4,0,0,35,0,0,0,0,0,4,1,1
,2021-06028,39.72553353,-105.0131199,2/11/2021 6:24,6:24,5,0,0,I-25 NB & W 6TH AVE,4,3,0,0,2,4,0,0,55,0,0,0,0,0,1,1,5
,2021-06032,39.71120354,-104.9991199,1/31/2021 18:28,18:28,15,0,0,I-25 SB & W ALAMEDA AVE,1,3,1,0,1,4,0,0,55,0,0,0,0,0,1,2,5
,2021-06033,39.63323354,-104.9063099,1/31/2021 12:20,12:20,12,0,0,I-225 SB & I-25 NB,1,1,0,0,1,4,0,0,55,0,0,0,0,1,1,2,7
,2021-06034,39.76094353,-105.0043199,1/29/2021 13:10,13:10,5,0,0,I-25 NB & 20TH ST,1,1,1,0,1,4,0,0,55,0,0,0,0,0,1,2,16
,2021-06036,39.71493254,-105.0579712,2/15/2021 11:14,11:14,5,0,0,S GROVE ST & W BAYAUD AVE,4,1,1,0,2,4,0,0,25,0,0,0,0,0,4,1,16
,2021-06037,39.70039754,-105.0250714,2/21/2021 15:00,15:00,10,0,0,W KENTUCKY AVE & S FEDERAL BLVD,1,1,0,0,1,2,0,0,25,0,0,0,0,0,4,2,1
,2021-06038,39.74943353,-104.9832199,2/10/2021 8:18,8:18,6,0,0,22ND ST & GLENARM PL,9,1,0,2,1,4,0,0,25,0,0,0,0,0,4,2,14
,2021-06039,39.72040354,-105.0532599,2/11/2021 22:09,22:09,5,0,0,N SHERIDAN BLVD & W 2ND AVE,11,3,0,2,3,4,0,0,35,0,0,0,0,0,2,1,5
,2021-06040,39.73687353,-105.0052499,2/16/2021 17:00,17:00,3,0,0,W 13TH AVE & N OSAGE ST,1,1,0,0,1,1,0,0,30,0,0,0,0,0,4,2,13
,2021-06041,39.73753353,-105.0392999,2/21/2021 18:34,18:34,6,0,0,PERRY ST & 1300 BLK N,1,4,1,0,1,4,0,0,25,0,0,0,0,0,4,2,16
,2021-06042,39.74590037,-104.976182,2/21/2021 11:45,11:45,12,0,0,PARK AVE & 3500 BLK,1,1,0,0,1,4,0,0,35,0,0,0,0,0,4,2,7
,2021-06043,39.69209354,-104.9862599,2/21/2021 9:30,9:30,6,0,0,1300 BLK S LINCOLN ST & W LOUISIANA AVE,4,1,0,0,1,4,0,0,25,0,0,0,0,0,4,2,16
,2021-06044,39.76978353,-104.9691499,2/9/2021 16:30,16:30,6,0,0,HUMBOLDT ST & 3800 BLK N,1,1,0,0,1,4,0,0,25,0,0,0,0,0,4,2,16
,2021-06045,39.75788103,-104.9966649,2/21/2021 11:15,11:15,15,0,0,PARK AVE W & DELGANY ST,1,1,0,0,1,1,0,0,30,0,0,0,0,0,4,2,8
,2021-06047,39.63692875,-104.8899084,2/12/2021 12:36,12:36,12,0,1,I-25 NB & I-225 NB /  EB RAMP [DIRECT CONNECT],1,1,0,0,1,4,0,0,45,0,0,0,0,1,1,2,13
,2021-06049,39.68513354,-104.9589499,2/21/2021 14:49,14:49,12,0,0,I-25 NB OFF RAMP & S UNIVERSITY BLVD,4,1,1,0,1,8,0,0,35,0,0,0,0,0,1,2,13
,2021-06050,39.78195352,-104.9570199,2/21/2021 0:18,0:18,6,0,0,N COLUMBINE ST & E 47TH AVE,1,3,0,0,1,4,0,0,25,0,0,0,0,0,4,2,7
,2021-06051,39.69058364,-104.9733042,2/21/2021 9:08,9:08,12,0,0,I-25 NB OFF RAMP & UNIVERSITY BLVD S,4,1,0,0,1,8,0,0,45,0,0,0,0,0,1,2,7
,2021-06052,39.78366565,-104.7577423,2/8/2021 19:45,19:45,12,0,0,4700 BLK INBOUND PENA BLVD & GREEN VALLEY RANCH BLVD,1,3,0,0,1,4,0,0,35,0,0,0,0,0,4,2,5
,2021-06053,39.77315352,-104.9405399,1/27/2021 17:05,17:05,12,0,0,N COLORADO BLVD & E 40TH AVE,1,2,0,0,1,1,0,0,40,0,0,0,0,0,2,2,14
,2021-06054,39.74018653,-104.9011099,2/17/2021 14:42,14:42,12,0,1,WB E COLFAX AVE & N ROSLYN ST,1,1,0,0,1,4,0,0,35,0,0,0,0,1,2,2,13
,2021-06055,39.79101351,-104.79614,2/21/2021 18:14,18:14,3,0,0,E 53RD AVE & N MEMPHIS ST,1,2,0,0,1,1,0,0,25,0,0,0,0,0,4,2,1
,2021-06056,39.73842353,-104.9810599,2/17/2021 14:07,14:07,15,0,0,500 BLK E 14TH AVE & N PENNSYLVANIA ST,1,1,0,0,1,4,0,0,30,0,0,0,0,1,4,2,8
,2021-06057,39.77908352,-104.8863099,2/15/2021 10:19,10:19,14,0,0,N XENIA ST & E 45TH AVE,9,1,0,2,1,4,0,0,25,0,0,0,0,0,4,2,7
,2021-06058,39.69293353,-104.9406199,2/15/2021 0:00,0:00,5,0,0,S COLORADO BLVD & E LOUISIANA AVE,4,3,0,0,2,2,0,0,35,0,0,0,0,0,2,1,7
,2021-06059,39.66049354,-105.0251499,2/21/2021 15:04,15:04,3,0,0,W DARTMOUTH AVE & S FEDERAL BLVD,11,1,0,0,1,2,0,0,,0,0,0,0,0,2,2,14
,2021-06060,39.75948353,-104.9671799,2/21/2021 16:00,16:00,6,0,0,E 30TH AVE & N GILPIN ST,1,1,0,0,1,4,0,0,,0,0,0,0,0,4,2,16
,2021-06061,39.72085353,-104.9787399,2/8/2021 3:35,3:35,5,0,0,E SPEER BLVD & N WASHINGTON ST,1,3,0,0,3,4,0,0,30,0,0,0,0,0,4,1,5
,2021-06062,39.78422353,-105.0251799,2/21/2021 15:28,15:28,15,0,0,I-70 EB & N FEDERAL BLVD ENT RAMP [GORE PT],1,1,0,0,1,8,0,0,65,0,0,0,0,0,1,2,7
,2021-06063,39.68930954,-104.9407324,2/3/2021 10:17,10:17,12,0,0,S COLORADO BLVD & E FLORIDA AVE,1,1,0,0,1,4,0,0,35,0,0,0,0,1,2,2,5
,2021-06070,39.76832353,-104.9949599,2/12/2021 8:29,8:29,5,0,0,I-25 SB EXIT RAMP & PARK AVE RAMP OVERPASS,4,1,1,2,3,8,0,0,55,0,0,0,0,0,1,1,7
,2021-06071,39.69656353,-104.9405999,2/11/2021 17:20,17:20,12,0,0,S COLORADO BLVD & E MISSISSIPPI AVE,1,1,0,0,1,3,0,0,40,0,0,0,0,0,2,2,3
,2021-06072,39.70145354,-104.9875199,2/13/2021 0:19,0:19,10,0,2,S BROADWAY ST & I-25 SB ENT RAMP,1,3,0,0,1,1,0,0,35,0,0,0,0,1,4,2,16
,2021-06073,39.79082352,-104.9414799,2/12/2021 10:00,10:00,12,0,0,N VASQUEZ E FRONTAGE RD (NOT CDOT) & E 52ND AVE,1,1,0,0,1,4,0,0,35,0,0,0,0,0,4,2,13
,2021-06074,39.78326353,-105.0064199,2/12/2021 16:00,16:00,12,0,0,I-70 EB & N PECOS ST,2,1,1,0,1,4,0,0,55,0,0,0,0,0,1,2,7
,2021-06075,39.78199352,-104.9017299,2/12/2021 9:45,9:45,15,0,0,N NORTHFIELD QUEBEC ST & N SAND CREEK RD,1,1,0,0,1,1,0,1,25,0,0,0,0,0,2,2,8
,2021-06076,39.72645353,-104.9874199,2/12/2021 13:17,13:17,12,0,0,600 BLK N BROADWAY ST & W 6TH AVE,1,1,0,0,1,4,0,0,30,0,0,0,0,0,4,2,3
,2021-06077,39.79840751,-104.7872825,2/12/2021 17:52,17:52,12,0,0,E 56TH AVE & N PENA BLVD INBOUND,1,2,0,0,1,4,0,0,45,0,0,0,0,0,4,2,13
,2021-06078,39.72582354,-105.0438499,1/26/2021 17:27,17:27,5,0,0,W 6TH AVE FRONTAGE RD & N TENNYSON ST,9,2,0,2,3,3,0,0,10,0,0,0,0,0,4,1,13
,2021-06082,39.69930354,-104.9754099,1/26/2021 3:00,3:00,6,0,0,OGDEN ST & 950 S,10,3,0,2,1,4,0,0,25,0,0,0,0,0,4,2,13
,2021-06083,39.72549854,-105.0394624,2/10/2021 7:00,7:00,12,0,0,W 6TH AVE & N PERRY ST,1,1,1,0,1,4,0,0,55,0,0,0,0,0,2,2,3
,2021-06084,39.78610352,-104.9664499,2/10/2021 15:00,15:00,5,0,0,4900 BLK N BRIGHTON BLVD & E 48TH AVE,1,1,0,0,3,4,0,0,30,0,0,0,0,0,4,1,2
,2021-06085,39.74849353,-105.0032099,2/10/2021 15:54,15:54,8,0,1,AURARIA PKWY & N SPEER BLVD,1,1,0,0,1,1,0,0,35,0,0,0,0,2,4,2,3
,2021-06093,39.70665354,-104.9965899,2/10/2021 15:48,15:48,12,0,0,I-25 NB & S SANTA FE DR,1,1,0,0,1,4,0,0,55,0,0,0,0,0,1,2,13
,2021-06095,39.65118555,-105.0839179,2/12/2021 18:18,18:18,3,0,0,W HAMPDEN S FRONTAGE RD & S HARLAN ST,1,3,0,0,1,1,0,0,25,0,0,0,0,0,4,2,1
,2021-06096,39.68227354,-105.0520999,2/19/2021 0:42,0:42,3,0,2,W JEWELL AVE & S ZENOBIA ST,1,3,0,0,1,1,0,0,30,0,0,0,0,2,4,2,16
,2021-06097,39.71348354,-104.9982699,1/22/2021 2:19,2:19,5,0,0,S SANTA FE DR & W CEDAR AVE,1,3,0,0,2,1,0,0,35,0,0,0,0,0,4,1,5
,2021-06098,39.73593353,-104.9450699,2/19/2021 11:00,11:00,15,0,0,1200 BLK N MONROE ST & E 13TH AVE,1,1,0,0,1,4,0,0,25,0,0,0,0,0,4,2,1
,2021-06099,39.70262354,-105.0391099,2/20/2021 0:36,0:36,15,0,1,700 BLK S PATTON CT & W WALSH PL,1,4,0,0,1,4,0,0,25,0,0,0,0,2,4,2,1
,2021-06100,39.78260803,-104.9985394,2/10/2021 16:40,16:40,12,0,0,I-70 WB & N PEORIA ST,1,1,0,0,1,4,0,0,55,0,0,0,0,0,1,2,13
,2021-06101,39.74962352,-104.8866499,2/20/2021 10:44,10:44,3,0,0,N CENTRAL PARK BLVD & E 23RD AVE,1,1,0,0,1,1,0,0,30,0,0,0,0,0,4,2,7
,2021-06102,39.74016853,-104.9512534,2/10/2021 17:07,17:07,3,0,0,E COLFAX AVE & ST PAUL ST / STEELE ST ALLEY,1,1,0,0,1,5,0,0,15,0,0,0,0,0,2,2,13
,2021-06104,39.74395353,-105.0252099,2/19/2021 17:07,17:07,1,0,0,W 17TH AVE & N FEDERAL BLVD,1,1,0,0,1,1,0,0,35,0,0,0,0,0,2,2,13
,2021-06105,39.68225354,-105.0272599,2/18/2021 1:30,1:30,10,0,0,JEWELL AVE & 3100 BLK W,9,3,0,0,1,2,0,0,30,0,0,0,0,0,4,2,5
,2021-06106,39.68757354,-104.9920499,2/13/2021 15:54,15:54,1,0,0,S SANTA FE DR & W IOWA AVE,9,1,0,2,1,1,0,0,35,0,0,0,0,0,2,2,13
,2021-06108,39.75638353,-104.9776899,1/30/2021 12:07,12:07,2,0,1,28TH ST & CALIFORNIA ST,1,1,1,0,1,1,0,0,0,1,0,0,0,3,4,2,16
,2021-06109,39.75579353,-104.9986999,2/19/2021 23:50,23:50,5,0,2,19TH ST & WEWATTA ST,1,4,1,0,2,4,0,0,35,0,0,0,0,1,4,1,5
,2021-06110,39.77203353,-105.0252799,1/16/2021 15:44,15:44,11,0,1,W 40TH AVE & N FEDERAL BLVD,1,1,0,0,1,1,0,0,35,0,1,0,0,2,2,1,13
,2021-06111,39.63543354,-104.9034999,2/13/2021 2:06,2:06,5,0,1,I-225 & I-25 SB SPLIT [GORE PT],9,4,0,2,2,4,0,0,55,0,0,0,0,3,1,1,2
,2021-06112,39.72910353,-104.9590199,2/20/2021 0:40,0:40,3,0,4,E 8TH AVE & N JOSEPHINE ST,1,3,0,0,1,1,0,0,35,0,0,0,0,3,4,2,5
,2021-06113,39.75131353,-105.0165199,2/11/2021 13:05,13:05,15,0,0,I-25 NB & W 23RD AVE,1,1,0,0,1,4,0,0,65,0,0,0,0,1,1,2,1
,2021-06114,39.75081353,-104.9970599,2/20/2021 1:09,1:09,15,0,0,17TH ST & MARKET ST,1,3,0,0,1,1,0,0,30,0,0,0,0,1,4,2,1
,2021-06115,39.78236352,-104.8565999,2/19/2021 8:54,8:54,15,0,0,E 47TH AVE & N LIMA ST,1,1,0,0,1,4,0,0,35,0,0,0,0,0,4,2,1
,2021-06116,39.67847354,-104.9899499,2/18/2021 3:15,3:15,5,0,0,W EVANS AVE & S BANNOCK ST,9,3,1,2,3,1,0,0,30,0,0,0,0,0,4,1,8
,2021-06117,39.78498351,-104.79036,2/15/2021 16:14,16:14,10,0,0,470 BLK PENA BLVD INBOUND & N GREEN VALLEY RANCH BLVD,1,1,0,0,1,3,0,0,45,0,0,0,0,0,4,2,1
,2021-06119,39.77420352,-104.8470299,2/10/2021 16:25,16:25,12,0,0,I-70 WB & N PEORIA ST,1,1,0,0,1,4,0,0,65,0,0,0,0,0,1,2,7
,2021-06122,39.63323354,-104.9063099,2/10/2021 14:20,14:20,12,0,0,I-225 SB & I-25 NB / SB SPLIT [GORE PT],1,1,0,0,1,4,0,0,55,0,0,0,0,0,1,2,13
,2021-06129,39.75145353,-104.9857999,2/20/2021 9:25,9:25,3,0,0,22ND ST & STOUT ST,1,1,0,0,1,1,0,0,30,0,0,0,0,0,4,2,8
,2021-06135,39.65564355,-105.0531999,2/19/2021 19:42,19:42,10,0,0,3100 BLK S SHERIDAN BLVD & W DARTMOUTH AVE,1,4,3,0,1,1,0,0,40,0,0,0,0,1,2,2,14
,2021-06138,39.86662778,-104.6717006,2/13/2021 18:10,18:10,5,0,1,PENA BLVD & 18500 BLK,9,3,0,2,3,4,0,0,65,0,0,0,0,2,4,1,5
,2021-06147,39.66631897,-105.0250984,2/12/2021 19:03,19:03,1,0,0,S FEDERAL BLVD & 3000 W JEWELL AVE,1,3,0,0,1,1,0,0,40,0,0,0,0,1,2,2,13
,2021-06149,39.80185351,-104.78727,2/12/2021 17:08,17:08,12,0,0,SB PENA  TO 56TH RAMP & PENA,1,1,0,0,1,4,0,0,65,0,0,0,0,0,4,2,13
,2021-06151,39.70725099,-104.9733709,2/20/2021 19:33,19:33,5,0,0,I-25 NB & S DOWNING ST,7,3,0,2,3,4,0,0,65,0,0,0,0,0,1,1,8
,2021-06152,39.74043353,-105.0139599,2/10/2021 18:17,18:17,12,0,0,I-25 NB & W COLFAX AVE,1,3,0,0,1,4,0,0,55,0,0,0,0,0,1,2,13
,2021-06153,39.76926352,-104.9126799,2/19/2021 11:46,11:46,8,0,0,E 38TH AVE & N MONACO PKWY,1,1,0,0,1,1,0,0,25,0,0,0,0,1,4,2,7
,2021-06154,39.76182254,-104.9536384,2/19/2021 10:00,10:00,6,0,0,N FILLMORE ST & E 46TH AVE,1,1,0,0,1,3,0,0,25,0,0,0,0,0,4,2,9
,2021-06157,39.75376352,-104.8990099,2/19/2021 10:03,10:03,10,0,0,N SYRACUSE ST & E 25TH AVE,1,1,0,0,1,1,0,0,30,0,0,0,0,0,4,2,8
,2021-06158,39.73509353,-104.9585999,2/20/2021 18:51,18:51,10,0,0,N JOSEPHINE ST & E 12TH AVE,7,3,0,0,1,1,0,0,30,0,0,0,0,0,4,2,13
,2021-06160,39.63957354,-104.8851,2/12/2021 14:51,14:51,15,0,0,I-225 SB & S YOSEMITE ST,1,1,0,0,1,4,0,0,65,0,0,0,0,0,1,2,13
,2021-06162,39.72561914,-105.0156152,2/10/2021 14:23,14:23,15,0,2,6TH AVE WB ON RAMP (COLLECTOR) & I-25 SB/NB OFF RAMP MERGE GORE PT,1,1,1,0,1,8,0,0,55,0,0,0,0,1,2,2,7
,2021-06164,39.76010352,-104.8963599,2/10/2021 14:15,14:15,3,0,0,N TRENTON ST & E MLK BLVD,1,1,0,0,1,1,0,0,35,0,0,0,0,0,4,2,8
,2021-06166,39.74000653,-104.9873794,2/20/2021 4:14,4:14,5,0,0,E COLFAX AVE & N BROADWAY,1,3,0,0,2,1,0,0,35,0,0,0,0,0,2,1,3
,2021-06170,39.74008353,-105.0027999,2/19/2021 17:37,17:37,1,0,0,W COLFAX AVE & N MARIPOSA ST,1,1,0,0,1,1,0,0,,0,0,0,0,0,2,2,16
,2021-06171,39.78003353,-104.9891799,2/18/2021 6:15,6:15,15,0,0,I-25 NB EXIT RAMP & I-70 EB ENT [GORE  PT],4,2,1,0,1,8,0,0,45,0,0,0,0,0,1,2,13
,2021-06172,39.77727352,-104.8827699,2/12/2021 22:40,22:40,5,0,0,I-70 WB & N CENTRAL PARK BLVD,1,3,0,0,2,4,0,0,65,0,0,0,0,0,1,1,5
,2021-06173,39.68930954,-104.9407324,2/10/2021 14:50,14:50,15,0,0,S COLORADO BLVD & E FLORIDA AVE,1,1,0,0,1,3,0,0,35,0,0,0,0,0,2,2,3
,2021-06174,39.84979749,-104.6738195,2/13/2021 15:25,15:25,5,0,0,PENA BLVD OUTBOUND & 8400 BLK,9,1,0,2,2,4,0,0,45,0,0,0,0,0,3,1,14
,2021-06175,39.71285354,-105.0176299,2/1/2021 13:15,13:15,5,0,0,BRYANT ST & 200 S,1,1,0,0,3,1,0,0,25,0,0,0,0,0,4,1,5
,2021-06176,39.83366001,-104.692936,2/15/2021 18:20,18:20,11,0,1,8000 PENA BLVD & JACKSON GAP RD,1,3,1,0,1,4,0,0,0,0,1,0,0,2,3,1,16
,2021-06177,39.65178355,-105.0530799,2/19/2021 19:49,19:49,14,0,0,W HAMPDEN S FRTG & S SHERIDAN BLVD,1,3,0,0,1,4,0,0,35,0,0,0,0,0,4,2,16
,2021-06178,39.77744352,-104.8827699,2/10/2021 14:44,14:44,15,0,0,I-270 WB & N CENTRAL PARK BLVD,1,1,0,0,1,4,0,0,55,0,0,0,0,0,1,2,7
,2021-06179,39.78020353,-104.9891799,2/4/2021 8:14,8:14,12,0,0,I-25 NB & I-70 WB,1,1,0,0,1,4,0,0,55,0,0,0,0,1,1,2,14
,2021-06180,39.74488353,-104.9861099,2/19/2021 9:49,9:49,3,0,0,E 16TH AVE & N LINCOLN ST,1,1,0,0,1,1,0,0,30,0,0,0,0,0,4,2,13
,2021-06181,39.74019553,-105.0001549,2/20/2021 9:04,9:04,3,0,0,N KALAMATH ST & W COLFAX AVE,1,1,0,0,1,1,0,0,35,0,0,0,0,0,2,2,7
,2021-06182,39.67472053,-104.8707799,2/20/2021 13:15,13:15,12,0,0,S PARKER RD & E ILIFF AVE,1,1,1,0,1,4,0,0,45,0,0,0,0,0,2,2,3
,2021-06183,39.65307354,-104.9182499,2/18/2021 5:33,5:33,15,0,0,I-25 NB & E HAMPDEN AVE,10,1,0,0,1,4,0,0,65,0,0,0,0,0,1,2,7
,2021-06184,39.72759464,-104.9997683,1/27/2021 23:54,23:54,15,0,0,N KALAMATH AVE (700 BLK ) & 7TH AVE,1,3,0,0,1,3,0,0,30,0,0,0,0,0,4,2,14
,2021-06185,39.69850354,-105.0246299,2/5/2021 20:10,20:10,3,0,1,1000 BLOCK S FEDERAL BLVD & W MISSISSIPPI AVE,1,3,0,0,1,2,0,0,40,0,0,0,1,3,2,2,1
,2021-06186,39.68225354,-105.0261999,2/20/2021 17:43,17:43,11,0,1,W JEWELL AVE & S GROVE ST,1,2,0,0,1,1,0,0,25,0,1,0,0,3,4,1,14
,2021-06187,39.73837353,-104.9541399,2/14/2021 16:09,16:09,12,0,0,E 14TH AVE & N DETROIT ST,9,2,0,2,1,4,0,0,30,0,0,0,0,1,4,2,13
,2021-06188,39.80549051,-104.7730036,2/20/2021 11:00,11:00,5,0,0,E 60TH AVE & N TOWER RD,1,1,0,0,2,1,0,0,45,0,0,0,0,0,4,1,1
,2021-06189,39.68408354,-105.0480599,2/19/2021 10:40,10:40,5,0,0,4700 BLK W COLORADO AVE & S WINONA CT,4,1,0,0,3,4,0,0,25,0,0,0,0,0,4,1,13
,2021-06190,39.65308454,-104.8848559,2/12/2021 15:20,15:20,12,0,0,E HAMPDEN AVE & S YOSEMITE ST,1,1,0,0,1,3,0,0,45,0,0,0,0,0,2,2,16
,2021-06191,39.72849353,-104.8872699,2/18/2021 10:46,10:46,5,0,0,N YOSEMITE ST & E 8TH AVE,5,1,0,0,2,3,0,0,35,0,0,0,0,0,4,1,13
,2021-06192,39.69635653,-104.8974019,2/20/2021 15:41,15:41,12,0,0,S PARKER RD & E MISSISSIPPI AVE,1,1,0,0,1,4,0,0,35,0,0,0,0,0,2,2,13
,2021-06193,39.74847353,-104.9769499,2/18/2021 10:05,10:05,6,0,0,2000 BLK N CLARKSON ST & E 20TH AVE,7,1,0,0,1,4,0,0,25,0,0,0,0,0,4,2,14
,2021-06194,39.76801353,-104.9949599,2/18/2021 17:25,17:25,15,0,0,I-25 NB & PARK AVE W,2,2,0,0,1,4,0,0,55,0,0,0,0,1,1,2,1
,2021-06195,39.73687353,-104.9729999,2/18/2021 13:51,13:51,10,0,0,N DOWNING ST & E 13TH AVE,1,1,0,0,1,1,0,0,25,0,0,0,0,0,4,2,8
,2021-06196,39.71115354,-105.0226999,1/29/2021 21:10,21:10,11,0,0,W ALAMEDA AVE & S DECATUR ST,1,4,0,0,1,1,0,0,25,0,1,0,0,0,4,1,13
,2021-06197,39.78010353,-104.9895499,2/20/2021 12:34,12:34,12,0,0,I-25 SB & I-70,1,1,0,0,1,4,0,0,55,0,0,0,0,0,1,2,13
,2021-06198,39.78378351,-104.79796,2/19/2021 15:51,15:51,15,0,0,E GVR BLVD & N MEMPHIS ST,1,1,0,0,1,4,0,0,40,0,0,0,0,0,4,2,13
,2021-06200,39.75131353,-105.0165199,2/18/2021 8:51,8:51,12,0,0,I-25 NB & W 23RD AVE,8,1,0,0,1,4,0,0,65,0,0,0,0,0,1,2,14
,2021-06201,39.65355355,-105.0530599,1/27/2021 19:00,19:00,12,0,0,SHERIDAN BLVD 3500 BLK  S & W HAMPDEN AVE EB RAMPS,1,3,0,0,1,3,0,0,35,0,0,0,0,0,2,2,16
,2021-06202,39.67846354,-104.9286799,2/18/2021 8:20,8:20,12,0,0,5000 BLK E EVANS AVE & S DAHLIA ST,4,1,0,0,1,4,0,0,30,0,0,0,0,0,4,2,13
,2021-06203,39.74013253,-104.9861059,2/18/2021 8:20,8:20,10,0,0,N LINCOLN ST & E COLFAX AVE,7,1,0,0,1,1,0,0,25,0,0,0,0,0,2,2,14
,2021-06204,39.75772353,-104.9794299,1/3/2021 19:21,19:21,15,0,0,28TH ST & CHAMPA ST,1,3,0,0,1,4,0,0,35,0,0,0,0,0,4,2,7
,2021-06205,39.78835352,-104.9634799,2/10/2021 18:15,18:15,12,0,0,N BRIGHTON BLVD & N RACE ST,1,4,0,0,1,4,0,0,25,0,0,0,0,0,4,2,8
,2021-06206,39.78405352,-104.9895499,2/14/2021 7:56,7:56,12,0,0,I-25 SB & W 48TH AVE,4,1,0,2,1,4,0,0,65,0,0,0,0,0,1,2,8
,2021-06207,39.71286354,-105.0189399,2/1/2021 13:00,13:00,5,0,0,CANOSA CT & 202 S,1,1,0,0,2,4,0,0,25,0,0,0,0,0,4,1,5
,2021-06208,39.75803353,-105.0205299,2/14/2021 14:15,14:15,8,0,0,N SPEER BLVD & N CLAY ST,1,1,0,0,1,1,0,0,25,0,0,0,0,0,4,2,8
,2021-06209,39.78260803,-104.9985394,2/14/2021 0:30,0:30,15,0,0,I-70 WB & MP 280,9,3,1,2,1,4,0,0,55,0,0,0,0,0,1,2,1