id,drcog_id,latitude,longitude,crashtime,time,crashtype,numbkilled,numbinjurd,drcoglocat,rdconditin,lightngcon,roadcntgrd,weatherco,location,roaddescrp,schoolzone,constrzone,splimit,bikeinv,pedinv,sctrinv,motoinv,svrty,rdsystem,ttlvehcls,hcf
,2021-06210,39.78003353,-104.9891799,2/13/2021 23:55,23:55,5,0,0,I-25 NB EXIT RAMP & I-70 EB ENT [GORE PT[,8,3,1,2,2,8,0,0,55,0,0,0,0,0,1,1,7
,2021-06212,39.75023353,-104.9873799,2/12/2021 22:52,22:52,10,0,0,N BROADWAY ST & STOUT ST,1,3,0,0,1,1,0,0,30,0,0,0,0,0,4,2,3
,2021-06213,39.63866354,-104.8926699,2/10/2021 16:15,16:15,5,0,0,E QUINCY AVE & S TAMARAC DR,1,1,0,0,3,3,0,0,,0,0,0,0,0,4,1,14
,2021-06214,39.77666352,-104.8470199,2/12/2021 14:25,14:25,12,0,0,N PEORIA ST & E 44TH AVE,1,1,0,0,1,3,0,0,35,0,0,0,0,0,4,2,13
,2021-06215,39.74197353,-105.0145799,2/11/2021 8:42,8:42,12,0,0,I-25 NB & AURARIA PKWY,1,1,1,0,1,4,0,0,65,0,0,0,0,0,1,2,13
,2021-06216,39.78003353,-104.9891799,2/11/2021 6:25,6:25,5,0,0,I-70 EB EXIT RAMP & I-25 NB,2,2,1,0,3,8,0,0,40,0,0,0,0,0,1,1,1
,2021-06218,39.77939353,-104.9791399,2/12/2021 7:55,7:55,10,0,0,N WASHINGTON ST & I-70 EB ENT / EXIT RAMPS,11,1,0,0,1,3,0,0,30,0,0,0,0,0,4,2,13
,2021-06219,39.66762354,-104.9118899,2/12/2021 15:19,15:19,15,0,0,6500 BLK E YALE AVE & S MONACO ST,1,1,0,0,1,4,0,0,30,0,0,0,0,0,4,2,1
,2021-06221,39.78362051,-104.7722075,2/11/2021 14:40,14:40,3,0,0,E GVR BLVD & N TOWER RD,1,1,0,0,1,1,0,0,40,0,0,0,0,0,4,2,1
,2021-06222,39.70137354,-104.9874399,2/18/2021 5:15,5:15,15,0,0,I-25 NB & BROADWAY ST ENT RAMP [GORE PT[,9,3,1,2,1,4,0,0,55,0,0,0,0,1,1,2,14
,2021-06223,39.72841354,-105.0251299,2/14/2021 13:39,13:39,12,0,0,N FEDERAL BLVD (700 BLK) & W 7TH AVE,11,1,0,0,1,4,0,0,35,0,0,0,0,1,2,2,13
,2021-06224,39.73515353,-104.9729899,2/11/2021 16:25,16:25,8,0,0,E 12TH AVE & N DOWNING ST,1,1,0,0,1,1,0,0,30,0,0,0,0,0,4,2,8
,2021-06225,39.73664354,-105.0498199,2/14/2021 12:00,12:00,6,0,0,W 13TH AVE & N XAVIER ST,9,3,0,2,1,4,0,0,25,0,0,0,0,0,4,2,16
,2021-06230,39.75301353,-105.0393099,2/14/2021 15:35,15:35,14,0,0,N PERRY ST & W BYRON PL,9,1,0,0,1,3,0,0,25,0,0,0,0,0,4,2,7
,2021-06231,39.73594353,-104.9957899,2/12/2021 17:27,17:27,15,0,0,SPEER BLVD & 1100 BLK N,1,2,0,0,1,4,0,0,35,0,0,0,0,0,4,2,13
,2021-06233,39.78647352,-104.9782799,2/12/2021 12:06,12:06,15,0,0,4900 BLK N WASHINGTON ST & W 49TH AVE,1,1,1,0,1,4,0,0,35,0,0,0,0,0,4,2,16
,2021-06234,39.73846353,-105.0369799,2/13/2021 20:55,20:55,6,0,0,3800 BLK W 14TH AVE & N OSCEOLA ST,4,4,0,2,1,4,0,0,25,0,0,0,0,0,4,2,13
,2021-06235,39.74741352,-104.9163299,2/13/2021 23:53,23:53,1,0,0,N KRAMERIA ST & E MONTVIEW BLVD,9,3,0,2,1,1,0,0,30,0,0,0,0,1,4,2,13
,2021-06236,39.85191349,-104.67403,2/12/2021 0:31,0:31,15,0,0,PENA BLVD & 8500  BLK,11,3,0,2,1,4,0,0,35,0,0,0,0,0,4,2,7
,2021-06237,39.74743352,-104.9051899,2/12/2021 11:50,11:50,15,0,0,7100 BLK E MONTVIEW BLVD & N QUEBEC ST,1,1,0,0,1,4,0,0,30,0,0,0,0,0,4,2,13
,2021-06239,39.69881353,-104.8659499,2/11/2021 12:32,12:32,1,0,0,900 BLK S HAVANA ST & E TENNESSEE AVE,1,1,0,0,1,4,0,0,35,0,0,0,0,0,2,2,13
,2021-06243,39.63957354,-104.8851,2/12/2021 15:55,15:55,12,0,0,I-225 SB & S YOSEMITE ST,1,1,0,0,1,4,0,0,55,0,0,0,0,0,1,2,13
,2021-06244,39.76204353,-104.9733299,2/13/2021 9:52,9:52,15,0,0,N DOWNING ST & E MLK BLVD,9,1,0,2,1,1,0,0,30,0,0,0,0,0,4,2,13
,2021-06249,39.7151053,-104.8656994,2/14/2021 0:30,0:30,15,0,0,WB I-70 & N HAVANA ST,4,3,0,2,1,4,0,0,55,0,0,0,0,0,1,2,13
,2021-06252,39.65304354,-104.87565,2/10/2021 18:18,18:18,1,0,1,E HAMPDEN AVE & S DAYTON ST,1,3,0,0,1,1,0,0,45,0,0,0,0,1,2,2,3
,2021-06257,39.76825713,-104.9942231,2/12/2021 7:14,7:14,5,0,0,I-25 NB / I-70 EB ENT RAMP SPLIT [GORE [T] & PARK AVE W,10,1,0,2,3,8,0,0,45,0,0,0,0,0,4,1,13
,2021-06259,39.69773075,-104.9408195,2/13/2021 10:34,10:34,3,0,0,S COLORADO BLVD & I-25 SB EXIT RAMP,1,1,0,0,1,3,0,0,40,0,0,0,0,0,2,2,13
,2021-06260,39.77727352,-104.8827699,2/11/2021 15:01,15:01,12,0,0,I-70 WB & N CENTRAL PARK BLVD,1,1,0,0,1,4,0,0,65,0,0,0,0,0,1,2,3
,2021-06261,39.71109289,-105.0691329,2/11/2021 12:21,12:21,15,0,0,I-25 SB & W ALAMEDA AVE,1,1,0,0,1,4,0,0,65,0,0,0,0,0,1,2,13
,2021-06262,39.72167354,-105.0254699,2/1/2021 13:20,13:20,16,0,0,FEDERAL BLVD & 303 N,1,5,0,0,5,7,0,0,,0,0,0,0,0,3,3,5
,2021-06264,39.69111853,-104.9407234,2/17/2021 14:15,14:15,12,0,0,S COLORADO BLVD & E ARKANSAS AVE,1,1,0,0,1,3,0,0,35,0,0,0,0,0,2,2,3
,2021-06265,39.73527353,-104.9861099,2/11/2021 20:28,20:28,3,0,0,E 12TH AVE & N LINCOLN ST,1,2,0,0,1,1,0,0,35,0,0,0,0,0,4,2,3
,2021-06266,39.65310354,-104.9047099,2/12/2021 18:56,18:56,1,0,0,E HAMPDEN AVE & S POPLAR ST,1,3,0,0,1,1,0,0,40,0,0,0,0,0,2,2,1
,2021-06267,39.75023353,-104.9873799,2/11/2021 17:32,17:32,12,0,0,N BROADWAY ST & STOUT ST,1,2,0,0,1,3,0,0,30,0,0,0,0,0,4,2,8
,2021-06268,39.72293354,-105.0361699,2/20/2021 12:38,12:38,3,0,0,W 4TH AVE & W MEADE ST,1,1,1,0,1,3,0,0,,0,0,0,0,0,4,2,13
,2021-06269,39.77829352,-104.9541299,2/12/2021 11:10,11:10,6,0,0,4400 BLK N CLAYTON ST & E 45TH AVE,1,1,0,0,1,4,0,0,25,0,0,0,0,0,4,2,14
,2021-06270,39.75520353,-105.0129099,1/27/2021 3:13,3:13,5,0,0,N SPEER BLVD EB & I-25 NB  LOOP RAMP ENT [GORE PT],4,3,1,2,2,8,0,0,35,0,0,0,0,0,4,1,16
,2021-06271,39.72687353,-104.9921199,1/27/2021 13:40,13:40,12,0,0,N DELAWARE ST (780 BLK) & 7TH AVE W,11,1,1,0,1,6,0,0,15,0,0,0,0,0,4,2,16
,2021-06272,39.72387354,-105.0174899,2/18/2021 14:26,14:26,15,0,0,2500 BLK W 5TH AVE & N BRYANT ST,1,1,0,0,1,6,0,0,25,0,0,0,0,0,4,2,13
,2021-06273,39.78430352,-104.8658099,2/18/2021 7:40,7:40,6,0,0,N HAVANA ST & E 48TH AVE,9,1,0,2,1,4,0,0,45,0,0,0,0,0,4,2,7
,2021-06275,39.66121355,-105.0501499,2/19/2021 8:00,8:00,6,0,0,2900 BLK S YATES ST & W BATES AVE,4,1,1,0,1,4,0,0,25,0,0,0,0,0,4,2,16
,2021-06276,39.72548353,-104.9798199,1/27/2021 23:30,23:30,6,0,0,600 E 6TH AVE & N PEARL ST,4,3,0,0,1,4,0,0,30,0,0,0,0,0,4,2,16
,2021-06277,39.78142353,-104.9927299,2/3/2021 12:18,12:18,5,0,0,I-25 NB RAMP & I-70 WB ENT RAMP [GORE PT],1,1,1,0,2,8,0,0,45,0,0,0,0,0,1,1,16
,2021-06278,39.70665254,-105.0027109,2/18/2021 20:00,20:00,14,0,0,W CUSTER PL & S FEDERAL - HAZEL CT ALLEY,7,4,1,0,1,5,0,0,20,0,0,0,0,0,4,2,14
,2021-06279,39.72927353,-104.9127799,2/12/2021 17:00,17:00,1,0,0,E 8TH AVE & N MONACO ST,1,2,0,0,1,1,0,0,35,0,0,0,0,0,4,2,8
,2021-06280,39.74481353,-104.9696699,2/18/2021 15:57,15:57,1,0,0,N HUMBOLDT ST & E 18TH AVE,1,1,0,0,1,1,0,0,30,0,0,0,0,0,4,2,8
,2021-06281,39.78103353,-104.9857799,2/18/2021 13:32,13:32,6,0,0,4600 BLK N LINCOLN ST & W 46TH AVE,1,1,1,0,1,4,0,0,30,0,0,0,0,0,4,2,16
,2021-06283,39.78177351,-104.77446,2/19/2021 8:15,8:15,3,0,0,E 47TH AVE & N YAMPA ST,1,1,0,0,1,1,0,0,30,0,0,0,0,0,4,2,13
,2021-06284,39.66049354,-105.0251499,2/18/2021 12:24,12:24,15,0,0,S FEDERAL BLVD & W DARTMOUTH AVE,1,1,0,0,1,1,0,0,40,0,0,0,0,1,2,2,3
,2021-06285,39.72575354,-105.0351099,2/19/2021 17:01,17:01,12,0,0,W 6TH AVE & N LOWELL BLVD,1,2,1,0,1,4,0,0,55,0,0,0,0,0,2,2,1
,2021-06286,39.70758354,-105.0250799,2/20/2021 13:59,13:59,12,0,0,W VIRGINIA AVE & S FEDERAL BLVD,1,1,1,0,1,3,0,0,,0,0,0,0,0,2,2,13
,2021-06288,39.66762354,-104.9128699,2/12/2021 17:15,17:15,10,0,0,S MONACO ST & E YALE AVE,1,1,0,0,1,2,0,0,35,0,0,0,0,0,4,2,5
,2021-06290,39.71120354,-104.9988899,2/19/2021 7:54,7:54,12,0,0,I-25 NB & MAPLE ST / KALAMATH ST ENT RAMP [GORE PT],1,1,0,0,1,4,0,0,55,0,0,0,0,0,1,2,1
,2021-06293,39.75724353,-105.0212899,2/18/2021 0:24,0:24,6,0,0,2700 BLK W 28TH AVE & N DECATUR ST,4,3,1,2,1,4,0,0,25,0,0,0,0,0,4,2,16
,2021-06294,39.72923353,-104.9304399,2/17/2021 18:00,18:00,6,0,0,N EUDORA ST & E 8TH AVE,1,3,0,0,1,4,0,0,25,0,0,0,0,0,4,2,16
,2021-06295,39.78020353,-104.9891799,1/28/2021 21:46,21:46,15,0,0,I-25 NB EXIT RAMP & I-70 EB ENT RAMP [GORE PT],4,3,0,0,1,8,0,0,55,0,0,0,0,0,1,2,14
,2021-06296,39.75304353,-104.9854699,2/12/2021 14:30,14:30,12,0,0,900 PARK AVE W & N CURTIS ST,1,1,0,0,1,4,0,0,35,0,0,0,0,0,4,2,7
,2021-06297,39.76115353,-105.0047499,2/20/2021 16:08,16:08,15,0,0,I-25 SB & 20TH ST,1,1,0,0,1,4,0,0,55,0,0,0,0,0,1,2,16
,2021-06298,39.76016352,-104.8989599,2/18/2021 8:55,8:55,5,0,0,E MLK BLVD & S SYRACUSE ST,4,1,0,0,3,4,0,0,30,0,0,0,0,0,4,1,13
,2021-06299,39.66755354,-104.9406699,2/18/2021 12:29,12:29,15,0,0,S COLORADO BLVD & E YALE AVE,11,1,0,0,1,3,0,0,35,0,0,0,0,0,2,2,13
,2021-06300,39.68138354,-105.0250199,2/18/2021 15:18,15:18,12,0,0,S FEDERAL BLVD (1900 BLK) & JEWELL AVE,1,1,0,0,1,4,0,0,35,0,0,0,0,1,2,2,13
,2021-06301,39.79106353,-105.0158299,2/18/2021 17:32,17:32,8,0,0,W 52ND AVE & N ZUNI ST,11,2,0,0,1,1,0,0,30,0,0,0,0,0,4,2,13
,2021-06302,39.62992355,-105.0871399,2/18/2021 9:30,9:30,5,0,0,S WADSWORTH WAY & W LAYTON AVE,7,1,0,0,2,1,0,0,35,0,0,0,0,0,2,1,13
,2021-06303,39.71859353,-104.9406999,2/19/2021 15:37,15:37,12,0,1,N COLORADO BLVD (100 BLK) & E 1ST AVE,1,1,0,0,1,1,0,0,35,0,0,0,0,2,2,2,3
,2021-06304,39.71833353,-104.9837799,2/14/2021 11:50,11:50,3,0,0,N GRANT ST & E 1ST AVE,7,1,0,0,1,1,0,0,25,0,0,0,0,0,4,2,8
,2021-06305,39.76016352,-104.8989599,1/27/2021 14:00,14:00,12,0,0,E MLK BLVD & N SYRACUSE ST,4,1,0,0,1,1,0,0,35,0,0,0,0,0,4,2,1
,2021-06306,39.67659354,-104.9407199,2/19/2021 9:10,9:10,3,0,0,E WARREN AVE & S COLORADO BLVD,1,1,0,0,1,1,0,0,35,0,0,0,0,0,2,2,13
,2021-06307,39.71120354,-104.9988899,2/19/2021 9:50,9:50,12,0,0,I-25 NB & W ALAMEDA AVE,1,1,0,0,1,4,0,0,65,0,0,0,0,0,1,2,7
,2021-06308,39.76094353,-105.0043199,2/18/2021 11:00,11:00,15,0,0,I-25 NB & 20TH ST,8,1,0,0,1,4,0,0,55,0,0,0,0,0,1,2,1
,2021-06309,39.75774353,-104.9985699,1/20/2021 21:24,21:24,1,0,1,20TH ST & CHESTNUT PL,1,3,0,0,1,1,0,0,35,0,0,0,1,3,4,2,4
,2021-06310,39.74015353,-105.0052299,2/14/2021 9:05,9:05,14,0,0,N OSAGE ST & W COLFAX AVE,11,1,0,0,1,1,0,0,30,0,0,0,0,0,2,2,3
,2021-06312,39.68947354,-105.0250499,1/10/2021 15:41,15:41,12,0,1,S FEDERAL BLVD (1400 BLK) & W FLORIDA AVE,1,1,0,0,1,3,0,0,35,0,0,0,0,3,2,2,5
,2021-06313,39.74012353,-104.9406499,1/14/2021 21:35,21:35,11,0,1,E COLFAX AVE & N COLORADO BLVD,1,3,0,6,1,1,0,0,0,0,1,0,0,3,2,1,16
,2021-06314,39.73686353,-105.0001299,2/18/2021 14:19,14:19,3,0,0,W 13TH AVE & N KALAMATH ST,1,1,0,0,1,1,0,0,30,0,0,0,0,0,4,2,13
,2021-06315,39.72561353,-104.9260999,1/7/2021 14:20,14:20,5,0,0,E 6TH AVE & N GLENCOE ST,1,1,0,0,2,1,0,0,30,0,0,0,0,0,4,1,14
,2021-06316,39.71117354,-105.0015499,2/5/2021 23:28,23:28,12,0,0,S LIPAN ST & W ALAMEDA AVE,1,3,0,0,1,4,0,0,35,0,0,0,0,0,2,2,1
,2021-06317,39.69669854,-104.9918704,2/19/2021 12:02,12:02,15,0,0,S SANTA FE DR & W MISSISSIPPI AVE,1,1,0,0,1,4,0,0,35,0,0,0,0,0,2,2,13
,2021-06318,39.67845554,-104.9222509,1/19/2021 21:00,21:00,15,0,0,E EVANS AVE & S HOLLY ST,1,3,0,0,1,1,0,0,35,0,0,0,0,0,4,2,1
,2021-06319,39.73845353,-104.9986699,2/19/2021 19:03,19:03,12,0,0,W 14TH AVE & N SANTA FE DR,1,3,0,0,1,1,0,0,30,0,0,0,0,0,4,2,13
,2021-06320,39.74007353,-104.9964399,2/14/2021 10:39,10:39,12,0,0,N GALAPAGO ST & W COLFAX AVE,4,1,0,0,1,1,0,0,25,0,0,0,0,0,2,2,3
,2021-06321,39.76805353,-105.0112799,2/13/2021 11:04,11:04,5,0,0,2000 BLK W 37TH AVE & N TEJON ST,1,1,0,0,3,5,0,0,,0,0,0,0,0,4,1,16
,2021-06322,39.77320751,-104.8099085,2/19/2021 11:10,11:10,12,0,0,N CHAMBERS RD & E 40TH AVE,1,1,1,0,1,4,0,0,35,0,0,0,0,0,4,2,13
,2021-06323,39.75682353,-105.0131499,2/14/2021 9:35,9:35,6,0,0,W 27TH AVE & N VALLEJO ST,4,1,1,0,1,1,0,0,25,0,0,0,0,0,4,2,7
,2021-06324,39.66513355,-105.0531499,1/15/2021 16:00,16:00,12,0,0,2800 BLOCK S SHERIDAN BLVD & W AMHERST AVE,1,1,0,0,1,4,0,0,35,0,0,0,0,0,2,2,14
,2021-06325,39.74043353,-105.0141499,2/14/2021 11:02,11:02,15,0,0,I-25 SB & W COLFAX AVE,9,1,0,0,1,4,0,0,65,0,0,0,0,1,1,2,7
,2021-06326,39.78869351,-104.8281699,2/7/2021 16:40,16:40,3,0,0,E 51ST AVE & N CROWN BLVD,1,1,0,0,1,1,0,0,25,0,0,0,0,0,4,2,16
,2021-06327,39.77871552,-104.916581,1/4/2021 10:18,10:18,12,0,0,N HOLLY ST & E STAPLETON DR N,1,1,0,0,1,1,0,0,30,0,0,0,0,0,4,2,2
,2021-06328,39.65310354,-104.9071499,2/19/2021 15:02,15:02,15,0,0,E HAMPDEN AVE & S OLEANDER CT,1,1,0,0,1,1,0,0,,0,0,0,0,0,2,2,16
,2021-06329,39.74043353,-105.0139599,2/2/2021 15:53,15:53,15,0,0,I-25 NB & W COLFAX AVE,1,1,1,0,1,4,0,0,55,0,0,0,0,0,1,2,7
,2021-06330,39.70170354,-105.0249799,1/23/2021 19:51,19:51,12,0,0,800 BLK S FEDERAL BLVD & W KENTUCKY AVE,1,3,0,0,1,3,0,0,40,0,0,0,0,1,2,2,13
,2021-06331,39.76931353,-105.0532299,1/19/2021 20:30,20:30,11,0,1,N SHERIDAN BLVD & W 38TH AVE,1,3,0,0,1,1,0,0,0,0,1,0,0,3,2,1,16
,2021-06332,39.73992353,-104.9230499,1/2/2021 23:35,23:35,5,0,0,E COLFAX AVE (5500 BLK) & N HUDSON ST,1,4,0,0,3,4,0,0,30,0,0,0,0,1,2,1,3
,2021-06333,39.74019553,-104.9081839,2/19/2021 13:46,13:46,12,0,0,WB E COLFAX AVE & N ONEIDA ST,1,1,0,0,1,4,0,0,35,0,0,0,0,0,2,2,13
,2021-06334,39.73848354,-105.0532099,1/18/2021 9:40,9:40,5,0,0,N SHERIDAN BLVD (1390 BLK) & W 14TH AVE,1,1,0,0,3,4,0,0,35,0,0,0,0,0,2,1,3
,2021-06335,39.74043353,-105.0141499,2/14/2021 11:52,11:52,15,0,0,I-25 SB & W COLFAX AVE,9,1,0,0,1,4,0,0,65,0,0,0,0,1,1,2,7
,2021-06336,39.75833353,-105.0205199,1/29/2021 12:05,12:05,6,0,0,2800 BLK N CLAY ST & N SPEER BLVD,1,1,1,0,1,2,0,0,25,0,0,0,0,0,4,2,16
,2021-06337,39.76738452,-104.9025184,2/19/2021 18:55,18:55,15,0,0,E 36TH AVE & N QUEBEC ST,1,1,0,0,1,4,0,0,30,0,0,0,0,0,4,2,13
,2021-06338,39.70039754,-105.0250714,1/8/2021 4:04,4:04,1,0,0,S FEDERAL BLVD & W KENTUCKY AVE,1,3,0,0,1,1,0,0,40,0,0,0,0,0,2,2,1
,2021-06339,39.68009354,-104.9406699,2/19/2021 3:08,3:08,5,0,0,E COLORADO CENTER DR & E BUCHTEL BLVD,4,3,0,0,3,4,0,0,35,0,0,0,0,0,2,1,2
,2021-06340,39.67854354,-104.9863599,1/22/2021 21:26,21:26,3,0,0,E EVANS AVE & S LINCOLN ST,1,3,0,0,1,1,0,0,25,0,0,0,0,0,4,2,5
,2021-06341,39.71119354,-104.9977599,1/8/2021 20:34,20:34,12,0,0,900 BLK W ALAMEDA AVE & S SANTA FE DR,1,1,0,0,1,3,0,0,35,0,0,0,0,0,4,2,1
,2021-06342,39.75650352,-104.8658799,1/20/2021 15:20,15:20,3,0,2,N HAVANA ST & E 28TH AVE,1,1,0,0,1,1,0,0,25,0,0,0,0,3,4,2,1
,2021-06343,39.78383353,-105.0064299,2/2/2021 17:15,17:15,12,0,0,N PECOS ST & W 48TH AVE,1,2,1,0,1,6,0,0,35,0,0,0,0,0,1,2,3
,2021-06344,39.71858353,-104.9497899,2/2/2021 18:40,18:40,6,0,0,N STEELE ST & 110 BLK,1,3,0,0,1,4,0,0,25,0,0,0,0,0,4,2,16
,2021-06345,39.77429352,-104.9380899,2/19/2021 13:00,13:00,15,0,0,4100 N ALBION ST & E 40TH AVE,1,1,0,0,1,4,0,0,30,0,0,0,0,0,4,2,7
,2021-06346,39.74880353,-105.0013899,1/26/2021 14:00,14:00,12,0,0,BLAKE ST & 14TH ST,9,1,0,2,1,3,0,0,25,0,0,0,0,0,4,2,3
,2021-06347,39.65208076,-105.0841628,2/19/2021 16:14,16:14,12,0,0,I-25 SB & HAMPDEN AVE,1,1,0,0,1,4,0,0,55,0,0,0,0,0,1,2,13
,2021-06348,39.68471354,-104.9594399,1/20/2021 11:20,11:20,5,0,0,I-25 NB & S UNIVERSITY BLVD,1,1,0,0,1,4,0,0,60,0,0,0,0,0,1,2,13
,2021-06349,39.63401354,-104.9042999,1/4/2021 21:29,21:29,5,0,0,I-225 NB ON RAMP FROM I-25 SB & QUEBEC ST / ULSTER ST UNDERPASS,1,3,1,0,3,8,0,0,65,0,0,0,0,0,1,1,16
,2021-06350,39.76073353,-104.9659399,1/26/2021 15:50,15:50,3,0,0,E 31ST AVE & N WILLIAMS ST,4,1,0,2,1,2,0,0,30,0,0,0,0,0,4,2,13
,2021-06351,39.67821354,-104.9312799,2/5/2021 3:46,3:46,12,0,0,4800 BLK E EVANS AVE & S DAHLIA ST,1,3,0,0,1,1,0,0,35,0,0,0,0,0,4,2,14
,2021-06352,39.77107352,-104.8463499,1/20/2021 15:24,15:24,1,0,0,E 39TH AVE & N PEORIA ST,1,1,0,0,1,1,0,0,25,0,0,0,0,0,4,2,16
,2021-06353,39.72541754,-105.0252199,2/19/2021 13:12,13:12,15,0,0,N FEDERAL BLVD & W 6TH AVE WB EXIT RAMP,1,1,0,0,1,1,0,0,35,0,0,0,0,0,2,2,8
,2021-06354,39.77851352,-104.8368999,1/14/2021 15:40,15:40,5,0,0,N ABILENE ST & 4402 BLK,1,1,0,0,3,3,0,0,25,0,0,0,0,0,4,1,16
,2021-06355,39.68207353,-104.9128799,2/19/2021 16:21,16:21,1,0,0,S MONACO ST & E JEWELL AVE,1,1,0,0,1,1,0,0,35,0,0,0,0,0,4,2,13
,2021-06356,39.74019353,-104.9574199,2/19/2021 18:35,18:35,1,0,0,E COLFAX AVE & N COLUMBINE ST,11,2,0,0,1,1,0,0,,0,0,0,0,0,2,2,13
,2021-06357,39.72552354,-105.0462699,2/19/2021 12:42,12:42,12,0,0,W 6TH AVE & N VRAIN ST,1,1,0,0,1,4,0,0,65,0,0,0,0,0,2,2,3
,2021-06358,39.77843351,-104.76682,2/14/2021 14:15,14:15,6,0,0,18910 E CHAFFEE PL & BISCAY ST,9,1,0,2,1,4,0,0,,0,0,0,0,0,4,2,16
,2021-06359,39.74618353,-104.9861099,2/19/2021 14:35,14:35,3,0,0,N LINCOLN ST & E 19TH AVE,1,1,0,0,1,1,0,0,30,0,0,0,0,0,4,2,8
,2021-06360,39.75336352,-104.8831799,1/26/2021 14:30,14:30,6,0,0,25TH DR & 9038 E,9,1,0,2,1,4,0,0,20,0,0,0,0,0,4,2,16
,2021-06361,39.65307354,-104.9227999,1/7/2021 14:29,14:29,15,0,0,E HAMPDEN AVE & S HOLLY ST,1,1,0,0,1,4,0,0,35,0,0,0,0,0,2,2,16
,2021-06362,39.71023354,-105.0215399,1/22/2021 22:48,22:48,6,0,0,300 BLK S DALE CT & W ALAMEDA AVE,1,3,0,0,1,4,0,0,25,0,0,0,0,0,4,2,13
,2021-06363,39.78014353,-105.0064399,1/26/2021 12:30,12:30,3,0,0,N PECOS ST & W 46TH AVE,9,1,0,2,1,1,0,0,30,0,0,0,0,0,4,2,16
,2021-06364,39.76449353,-104.9659399,2/19/2021 19:01,19:01,3,0,0,E BRUCE RANDOLPH AVE & N WILLIAMS ST,1,3,0,0,1,1,0,0,25,0,0,0,0,1,4,2,7
,2021-06365,39.78326353,-105.0064199,2/3/2021 2:02,2:02,5,0,0,I-70 WB & N PECOS ST,1,3,0,0,2,4,0,0,55,0,0,0,0,0,1,1,14
,2021-06366,39.74000653,-104.9684659,2/19/2021 17:05,17:05,15,0,0,E COLFAX AVE & PARK AVE,1,1,0,0,1,1,0,0,30,0,0,0,0,0,2,2,13
,2021-06367,39.76801353,-104.9949599,2/19/2021 16:00,16:00,12,0,0,I-25 NB & PARK AVE W,2,2,0,0,1,4,0,0,55,0,0,0,0,1,1,2,3
,2021-06369,39.65481354,-104.8837599,1/31/2021 1:48,1:48,5,0,0,3300 BLK S AKRON ST & E FLOYD AVE,1,3,0,0,3,4,0,0,25,0,0,0,0,0,4,1,14
,2021-06381,39.76637353,-104.9708699,2/8/2021 6:00,6:00,6,0,0,3600 BLK N LAFAYETTE ST & E 37TH AVE,1,1,0,0,1,4,0,0,35,0,0,0,0,0,4,2,16
,2021-06383,39.71819353,-104.9732199,1/27/2021 8:18,8:18,12,0,0,E SPEER BLVD & N DOWNING ST,4,1,1,0,1,4,0,0,35,0,0,0,0,0,4,2,13
,2021-06384,39.73922353,-104.9810799,2/1/2021 13:00,13:00,6,0,0,1400 BLK N PENNSYLVANIA ST & E 14TH AVE,1,1,0,0,1,4,0,0,30,0,0,0,0,0,4,2,13
,2021-06385,39.73931353,-104.9450599,2/11/2021 16:15,16:15,6,0,0,1400 BLK N MONROE ST & E COLFAX AVE,1,1,0,0,1,4,0,0,35,0,0,0,0,0,4,2,16
,2021-06387,39.76952353,-105.0342499,1/26/2021 14:49,14:49,12,0,0,3500 BLK W 38TH AVE & N LOWELL BLVD,9,1,0,2,1,4,0,0,35,0,0,0,0,1,4,2,16
,2021-06388,39.76115353,-105.0047499,2/17/2021 21:32,21:32,15,0,0,I-25 SB & 20TH ST,9,3,0,2,1,4,0,0,65,0,0,0,0,0,1,2,1
,2021-06390,39.78817351,-104.79681,2/8/2021 10:20,10:20,15,0,0,MEMPHIS ST & 5100 BLK N,1,1,0,0,1,4,0,0,30,0,0,0,0,0,4,2,5
,2021-06391,39.67865354,-105.0191899,2/5/2021 9:23,9:23,3,0,0,2600 BLK W EVANS AVE & S CLAY ST,1,1,0,0,1,2,0,0,,0,0,0,0,0,4,2,16
,2021-06392,39.74032353,-105.0141399,2/4/2021 14:56,14:56,15,0,0,W COLFAX AVE & I-25 SB EXIT RAMP GORE PT,1,1,0,0,1,4,0,0,35,0,0,0,0,0,2,2,1
,2021-06393,39.73286353,-104.8998799,1/30/2021 16:10,16:10,12,0,0,E 11TH AVE & N ROSEMARY ST,1,1,0,0,1,1,0,0,30,0,0,0,0,0,4,2,13
,2021-06394,39.68472354,-104.9594399,2/17/2021 22:50,22:50,15,0,0,I-25 SB & S UNIVERSITY BLVD,4,3,0,2,1,4,0,0,65,0,0,0,0,0,1,2,7
,2021-06395,39.71123354,-105.0372699,2/15/2021 22:46,22:46,3,0,0,W ALAMEDA AVE & S NEWTON ST,1,2,0,0,1,1,0,0,25,0,0,0,0,1,2,2,9
,2021-06396,39.75426353,-104.9821699,1/5/2021 18:32,18:32,10,0,0,STOUT ST & 25TH ST,1,3,0,0,1,1,0,0,35,0,0,0,0,1,4,2,14
,2021-06397,39.70188353,-104.9109799,2/4/2021 17:08,17:08,5,0,0,LEETSDALE DR & 6655 BLK,1,1,0,0,3,4,0,0,40,0,0,0,0,0,2,1,1
,2021-06398,39.67489354,-104.9828499,2/8/2021 15:35,15:35,1,0,0,E ILIFF AVE & S LOGAN ST,1,1,0,0,1,1,0,0,25,0,0,0,0,0,4,2,16