id,drcog_id,latitude,longitude,crashtime,time,crashtype,numbkilled,numbinjurd,drcoglocat,rdconditin,lightngcon,roadcntgrd,weatherco,location,roaddescrp,schoolzone,constrzone,splimit,bikeinv,pedinv,sctrinv,motoinv,svrty,rdsystem,ttlvehcls,hcf
,2021-06399,39.71095353,-104.9708999,1/29/2021 14:30,14:30,6,0,0,S LAFAYETTE ST & ALAMEDA AVE,1,1,0,0,1,4,0,0,25,0,0,0,0,0,4,2,16
,2021-06400,39.61450356,-105.0941499,2/8/2021 13:46,13:46,15,0,0,8600 BLK W CROSS DR & S WADSWORTH BLVD,1,1,0,0,1,2,0,0,25,0,0,0,0,0,4,2,13
,2021-06401,39.70665354,-104.9965899,2/17/2021 16:14,16:14,12,0,0,I-25 NB & S SANTA FE DR,1,1,0,0,1,4,0,0,55,0,0,0,0,0,1,2,13
,2021-06402,39.67769354,-105.0249499,1/29/2021 9:25,9:25,15,0,0,2100 BLK S FEDERAL BLVD & W EVANS AVE,1,1,0,0,1,1,0,0,30,0,0,0,0,0,2,2,13
,2021-06403,39.79098352,-104.9451999,2/1/2021 22:29,22:29,6,0,0,N MONROE ST & E 52ND AVE,1,3,0,0,1,4,0,0,25,0,0,0,0,0,4,2,3
,2021-06405,39.73973353,-104.9966899,2/1/2021 13:45,13:45,15,0,0,700 BLK W COLFAX AVE & S SPEER BLVD NB,1,1,0,0,1,4,0,0,30,0,0,0,0,0,2,2,16
,2021-06406,39.78362951,-104.791364,1/28/2021 7:15,7:15,12,0,0,E GVR BLVD & PENA BLVD INBOUND,1,1,0,0,1,4,0,0,35,0,0,0,0,1,4,2,13
,2021-06407,39.76094353,-105.0043199,2/8/2021 21:40,21:40,12,0,0,I-25 NB & 20TH ST,1,3,0,0,1,4,0,0,55,0,0,0,0,1,1,2,2
,2021-06409,39.62377354,-104.9013999,2/17/2021 15:47,15:47,15,0,0,I-25 NB & E BELLEVIEW AVE,11,1,1,2,1,4,0,0,65,0,0,0,0,0,1,2,3
,2021-06410,39.84979749,-104.6738195,2/19/2021 9:36,9:36,6,0,0,8400 PENA BLVD & LEVEL 6 E DOOR 603,7,1,0,0,1,4,0,0,15,0,0,0,0,0,4,2,13
,2021-06411,39.78260803,-104.9985394,2/8/2021 15:05,15:05,12,0,0,N COLORADO BLVD & I-70 WB EXIT RAMP,1,1,1,0,1,3,0,0,35,0,0,0,0,0,2,2,13
,2021-06412,39.72567354,-105.0132099,2/18/2021 18:33,18:33,12,0,0,I-25 NB & W 6TH AVE,1,3,0,0,1,4,0,0,55,0,0,0,0,0,1,2,13
,2021-06420,39.77229353,-104.9745399,2/17/2021 15:40,15:40,12,0,0,38TH ST & WYNKOOP ST,1,1,0,0,1,3,0,0,25,0,0,0,0,0,4,2,3
,2021-06421,39.71028354,-105.0250799,2/15/2021 22:01,22:01,10,0,0,300 BLK S FEDERAL BLVD & W ALAMEDA AVE,1,3,0,0,1,3,0,0,40,0,0,0,0,0,2,2,13
,2021-06422,39.71065354,-105.0352499,2/15/2021 22:50,22:50,5,0,0,S LOWELL BLVD & 325 BLK,1,4,0,0,3,4,0,0,25,0,0,0,0,0,4,1,9
,2021-06424,39.76197352,-104.9034299,2/8/2021 16:00,16:00,3,0,0,N QUEBEC ST & E MLK BLVD,1,1,0,0,1,1,0,0,40,0,0,0,0,0,4,2,8
,2021-06425,39.70642354,-104.9967799,2/18/2021 21:56,21:56,9,0,0,I-25 SB & S SANTA FE DR,1,3,0,0,1,4,0,0,65,0,0,0,0,0,1,2,13
,2021-06426,39.76007352,-104.8695699,1/27/2021 12:18,12:18,5,0,2,E MLK BLVD & N GALENA ST,4,1,0,0,3,1,0,0,35,0,0,0,0,3,4,1,7
,2021-06430,39.75528353,-105.0124899,1/13/2021 22:45,22:45,12,0,2,I-25 NB & N SPEER BLVD ENT RAMP [GORE PT],1,3,0,0,1,8,0,0,55,0,0,0,0,2,1,2,16
,2021-06431,39.77400352,-104.8470199,1/31/2021 2:23,2:23,12,0,0,I-70 EB & N PEORIA ST,1,3,0,0,1,4,0,0,65,0,0,0,0,0,4,2,13
,2021-06432,39.75123353,-104.9940299,2/8/2021 9:40,9:40,6,0,0,1800 BLOCK LAWRENCE LARIMER ALY & 19TH ST,1,1,0,0,1,5,0,0,15,0,0,0,0,0,4,2,3
,2021-06433,39.68413354,-104.9404999,2/7/2021 19:54,19:54,1,0,0,S COLORADO BLVD & I-25 NB ENT / EXIT  RAMPS,1,3,1,0,1,3,0,0,35,0,0,0,0,0,2,2,1
,2021-06436,39.65308354,-104.9204499,2/10/2021 18:16,18:16,15,0,0,E HAMPDEN AVE & S IVY WAY,1,3,1,0,1,1,0,0,40,0,0,0,0,0,2,2,1
,2021-06437,39.74482353,-104.9684399,2/17/2021 20:53,20:53,10,0,0,E 18TH AVE & N FRANKLIN ST,9,3,0,2,1,1,0,0,35,0,0,0,0,0,4,2,13
,2021-06438,39.68586354,-104.9433399,2/2/2021 7:50,7:50,5,0,0,JACKSON ST & 1695 S,1,1,0,0,2,1,0,0,35,0,0,0,0,0,4,1,1
,2021-06440,39.78317311,-104.9005972,2/8/2021 16:23,16:23,15,0,0,I-70 WB & N NORTHFIELD QUEBEC ST NB,1,1,0,0,1,4,0,0,65,0,0,0,0,0,1,2,14
,2021-06441,39.76761353,-104.9753499,2/12/2021 20:00,20:00,3,0,0,WALNUT ST & 35TH ST,1,3,0,0,1,1,0,0,25,0,0,0,0,0,4,2,14
,2021-06444,39.65347355,-105.0638799,2/17/2021 19:42,19:42,5,0,0,W HAMDEN N FRTG / S FENTON ST & S IVAN CT,9,3,0,2,3,4,0,0,25,0,0,0,0,0,4,1,1
,2021-06445,39.76743352,-104.9190999,2/18/2021 21:39,21:39,6,0,1,5900 BLK E 36TH AVE & N JASMINE ST,4,3,1,0,1,4,0,0,25,0,0,0,0,2,4,2,13
,2021-06452,39.75536353,-105.0126799,2/2/2021 15:38,15:38,12,0,0,I-25 SB & N SPEER BLVD,1,1,1,0,1,4,0,0,65,0,0,0,0,0,1,2,3
,2021-06455,39.74273353,-105.0417199,1/26/2021 7:25,7:25,6,0,0,W 16TH AVE & N RALEIGH ST,9,1,0,2,1,4,0,0,20,0,0,0,0,0,4,2,1
,2021-06456,39.69656353,-104.9535012,2/18/2021 19:20,19:20,5,0,0,10100 BLK OF E MISSISSIPPI AVE & S FULTON ST,1,3,0,0,3,4,0,0,40,0,0,0,0,1,3,1,7
,2021-06459,39.76115353,-105.0047499,2/9/2021 7:31,7:31,12,0,1,I-25 SB & 20TH ST,1,1,0,0,1,4,0,0,55,0,0,0,0,1,1,2,1
,2021-06461,39.67846353,-104.9238899,2/9/2021 9:30,9:30,3,0,1,S HUDSON ST & E EVANS ST,1,1,0,0,1,2,0,0,35,0,0,0,0,2,4,2,1
,2021-06462,39.73850678,-104.9126153,2/8/2021 11:40,11:40,3,0,0,RACE ST ALLEY & E 14TH AVE,1,1,0,0,1,5,0,0,25,0,0,0,0,1,4,2,3
,2021-06463,39.69669854,-104.9918704,2/9/2021 18:45,18:45,12,0,0,S SANTA FE DR & W MISSISSIPPI AVE,1,5,0,7,1,4,0,0,45,0,0,0,0,0,2,2,13
,2021-06464,39.73363353,-104.9406599,2/8/2021 22:05,22:05,10,0,0,E 11TH AVE & N COLORADO BLVD,1,3,0,0,1,1,0,0,35,0,0,0,0,0,2,2,16
,2021-06465,39.74735353,-104.9873899,2/9/2021 10:30,10:30,10,0,0,N BROADWAY ST & WELTON ST,1,1,0,0,1,1,0,0,30,0,0,0,0,0,4,2,7
,2021-06469,39.68939954,-104.9920549,2/17/2021 14:46,14:46,12,0,0,S SANTA FE DR & W FLORIDA AVE,1,1,0,0,1,3,0,0,45,0,0,0,0,0,2,2,3
,2021-06470,39.68229354,-105.0203599,2/9/2021 14:57,14:57,12,0,1,W JEWELL AVE & S CLAY ST,1,1,0,0,1,1,0,0,30,0,0,0,0,2,4,2,3
,2021-06472,39.76132352,-104.9081999,2/9/2021 5:41,5:41,5,0,0,N ONEIDA ST & E STAPLETON S DR,1,3,0,0,2,1,0,0,25,0,0,0,0,0,4,1,7
,2021-06473,39.75801352,-104.9033799,2/9/2021 13:01,13:01,12,0,0,N QUEBEC ST & E 29TH AVE,1,1,0,0,1,1,0,0,35,0,0,0,0,0,4,2,1
,2021-06477,39.67300354,-104.9488599,2/9/2021 8:18,8:18,3,0,0,E WESLEY AVE & S ADAMS ST,1,1,0,0,1,1,0,0,25,0,0,0,0,0,4,2,14
,2021-06487,39.77994352,-104.9406599,2/9/2021 11:48,11:48,15,0,0,I-70 EB EXIT RAMP [GORE PT] & N COLORADO BLVD,1,1,0,0,1,4,0,0,60,0,0,0,0,0,1,2,1
,2021-06488,39.73596353,-104.9527999,2/9/2021 9:21,9:21,6,0,0,FILLMORE ST & 1200 BLK N,1,1,0,0,1,4,0,0,25,0,0,0,0,0,4,2,7
,2021-06489,39.78745353,-105.0252099,2/17/2021 16:36,16:36,12,0,0,W 50TH AVE & N FEDERAL BLVD,9,1,0,2,1,3,0,0,40,0,0,0,0,0,2,2,14
,2021-06490,39.78260803,-104.9985394,2/8/2021 20:27,20:27,5,0,0,I-70 WB & N QUEBEC ST,1,4,0,0,3,4,0,0,65,0,0,0,0,0,1,1,16
,2021-06491,39.66748354,-104.9254699,2/8/2021 17:10,17:10,15,0,0,E YALE AVE WB ENT RAMP & I-25 NB ENT [GORE PT[,1,1,0,0,1,8,0,0,55,0,0,0,0,0,1,2,3
,2021-06493,39.75103353,-104.9406099,2/8/2021 19:10,19:10,12,0,3,N COLORADO BLVD & E 23RD AVE,1,3,0,0,1,3,0,0,35,0,0,0,0,2,2,2,3
,2021-06494,39.73833353,-104.9150399,2/9/2021 8:29,8:29,3,0,0,E 14TH AVE & N LEYDEN ST,1,1,0,0,1,1,0,0,25,0,0,0,0,0,4,2,13
,2021-06508,39.67843354,-104.9339699,2/10/2021 11:34,11:34,6,0,0,I-25 SB & E EVANS AVE,1,1,0,0,1,4,0,0,65,0,0,0,0,1,1,2,3
,2021-06515,39.72189353,-104.9814899,2/10/2021 11:07,11:07,15,0,0,400 BLK E SPEER BLVD & E 4TH AVE,1,1,0,0,1,3,0,0,30,0,0,0,0,0,4,2,13
,2021-06517,39.77282351,-104.79598,2/10/2021 10:10,10:10,3,0,1,E 40TH AVE & N AIRPORT WAY,1,1,0,0,1,1,0,0,40,0,0,0,0,2,4,2,13
,2021-06520,39.76569352,-104.8658099,2/10/2021 14:03,14:03,15,0,0,E 47TH AVE & N HAVANA ST,1,1,0,0,1,1,0,0,40,0,0,0,0,0,4,2,13
,2021-06535,39.69481354,-104.9924699,2/17/2021 8:02,8:02,12,0,0,S SANTA FE DR & W ARIZONA AVE,11,2,0,4,1,4,0,0,40,0,0,0,0,0,2,2,13
,2021-06541,39.75931353,-104.9936899,2/10/2021 10:40,10:40,12,0,0,WEWATTA ST & PARK AVE,10,1,0,0,1,1,0,0,35,0,0,0,0,0,4,2,14
,2021-06542,39.63323354,-104.9063099,2/10/2021 10:08,10:08,12,0,0,I-225 SB & I-25 NB  / SB SPLIT [GORE PT],9,1,0,2,1,4,0,0,65,0,0,0,0,0,1,2,1
,2021-06545,39.76213353,-105.0345999,2/10/2021 10:56,10:56,15,0,0,3100 BLK N LOWELL BLVD & W 32ND AVE,1,1,0,0,1,5,0,0,25,0,0,0,0,0,4,2,13
,2021-06559,39.74019553,-105.0001549,2/10/2021 12:40,12:40,12,0,0,W COLFAX AVE & N KALAMATH ST,1,1,0,0,1,3,0,0,30,0,0,0,0,0,2,2,13
,2021-06561,39.77288352,-104.9406289,2/10/2021 10:10,10:10,15,0,0,N COLORADO BLVD & E 40TH AVE,1,1,0,0,1,1,0,0,35,0,0,0,0,0,2,2,1
,2021-06563,39.76115353,-105.0047499,2/10/2021 11:39,11:39,3,0,0,20TH ST & I-25 SB ENT / EXIT RAMPS,1,1,0,0,1,1,0,0,30,0,0,0,0,0,4,2,13
,2021-06569,39.78652353,-105.0345699,2/11/2021 18:42,18:42,3,0,0,N LOWELL BLVD (4900 BLK) & W 49TH AVE,1,3,0,0,1,2,0,0,30,0,0,0,0,0,4,2,5
,2021-06576,39.67431354,-105.0532699,2/10/2021 5:45,5:45,3,0,0,S SHERIDAN BLVD & W HARVARD AVE,1,4,1,0,1,1,0,0,25,0,0,0,0,0,2,2,16
,2021-06577,39.78008352,-104.9406599,2/7/2021 23:20,23:20,5,0,0,I-70 WB & N COLORADO BLVD,1,3,0,0,3,4,0,0,65,0,0,0,0,0,4,1,5
,2021-06609,39.79035351,-104.8377299,2/10/2021 7:50,7:50,6,0,0,E 51ST AVE (13019 BLK) & N UPTON CT,1,1,0,0,4,3,0,0,25,0,0,0,0,0,4,2,10
,2021-06617,39.69309854,-105.0251164,2/11/2021 16:39,16:39,15,0,0,S FEDERAL BLVD & W LOUISIANA AVE,1,1,0,0,1,4,0,0,40,0,0,0,0,0,2,2,3
,2021-06618,39.77939353,-104.9791399,2/10/2021 8:30,8:30,15,0,0,N WASHINGTON ST ENT RAMP & I-70 EB ENT [GORE PT],4,1,1,2,1,4,0,0,65,0,0,0,0,0,1,2,13
,2021-06619,39.69671354,-105.0065799,2/9/2021 18:20,18:20,12,0,0,W MISSISSIPPI AVE & S QUIVAS ST,1,3,0,0,1,4,0,0,35,0,0,0,0,0,4,2,1
,2021-06626,39.69045354,-104.9928099,2/9/2021 7:45,7:45,12,0,0,1400 BLK S SANTA FE DR & W FLORIDA AVE,1,1,0,0,1,4,0,0,45,0,0,0,0,1,2,2,1
,2021-06631,39.73670353,-104.9406599,2/9/2021 15:00,15:00,15,0,0,N COLORADO BLVD & E 13TH AVE,1,1,0,0,1,3,0,0,30,0,0,0,0,0,2,2,16
,2021-06633,39.71120354,-104.9991199,2/15/2021 6:53,6:53,5,0,1,I-25 SB & W ALAMEDA AVE,4,1,0,0,2,4,0,0,65,0,0,0,0,1,4,2,7
,2021-06634,39.73685353,-104.9741299,2/11/2021 14:52,14:52,3,0,0,E 13TH AVE & N CORONA ST,1,1,0,0,1,1,0,0,30,0,0,0,0,0,4,2,3
,2021-06637,39.74274353,-105.0393199,2/11/2021 13:41,13:41,10,0,0,N PERRY ST & W 16TH AVE,1,1,0,0,1,1,0,0,25,0,0,0,0,0,4,2,7
,2021-06638,39.74400353,-104.9609099,2/8/2021 10:30,10:30,6,0,0,N GAYLORD ST & 1700 BLK,1,1,0,0,1,4,0,0,25,0,0,0,0,0,4,2,14
,2021-06639,39.67855354,-104.9828799,2/9/2021 18:15,18:15,12,0,0,S LOGAN ST & E EVANS AVE,1,3,0,0,1,3,0,0,25,0,0,0,0,0,4,2,3
,2021-06640,39.71465353,-104.9498399,2/10/2021 8:44,8:44,1,0,0,S STEELE ST & E BAYAUD AVE,1,1,0,0,1,1,0,0,30,0,0,0,0,0,4,2,13
,2021-06642,39.72541754,-105.0252199,2/10/2021 7:44,7:44,12,0,0,W 6TH AVE & N FEDERAL BLVD,4,1,0,0,1,4,0,0,65,0,0,0,0,0,2,2,13
,2021-06644,39.83254443,-104.7433194,2/17/2021 17:25,17:25,5,0,0,E-470 & PENA BLVD WB EXIT RAMP [GORE PT],10,3,1,2,2,4,0,0,30,0,0,0,0,0,2,1,14
,2021-06646,39.75149353,-104.9720999,2/11/2021 15:38,15:38,12,0,0,E 37TH AVE & N MARION ST,1,1,0,0,1,1,0,0,30,0,0,0,0,0,4,2,8
,2021-06669,39.63692875,-104.8899084,1/31/2021 3:04,3:04,15,0,0,I-70 WB & I-225 NB,1,3,0,0,1,4,0,0,65,0,0,0,0,0,1,2,16
,2021-06690,39.68222325,-105.0532529,2/10/2021 10:11,10:11,12,0,0,5200 W JEWELL AVE & S SHERIDAN ST,1,1,0,1,1,4,0,0,30,0,0,0,0,0,2,2,13
,2021-06691,39.68977354,-105.0078499,2/19/2021 20:30,20:30,16,0,0,1745 W FLORIDA AVE & S QUIVAS ST,1,3,0,0,5,7,0,0,30,0,0,0,0,0,3,3,10
,2021-06692,39.74015053,-104.9964604,2/10/2021 8:54,8:54,12,0,0,W COLFAX AVE & N GALAPAGO ST,9,1,0,2,1,1,0,0,30,0,0,0,0,0,2,2,13
,2021-06693,39.75512711,-105.0000479,2/10/2021 9:05,9:05,15,0,0,1800 BLK PARK AVE W & WEWATTA ST,4,1,0,2,1,4,0,0,30,0,0,0,0,0,4,2,14
,2021-06694,39.77384352,-104.8827799,2/14/2021 16:25,16:25,15,0,0,3900 BLK N CENTRAL PARK BLVD & E 40TH AVE,1,1,0,0,1,4,0,0,30,0,0,0,0,0,4,2,16
,2021-06695,39.78026353,-104.9895499,2/16/2021 23:25,23:25,15,0,0,I-70 WB & I-25 SB ENT [GORE PT],1,3,0,0,1,8,0,0,65,0,0,0,0,0,1,2,14
,2021-06696,39.67205353,-104.9144899,2/16/2021 21:59,21:59,5,0,0,2434 S KIRKWOOD CT & PRIVATE PROPERTY,1,3,0,0,3,4,0,0,25,0,0,0,0,0,4,1,13
,2021-06697,39.76183352,-104.9383099,2/15/2021 18:03,18:03,12,0,2,MARTIN LUTHER KING BLVD & N ASH ST,1,3,0,0,1,3,0,0,35,0,0,0,0,3,4,2,16
,2021-06699,39.71975354,-105.0287899,2/17/2021 12:30,12:30,6,0,0,W 2ND AVE & N HOOKER ST,1,5,0,7,1,4,0,0,25,0,0,0,0,0,4,2,16
,2021-06700,39.90118573,-105.0097816,2/16/2021 7:43,7:43,12,0,0,W 6TH AVE & N RARITAN ST,1,1,0,0,1,4,0,0,35,0,0,0,0,0,4,2,13
,2021-06702,39.76281353,-104.9763499,2/8/2021 15:37,15:37,6,0,0,32ND ST & ARAPAHOE ST,1,1,0,0,1,4,0,0,25,0,0,0,0,0,4,2,8
,2021-06703,39.73468353,-104.9394999,2/15/2021 9:20,9:20,5,0,0,E 12TH AVE & N ALBION ST,4,1,0,0,4,3,0,0,25,0,0,0,0,0,4,1,13
,2021-06706,39.63574354,-104.8935099,2/17/2021 6:53,6:53,12,0,0,I-225 SB & S TAMARAC ST EXIT RAMP [GORE PT],11,1,0,1,1,8,0,0,65,0,0,0,0,0,1,2,13
,2021-06708,39.63574354,-104.8935099,2/17/2021 6:53,6:53,12,0,0,I-225 SB & S TAMARAC ST EXIT RAMP [GORE PT],11,1,0,1,1,4,0,0,65,0,0,0,0,0,1,2,13
,2021-06709,39.77338352,-104.8469409,2/13/2021 13:00,13:00,10,0,0,I-70 & PEORIA ST N,1,1,0,0,1,1,0,0,35,0,0,0,0,0,4,2,3
,2021-06710,39.77967353,-104.9791499,2/15/2021 12:05,12:05,12,0,0,N WASHINGTON ST & I-70 WB,11,1,1,0,1,1,0,0,35,0,0,0,0,0,4,2,13
,2021-06711,39.76585352,-104.9425499,2/15/2021 4:48,4:48,6,0,0,3500 N JACKSON ST & E 35TH AVE,9,4,0,0,1,4,0,0,30,0,0,0,0,0,4,2,16
,2021-06712,39.77869352,-104.8605999,2/15/2021 8:05,8:05,3,0,0,45TH AVE & 1100 BLK E,4,1,0,0,1,1,0,0,35,0,0,0,0,0,4,2,13
,2021-06715,39.79455883,-104.8383304,2/15/2021 7:40,7:40,5,0,0,N TULSA WAY  (5521  BLK) & E LACKLAND DR,4,1,0,2,3,3,0,0,15,0,0,0,0,0,4,1,14
,2021-06716,39.75885353,-104.9658499,2/16/2021 22:55,22:55,6,0,0,2900 BLOCK N WILLIAMS ST & E 30TH AVE,1,4,0,0,1,4,0,0,25,0,0,0,0,0,4,2,7
,2021-06717,39.72643353,-104.9787599,2/15/2021 18:45,18:45,6,0,0,600 BLK N WASHINGTON ST & E 6TH AVE,12,4,1,0,1,4,0,0,30,0,0,0,0,0,4,2,13
,2021-06718,39.77885352,-104.8632699,2/17/2021 6:05,6:05,12,0,0,E 45TH AVE & N IRONTON ST,11,2,0,4,1,3,0,0,25,0,0,0,0,0,4,2,13
,2021-06722,39.76566352,-104.9405599,2/16/2021 14:15,14:15,12,0,0,E 35TH AVE & N COLORADO BLVD,1,1,0,0,1,2,0,0,25,0,0,0,0,0,2,2,3
,2021-06725,39.66750353,-104.8661,2/14/2021 0:30,0:30,15,0,0,S HAVANA ST & E YALE AVE,9,3,1,2,1,3,0,0,40,0,0,0,0,0,2,2,13
,2021-06727,39.68928353,-104.9430099,2/15/2021 10:41,10:41,6,0,0,1500 BLK S JACKSON ST & E FLORIDA AVE,4,1,0,0,1,3,0,0,25,0,0,0,0,0,4,2,13
,2021-06730,39.68415595,-105.1017846,2/15/2021 2:30,2:30,6,0,0,4700 BLK W COLORADO AVE & S WINONA CT,9,3,0,2,1,4,0,0,25,0,0,0,0,0,4,2,13
,2021-06731,39.74782353,-105.0015299,2/16/2021 16:10,16:10,6,0,0,MARKET ST & 14TH ST,1,1,0,0,1,3,0,0,25,0,0,0,0,0,4,2,3
,2021-06732,39.78375352,-104.9592499,2/15/2021 14:13,14:13,12,0,0,E 48TH AVE & N YORK ST,1,1,0,0,1,1,0,0,25,0,0,0,0,0,4,2,7
,2021-06733,39.72341353,-104.9837799,2/17/2021 12:47,12:47,15,0,0,E SPEER BLVD & N GRANT ST,1,1,0,4,1,3,0,0,30,0,0,0,0,0,4,2,13
,2021-06734,39.83230305,-104.9834911,2/15/2021 9:12,9:12,12,0,0,I-25 SB & W 6TH AVE EB ENT RAMP [GORE PT],1,1,0,0,1,8,0,0,65,0,0,0,0,0,1,2,13
,2021-06735,39.65307354,-104.9182499,2/17/2021 5:00,5:00,3,0,0,E HAMPDEN AVE & I-25 NB EXIT RAMP,4,4,1,4,1,1,0,0,35,0,0,0,0,1,2,2,13
,2021-06736,39.73686353,-104.9986799,2/14/2021 22:35,22:35,3,0,0,N SANTA FE DR & W 13TH AVE,1,3,0,0,1,1,0,0,30,0,0,0,0,0,4,2,5
,2021-06740,39.73368353,-104.9810199,2/17/2021 10:00,10:00,6,0,0,500 BLK E 11TH AVE & N PENNSYLVANIA ST,1,1,0,0,1,4,0,0,25,0,0,0,0,0,4,2,13
,2021-06742,39.71780353,-104.9407774,2/16/2021 18:56,18:56,3,0,0,N COLORADO BLVD & E 1ST AVE,1,3,1,0,1,1,0,0,35,0,0,0,0,0,2,2,13
,2021-06744,39.69745354,-105.0015099,2/17/2021 12:00,12:00,6,0,0,1000 BLK S LIPAN ST & W TENNESSEE AVE,1,1,1,0,1,4,0,0,25,0,0,0,0,0,4,2,16
,2021-06748,39.66034354,-104.9129699,2/16/2021 16:34,16:34,15,0,0,S MONACO ST & S MONACO CIR,1,1,0,0,1,1,0,0,35,0,0,0,0,0,4,2,1
,2021-06754,39.77857351,-104.77978,2/8/2021 10:04,10:04,6,0,0,E 45TH AVE & N URAVAN ST,1,1,0,0,1,1,0,0,25,0,0,0,0,0,4,2,14
,2021-06757,39.75470352,-104.8970499,2/8/2021 7:35,7:35,6,0,0,E MLK BLVD & E 26TH AVE,1,1,0,0,1,4,0,0,35,0,0,0,0,0,4,2,14
,2021-06759,39.78364751,-104.809787,2/8/2021 18:10,18:10,1,0,0,N CHAMBERS RD & E GATEWAY AVE,1,3,0,0,1,3,0,0,40,0,0,0,0,0,4,2,13
,2021-06762,39.66421354,-104.9138799,1/17/2021 13:13,13:13,6,0,0,BATES AVE & 6448 E,1,1,0,0,1,4,0,0,25,0,0,0,0,0,4,2,7
,2021-06771,39.74898353,-104.9898699,2/8/2021 9:21,9:21,12,0,0,800 BLK 19TH ST & STOUT ST,1,1,0,0,1,1,0,0,30,0,0,0,0,0,4,2,8
,2021-06772,39.76094353,-105.0043199,2/8/2021 15:12,15:12,12,0,0,I-25 NB & 20TH ST,1,1,0,0,1,4,0,0,65,0,0,0,0,0,1,2,7
,2021-06774,39.79015351,-104.8239199,2/8/2021 8:40,8:40,6,0,0,E 52ND AVE & N CARSON ST,1,1,0,0,1,4,0,0,25,0,0,0,0,0,4,2,14
,2021-06781,39.74377352,-104.8846399,2/8/2021 8:04,8:04,3,0,0,E 17TH AVE & N YOSEMITE ST,1,1,0,0,1,1,0,0,25,0,0,0,0,0,4,2,16
,2021-06790,39.78342352,-104.9316099,2/8/2021 7:10,7:10,3,0,0,E 48TH AVE & N DAHLIA ST,1,1,0,0,1,1,0,0,30,0,0,0,0,0,4,2,16
,2021-06791,39.78326353,-105.0064199,2/8/2021 9:30,9:30,12,0,0,I-70 WB & N PECOS ST,1,1,1,0,1,4,0,0,55,0,0,0,0,0,1,2,13
,2021-06794,39.77400352,-104.8470199,2/8/2021 2:28,2:28,12,0,0,I-70 EB & N PEORIA ST,1,3,1,0,1,4,0,0,55,0,0,0,0,0,1,2,13
,2021-06796,39.85006349,-104.66588,1/31/2021 5:08,5:08,12,0,0,TOWER & PENA BL,1,3,0,0,1,1,0,0,45,0,0,0,0,0,4,2,5
,2021-06797,39.8427835,-104.67723,2/7/2021 11:25,11:25,12,0,0,8000 BLOCK PENA BLVD & E 81ST AVE,1,1,0,0,1,4,0,1,35,0,0,0,0,0,4,3,13
,2021-06798,39.75432353,-104.9964499,2/14/2021 23:56,23:56,5,0,0,WAZEE ST & 1901 BLK,9,3,0,2,2,1,0,0,30,0,0,0,0,0,4,1,16
,2021-06800,39.75629353,-105.0158299,1/24/2021 2:15,2:15,5,0,0,N SPEER BLVD & N ZUNI ST,1,3,0,0,2,3,0,0,35,0,0,0,0,0,4,1,5
,2021-06801,39.73455353,-104.9916399,2/11/2021 12:05,12:05,6,0,0,1100 BLK N CHEROKEE ST & W 12TH AVE,1,1,0,0,1,4,0,0,25,0,0,0,0,0,4,3,13
,2021-06802,39.72561353,-104.9787699,2/7/2021 22:20,22:20,12,0,0,E 6TH AVE & N WASHINGTON ST,1,3,0,0,1,3,0,0,30,0,0,0,0,0,4,2,5
,2021-06809,39.74321353,-104.9622199,2/9/2021 13:20,13:20,6,0,0,2100 BLK E 17TH AVE & N VINE ST,1,1,0,0,1,4,0,0,30,0,0,0,0,0,4,3,3
,2021-06812,39.71283354,-105.0420699,2/7/2021 8:38,8:38,12,0,0,200 BLK S RALEIGH ST & W ALAMEDA AVE,1,1,1,0,1,4,0,0,,0,0,0,0,0,4,2,13
,2021-06813,39.69295354,-104.9605699,2/7/2021 20:31,20:31,5,0,0,E LOUISIANA AVE & S YORK ST,1,3,0,2,3,3,0,0,30,0,0,0,0,1,4,1,5
,2021-06814,39.74321353,-104.9609999,2/10/2021 8:18,8:18,3,0,0,E 17TH AVE & N GAYLORD ST,9,1,0,2,1,1,0,0,25,0,0,0,0,0,4,3,14
,2021-06816,39.75259039,-104.9848982,2/18/2021 10:00,10:00,15,0,0,I-25 NB & PARK AVE W,11,1,1,0,1,4,0,0,55,0,0,0,0,0,1,3,3
,2021-06819,39.73594353,-104.9957899,2/8/2021 11:50,11:50,15,0,0,1100 BLK N SPEER BLVD & W 12TH AVE,1,1,0,0,1,4,0,0,30,0,0,0,0,0,4,2,13
,2021-06827,39.73360353,-104.9978699,1/12/2021 11:17,11:17,12,0,0,800 BLOCK W 11TH AVE & N SANTA FE DR,1,1,1,0,1,4,0,0,30,0,0,0,0,0,4,3,16
,2021-06829,39.77273051,-104.8129318,2/8/2021 0:01,0:01,15,0,0,4200 BLK N HAVANA ST & E 40TH AVE,1,3,0,0,1,4,0,0,40,0,0,0,0,0,4,2,3
,2021-06832,39.67915354,-105.0532499,1/10/2021 21:30,21:30,11,0,0,S SHERIDAN BLVD & W EVANS AVE,1,3,0,0,1,1,0,0,40,0,1,0,0,1,2,1,1
,2021-06833,39.74032353,-105.0339999,2/11/2021 10:20,10:20,15,0,0,COLFAX AVE & N KING ST,1,1,0,0,1,2,0,0,30,0,0,0,0,0,2,2,13