id,drcog_id,latitude,longitude,crashtime,time,crashtype,numbkilled,numbinjurd,drcoglocat,rdconditin,lightngcon,roadcntgrd,weatherco,location,roaddescrp,schoolzone,constrzone,splimit,bikeinv,pedinv,sctrinv,motoinv,svrty,rdsystem,ttlvehcls,hcf
,2021-06834,39.72553353,-105.0131199,1/22/2021 18:22,18:22,15,0,0,I-25 NB & W 6TH AVE,1,3,0,0,1,4,0,0,55,0,0,0,0,0,1,2,5
,2021-06837,39.77655353,-105.0158499,2/7/2021 14:00,14:00,1,0,0,W 44TH AVE & N ZUNI ST,1,1,0,0,1,1,0,0,35,0,0,0,0,0,4,2,16
,2021-06839,39.70665354,-104.9965899,2/8/2021 15:41,15:41,15,0,0,S SANTA FE DR EXIT RAMP & I-25 NB EXIT [GORE PT],1,1,1,0,1,8,0,0,65,0,0,0,0,0,1,2,13
,2021-06844,39.74965353,-105.0243099,2/7/2021 10:07,10:07,5,0,0,2922 W 22ND AVE & W 22ND AVE,1,1,0,0,2,5,0,0,,0,0,0,0,0,4,1,16
,2021-06847,39.69663353,-104.9395799,1/5/2021 6:35,6:35,11,0,1,4000 BLOCK E MISSISSIPPI AVE & S COLORADO BLVD,1,4,1,0,1,3,0,0,0,0,1,0,0,3,4,1,16
,2021-06852,39.75579353,-104.9986999,2/7/2021 5:01,5:01,5,0,0,19TH ST & WEWATTA ST,1,3,1,1,2,4,0,0,35,0,0,0,0,0,4,1,3
,2021-06853,39.91915628,-105.0050976,2/7/2021 11:57,11:57,5,0,0,I-70 WB & N PECOS ST,1,1,1,0,2,4,0,0,55,0,0,0,0,0,1,1,7
,2021-06854,39.63323354,-104.9063099,2/18/2021 9:44,9:44,12,0,0,I-225 SB & I-25 NB / SB EXIT SPLIT [GORE PT],12,1,0,0,1,4,0,0,55,0,0,0,0,0,1,3,3
,2021-06856,39.78346312,-105.0112166,2/8/2021 21:55,21:55,15,0,0,I-70 EB EXIT RAMP & N STEEL ST,1,4,0,0,1,1,0,0,30,0,0,0,0,0,2,2,13
,2021-06857,39.73048353,-104.9418299,2/4/2021 8:01,8:01,6,0,0,3800 BLK E 9TH AVE & N HARRISON ST,1,1,0,0,1,4,0,0,25,0,0,0,0,0,4,3,14
,2021-06862,39.63290355,-105.0346599,1/26/2021 19:00,19:00,6,0,0,4600 BLK S LOWELL BLVD & W PIMLICO AVE,9,3,1,2,1,4,0,0,30,0,0,0,0,0,4,4,14
,2021-06863,39.73663353,-105.0001299,2/10/2021 0:30,0:30,6,0,0,1300 BLK N KALAMATH ST & W 14TH AVE,1,3,0,0,1,4,0,0,30,0,0,0,0,0,4,3,16
,2021-06865,39.78003353,-104.9891799,2/19/2021 6:44,6:44,12,0,0,I-25 NB & I-70 EB ENT [GORE PT],1,1,1,0,1,8,0,0,55,0,0,0,0,0,1,4,1
,2021-06866,39.76568353,-104.9950429,1/17/2021 17:56,17:56,15,0,0,PARK AVE & N GLOBEVILLE RD,1,3,0,0,1,1,0,0,25,0,0,0,0,0,4,2,13
,2021-06867,39.74006353,-104.9916399,2/7/2021 9:06,9:06,3,0,0,W COLFAX AVE & N CHEROKEE ST,1,3,0,0,1,1,0,0,35,0,0,0,0,1,2,2,13
,2021-06870,39.78437353,-105.0251799,2/7/2021 11:08,11:08,3,0,0,FEDERAL BLVD N & I-70 WB OFF RAMP,1,1,0,0,1,1,0,0,25,0,0,0,0,0,2,2,1
,2021-06872,39.70289353,-104.9128299,2/18/2021 8:35,8:35,3,0,2,LEETSDALE DR & MONACO ST S,11,1,0,0,1,1,0,0,35,0,0,0,0,3,2,3,5
,2021-06873,39.66592355,-105.0786599,1/24/2021 6:49,6:49,6,0,0,2700 BLK S WEBSTER ST & 2700 BLK S,1,1,0,0,1,4,0,0,25,0,0,0,0,0,4,2,16
,2021-06874,39.76197352,-104.9093999,2/7/2021 22:34,22:34,6,0,0,E MLK BLVD & N NEWPORT ST,1,3,0,0,1,4,0,0,35,0,0,0,0,0,4,2,7
,2021-06876,39.73601353,-104.9822899,1/9/2021 23:29,23:29,15,0,0,LOGAN ST N & 12TH AVE E,4,3,0,2,1,4,0,0,,0,0,0,0,0,4,3,16
,2021-06877,39.73764353,-104.9787099,2/8/2021 0:00,0:00,6,0,0,WASHINGTON ST N & 14TH AVE E,1,3,0,0,1,4,0,0,30,0,0,0,0,0,4,4,13
,2021-06878,39.76094353,-105.0043199,2/9/2021 16:02,16:02,12,0,0,I-25 & 20TH ST,1,1,0,0,1,4,0,0,55,0,0,0,0,1,1,4,1
,2021-06879,39.66762354,-104.9128699,1/24/2021 19:46,19:46,12,0,0,E YALE AVE & S MONACO ST,1,3,0,0,1,4,0,0,35,0,0,0,0,0,4,2,1
,2021-06880,39.79847352,-104.8754499,2/5/2021 14:30,14:30,1,0,0,E 56TH AVE & N DALLAS ST,1,1,0,0,1,1,0,0,40,0,0,0,0,0,4,2,7
,2021-06881,39.69028354,-104.9861799,1/22/2021 22:19,22:19,6,0,0,LINCOLN ST S & FLORIDA AVE E,1,4,0,0,1,4,0,0,25,0,0,0,0,0,4,3,14
,2021-06882,39.63547354,-104.8937099,2/17/2021 8:38,8:38,12,0,0,I-225 & TAMARAC ST S,11,1,0,4,1,4,0,0,55,0,0,0,0,0,1,3,13
,2021-06885,39.77291352,-104.8657999,2/9/2021 19:02,19:02,5,0,0,40TH AVE E & HAVANA ST N,1,3,0,0,3,4,0,0,35,0,0,0,0,0,4,1,2
,2021-06886,39.73441353,-104.9574299,2/18/2021 21:23,21:23,6,0,0,COLUMBINE ST 1100 BLK N & 12TH AVE E,9,3,1,0,1,4,0,0,25,0,0,0,0,0,4,3,16
,2021-06887,39.72527841,-105.1417334,2/9/2021 15:12,15:12,15,0,0,I-25 & 6TH AVE W,1,1,0,0,1,4,0,0,55,0,0,0,0,0,1,2,13
,2021-06890,39.77957952,-104.8471054,2/9/2021 16:20,16:20,1,0,0,PEORIA ST N & 46TH AVE E,1,1,0,0,1,1,0,0,40,0,0,0,0,1,4,2,13
,2021-06893,39.70081324,-104.9875304,2/9/2021 19:26,19:26,1,0,1,BROADWAY ST S & I-25 SB ON RAMP,1,3,1,0,1,1,0,0,35,0,0,0,0,2,4,2,8
,2021-06894,39.75843353,-104.9971299,2/9/2021 13:09,13:09,3,0,0,HURON ST N & 29TH AVE W,1,1,0,0,1,3,0,0,25,0,0,0,0,0,4,2,1
,2021-06895,39.77994352,-104.9404999,2/11/2021 7:08,7:08,12,0,0,I-70 EB EXIT GORE PT TO & COLORADO BLVD N,4,1,0,0,1,4,0,0,65,0,0,0,0,0,1,2,14
,2021-06897,39.65703314,-104.8744626,2/10/2021 19:20,19:20,9,0,0,1ST AVE E & DAYTON ST S,1,4,0,0,1,6,0,0,35,0,0,0,0,0,4,1,14
,2021-06898,39.72411353,-104.9497799,2/10/2021 17:09,17:09,3,0,0,E 5TH AVE & N STEELE ST,1,2,0,0,1,1,0,0,25,0,0,0,0,0,4,2,2
,2021-06899,39.77054352,-104.9404699,2/11/2021 9:10,9:10,12,0,0,COLORADO BLVD N & 40TH AVE E,11,1,0,0,1,3,0,0,40,0,0,0,0,0,2,2,3
,2021-06903,39.77400352,-104.8470199,1/15/2021 17:25,17:25,12,0,0,I-70 & PEORIA ST N,1,3,0,0,1,4,0,0,65,0,0,0,0,1,1,3,16
,2021-06905,39.78011352,-104.9529599,2/19/2021 7:42,7:42,12,0,1,I-70 & VASQUEZ BLVD N,1,1,0,0,1,4,0,0,55,0,0,0,0,2,1,3,3
,2021-06906,39.68935353,-104.9223299,2/18/2021 15:20,15:20,12,0,0,E FLORIDA AVE & S HOLLY ST,1,1,0,0,1,3,0,0,30,0,0,0,0,0,4,3,13
,2021-06907,39.68486354,-104.9594399,2/18/2021 13:29,13:29,15,0,0,I-25 NB OFF RAMP TO & UNIVERSITY BLVD S,7,1,1,0,1,8,0,0,65,0,0,0,0,0,1,3,7
,2021-06909,39.79829052,-104.8844689,2/9/2021 18:28,18:28,3,0,0,56TH AVE E & CENTRAL PARK BLVD N,1,3,0,0,1,1,0,0,35,0,0,0,0,0,4,2,1
,2021-06911,39.65311154,-104.8988149,2/9/2021 13:27,13:27,5,0,0,HAMPDEN AVE E & TAMARAC DR S,1,1,0,0,2,1,0,0,45,0,0,0,0,0,2,1,4
,2021-06915,39.77638352,-104.9497899,2/11/2021 6:51,6:51,12,0,0,N STEELE ST & E 43RD AVE,4,1,1,0,1,1,0,0,30,0,0,0,0,1,4,2,1
,2021-06917,39.71119353,-104.9234399,2/10/2021 15:30,15:30,12,0,0,5500 BLK E ALAMEDA AVE & S HOLLY ST,1,1,0,0,1,4,0,0,35,0,0,0,0,1,4,2,3
,2021-06923,39.75724353,-105.0212899,2/18/2021 0:32,0:32,6,0,0,28TH AVE W & CLAY ST N,9,3,1,2,1,4,0,0,25,0,0,0,0,0,4,4,5
,2021-06924,39.70758354,-105.0250799,2/9/2021 16:59,16:59,1,0,0,FEDERAL BLVD S & VIRGINIA AVE (RD W),1,1,0,0,1,1,0,0,40,0,0,0,0,0,2,2,3
,2021-06927,39.65716355,-105.0532099,2/9/2021 13:48,13:48,12,0,0,W COLGATE PL & S SHERIDAN BLVD,1,1,0,0,1,3,0,0,25,0,0,0,0,0,2,2,3
,2021-06998,39.63799248,-104.912672,3/12/2021 12:29,12:29,12,0,0,BELLEVIEW AVE E & MONACO ST,1,1,1,0,1,1,0,0,40,0,0,0,0,0,2,2,13
,2021-07260,39.65208076,-105.0841628,2/12/2021 20:00,20:00,5,0,0,HAMPDEN AVE W & 5600 BLK W,1,3,0,0,2,4,0,0,65,0,0,0,0,0,2,1,7
,2021-07415,39.68933354,-104.9686999,2/16/2021 14:15,14:15,12,0,0,S FRANKLIN ST & E FLORIDA AVE,1,1,0,0,1,1,0,0,25,0,0,0,0,0,4,2,3
,2021-07543,39.63144355,-105.0253899,2/24/2021 16:32,16:32,1,0,0,FEDERAL BLVD S & UNION AVE W,1,1,0,0,1,1,0,0,30,0,0,0,0,1,2,2,13
,2021-07588,39.71304354,-105.0156799,1/26/2021 16:42,16:42,6,0,0,S ZUNI ST & W CEDAR AVE,9,2,0,2,1,4,0,0,25,0,0,0,0,0,4,2,1
,2021-07607,39.75536353,-105.0126899,1/22/2021 15:30,15:30,12,0,0,I-25 & SPEER BLVD N,1,1,1,0,1,4,0,0,55,0,0,0,0,0,2,2,3
,2021-07673,39.78740052,-104.9782804,3/1/2021 16:58,16:58,3,0,0,WASHINGTON ST N & 50TH AVE E,1,1,0,0,1,1,0,0,35,0,0,0,0,0,4,2,13
,2021-07679,39.72928353,-104.9034599,3/5/2021 13:30,13:30,12,0,0,N QUEBEC ST & E 8TH AVE,1,1,0,0,1,1,0,0,35,0,0,0,0,0,4,2,8
,2021-07686,39.78011352,-104.9533799,2/27/2021 17:30,17:30,15,0,0,I-70 & VASQUEZ BLVD N,1,1,0,0,1,4,0,1,65,0,0,0,0,0,1,2,1
,2021-07687,39.73751353,-105.0322399,3/1/2021 11:06,11:06,6,0,0,KNOX CT N & 14TH AVE W,1,1,1,0,1,4,0,0,30,0,0,0,0,0,4,2,13
,2021-07688,39.77400352,-104.8470199,3/1/2021 7:45,7:45,12,0,0,I-70 EB OFF RAMP TO & PEORIA ST N,1,1,0,0,1,8,0,0,35,0,0,0,0,0,4,2,1
,2021-07689,39.67864354,-105.0226999,3/1/2021 13:14,13:14,3,0,0,EVANS AVE W & FEDERAL BLVD S,1,1,0,0,1,2,0,0,30,0,0,0,0,0,4,2,13
,2021-07692,39.74676353,-104.9918399,3/1/2021 11:10,11:10,10,0,0,17TH ST & STOUT ST,1,1,0,0,1,1,0,0,30,0,0,0,0,0,4,2,13
,2021-07694,39.74009468,-104.9035119,3/1/2021 6:46,6:46,15,0,0,QUEBEC ST N & I-70,1,1,1,0,1,4,0,0,35,0,0,0,0,0,4,2,16
,2021-07695,39.68486354,-104.9594399,2/28/2021 14:15,14:15,12,0,0,I-25 NB OFF RAMP TO & UNIVERSITY BLVD S (SB),4,1,0,0,1,8,0,0,45,0,0,0,0,1,1,2,13
,2021-07696,39.77639352,-104.8850699,2/28/2021 10:12,10:12,12,0,0,I-70 EB OFF RAMP TO & CENTRAL PARK BLVD,1,1,1,0,1,8,0,0,35,0,0,0,0,0,1,2,7
,2021-07699,39.67852354,-105.0025799,3/1/2021 10:52,10:52,15,0,0,1200 BLK W EVANS AVE & S LIPAN ST,1,1,1,0,1,4,0,0,35,0,0,0,0,1,4,2,16
,2021-07701,39.77162565,-104.9898046,3/1/2021 7:56,7:56,12,0,0,BROADWAY ST 1000 BLK N & 11TH AVE,1,1,0,0,1,4,0,0,35,0,0,0,0,0,4,2,16
,2021-07702,39.67261353,-104.86821,2/23/2021 5:45,5:45,11,0,1,PARKER RD S & HARVARD AVE E,1,4,1,0,1,3,0,0,0,0,1,0,0,3,2,1,16
,2021-07703,39.67680354,-104.9490499,3/1/2021 7:15,7:15,5,0,0,WARREN AVE E & 3301 E WARREN AVE,1,5,0,0,3,3,0,0,25,0,0,0,0,0,4,1,16
,2021-07704,39.77837352,-104.9684099,2/5/2021 6:55,6:55,11,0,1,BRIGHTON BLVD N & 44TH ST,1,1,0,0,1,4,0,0,0,0,1,0,0,3,4,1,16
,2021-07705,39.77683888,-104.8098981,2/28/2021 19:14,19:14,3,0,0,GVR BLVD E & CHAMBERS RD N,1,3,0,0,1,2,0,0,45,0,0,0,0,0,4,2,1
,2021-07707,39.79838352,-104.9033799,2/28/2021 15:46,15:46,1,0,0,E 56TH AVE & N QUEBEC ST,1,1,0,0,1,1,0,0,40,0,0,0,0,0,4,2,14
,2021-07708,39.77967353,-104.9791499,3/1/2021 7:51,7:51,12,0,0,I-70 WB OFF RAMP SLIP TO & WASHINGTON ST N,1,1,1,0,1,8,0,0,25,0,0,0,0,0,1,2,3
,2021-07709,39.77411351,-104.80988,2/28/2021 16:00,16:00,12,0,0,4300 BLK N CHAMBERS RD & E ANDREWS DR,1,1,0,0,1,4,0,0,40,0,0,0,0,0,4,2,3
,2021-07711,39.79105353,-105.0532399,2/13/2021 14:00,14:00,1,0,0,SHERIDAN BLVD N & 52ND AVE W,9,1,0,2,1,1,0,0,35,0,0,0,0,0,2,2,13
,2021-07712,39.71134153,-104.9035399,3/1/2021 6:15,6:15,1,0,1,E ALAMEDA AVE & S QUEBEC ST,1,2,0,0,1,1,0,0,35,0,0,0,0,2,4,2,1
,2021-07713,39.67038354,-104.9733699,2/15/2021 16:19,16:19,10,0,0,DOWNING ST S & HARVARD AVE E,12,1,1,0,1,4,0,0,30,0,0,0,0,0,4,2,1
,2021-07716,39.71120354,-104.9991199,3/5/2021 16:01,16:01,12,0,0,I-25 & ALAMEDA AVE W,1,1,1,0,1,4,0,0,60,0,0,0,1,1,1,2,7
,2021-07717,39.76801353,-104.9949599,3/5/2021 16:04,16:04,15,0,0,I-25 & PARK AVE W,1,2,1,0,1,4,0,0,55,0,0,0,0,0,1,2,3
,2021-07718,39.79825351,-104.8200299,2/28/2021 13:00,13:00,8,0,1,E 56TH AVE & N CROWN BLVD,1,1,0,0,1,4,0,0,40,0,0,0,0,2,4,2,10
,2021-07720,39.65215355,-105.0531999,3/5/2021 15:01,15:01,12,0,0,SHERIDAN BLVD S & HAMPDEN FRONTAGE RD W,1,1,1,0,1,3,0,0,30,0,0,0,0,0,2,2,13
,2021-07721,39.70353354,-104.9804299,2/19/2021 15:10,15:10,6,0,0,700 BLK S PEARL ST & E EXPOSITION AVE,1,1,0,0,1,4,0,0,25,0,0,0,0,0,4,2,13
,2021-07722,39.76295353,-104.9813799,3/5/2021 14:27,14:27,3,0,0,WALNUT ST & 30TH ST,1,1,0,0,1,1,0,0,25,0,0,0,0,0,4,2,13
,2021-07723,39.69670354,-105.0023799,2/28/2021 12:37,12:37,15,0,0,MISSISSIPPI AVE W & LIPAN ST S,1,1,1,0,1,4,0,0,30,0,0,0,0,0,4,2,16
,2021-07726,39.8309035,-104.69297,3/5/2021 11:46,11:46,12,0,0,7400 BLK N JACKSON GAP ST & E 75TH AVE,1,1,0,0,1,3,0,0,35,0,0,0,0,0,4,2,1
,2021-07727,39.73363353,-104.9406599,3/5/2021 12:30,12:30,12,0,0,COLORADO BLVD N & 11TH AVE E,1,1,0,0,1,1,0,0,35,0,0,0,0,0,2,2,8
,2021-07728,39.74000653,-104.9764624,2/28/2021 13:44,13:44,15,0,0,COLFAX AVE E & EMERSON ST N,1,1,0,0,1,4,0,0,30,0,0,0,0,0,2,2,13
,2021-07729,39.67556354,-105.0294599,2/19/2021 12:40,12:40,14,0,0,2300 BLOCK S IRVING ST & W WESLEY AVE,1,1,0,0,1,4,0,0,25,0,0,0,0,0,4,2,16
,2021-07730,39.68939954,-104.9920549,3/1/2021 8:10,8:10,10,0,0,SANTA FE DR S & FLORIDA AVE W,1,1,0,0,1,1,0,0,45,0,0,0,0,0,2,2,8
,2021-07731,39.74931353,-104.9902999,2/26/2021 16:15,16:15,3,0,1,CHAMPA ST & 19TH ST,1,1,0,0,1,1,0,0,25,0,0,0,0,2,4,2,1
,2021-07732,39.75512353,-105.0127099,3/5/2021 13:15,13:15,12,0,0,I-25 & SPEER BLVD N,1,1,0,0,1,4,0,0,55,0,0,0,0,1,1,2,13
,2021-07733,39.73647353,-104.9383899,2/27/2021 14:50,14:50,15,0,0,E 13TH AVE & N ASH ST,1,1,0,0,1,4,0,0,30,0,0,0,0,0,4,2,8
,2021-07735,39.71863353,-104.9131999,2/26/2021 16:39,16:39,6,0,0,LOCUST ST & 100 BLOCK N,7,2,0,0,1,4,0,0,25,0,0,0,0,0,4,2,15
,2021-07736,39.65307354,-104.9184399,3/5/2021 13:01,13:01,12,0,0,HAMPDEN AVE E & I-25 SB OFF RAMP,1,1,0,0,1,1,0,0,35,0,0,0,0,1,2,2,13
,2021-07737,39.78326353,-105.0064199,3/5/2021 7:50,7:50,3,0,0,PECOS ST N & I-70 WB RAMPS,1,1,0,0,1,6,0,0,25,0,0,0,0,0,1,2,13
,2021-07738,39.75106353,-104.9828799,3/1/2021 10:00,10:00,3,0,0,WELTON ST & PARK AVE W,1,1,0,0,1,1,0,0,30,0,0,0,0,0,4,2,1
,2021-07739,39.68465353,-104.8923499,3/5/2021 9:32,9:32,5,0,0,QUEBEC WY S & COLORADO AVE E,1,1,0,0,4,4,0,1,30,0,0,0,0,0,4,1,13
,2021-07740,39.77420352,-104.8470299,3/5/2021 16:28,16:28,15,0,0,I-70 & PEORIA ST N,1,1,0,0,1,4,0,0,60,0,0,0,0,0,1,2,13
,2021-07741,39.72893353,-104.9928499,3/5/2021 6:50,6:50,5,0,0,W 8TH AVE & N DELAWARE ST,4,1,0,0,2,3,0,0,30,0,0,0,0,0,4,1,13
,2021-07742,39.70849354,-105.0250799,2/27/2021 15:22,15:22,12,0,0,FEDERAL BLVD S & DAKOTA AVE W,1,1,0,0,1,4,0,0,35,0,0,0,0,0,2,2,13
,2021-07743,39.72947354,-105.0272899,2/24/2021 14:24,14:24,6,0,0,HAZEL CT N & 8TH AVE W,1,1,1,0,1,4,0,0,25,0,0,0,0,0,4,2,7
,2021-07745,39.77051353,-105.0064299,3/5/2021 12:15,12:15,3,0,0,N PEOS ST & W 39TH AVE,1,1,0,0,1,3,0,0,25,0,0,0,0,0,4,2,7
,2021-07748,39.74167353,-104.9861099,3/1/2021 8:54,8:54,15,0,0,E 16TH AVE & N LINCOLN ST,1,1,0,0,1,1,0,0,30,0,0,0,0,0,4,2,16
,2021-07749,39.76447353,-104.9597499,2/28/2021 13:10,13:10,3,0,0,N YORK ST & E BRUCE RANDOLPH AVE,1,1,0,0,1,1,0,0,30,0,0,0,0,0,4,2,13
,2021-07750,39.68554354,-105.0421799,2/28/2021 14:11,14:11,6,0,0,S RALEIGHT ST & W MEXICO AVE,1,1,0,0,1,4,0,0,25,0,0,0,0,0,4,2,8
,2021-07751,39.72910353,-104.9590199,2/27/2021 16:30,16:30,10,0,0,N JOSEPHINE ST & E 8TH AVE,1,1,0,0,1,1,0,0,35,0,0,0,0,0,4,2,13
,2021-07752,39.74618353,-104.9873999,2/28/2021 9:12,9:12,1,0,0,E 19TH AVE & N BROADWAY ST,1,1,0,0,1,1,0,0,30,0,0,0,0,0,4,2,3
,2021-07753,39.67815354,-105.0572399,3/5/2021 15:20,15:20,1,0,1,S DEPEW ST & W GREEN MEADOWS PL,1,1,0,0,1,1,0,0,25,0,0,0,0,2,4,2,7
,2021-07754,39.72722972,-104.955915,3/5/2021 7:50,7:50,2,0,0,7TH AVE E & 2626 E 7TH AVE,1,1,0,0,1,2,0,0,0,1,0,0,0,0,4,2,16
,2021-07755,39.84979749,-104.6738195,3/5/2021 6:07,6:07,12,0,0, ,1,1,0,0,1,4,0,0,60,0,0,0,0,0,4,2,13
,2021-07756,39.77987352,-104.9671599,2/1/2021 12:25,12:25,15,0,0,I-70 EB ON RAMP FROM & BRIGHTON BLVD N,1,1,0,0,1,8,0,0,65,0,0,0,0,0,1,2,13
,2021-07757,39.68940354,-105.0262199,2/19/2021 16:00,16:00,3,0,0,FLORIDA AVE W & HAZEL ST S,1,1,0,0,1,2,0,0,35,0,0,0,0,0,4,2,14
,2021-07758,39.78020353,-104.9891799,3/5/2021 15:40,15:40,12,0,0,I-70 & I-25,1,1,0,0,1,4,0,0,45,0,0,0,0,0,1,2,13
,2021-07760,39.72892353,-104.9905699,2/4/2021 19:45,19:45,15,0,0,SPEER BLVD N & 8TH AVE W,1,2,0,0,1,4,0,0,35,0,0,0,0,0,4,2,1
,2021-07762,39.74018653,-104.9034634,2/19/2021 14:45,14:45,12,0,0,N QUEBEC ST & E COLFAX AVE,1,1,0,0,1,4,0,0,30,0,0,0,0,0,4,2,1
,2021-07765,39.78035351,-104.81153,3/5/2021 6:45,6:45,6,0,0,E BOLLING DR & N FRASER WAY,11,1,0,0,1,4,0,0,25,0,0,0,0,0,4,2,15
,2021-07766,39.77906542,-104.7556496,3/5/2021 16:42,16:42,5,0,1,HIMALAYA RD N & 46TH AVE E,1,1,0,0,2,4,0,0,30,0,0,0,0,3,4,1,3
,2021-07767,39.73305352,-104.8850099,1/21/2021 20:07,20:07,6,0,0,YOSEMITE ST & 1103 N,1,3,0,0,1,7,0,0,,0,0,0,0,0,4,2,16
,2021-07770,39.77265352,-104.9029899,3/5/2021 11:40,11:40,12,0,0,N QUEBEC ST & E 40TH AVE,1,1,0,0,1,3,0,0,35,0,0,0,0,0,4,2,13
,2021-07771,39.69305354,-104.9968499,3/2/2021 4:53,4:53,6,0,0,800 BLK W LOUISIANA AVE & S HURON ST,1,3,0,0,1,3,0,0,25,0,0,0,0,0,4,2,3
,2021-07772,39.69782353,-104.9015999,3/5/2021 12:06,12:06,1,0,0,PARKER RD S & QUEBEC ST S,1,1,0,0,1,2,0,0,35,0,0,0,0,0,2,2,13
,2021-07773,39.77303752,-104.8356609,3/7/2021 17:57,17:57,15,0,0,I-70 EB & I-225 SB ON RAMP,1,1,0,0,1,4,0,0,55,0,0,0,0,0,1,2,1
,2021-07774,39.76538652,-104.9026039,3/1/2021 18:55,18:55,1,0,0,35TH AVE E & QUEBEC ST N,1,3,0,0,1,1,0,0,35,0,0,0,0,0,4,2,13
,2021-07775,39.71832353,-104.9738999,3/7/2021 18:20,18:20,3,0,0,E SPEER BLVD & N CORONA ST,1,3,0,0,1,1,0,0,30,0,0,0,0,0,4,2,8
,2021-07776,39.72818354,-105.0418999,3/3/2021 22:17,22:17,6,0,0,4200 BLK W 7TH AVE & N RALEIGH ST,1,3,0,0,1,4,0,0,25,0,0,0,0,0,4,2,14
,2021-07777,39.65564355,-105.0531999,2/28/2021 21:24,21:24,3,0,0,SHERIDAN BLVD S & DARTMOUTH AVE W,1,3,0,0,1,2,0,0,,0,0,0,0,0,2,2,1
,2021-07778,39.76194852,-104.9406604,3/5/2021 7:50,7:50,10,0,0,COLORADO BLVD N & MLK BLVD E,1,1,0,0,1,1,0,0,40,0,0,0,0,1,2,2,13
,2021-07779,39.76115353,-105.0047599,2/26/2021 23:31,23:31,15,0,0,I-25 & 20TH ST,1,3,1,0,1,4,0,0,55,0,0,0,0,0,1,2,3
,2021-07781,39.78560353,-105.0251799,3/1/2021 3:53,3:53,5,0,0,49TH AVE W & FEDERAL BLVD N,1,3,1,0,3,1,0,0,35,0,0,0,0,0,2,1,14
,2021-07782,39.74000653,-104.9873794,3/5/2021 9:59,9:59,15,0,0,COLFAX AVE E & BROADWAY ST N,1,1,0,0,1,4,0,0,30,0,0,0,0,0,1,2,14
,2021-07783,39.72553353,-105.0131199,3/5/2021 11:49,11:49,12,0,0,I-25 & 6TH AVE W,1,1,1,0,1,4,0,0,65,0,0,0,0,0,1,2,1
,2021-07785,39.77727352,-104.8827699,3/5/2021 8:30,8:30,12,0,0,I-70 & CENTRAL PARK BLVD N,1,1,0,0,1,4,0,0,65,0,0,0,0,1,1,2,13
,2021-07786,39.74034354,-105.0463299,1/29/2021 20:41,20:41,5,0,0,W COLFAX AVE & N VRAIN ST,1,3,0,0,3,4,0,0,25,0,0,0,0,0,4,1,2
,2021-07787,39.73406354,-105.0544499,3/3/2021 8:30,8:30,6,0,0,AMES ST N & 11TH AVE W,1,1,1,0,1,2,0,0,25,0,0,0,0,0,4,2,5
,2021-07788,39.78003353,-104.9891799,3/3/2021 7:01,7:01,12,0,0,I-25 NB OFF RAMP TO & I-70,1,1,0,0,1,8,0,0,65,0,0,0,0,0,1,2,16
,2021-07789,39.71131354,-105.0492599,2/25/2021 1:37,1:37,5,0,0,ALAMEDA AVE W & WEIR DR S,9,3,1,2,3,3,0,0,35,0,0,0,0,0,2,1,13
,2021-07790,39.74108353,-104.9547699,3/1/2021 16:25,16:25,6,0,0,DETROIT ST & 1500 BLK N,1,1,0,0,1,4,0,0,20,0,0,0,0,0,4,2,13
,2021-07791,39.73999353,-104.9641099,3/3/2021 5:11,5:11,12,0,0,COLFAX AVE E & HIGH ST N,1,3,0,0,1,1,0,0,,0,0,0,0,0,2,2,16
,2021-07792,39.71622971,-104.9080715,3/7/2021 1:00,1:00,5,0,0,N LOWRY BLVD & E UNITA WAY,1,3,0,0,3,1,0,0,35,0,0,0,0,0,4,1,13
,2021-07793,39.71531353,-104.9592199,3/5/2021 8:35,8:35,12,0,0,CHERRY CREEK SE DR & UNIVERSITY BLVD S,4,1,0,0,1,4,0,0,30,0,0,0,0,0,4,2,13
,2021-07794,39.73820352,-104.8861399,3/2/2021 21:06,21:06,6,0,0,XENTHIA ST & 1351 N,7,4,0,0,1,4,0,0,15,0,0,0,0,0,4,2,13
,2021-07795,39.74394353,-105.0283799,3/5/2021 16:50,16:50,3,0,0,N HOOKER ST & W 17TH AVE,1,1,0,0,1,1,0,0,25,0,0,0,0,0,4,2,7
,2021-07797,39.69670754,-104.9929099,3/6/2021 23:59,23:59,15,0,0,PLATTE RIVER DR S & MISSISSIPPI AVE W,1,3,0,0,1,1,0,0,45,0,0,0,0,0,2,2,3
,2021-07798,39.74053353,-105.0237799,3/3/2021 1:32,1:32,5,0,0,COLFAX AVE W & FEDERAL BLVD N,1,3,0,0,2,4,0,0,40,0,0,0,0,0,2,1,5
,2021-07799,39.69337354,-105.0004799,2/24/2021 20:30,20:30,5,0,0,KALAMATH ST S & 1295 S KALAMATH ST,9,3,1,2,3,4,0,0,25,0,0,0,0,0,4,1,16
,2021-07800,39.82518502,-104.9816053,3/7/2021 2:46,2:46,5,0,0,I-25 NB EXIT GORE PT TO & 6TH AVE W,1,3,1,0,3,4,0,0,65,0,0,0,0,0,1,1,13
,2021-07802,39.73999353,-104.9647599,3/7/2021 0:08,0:08,12,0,0,COLFAX AVE E & HIGH ST N,1,3,0,0,1,1,0,0,30,0,0,0,0,0,2,2,5