id,drcog_id,latitude,longitude,crashtime,time,crashtype,numbkilled,numbinjurd,drcoglocat,rdconditin,lightngcon,roadcntgrd,weatherco,location,roaddescrp,schoolzone,constrzone,splimit,bikeinv,pedinv,sctrinv,motoinv,svrty,rdsystem,ttlvehcls,hcf
,2021-07803,39.71780353,-104.9407774,3/7/2021 20:30,20:30,1,0,0,N COLORADO BLVD & E 1ST AVE,1,3,0,0,1,1,0,0,35,0,0,0,0,0,4,2,8
,2021-07809,39.76896853,-104.9953489,3/4/2021 16:37,16:37,12,0,0,W 38TH AVE & N FOX ST,11,1,0,1,1,3,0,0,35,0,0,0,0,0,4,2,3
,2021-07812,39.77829352,-104.9593899,3/4/2021 15:00,15:00,12,0,0,4400 BLK N YORK ST & E 45TH AVE,1,1,0,0,1,4,0,0,35,0,0,0,0,0,4,2,8
,2021-07829,39.78001352,-104.8827299,2/22/2021 8:00,8:00,10,0,0,46TH AVE E & CENTRAL PARK BLVD N,1,1,0,0,1,1,0,0,40,0,0,0,0,0,4,2,16
,2021-07837,39.66715354,-104.9241499,2/26/2021 13:47,13:47,3,0,0,YALE AVE E & I-25 NB OFF RAMP,1,1,0,0,1,1,0,0,35,0,0,0,0,0,4,2,16
,2021-07838,39.73848354,-105.0532099,2/26/2021 13:32,13:32,3,0,0,SHERIDAN BLVD N & 14TH AVE W,1,1,0,0,1,1,0,0,35,0,0,0,0,0,2,2,13
,2021-07839,39.78108353,-105.0345799,3/5/2021 6:35,6:35,3,0,0,LOWELL BLVD N & ALICE PL W,1,1,0,0,1,1,0,0,25,0,0,0,0,1,4,2,13
,2021-07840,39.79110353,-105.0251799,3/4/2021 16:53,16:53,12,0,0,FEDERAL BLVD N & 52ND AVE W,11,3,1,1,1,1,0,0,35,0,0,0,0,0,2,2,3
,2021-07846,39.78003352,-104.9497999,2/26/2021 12:05,12:05,5,0,0,46TH AVE E & STEELE ST N,6,1,1,0,5,4,0,1,,0,0,0,0,0,3,1,6
,2021-07847,39.69675254,-105.0250579,3/4/2021 15:29,15:29,12,0,0,MISSISSIPPI AVE W & FEDERAL BLVD S,11,1,0,1,1,1,0,0,30,0,0,0,0,0,2,2,3
,2021-07850,39.65180354,-104.9045199,3/4/2021 11:35,11:35,1,0,0,3500 BLK S POPLAR ST & E HAMPDEN AVE,1,1,0,0,1,2,0,0,25,0,0,0,0,0,4,2,13
,2021-07853,39.70145354,-104.9875199,2/25/2021 16:37,16:37,10,0,0,BROADWAY ST S & I-25 SB ON RAMP,11,1,0,0,1,1,0,0,30,0,0,0,0,0,4,2,8
,2021-07856,39.72817353,-104.9848699,3/4/2021 16:57,16:57,6,0,0,700 BLK N SHERMAN ST & 8TH AVE,11,4,0,2,1,4,0,0,25,0,0,0,0,0,4,2,13
,2021-07860,39.78422353,-105.0251799,3/4/2021 19:13,19:13,1,0,0,FEDERAL BLVD N & I-70 EB ON RAMP,11,1,0,1,1,1,0,0,35,0,0,0,0,0,2,2,3
,2021-07862,39.71475353,-104.9862599,3/5/2021 0:52,0:52,6,0,0,E BAYAUD AVE & S LINCOLN ST,11,3,0,0,1,4,0,0,35,0,0,0,0,0,4,2,16
,2021-07875,39.74007353,-104.9964699,1/5/2021 17:20,17:20,12,0,0,COLFAX AVE W & GALAPAGO ST N,1,3,0,0,1,1,0,0,35,0,0,0,0,0,2,2,14
,2021-07915,39.71161354,-104.9945099,2/26/2021 9:04,9:04,6,0,0,DELLA ST & CEDAR AVE W,11,1,0,0,1,4,0,0,10,0,0,0,0,0,4,2,7
,2021-07916,39.66761354,-104.9257499,3/5/2021 5:50,5:50,12,0,0,YALE AVE E & I-25 SB ON RAMP,4,3,0,0,1,1,0,0,30,0,0,0,0,0,4,2,13
,2021-07918,39.74000653,-104.9684659,2/21/2021 3:25,3:25,15,0,0,PARK AVE & COLFAX AVE E,9,3,0,0,1,1,0,0,30,0,0,0,0,0,2,2,14
,2021-07920,39.75259039,-104.9848982,2/26/2021 13:59,13:59,15,0,0,I-25 & PARK AVE W,1,1,0,0,1,4,0,0,45,0,0,0,0,0,1,2,13
,2021-07921,39.72527841,-105.1417334,2/26/2021 15:35,15:35,12,0,0,I-25 & 6TH AVE W,1,1,0,0,1,4,0,0,45,0,0,0,0,0,1,2,13
,2021-07922,39.71348354,-104.9982699,2/26/2021 10:01,10:01,12,0,0,S SANTA FE DR & W CEDAR AVE,1,1,0,0,1,4,0,0,30,0,0,0,0,0,4,2,13
,2021-07923,39.79840751,-104.7872825,3/5/2021 5:54,5:54,5,0,0,E 56TH AVE & PENA BLVD INBOUND,4,3,0,0,3,4,0,0,40,0,0,0,0,0,4,1,7
,2021-07924,39.74562352,-104.8858099,3/5/2021 5:56,5:56,3,0,0,N XENIA ST & E 19TH AVE,4,1,0,0,1,1,0,0,25,0,0,0,0,0,4,2,13
,2021-07925,39.76193352,-104.9462499,2/25/2021 17:00,17:00,3,0,0,N MADISON ST & E MLK BLVD,1,1,0,0,1,1,0,0,35,0,0,0,0,0,4,2,1
,2021-07926,39.85149548,-105.0001884,3/5/2021 5:42,5:42,12,0,0,6TH AVE W & KALAMATH ST N,4,2,1,0,1,1,0,0,45,0,0,0,0,0,4,2,13
,2021-07927,39.61832356,-105.0912299,2/26/2021 15:30,15:30,1,0,0,WADSWORTH BLVD S & 5400 BLK S,1,1,0,0,1,2,0,0,40,0,0,0,0,0,2,2,7
,2021-07928,39.68950354,-105.0137199,2/25/2021 19:47,19:47,12,0,0,2300 BLK W FLORIDA AVE & S ZUNI ST,1,3,0,0,1,4,0,0,30,0,0,0,0,0,4,2,16
,2021-07929,39.71811353,-104.9558399,2/26/2021 12:40,12:40,1,0,0,1ST AVE E & CLAYTON LN N,11,1,0,0,1,1,0,0,25,0,0,0,0,0,4,2,14
,2021-07930,39.74013253,-104.9861059,2/26/2021 10:25,10:25,1,0,0,COLFAX AVE E & LINCOLN ST N,1,1,0,0,1,1,0,0,30,0,0,0,0,0,2,2,13
,2021-07931,39.65305354,-104.88141,2/26/2021 9:25,9:25,12,0,0,HAMPDEN AVE E & AKRON ST S,1,1,0,0,1,4,0,0,35,0,0,0,0,0,2,2,13
,2021-07932,39.71388353,-104.9234399,2/26/2021 11:06,11:06,5,0,1,100 BLK S HUDSON ST & E BAYAUD AVE,11,1,0,0,3,3,0,0,25,0,0,0,0,2,4,1,10
,2021-07933,39.76382353,-105.0041299,2/26/2021 11:18,11:18,6,0,0,NAVAJO ST N & 33RD AVE W,1,1,1,0,1,4,0,0,25,0,0,0,0,0,4,2,16
,2021-07934,39.77829352,-104.9034199,2/25/2021 16:00,16:00,15,0,0,QUEBEC ST & I-70 EB RAMPS,1,1,0,0,1,1,0,0,35,0,0,0,0,0,4,2,8
,2021-07935,39.77638352,-104.9503099,2/26/2021 8:51,8:51,6,0,0,43RD AVE E & ST PAUL ST N,1,1,0,0,1,4,0,0,25,0,0,0,0,0,4,2,16
,2021-07936,39.67076954,-104.936265,2/26/2021 10:38,10:38,3,0,0,E HARVARD AVE & S UNNIVERSITY BLVD,4,1,0,0,1,1,0,0,25,0,0,0,0,0,4,2,13
,2021-07937,39.75362353,-105.0344499,2/26/2021 9:01,9:01,12,0,0,3500 BLK W 25TH AVE & N LOWELL BLVD,1,1,1,0,1,4,0,0,25,0,0,0,0,0,4,2,13
,2021-07938,39.74019553,-105.0001549,2/26/2021 8:50,8:50,3,0,0,N KALAMATH ST & W COLFAX AVE,1,1,0,0,1,2,0,0,30,0,0,0,0,0,4,2,13
,2021-07939,39.69391354,-104.9924799,2/26/2021 15:30,15:30,12,0,0,SANTA FE DR S & ARIZONA AVE E,1,1,0,0,1,3,0,0,65,0,0,0,0,0,2,2,2
,2021-07940,39.73293353,-104.9861199,2/26/2021 8:45,8:45,6,0,0,1000 BLK N LINCOLN ST & E 10TH AVE,1,1,1,0,1,4,0,0,30,0,0,0,0,0,4,2,16
,2021-07942,39.67846354,-104.9286799,2/26/2021 13:09,13:09,1,0,0,EVANS AVE E & DAHLIA ST S,1,1,0,0,1,2,0,0,35,0,0,0,0,0,4,2,13
,2021-07944,39.67846353,-104.9222499,2/26/2021 12:48,12:48,12,0,0,E EVANS AVE & S HOLLY ST,1,1,0,0,1,4,0,0,35,0,0,0,0,0,4,2,13
,2021-07945,39.70033354,-105.0297599,3/4/2021 21:05,21:05,8,0,0,W KENTUCKY AVE & S IRVING ST,11,3,0,1,1,1,0,0,25,0,0,0,0,0,4,2,13
,2021-07947,39.75758353,-105.0357899,2/26/2021 11:07,11:07,6,0,0,MEADE ST N & 29TH AVE W,1,1,1,0,1,2,0,0,25,0,0,0,0,0,4,2,13
,2021-07948,39.76937353,-105.0468499,2/26/2021 14:03,14:03,9,0,0,38TH AVE W & WINONA CT N,4,1,1,0,3,4,0,0,35,0,0,0,0,0,4,1,16
,2021-07949,39.65311154,-104.8988149,2/26/2021 14:05,14:05,15,0,0,HAMPDEN AVE E & TAMARAC DR S,1,1,0,0,1,4,0,0,30,0,0,0,0,0,2,2,1
,2021-07950,39.76911353,-104.9952899,2/26/2021 7:44,7:44,12,0,0,W 38TH AVE & N FOX ST,1,1,0,0,1,3,0,0,30,0,0,0,0,1,4,2,13
,2021-07951,39.71130353,-104.8928799,2/26/2021 8:46,8:46,12,0,0,8400 BLOCK E ALAMEDA AVE & E FAIRMOUNT DR,4,1,0,0,1,4,0,0,40,0,0,0,0,0,4,2,14
,2021-07952,39.74374353,-104.9163199,2/26/2021 8:20,8:20,3,0,0,E 17TH AVE & N KRAMERIA ST,1,1,0,0,1,1,0,0,25,0,0,0,0,0,4,2,7
,2021-07955,39.68999354,-104.9734099,2/26/2021 14:57,14:57,12,0,0,I-25 & DOWNING ST S,2,2,0,0,1,4,0,0,60,0,0,0,0,1,1,2,3
,2021-07956,39.77475351,-104.80162,2/26/2021 6:50,6:50,3,0,0,KITTREDGE ST N & 4300 BLK N,1,1,0,0,1,2,0,0,35,0,0,0,0,0,4,2,1
,2021-07957,39.70212354,-104.9875199,2/26/2021 6:51,6:51,3,0,0,OHIO AVE E & BROADWAY ST S,11,1,0,0,1,1,0,0,30,0,0,0,0,1,4,2,13
,2021-07958,39.68225354,-105.0267999,2/20/2021 18:06,18:06,6,0,1,W JEWELL AVE & S GROVE HAZEL ALY,11,4,0,2,1,1,0,0,35,0,0,0,0,2,4,2,5
,2021-07959,39.65338355,-105.0338099,3/5/2021 20:58,20:58,9,0,1,HAMPDEN AVE W & 4100 BLK W,1,3,0,0,3,4,0,0,65,0,0,0,0,3,2,1,5
,2021-07960,39.75227486,-105.0090809,3/6/2021 15:13,15:13,1,0,0,LITTLE RAVEN ST & 15TH ST,1,1,1,0,1,1,0,0,30,0,0,0,1,0,4,2,2
,2021-07961,39.74002353,-104.9730799,2/26/2021 11:52,11:52,15,0,0,COLFAX AVE E & DOWNING ST (RD N),1,1,0,0,1,1,0,0,30,0,0,0,0,0,4,2,8
,2021-07963,39.78526352,-104.8830699,3/6/2021 0:15,0:15,15,0,0,N CENTRAL PARK BLVD & E NORTHFIELD BLVD,1,3,0,0,1,1,0,0,35,0,0,0,0,0,4,2,8
,2021-07964,39.71781353,-104.9449499,2/26/2021 11:28,11:28,3,0,0,MONROE ST N & 1ST AVE E,11,1,0,0,1,1,0,0,,0,0,0,0,0,4,2,13
,2021-07966,39.78098352,-104.8470099,2/25/2021 14:15,14:15,15,0,0,4600 BLK N PEORIA ST & E 46TH AVE,1,1,0,0,1,4,0,0,35,0,0,0,0,0,4,2,8
,2021-07967,39.80367351,-104.77211,3/5/2021 23:32,23:32,10,0,0,N TOWER RD & E 59TH AVE,1,3,0,0,1,1,0,0,45,0,0,0,0,0,4,2,13
,2021-07969,39.66769354,-105.0386799,3/6/2021 0:07,0:07,5,0,0,S PATTON CT & W YALE AVE,1,3,0,0,2,4,0,0,30,0,0,0,0,0,4,1,16
,2021-07970,39.75574753,-104.9889544,3/6/2021 7:42,7:42,15,0,0,PARK AVE W & LARIMER ST,1,1,0,0,1,1,0,0,35,0,0,0,0,0,4,2,13
,2021-07972,39.82518502,-104.9816053,3/5/2021 23:54,23:54,12,0,0,6TH AVE W & I-25 NB,1,3,0,0,1,4,0,0,60,0,0,0,0,0,2,2,13
,2021-07973,39.68124353,-104.9316499,2/26/2021 6:04,6:04,6,0,0,DAHLIA ST S & ATLANTIC PL E,1,3,0,0,1,4,0,0,30,0,0,0,0,0,4,2,13
,2021-07974,39.71117354,-105.0145099,3/5/2021 17:15,17:15,3,0,0,ALAMEDA AVE W & YUMA ST S,1,1,1,0,1,1,0,0,25,0,0,0,0,0,2,2,7
,2021-07976,39.68464734,-104.9596518,3/6/2021 9:25,9:25,12,0,0,I-25 SB OFF RAMP TO & UNIVERSITY BLVD S,1,1,0,0,1,8,0,0,30,0,0,0,0,0,1,2,13
,2021-07977,39.62496355,-105.1033499,3/5/2021 22:00,22:00,6,0,0,BELLWOOD PL W & GARLAND ST S,1,3,0,0,3,4,0,0,25,0,0,0,0,0,4,2,6
,2021-07979,39.70382353,-104.9434699,3/5/2021 16:30,16:30,11,0,0,EXPOSITION AVE E & HARRISON ST S,1,1,0,0,1,3,0,0,25,0,1,0,0,0,4,1,16
,2021-07980,39.75259039,-104.9848982,3/5/2021 23:56,23:56,15,0,0,I-25 SB LOOP ENT GORE PT FROM & PARK AVE W,1,3,0,0,1,4,0,0,65,0,0,0,0,0,1,2,5
,2021-07984,39.76115353,-105.0047499,3/5/2021 19:32,19:32,12,0,0,I-25 & 20TH ST,1,3,0,0,1,4,0,0,55,0,0,0,0,0,1,2,8
,2021-07985,39.70199354,-104.9862599,3/5/2021 17:07,17:07,3,0,0,LINCOLN ST S & OHIO AVE E,1,1,0,0,1,1,0,0,35,0,0,0,0,0,4,2,3
,2021-07987,39.69940354,-104.9920599,2/25/2021 21:45,21:45,15,0,0,SANTA FE DR S & MISSISSIPPI AVE W,4,3,0,0,1,4,0,0,50,0,0,0,0,0,2,2,13
,2021-07988,39.77727352,-104.8827699,2/26/2021 7:50,7:50,12,0,0,I-70 & CENTRAL PARK BLVD N,1,1,0,0,1,4,0,0,65,0,0,0,0,1,1,2,13
,2021-07989,39.67834354,-104.9933799,2/25/2021 20:29,20:29,15,0,0,SANTA FE DR S & EVANS DR W,4,4,0,0,1,4,0,0,55,0,0,0,0,0,2,2,7
,2021-07990,39.78260803,-104.9985394,2/26/2021 5:50,5:50,15,0,0,I-70 WB EXIT GORE PT TO & COLORADO BLVD N,5,2,1,0,1,4,0,1,55,0,0,0,0,0,1,2,13
,2021-07991,39.75990666,-104.9818438,3/5/2021 23:27,23:27,3,0,0,26TH ST & LAWRENCE ST,1,3,0,0,1,1,0,0,25,0,0,0,0,0,4,2,3
,2021-07992,39.78953353,-105.0184799,3/6/2021 2:25,2:25,6,0,0,BEACH CT & 5115 N,1,3,0,0,1,4,0,0,15,0,0,0,0,0,4,2,13
,2021-07993,39.72533353,-104.9204299,2/26/2021 8:34,8:34,12,0,0,E 6TH AVE & N IVY ST,4,1,0,0,1,3,0,0,30,0,0,0,0,1,4,2,13
,2021-07994,39.71937353,-104.9862299,3/6/2021 12:49,12:49,6,0,0,N LINCOLN ST & E 2ND AVE,1,1,0,0,1,1,0,0,30,0,0,0,0,0,4,2,13
,2021-07996,39.77051353,-105.0064299,3/6/2021 16:59,16:59,14,0,0,N PECOS ST & W 39TH AVE,1,1,0,0,1,4,0,0,35,0,0,0,0,0,4,2,16
,2021-07997,39.74009468,-104.9035119,3/5/2021 16:36,16:36,12,0,0,I-70 & QUEBEC ST N,1,2,1,0,1,4,0,0,55,0,0,0,0,0,1,2,13
,2021-08002,39.71130353,-104.9448099,3/6/2021 9:18,9:18,5,0,0,MONROE ST S & 300 BLK S,1,1,0,0,3,4,0,0,30,0,0,0,0,0,4,1,14
,2021-08003,39.67846354,-104.9652199,3/2/2021 17:00,17:00,1,0,0,E EVANS AVE & S HIGH ST,1,1,0,0,1,1,0,0,25,0,0,0,0,0,4,2,3
,2021-08005,39.67844653,-104.9202639,3/6/2021 19:00,19:00,15,0,0,E EVANS AVE & S COLORADO AVE,1,3,0,0,1,1,0,0,35,0,0,0,0,0,4,2,13
,2021-08006,39.71155353,-104.9406999,3/5/2021 19:47,19:47,8,0,0,E ALAMEDA AVE & S COLORADO BLVD,1,3,0,0,1,1,0,0,35,0,0,0,0,1,4,2,13
,2021-08007,39.73676353,-104.9450699,3/2/2021 10:32,10:32,3,0,0,E 13TH AVE & N MONROE ST,1,1,0,0,1,1,0,0,30,0,0,0,0,0,4,2,13
,2021-08008,39.71028354,-105.0250799,3/6/2021 22:38,22:38,12,0,0,FEDERAL BLVD S & ALAMEDA AVE W,1,3,1,0,1,4,0,0,40,0,0,0,0,1,2,2,3
,2021-08011,39.75365352,-104.8818799,3/6/2021 17:11,17:11,2,0,1,25TH DR E & ALTON ST N,1,1,0,0,1,1,0,0,25,1,0,0,0,2,4,2,13
,2021-08012,39.74092353,-105.0403899,3/1/2021 12:51,12:51,6,0,0,QUITMAN ST N & COLFAX AVE W,1,1,1,0,1,4,0,0,25,0,0,0,0,0,4,2,3
,2021-08013,39.74580353,-105.0531199,3/2/2021 13:39,13:39,15,0,0,SHERIDAN BLVD N & 20TH AVE W,1,1,1,0,1,3,0,0,35,0,0,0,0,0,2,2,16
,2021-08014,39.78376516,-104.8135462,2/26/2021 18:30,18:30,6,0,0,ELK PL E & FONTANA CT N,1,2,0,0,1,1,0,0,25,0,0,0,0,0,4,2,13
,2021-08016,39.73727352,-104.8846599,2/27/2021 7:36,7:36,6,0,0,YOSEMITE ST N & 13TH AVE E,2,1,0,1,1,5,0,0,,0,0,0,0,1,4,2,1
,2021-08017,39.69665354,-104.9918699,2/28/2021 18:25,18:25,2,0,0,SANTA FE DR S & MISSISSIPPI AVE W,1,3,0,0,1,1,0,0,0,1,0,0,0,0,2,2,16
,2021-08018,39.72927353,-104.9127799,2/25/2021 1:59,1:59,8,0,0,E 8TH AVE & N MONACO ST,10,3,0,2,1,1,0,0,30,0,0,0,0,0,4,2,14
,2021-08019,39.72253353,-104.9485799,3/5/2021 13:10,13:10,3,0,0,E 4TH AVE & N ADAMS ST,1,1,0,0,1,1,0,0,25,0,0,0,0,0,4,2,3
,2021-08021,39.74001353,-104.9787299,2/21/2021 4:28,4:28,12,0,0,E COLFAX AVE & N WASHINGTON ST,11,3,0,0,1,1,0,0,30,0,0,0,0,0,4,2,5
,2021-08022,39.75342691,-104.993233,3/5/2021 19:45,19:45,12,0,0,I-25 & 20TH ST,1,3,0,0,1,4,0,0,55,0,0,0,0,0,1,2,1
,2021-08023,39.71155353,-104.9406999,3/2/2021 18:30,18:30,1,0,1,COLORADO BLVD S & ALAMEDA AVE E,1,1,0,0,1,1,0,0,30,0,0,0,0,2,2,2,3
,2021-08024,39.74813353,-105.0004899,3/6/2021 15:55,15:55,6,0,0,MARKET ST & 1417 MARKET ST,1,1,0,0,1,4,0,0,30,0,0,0,1,0,4,2,8
,2021-08025,39.69658353,-104.8917199,3/2/2021 13:40,13:40,1,0,0,E MISSISSIPPI AVE & S VALENTIA ST,1,1,0,0,1,1,0,0,30,0,0,0,0,0,4,2,3
,2021-08028,39.70605353,-104.9407399,3/5/2021 17:26,17:26,1,0,0,CHERRY CREEK SE DR & COLORADO BLVD S,1,1,0,0,1,1,0,0,30,0,0,0,0,0,2,2,8
,2021-08029,39.74488353,-104.9874099,3/3/2021 9:07,9:07,10,0,0,E 18TH AVE & N BROADWAY ST,1,1,0,0,1,1,0,0,30,0,0,0,0,0,4,2,8
,2021-08030,39.62411354,-104.88976,3/6/2021 21:10,21:10,1,0,0,E BELLEVIEW AVE & S DTC BLVD,1,3,0,0,1,1,0,0,,0,0,0,0,0,4,2,13
,2021-08031,39.67863354,-105.0098299,3/5/2021 18:39,18:39,12,0,0,1800 BLK W EVANS AVE & S TEJON ST,1,2,0,0,1,4,0,0,35,0,0,0,0,0,4,2,13
,2021-08032,39.76563352,-104.9163899,3/2/2021 16:00,16:00,3,0,0,KRAMERIA ST N & 35TH AVE E,1,1,0,0,1,1,0,0,25,0,0,0,0,0,4,2,3
,2021-08035,39.74043353,-105.0139599,3/5/2021 19:37,19:37,15,0,0,COLFAX AVE W & I-25,1,3,0,0,1,4,0,0,35,0,0,0,0,0,2,2,13
,2021-08036,39.72565353,-105.0029699,3/4/2021 9:06,9:06,15,0,0,6TH AVE W & KALAMATH ST N,1,1,0,0,1,4,0,0,35,0,0,0,0,0,4,2,16
,2021-08037,39.74104353,-104.9430399,2/25/2021 13:00,13:00,14,0,0,JACKSON ST N & COLFAX AVE E,1,1,0,0,1,4,0,0,35,0,0,0,0,0,4,2,1
,2021-08067,39.70114353,-104.9164199,3/2/2021 17:10,17:10,6,0,0,KRAMERIA ST S & KENTUCKY AVE E,1,1,0,0,1,4,0,0,20,0,0,0,0,0,4,2,14
,2021-08103,39.73847353,-105.0416499,2/20/2021 10:20,10:20,3,0,0,W 14TH AVE & N RALEIGH ST,1,1,0,0,1,1,0,0,30,0,0,0,0,1,4,2,5
,2021-08105,39.77297353,-104.9754094,3/3/2021 17:30,17:30,12,0,0,E 38TH ST & N BRIGHTON BLVD,1,1,0,0,1,1,0,0,30,0,0,0,0,0,4,2,13
,2021-08108,39.66047354,-105.0261999,3/2/2021 16:49,16:49,5,0,0,DARTHMOUTH AVE W & 3101 W DARTMOUTH AVE,1,1,0,0,3,4,0,0,25,0,0,0,0,0,4,1,3
,2021-08110,39.77288352,-104.9406289,3/3/2021 18:34,18:34,1,0,0,COLORADO BLVD N & 40TH AVE E,1,3,0,0,1,1,0,0,40,0,0,0,0,1,2,2,13
,2021-08113,39.78010353,-104.9895499,3/3/2021 16:55,16:55,15,0,0,I-25 & I-70,1,1,2,0,1,4,0,0,65,0,0,0,0,0,2,2,1
,2021-08114,39.69849853,-104.9035984,3/3/2021 17:32,17:32,15,0,0,LEETSDALE DR & S QUEBEC ST,1,1,0,0,1,3,0,0,35,0,0,0,0,0,4,2,16
,2021-08126,39.77503451,-104.809895,3/1/2021 21:25,21:25,1,0,0,ANDREWS DR E & CHAMBERS RD N,1,3,0,0,1,1,0,0,40,0,0,0,0,0,4,2,7
,2021-08127,39.71120354,-104.9991199,3/2/2021 17:12,17:12,12,0,0,I-25 & ALAMEDA AVE W,1,1,0,1,1,4,0,0,55,0,0,0,0,0,1,2,13
,2021-08128,39.76115353,-105.0047599,2/12/2021 14:45,14:45,15,0,0,I-25 & 20TH ST,1,1,0,0,1,4,0,0,55,0,0,0,0,0,1,2,1
,2021-08130,39.70033354,-105.0310899,3/3/2021 14:54,14:54,12,0,0,3300 BLK W KENTUCKY AVE & S IRVING ST,1,1,0,0,1,2,0,0,25,0,0,0,0,0,4,2,1
,2021-08131,39.61678355,-105.0716299,2/2/2021 13:21,13:21,5,0,1,GRANT RANCH BLVD W & DORADO DR W,1,1,1,7,2,1,0,0,20,0,0,0,1,2,4,1,7
,2021-08132,39.76937353,-105.0428499,3/2/2021 18:20,18:20,11,0,1,38TH AVE W & STUART ST N,1,4,0,0,1,1,0,0,35,0,1,0,0,2,4,1,7
,2021-08133,39.77841352,-104.9035599,2/17/2021 18:53,18:53,15,0,0,QUEBEC ST & I-70 WB RAMPS,11,3,0,1,1,1,0,0,35,0,0,0,0,0,2,2,5
,2021-08135,39.76911353,-104.9952899,3/2/2021 12:43,12:43,1,0,0,W 38TH AVE & N FOX ST,1,1,1,0,1,1,0,0,35,0,0,0,0,1,4,2,13
,2021-08137,39.7874028,-105.0176743,3/1/2021 22:59,22:59,5,0,0,W 50TH AVE & W 50TH PL,1,3,0,0,2,4,0,0,35,0,0,0,0,0,4,1,13
,2021-08138,39.74000353,-104.9776299,3/3/2021 21:41,21:41,1,0,0,COLFAX AVE E & CLARKSON ST N,1,3,0,0,1,1,0,0,30,0,0,0,0,0,2,2,13
,2021-08139,39.70665354,-104.9965899,3/2/2021 15:03,15:03,12,0,0,I-25 & SANTA FE DR S,1,1,0,0,1,4,0,0,55,0,0,0,1,1,1,2,13
,2021-08140,39.69384353,-104.9406199,3/2/2021 12:08,12:08,12,0,0,COLORADO BLVD S & ARIZONA AVE E,1,1,0,0,1,4,0,0,35,0,0,0,0,0,2,2,3
,2021-08141,39.75485158,-104.9902424,3/2/2021 18:42,18:42,11,0,1,22ND ST & 1300 BLK,1,3,0,0,1,4,0,0,0,0,1,0,0,2,4,1,16
,2021-08146,39.72907353,-104.9787599,3/3/2021 19:28,19:28,5,0,0,8TH AVE E & WASHINGTON ST N,1,3,1,0,2,3,0,0,30,0,0,0,0,0,4,1,3
,2021-08147,39.72980353,-105.0250599,2/8/2021 14:28,14:28,5,0,2,800 BLK N FEDERAL BLVD & W 9TH AVE,1,1,0,0,3,4,0,0,35,0,0,0,0,3,4,1,7
,2021-08151,39.76977353,-104.9821199,3/2/2021 12:00,12:00,6,0,0,ARKINS CT & 31ST ST,1,1,0,0,1,4,0,0,30,0,0,0,0,0,4,2,13
,2021-08152,39.74754353,-104.9810699,3/1/2021 16:15,16:15,3,0,0,E 20TH AVE & N PENNSYLVANIA ST,1,1,0,0,1,1,0,0,30,0,0,0,0,0,4,2,3
,2021-08155,39.70753354,-104.9876099,3/2/2021 5:49,5:49,3,0,3,S BROADWAY ST & E VIRGINIA AVE,1,2,0,0,1,1,0,0,30,0,0,0,0,3,4,2,16
,2021-08163,39.67845353,-104.9251899,3/1/2021 17:15,17:15,12,0,0,E EVANS AVE & S GRAPE ST,1,1,0,0,1,3,0,0,35,0,0,0,0,0,4,2,3
,2021-08166,39.65312954,-104.9130169,2/14/2021 10:30,10:30,15,0,0,HAMPDEN AVE E & MONACO ST S,4,1,0,0,1,1,0,0,35,0,0,0,0,0,2,2,1
,2021-08167,39.74000353,-104.9659799,3/1/2021 18:09,18:09,6,0,0,COLFAX AVE E & WILLIAMS ST N,1,3,1,0,1,4,0,0,30,0,0,0,0,0,4,2,16
,2021-08183,39.67842354,-104.9959899,2/24/2021 18:40,18:40,12,0,0,W EVANS AVE & S GALAPAGO ST,1,3,0,0,1,3,0,0,30,0,0,0,0,0,4,2,3
,2021-08186,39.74043353,-105.0139599,2/25/2021 8:02,8:02,12,0,0,I-25 & COLFAX AVE W,8,1,1,0,1,4,0,0,65,0,0,0,0,1,1,2,7
,2021-08192,39.71814354,-105.0396899,2/25/2021 15:16,15:16,3,0,0,W 1ST AVE & N PERRY ST,1,1,1,0,1,1,0,0,30,0,0,0,0,0,4,2,3
,2021-08195,39.74321353,-104.9634499,3/1/2021 13:50,13:50,3,0,1,N RACE ST & E 17TH AVE,1,1,0,0,1,1,0,0,30,0,0,0,0,2,4,2,13
,2021-08197,39.77994352,-104.9406599,3/1/2021 14:00,14:00,12,0,0,COLORADO BLVD N & I-70 EB RAMPS,1,1,0,0,1,1,0,0,35,0,0,0,0,0,2,2,3
,2021-08198,39.71291353,-104.9803799,2/25/2021 16:20,16:20,3,0,0,CEDAR AVE E & PEARL ST S,1,1,0,0,1,1,0,0,25,0,0,0,0,0,4,2,14
,2021-08203,39.75263352,-104.9037899,2/25/2021 0:01,0:01,5,0,0,QUEBEC ST N & 2421 QUEBEC ST N,9,3,0,2,3,4,0,0,30,0,0,0,0,0,4,1,16
,2021-08205,39.74738353,-104.9406299,2/24/2021 11:46,11:46,12,0,0,E MONTVIEW BLVD & N COLORADO BLVD,1,1,0,0,1,3,0,0,30,0,0,0,0,0,4,2,7
,2021-08208,39.78344353,-105.0345699,2/25/2021 11:05,11:05,5,0,0,I-70 & LOWELL BLVD N,4,1,0,0,3,4,0,0,65,0,0,0,0,0,1,2,13
,2021-08209,39.75014953,-105.0039484,2/25/2021 9:55,9:55,12,0,0,SPEER BLVD SB & 1800 BLK,7,1,1,0,1,4,0,0,35,0,0,0,0,0,4,2,7