id,drcog_id,latitude,longitude,crashtime,time,crashtype,numbkilled,numbinjurd,drcoglocat,rdconditin,lightngcon,roadcntgrd,weatherco,location,roaddescrp,schoolzone,constrzone,splimit,bikeinv,pedinv,sctrinv,motoinv,svrty,rdsystem,ttlvehcls,hcf
,2021-08211,39.69849853,-104.9035984,3/1/2021 12:20,12:20,15,0,0,PARKER RD S & QUEBEC ST S,1,1,0,0,1,3,0,0,35,0,0,0,0,0,2,2,13
,2021-08216,39.77295353,-105.0445699,2/25/2021 18:30,18:30,6,0,0,41ST AVE W & TENNYSON ST N,9,1,0,0,1,4,0,0,25,0,0,0,0,0,4,2,16
,2021-08217,39.76731352,-104.8904499,2/16/2021 16:06,16:06,15,0,0,N CENTRAL PARK BLVD & E 36TH AVE,1,1,0,0,1,4,0,0,35,0,0,0,0,0,4,2,14
,2021-08218,39.74014353,-104.9187599,2/25/2021 14:26,14:26,6,0,0,JASMINE ST N & COLFAX AVE E,9,1,0,2,1,4,0,0,,0,0,0,0,0,4,2,5
,2021-08225,39.72393354,-105.0439399,2/25/2021 15:51,15:51,12,0,0,TENNYSON ST N & 531 N TENNYSON ST,1,1,0,0,1,2,0,0,25,0,0,0,0,0,4,2,3
,2021-08229,39.70208354,-105.0203699,2/25/2021 10:12,10:12,3,0,0,CLAY ST S & OHIO AVE W,14,5,3,7,1,1,0,0,25,0,0,0,0,0,4,2,3
,2021-08232,39.69669854,-104.9918704,2/25/2021 18:42,18:42,5,0,0,SANTA FE DR S & MISSISSIPPI AVE W,4,3,0,0,3,4,0,0,45,0,0,0,0,0,2,1,13
,2021-08233,39.77829352,-104.9034199,2/25/2021 18:59,18:59,5,0,0,I-70 & QUEBEC ST,4,3,0,0,2,4,0,1,65,0,0,0,0,1,1,1,13
,2021-08234,39.77713352,-104.8829699,2/25/2021 14:38,14:38,15,0,0,I-70 & CENTRAL PARK BLVD N,7,1,0,0,1,4,0,0,65,0,0,0,0,0,1,2,13
,2021-08235,39.73685353,-104.9941099,2/25/2021 14:46,14:46,3,0,2,N ELATI ST & W 13TH AVE,7,1,1,0,1,1,0,0,25,0,0,0,0,2,4,2,8
,2021-08236,39.78362951,-104.791364,2/14/2021 16:03,16:03,12,0,0,E GVR BLVD & PENA BLVD INBOUND,9,1,0,2,1,1,0,0,35,0,0,0,0,0,4,2,5
,2021-08237,39.67844354,-104.9337699,2/23/2021 8:59,8:59,6,0,0,I-25 & EVANS AVE E,1,1,1,0,2,4,0,0,60,0,0,0,0,0,1,2,5
,2021-08240,39.74741352,-104.9181699,2/25/2021 11:19,11:19,6,0,0,6000 BLK E MONTVIEW BLVD & N KEARNEY ST,9,1,0,0,1,4,0,0,30,0,0,0,0,0,4,2,14
,2021-08242,39.77295353,-104.9754099,2/25/2021 9:50,9:50,15,0,0,39TH ST & N BRIGHTON BLVD,11,1,0,0,1,3,0,0,30,0,0,0,0,0,4,2,13
,2021-08243,39.73687353,-104.9729999,2/25/2021 17:02,17:02,10,0,0,13TH AVE E & DOWNING ST N,9,1,0,0,1,5,0,0,30,0,0,0,0,0,4,1,8
,2021-08244,39.74676353,-104.9918399,2/25/2021 16:11,16:11,12,0,0,STOUT ST & 17TH ST,9,1,0,0,1,1,0,0,30,0,0,0,0,0,4,2,7
,2021-08246,39.70145354,-104.9875199,2/25/2021 11:39,11:39,12,0,0,I-25 & BROADWAY ST S,7,1,1,0,1,4,0,0,60,0,0,0,0,0,1,2,3
,2021-08247,39.77829352,-104.9035599,3/2/2021 9:56,9:56,12,0,0,I-70 EB OFF RAMP TO & QUEBEC ST,1,1,1,0,1,8,0,0,35,0,0,0,0,0,1,2,14
,2021-08248,39.73870353,-104.9011399,2/25/2021 16:00,16:00,8,0,0,N ROSLYN ST & E 14TH AVE,1,1,0,0,1,4,0,0,35,0,0,0,0,0,4,2,5
,2021-08254,39.63131355,-105.0926299,2/27/2021 13:23,13:23,6,0,0,UNION AVE W & 8500 BLK W,1,1,0,0,1,4,0,0,25,0,0,0,0,0,4,2,5
,2021-08257,39.76840352,-104.8528099,3/2/2021 7:27,7:27,3,0,0,37TH AVE E & PEORIA ST N,1,1,0,0,1,2,0,0,30,0,0,0,0,0,4,2,2
,2021-08260,39.71607353,-104.9592099,2/25/2021 17:00,17:00,3,0,0,UNIVERSITY BLVD S & CHERRY CREEK DR NE,11,1,0,0,1,1,0,0,30,0,0,0,0,0,4,2,3
,2021-08261,39.73869352,-104.8940199,3/2/2021 22:29,22:29,5,0,1,E 14TH AVE & N ULSTER ST,1,3,0,0,2,1,0,0,35,0,0,0,0,2,4,1,5
,2021-08266,39.74043353,-105.0139599,2/25/2021 15:34,15:34,3,0,0,COLFAX AVE W & I-25 SB OFF RAMP,11,1,0,0,1,1,0,0,40,0,0,0,0,0,2,2,13
,2021-08269,39.71243353,-104.9483599,2/26/2021 8:20,8:20,15,0,0,3300 BLK E CHERRY CREEK N DR & S STEELE ST,1,1,0,0,1,4,0,0,30,0,0,0,0,0,4,2,3
,2021-08270,39.71137353,-104.9111199,2/24/2021 16:15,16:15,12,0,0,E ALAMEDA AVE & S MAGNOLIA ST,1,1,0,0,1,3,0,0,30,0,0,0,0,0,4,2,3
,2021-08272,39.73047353,-104.9406799,2/25/2021 10:45,10:45,1,0,0,N COLORADO BLVD & E 9TH AVE,7,1,0,0,1,1,0,0,35,0,0,0,0,0,4,2,7
,2021-08273,39.66033354,-104.8950099,2/25/2021 15:08,15:08,6,0,0,DARTMOUTH AVE & TRENTON ST S,11,1,0,0,1,4,0,0,30,0,0,0,0,1,4,2,5
,2021-08275,39.66747354,-104.9343999,3/2/2021 9:40,9:40,3,0,0,CHERRY ST S & YALE AVE E,1,1,0,0,1,1,0,0,25,0,0,0,0,0,4,2,13
,2021-08277,39.74163353,-104.9702799,2/24/2021 23:53,23:53,6,0,0,1400 BLK E 16TH AVE & N HUMBOLDT ST,9,3,0,2,1,4,0,0,30,0,0,0,0,0,4,2,13
,2021-08278,39.66748354,-104.9254699,2/25/2021 9:32,9:32,15,0,0,I-25 & YALE AVE E,9,1,0,0,1,4,0,0,50,0,0,0,0,1,1,2,13
,2021-08279,39.71813353,-104.9732199,3/2/2021 11:06,11:06,10,0,0,1ST AVE E & DOWNING ST N,1,1,0,0,1,1,0,0,30,0,0,0,0,0,4,2,8
,2021-08280,39.67835468,-104.9058559,2/25/2021 10:06,10:06,15,0,0,I-25 & EVANS AVE E,9,1,0,2,1,4,0,0,65,0,0,0,0,0,1,2,13
,2021-08283,39.79424351,-104.8392899,2/25/2021 4:00,4:00,6,0,0,TUCSON ST & 5514 N,4,3,0,2,1,4,0,0,25,0,0,0,0,0,4,2,8
,2021-08284,39.73683353,-104.9836099,2/4/2021 9:46,9:46,8,0,4,N GRANT ST & E 13TH AVE,1,1,0,0,1,1,0,0,30,0,0,0,0,3,4,2,9
,2021-08285,39.8340925,-104.7719825,3/3/2021 2:49,2:49,15,0,0,PENA BLVD & TOWER RD,1,3,0,0,1,4,0,0,65,0,0,0,0,0,4,2,1
,2021-08286,39.72758353,-104.9891899,3/2/2021 10:10,10:10,12,0,0,700 BLK N SPEER BLVD & N BANNOCK ST,1,1,0,0,1,3,0,0,35,0,0,0,0,0,4,2,7
,2021-08288,39.63323354,-104.9063099,2/25/2021 7:51,7:51,5,0,0,I-25 & I-225 SB/WB OFF RAMP TUNNEL,5,1,0,0,2,4,0,0,65,0,0,0,0,0,1,2,13
,2021-08289,39.79809351,-104.8354999,2/25/2021 7:05,7:05,12,0,0,UVALDA ST N & 56TH AVE E,4,1,0,0,1,4,0,0,25,0,0,0,0,0,4,1,13
,2021-08290,39.70931354,-105.0238599,2/24/2021 11:08,11:08,3,0,0,S ELIOT ST & W DAKOTA AVE,1,1,1,0,1,1,0,0,25,0,0,0,0,1,4,2,8
,2021-08292,39.67842354,-104.9536699,3/1/2021 15:30,15:30,15,0,0,E EVANS AVE & S FILLMORE ST,1,1,0,0,1,3,0,0,25,0,0,0,0,0,4,2,1
,2021-08298,39.73832353,-104.9205499,2/19/2021 8:00,8:00,6,0,0,14TH AVE E & IVY ST N,14,5,0,7,1,4,0,0,30,0,0,0,0,0,4,2,5
,2021-08303,39.75304352,-104.8907099,2/24/2021 22:05,22:05,6,0,0,2400 BLK CENTRAL PARK BLVD & E 25TH AVE,9,3,0,2,1,4,0,0,35,0,0,0,0,0,4,2,13
,2021-08308,39.70494353,-104.8753399,3/2/2021 7:39,7:39,6,0,0,DAYTON ST S & ALAMEDA AVE E,1,1,0,0,3,4,0,0,30,0,0,0,0,0,4,2,10
,2021-08309,39.74005883,-104.9793015,3/2/2021 9:06,9:06,15,0,0,COLFAX AVE E & COLORADO BLVD N,1,1,0,0,1,1,0,0,35,0,0,0,0,0,2,2,13
,2021-08310,39.71203278,-104.9923637,3/2/2021 7:40,7:40,12,0,0,S CHEROKEE ST & W EVANS AVE,1,1,0,0,1,4,0,0,25,0,0,0,0,0,4,2,7
,2021-08316,39.74009468,-104.9035119,3/2/2021 6:25,6:25,12,0,0,I-270 & QUEBEC ST,1,2,0,0,1,4,0,0,65,0,0,0,0,1,1,2,13
,2021-08326,39.71116354,-104.9899999,3/2/2021 20:32,20:32,11,0,1,ALAMEDA AVE W & BANNOCK ST S,1,4,0,0,1,1,0,0,30,0,1,0,0,2,4,1,14
,2021-08330,39.74323353,-104.9721199,2/22/2021 8:55,8:55,3,0,0,E 17TH AVE & N MARION ST,1,1,0,0,1,1,0,0,25,0,0,0,0,0,4,2,13
,2021-08334,39.77845867,-104.9036179,2/22/2021 6:10,6:10,15,0,0,I-70 & QUEBEC ST,5,2,1,0,1,4,0,1,55,0,0,0,0,0,1,2,13
,2021-08339,39.77288352,-104.9406289,2/24/2021 14:30,14:30,12,0,0,COLORADO BLVD N & 40TH AVE E,1,1,0,0,1,1,0,0,35,0,0,0,0,0,2,2,2
,2021-08340,39.70778353,-104.9252199,2/19/2021 16:08,16:08,5,0,0,LEETSDALE DR & FOREST ST S,1,1,0,0,3,2,0,0,35,0,0,0,0,0,2,1,13
,2021-08341,39.67995354,-104.9342699,2/14/2021 9:30,9:30,6,0,0,ASBURY CIR E & 4600 BLK E,9,1,0,0,1,4,0,0,25,0,0,0,0,0,4,2,5
,2021-08342,39.73022354,-105.0344499,2/24/2021 11:20,11:20,6,0,0,LINLEY CT N & 9TH AVE W,1,5,1,7,1,4,0,0,25,0,0,0,0,0,4,2,16
,2021-08343,39.72562353,-104.9848699,2/24/2021 10:00,10:00,15,0,0,E 6TH AVE & N SHERMAN ST,1,1,0,0,1,3,0,0,30,0,0,0,0,0,4,2,8
,2021-08345,39.72488353,-104.9862499,2/24/2021 16:22,16:22,12,0,0,500 BLK N LINCOLN ST & E 6TH AVE,1,1,0,0,1,3,0,0,25,0,0,0,0,0,4,2,2
,2021-08346,39.73424353,-104.9804099,2/22/2021 14:26,14:26,11,0,1,PENNSYLVANIA ST/ PEARL ST ALLEY & E 11TH AVE,1,1,1,0,1,9,0,0,,0,1,0,0,3,4,1,3
,2021-08350,39.76190352,-104.9126099,2/22/2021 16:58,16:58,1,0,0,MLK BLVD E & MONACO ST N,1,1,0,0,1,1,0,0,30,0,0,0,0,0,4,2,13
,2021-08351,39.73940353,-105.0393099,2/24/2021 14:13,14:13,6,0,0,PERRY ST & COLFAX AVE W,1,1,1,0,1,4,0,0,25,0,0,0,0,0,4,2,16
,2021-08358,39.67846353,-104.9238899,2/24/2021 11:27,11:27,10,0,0,EVANS AVE E & HUDSON ST S,1,1,0,0,1,1,0,0,35,0,0,0,0,0,4,2,13
,2021-08359,39.76928353,-105.0064499,2/24/2021 21:15,21:15,5,0,0,W 38TH AVE & N PECOS ST,9,3,0,2,3,4,0,0,35,0,0,0,0,0,4,1,16
,2021-08361,39.75853352,-104.8902699,2/19/2021 15:00,15:00,12,0,0,2900 BLK N CENTRAL PARK BLVD & E 29TH AVE,1,1,0,0,1,4,0,0,30,0,0,0,0,0,4,2,13
,2021-08362,39.70492354,-105.0297999,2/24/2021 15:48,15:48,3,0,0,S IRVING ST & W GILL PL,1,1,0,0,1,1,0,0,25,0,0,0,0,0,4,2,13
,2021-08363,39.77240353,-104.9748199,2/19/2021 13:45,13:45,12,0,0,1700 BLK 38TH ST & N BRIGHTON BLVD,1,1,0,0,1,4,0,0,35,0,0,0,0,0,4,2,3
,2021-08364,39.73503353,-104.9597799,2/24/2021 15:01,15:01,3,0,0,E 12TH AVE & N YORK ST,1,1,0,0,1,1,0,0,25,0,0,0,0,0,4,2,8
,2021-08366,39.74056353,-104.9946799,2/23/2021 23:16,23:16,6,0,0,1200 BLK GLENARM PL & W COLFAX AVE,1,3,0,0,1,4,0,0,25,0,0,0,0,0,4,2,16
,2021-08367,39.8309035,-104.69297,2/25/2021 5:21,5:21,8,0,0,7400 BLK N JACKSON GAP ST & E 75TH AVE,8,3,0,2,1,4,0,0,45,0,0,0,0,0,4,2,14
,2021-08370,39.79823351,-104.81107,2/23/2021 19:25,19:25,12,0,0,15000 BLK E 56TH AVE & N CHAMBERS RD,1,3,0,0,1,3,0,0,35,0,0,0,0,0,4,2,5
,2021-08373,39.74153353,-105.0381399,2/22/2021 12:00,12:00,6,0,0,OSCEOLA ST N & 1550 BLK N,1,5,0,7,1,4,0,0,25,0,0,0,0,0,4,2,16
,2021-08377,39.78014353,-104.9857799,2/19/2021 8:00,8:00,11,0,1,46TH AVE E & LINCOLN ST N,5,1,1,0,1,4,0,0,0,0,1,0,0,3,4,1,16
,2021-08378,39.63546354,-104.9007799,2/22/2021 7:30,7:30,15,0,0,I-225 SB/WB ON RAMP FROM & TAMARAC ST S,1,1,1,0,1,8,0,0,45,0,0,0,0,0,2,2,1
,2021-08380,39.68932353,-104.9394699,2/24/2021 13:53,13:53,14,0,0,ALBION ST S & FLORIDA AVE E,1,1,1,0,1,1,0,0,25,0,0,0,0,0,4,2,13
,2021-08381,39.76831352,-104.8463799,2/14/2021 21:26,21:26,5,0,0,PEORIA ST N & 37TH AVE E (UNDERPASS),4,3,1,0,2,4,0,0,35,0,0,0,0,0,4,1,13
,2021-08383,39.66758354,-104.9237299,2/19/2021 14:58,14:58,1,0,0,YALE AVE E & I-25 NB ON RAMP,1,1,0,0,1,1,0,0,35,0,0,0,0,0,4,2,8
,2021-08386,39.69565353,-104.9034999,2/20/2021 18:42,18:42,12,0,0,S QUEBEC ST & E MISSISSIPPI AVE,9,3,0,2,1,1,0,0,35,0,0,0,0,0,4,2,13
,2021-08387,39.74015352,-104.8858099,2/24/2021 11:11,11:11,3,0,0,E COLFAX AVE & N XENIA ST,1,1,0,0,1,1,0,0,25,0,0,0,0,1,4,2,7
,2021-08388,39.67841354,-104.9642999,2/24/2021 10:20,10:20,12,0,0,1900 BLK E EVANS AVE & S HIGH ST,1,1,0,0,1,3,0,0,35,0,0,0,0,0,4,2,1
,2021-08389,39.73686353,-104.9695299,2/21/2021 13:35,13:35,12,0,0,1400 BLK E 13TH AVE & N LAFAYETTE ST,4,1,0,0,1,4,0,0,30,0,0,0,0,0,4,2,13
,2021-08390,39.68844353,-104.9182599,2/23/2021 7:18,7:18,6,0,0,1500 BLK S JASMINE ST & E FLORIDA AVE,1,5,0,0,1,4,0,0,25,0,0,0,0,0,4,2,2
,2021-08391,39.73681353,-104.9622399,2/21/2021 22:27,22:27,15,0,0,E 13TH AVE & N VINE ST,1,3,0,0,1,1,0,0,30,0,0,0,0,0,4,2,13
,2021-08393,39.71210353,-104.9033499,2/15/2021 21:19,21:19,5,0,0,QUEBEC ST S & ALAMEDA AVE E,1,3,0,0,2,4,0,0,35,0,0,0,0,0,4,1,5
,2021-08394,39.77808352,-104.9406599,2/22/2021 8:13,8:13,12,0,0,I-70 EB OFF RAMP TO & COLORADO BLVD N,1,1,1,0,1,8,0,0,35,0,0,0,0,0,1,2,16
,2021-08396,39.72922353,-104.9406799,2/24/2021 9:30,9:30,3,0,0,COLORADO BLVD N & 8TH AVE E,1,1,0,0,1,1,0,0,35,0,0,0,0,0,2,2,3
,2021-08399,39.72409354,-105.0532499,2/15/2021 5:00,5:00,12,0,0,SHERIDAN BLVD N & 5TH AVE W,4,3,0,0,1,3,0,0,35,0,0,0,0,0,2,2,16
,2021-08405,39.71780353,-104.9407774,2/22/2021 7:58,7:58,12,0,0,COLORADO AVE N & 1ST AVE E,1,1,1,0,1,3,0,0,35,0,0,0,0,0,2,2,13
,2021-08407,39.78075294,-104.970202,3/24/2021 19:20,19:20,5,0,0,I-70 & MM 227,4,4,1,2,3,4,0,0,65,0,0,0,0,0,1,1,13
,2021-08415,39.74653353,-104.9936599,2/13/2021 22:21,22:21,6,0,0,1600 BLK CHAMPA ST & 16TH ST,9,3,0,2,1,4,0,0,25,0,0,0,0,0,4,2,13
,2021-08417,39.75759353,-105.0346099,2/4/2021 11:14,11:14,6,0,0,LOWELL BLVD N & 29TH AVE W,1,1,1,0,1,4,0,0,25,0,0,0,0,0,4,2,16
,2021-08418,39.77841352,-104.9035599,2/22/2021 10:15,10:15,15,0,0,QUEBEC ST & I-70 WB OFF RAMP,1,1,0,0,1,1,0,1,30,0,0,0,0,0,4,2,13
,2021-08420,39.74043353,-105.0139599,2/22/2021 12:30,12:30,15,0,0,I-25 & COLFAX AVE W,1,1,1,0,1,4,0,0,65,0,0,0,0,0,1,2,1
,2021-08422,39.71283354,-105.0420699,2/20/2021 19:13,19:13,14,0,0,200 BLK S RALEIGH ST & W BYERS PL,9,3,1,2,1,4,0,0,25,0,0,0,0,1,4,2,14
,2021-08423,39.71569353,-104.9899399,2/21/2021 10:40,10:40,3,0,0,S BANNOCK ST & W ARCHER PL,1,1,0,0,1,1,0,0,30,0,0,0,0,0,4,2,13
,2021-08426,39.66767354,-104.9922899,2/22/2021 8:40,8:40,8,0,0,S DELAWARE ST & W YALE AVE,11,1,0,0,1,1,0,0,25,0,0,0,0,1,4,2,13
,2021-08427,39.73310354,-105.0532299,2/22/2021 19:00,19:00,1,0,0,SHERIDAN BLVD N & 10TH AVE W,1,3,1,0,1,1,0,0,35,0,0,0,0,0,2,2,13
,2021-08428,39.77841352,-104.9035599,2/22/2021 14:10,14:10,12,0,0,I-70 & QUEBEC ST,1,1,0,0,1,4,0,0,65,0,0,0,0,0,1,2,13
,2021-08430,39.75512353,-105.0127099,2/22/2021 18:23,18:23,12,0,0,I-25 & SPEER BLVD N,1,3,0,0,1,4,0,0,55,0,0,0,0,1,1,2,13
,2021-08431,39.77727352,-104.8827699,2/22/2021 6:22,6:22,12,0,0,I-70 & CENTRAL PARK BLVD N,1,1,0,0,1,4,0,1,65,0,0,0,0,0,1,2,1
,2021-08432,39.79253351,-104.77206,2/18/2021 5:00,5:00,5,0,0,ELMENDORF DR E & TOWER RD N,4,2,0,0,3,1,0,0,45,0,0,0,0,0,4,1,13
,2021-08437,39.73940353,-105.0345999,2/22/2021 9:01,9:01,6,0,0,1400 BLK N LOWELL BLVD & W 14TH AVE,1,1,0,0,1,4,0,0,25,0,0,0,0,0,4,2,13
,2021-08438,39.77561352,-104.8657299,2/21/2021 15:27,15:27,15,0,0,I-70 & HAVANA ST N,1,1,0,0,1,4,0,1,55,0,0,0,0,0,1,2,7
,2021-08439,39.67814353,-104.9131799,2/23/2021 16:15,16:15,12,0,0,EVANS AVE & 6366 E,1,1,0,0,1,7,0,0,,0,0,0,0,0,4,2,3
,2021-08440,39.67753354,-104.9384999,2/23/2021 17:30,17:30,15,0,0,ASH ST & 2100 BLK S,1,1,0,0,1,4,0,0,25,0,0,0,0,0,4,2,3
,2021-08441,39.78758353,-105.0115299,2/20/2021 19:50,19:50,5,0,0,TEJON ST N & 5001 N TEJON ST,7,3,0,2,2,4,0,0,25,0,0,0,0,0,4,1,5
,2021-08442,39.76929253,-105.0253144,2/22/2021 6:29,6:29,3,0,0,W 38TH AVE & N FEDERAL BLVD,1,1,0,0,1,1,0,0,35,0,0,0,0,0,4,2,3
,2021-08443,39.66188355,-105.0350999,2/24/2021 13:12,13:12,10,0,0,DARTHMOUTH AVE W & LOWELL BLVD S,1,1,0,1,1,1,0,0,30,0,0,0,0,0,4,2,1
,2021-08444,39.72910353,-104.9428999,2/24/2021 8:06,8:06,15,0,0,E 8TH AVE & N JACKSON ST,1,1,0,0,1,1,0,0,30,0,0,0,0,0,4,2,7
,2021-08445,39.75035353,-104.9820099,2/19/2021 15:45,15:45,3,0,1,PARK AVE W & GLENARM PL,1,1,0,0,1,1,0,0,35,0,0,0,0,2,4,2,8
,2021-08446,39.70665354,-104.9965899,1/20/2021 7:55,7:55,5,0,1,I-25 & SANTA FE DR S,1,1,1,0,3,4,0,0,55,0,0,0,0,3,1,1,14
,2021-08447,39.75128353,-105.0167799,2/22/2021 7:21,7:21,12,0,0,I-25 & 23RD AVE W,1,1,0,0,1,4,0,0,55,0,0,0,0,0,1,2,14
,2021-08448,39.7475019,-104.9769491,2/22/2021 9:45,9:45,3,0,0,E 20TH AVE & N CLARKSON ST,4,1,0,0,1,1,0,0,15,0,0,0,0,0,4,2,7
,2021-08451,39.62416354,-104.9118099,2/22/2021 17:15,17:15,12,0,0,6500 BLK E BELLEVIEW AVE & S MONACO ST,1,1,0,0,1,4,0,0,35,0,0,0,0,0,4,2,3
,2021-08452,39.71827353,-104.9592099,2/13/2021 23:54,23:54,15,0,0,N UNIVERISITY BLVD & E 1ST AVE,9,3,0,2,1,1,0,0,35,0,0,0,0,0,4,2,13
,2021-08455,39.68229354,-105.0203599,2/22/2021 19:30,19:30,3,0,0,W JEWELL AVE & S CLAY ST,1,3,0,0,1,1,0,0,25,0,0,0,0,0,4,2,3
,2021-08457,39.78025353,-105.0251799,2/22/2021 15:05,15:05,3,0,0,FEDERAL BLVD N & 46TH AVE W,1,1,0,0,1,1,0,0,30,0,0,0,0,0,2,2,13
,2021-08458,39.72527841,-105.1417334,2/22/2021 9:26,9:26,12,0,0,I-25 & 6TH AVE W,1,1,1,0,1,4,0,0,65,0,0,0,0,0,1,2,3
,2021-08459,39.72908053,-104.9874064,2/23/2021 8:14,8:14,10,0,0,E 8TH AVE & N BROADWAY ST,1,1,1,0,1,1,0,0,30,0,0,0,0,0,4,2,8
,2021-08460,39.76190352,-104.9126099,2/22/2021 18:13,18:13,12,0,0,E MLK BLVD & N MONACO ST,1,1,0,0,1,1,0,0,35,0,0,0,0,0,4,2,16
,2021-08461,39.76095402,-104.8975909,2/18/2021 15:00,15:00,6,0,0,SPRUCE ST N & 1400 BLK,1,1,0,0,2,4,0,0,25,0,0,0,0,1,4,2,14
,2021-08463,39.72564353,-104.9888699,2/22/2021 15:10,15:10,10,0,0,W 6TH AVE & N ACOMA ST,1,1,0,0,1,1,0,0,30,0,0,0,0,0,4,2,3
,2021-08464,39.74337353,-104.9910399,2/6/2021 17:21,17:21,6,0,0,1500 BLK GLENARM PL & 15TH ST,1,2,0,0,1,4,0,0,30,0,0,0,0,0,4,2,13
,2021-08465,39.75441353,-104.9873699,2/22/2021 13:25,13:25,15,0,0,N BROADWAY ST & PARK AVE W,1,1,0,0,1,4,0,0,30,0,0,0,0,0,4,2,13
,2021-08468,39.76738452,-104.9025184,2/22/2021 15:45,15:45,15,0,0,N QUEBEC ST & E 36TH AVE,1,1,0,0,1,1,0,0,40,0,0,0,0,0,4,2,8
,2021-08473,39.69081354,-105.0203699,2/23/2021 8:17,8:17,6,0,0,ARKANSAS AVE W & CLAY ST S,1,1,0,0,1,4,0,0,25,0,0,0,0,0,4,2,16
,2021-08474,39.74012353,-104.9406499,2/21/2021 18:59,18:59,11,0,1,COLORADO BLVD N & COLFAX AVE E,1,3,0,0,1,1,0,0,0,0,1,0,0,2,2,1,16
,2021-08476,39.76560353,-105.0252299,2/7/2021 18:40,18:40,15,0,0,FEDERAL BLVD N & 35TH AVE W,1,2,1,0,1,4,0,0,35,0,0,0,0,0,2,2,3
,2021-08479,39.69668354,-104.9991399,2/22/2021 17:20,17:20,10,0,0,W MISSISSIPPI AVE & S JASON ST,1,1,0,0,1,1,0,0,25,0,0,0,0,0,4,2,8
,2021-08481,39.77804052,-104.8471054,2/23/2021 12:25,12:25,12,0,0,N PEORIA ST & E 45TH AVE,1,1,0,0,1,4,0,0,35,0,0,0,0,0,4,2,13
,2021-08483,39.79809351,-104.8354999,2/22/2021 7:15,7:15,3,0,0,UVALDA ST N & 56TH AVE E,1,1,0,0,1,1,0,0,40,0,0,0,0,0,4,2,13
,2021-08485,39.84186744,-104.6730066,2/25/2021 1:00,1:00,12,0,0,8000 PENA BLVD & EAST WEST SPLIT,9,3,0,2,1,4,0,0,35,0,0,0,0,0,4,2,8
,2021-08488,39.67844354,-104.9337599,2/23/2021 9:03,9:03,12,0,0,I-25 & EVANS AVE E,1,1,1,0,1,4,0,0,30,0,0,0,0,0,1,2,8
,2021-08489,39.72015353,-104.9874699,2/22/2021 12:30,12:30,12,0,0,BROADWAY ST N & 3RD AVE E,1,1,0,0,1,4,0,0,30,0,0,0,0,0,4,2,8
,2021-08496,39.63890534,-105.1228938,2/23/2021 8:05,8:05,3,0,0,ZEPHYR ST S & QUINCY AVE W,1,1,0,0,1,1,0,0,25,0,0,0,0,0,4,2,7
,2021-08500,39.68226354,-105.0250299,2/21/2021 15:10,15:10,15,0,0,FEDERAL BLVD S & JEWELL AVE W,1,1,0,0,1,3,0,0,35,0,0,0,0,0,2,2,9
,2021-08501,39.74001353,-104.9787299,2/22/2021 16:00,16:00,6,0,0,COLFAX AVE E & WASHINGTON ST N,1,1,0,0,1,4,0,0,30,0,0,0,0,0,2,2,13
,2021-08505,39.68839353,-104.9405399,2/13/2021 14:33,14:33,10,0,0,COLORADO BLVD S & FLORIDA AVE E,11,1,1,2,1,2,0,0,35,0,0,0,0,0,2,2,1
,2021-08508,39.67841354,-104.9593799,2/22/2021 19:15,19:15,15,0,0,E EVANS AVE & S UNNIVERSITY BLVD,1,3,0,0,1,3,0,0,25,0,0,0,0,0,4,2,3
,2021-08509,39.67841354,-104.9593799,2/23/2021 8:48,8:48,12,0,0,S UNIVERSITY BLVD & E EVANS AVE,1,1,0,0,1,3,0,0,30,0,0,0,0,0,4,2,3
,2021-08512,39.70041354,-105.0498699,2/22/2021 16:23,16:23,14,0,0,KENTUCKY AVE W & WOLFF ST S,1,1,0,0,1,4,0,0,,0,0,0,0,0,4,2,7
,2021-08514,39.73999353,-104.9776399,2/23/2021 10:45,10:45,2,0,1,COLFAX AVE E & CLARKSON ST N,1,1,0,0,1,1,0,0,0,1,0,0,0,3,2,2,16
,2021-08515,39.75936353,-105.0252299,2/23/2021 7:20,7:20,15,0,0,FEDERAL BLVD & 2900 BLK N,1,1,0,0,1,4,0,0,35,0,0,0,0,0,4,2,13
,2021-08517,39.75025353,-104.9890899,2/22/2021 18:30,18:30,12,0,0,CHAMPA ST & 20TH ST,1,3,0,0,1,3,0,0,25,0,0,0,0,0,4,2,1
,2021-08520,39.77285352,-104.9614399,2/23/2021 11:35,11:35,3,0,0,40TH AVE E & RACE ST N,1,1,0,0,1,2,0,0,35,0,0,0,0,1,4,2,13
,2021-08521,39.69663554,-104.9891302,2/22/2021 21:15,21:15,3,0,0,S IRVING ST & W MISSISSIPPI AVE,1,3,0,0,1,1,0,0,25,0,0,0,0,0,4,2,14
,2021-08523,39.69227354,-104.9769399,2/23/2021 11:36,11:36,15,0,0,I-25 & EMERSON ST S,1,1,0,0,1,4,0,0,65,0,0,0,0,0,1,2,13
,2021-08525,39.75536353,-105.0126799,2/23/2021 9:20,9:20,12,0,0,I-25 & SPEER BLVD N,1,1,0,0,1,4,0,0,65,0,0,0,0,1,1,2,13