id,drcog_id,latitude,longitude,crashtime,time,crashtype,numbkilled,numbinjurd,drcoglocat,rdconditin,lightngcon,roadcntgrd,weatherco,location,roaddescrp,schoolzone,constrzone,splimit,bikeinv,pedinv,sctrinv,motoinv,svrty,rdsystem,ttlvehcls,hcf
,2021-08526,39.73601353,-104.9810599,2/23/2021 9:20,9:20,6,0,0,1200 BLK N PENNSYLVANIA ST & E 13TH AVE,1,1,0,0,1,2,0,0,25,0,0,0,0,0,4,2,13
,2021-08528,39.78077652,-104.9027209,2/23/2021 11:45,11:45,3,0,0,QUEBEC ST & SAND CREEK RD N,1,1,1,0,1,1,0,0,35,0,0,0,0,0,2,2,8
,2021-08532,39.71937353,-104.9862299,2/23/2021 10:29,10:29,12,0,0,N LINCOLN ST & E 2ND AVE,1,1,0,0,1,4,0,0,30,0,0,0,0,0,4,2,16
,2021-08538,39.74102353,-105.0034899,2/23/2021 0:24,0:24,5,0,0,9TH ST & CHAMPA ST,1,4,3,0,4,1,0,0,30,0,0,0,0,0,4,1,9
,2021-08562,39.76973353,-104.9690899,2/9/2021 17:15,17:15,5,0,0,HUMBOLDT ST N & 3900 BLK N,1,1,0,0,3,4,0,0,25,0,0,0,0,0,4,1,5
,2021-08563,39.76978353,-104.9691499,2/9/2021 16:00,16:00,5,0,0,HUMBOLDT ST N & 3900 BLK N,1,1,0,0,3,4,0,0,25,0,0,0,0,0,4,1,15
,2021-08564,39.69661353,-104.9128799,2/17/2021 20:30,20:30,6,0,0,E MISSISSIPPI AVE & S MONACO ST,9,3,0,2,1,4,0,0,25,0,0,0,0,0,4,6,16
,2021-08851,39.77561352,-104.8657299,2/23/2021 19:04,19:04,1,0,0,HAVANA ST N & I-70 EB ON RAMP,1,4,0,0,1,1,0,0,40,0,0,0,0,1,4,2,13
,2021-08856,39.75855353,-104.9853299,1/27/2021 18:51,18:51,6,0,0,LARIMER ST & 26TH ST,8,3,1,0,1,4,0,0,25,0,0,0,0,0,4,2,14
,2021-08861,39.65307354,-104.9182499,2/23/2021 16:11,16:11,5,0,0,I-25 & HAMPDEN AVE E,1,1,0,0,3,4,0,0,55,0,0,0,0,1,1,1,1
,2021-08862,39.74002353,-104.9721299,2/23/2021 14:15,14:15,1,0,0,COLFAX AVE E & MARION ST (RD S),1,1,0,0,1,1,0,0,30,0,0,0,0,0,2,2,3
,2021-08864,39.74193353,-104.9406499,2/23/2021 15:34,15:34,12,0,0,COLORADO BLVD N & 16TH AVE E,1,1,0,0,1,1,0,0,35,0,0,0,0,0,2,2,3
,2021-08865,39.70380353,-104.9406799,2/23/2021 13:35,13:35,12,0,0,COLORADO BLVD S & EXPOSITION AVE E,1,1,0,0,1,1,0,0,30,0,0,0,0,0,2,2,3
,2021-08870,39.61832356,-105.0912299,2/22/2021 15:45,15:45,12,0,0,WADSWORTH BLVD S & CRESTLINE AVE W,1,1,3,0,1,4,0,0,35,0,0,0,0,0,2,2,13
,2021-08871,39.76954353,-105.0346299,2/23/2021 15:47,15:47,3,0,0,W 38TH AVE & N LOWELL BLVD,14,1,1,0,1,1,0,0,35,0,0,0,0,1,4,2,13
,2021-08874,39.74981352,-104.9034099,2/22/2021 16:05,16:05,6,0,0,22ND AVE E & QUEBEC ST N,1,1,0,0,1,3,0,0,25,0,0,0,0,0,4,2,7
,2021-08879,39.70665354,-104.9965899,2/23/2021 16:45,16:45,12,0,0,I-25 & SANTA FE DR S,1,1,0,0,1,4,0,0,55,0,0,0,0,0,1,2,13
,2021-08880,39.66748354,-104.9254699,2/8/2021 16:10,16:10,15,0,0,I-25 NB EXIT GORE PT TO & YALE AVE E,1,1,0,0,1,4,0,0,65,0,0,0,0,0,1,2,16
,2021-08887,39.73998353,-104.9603899,2/18/2021 23:01,23:01,6,0,0,2200 BLK E COLFAX AVE & N YORK ST,1,3,0,0,1,4,0,0,30,0,0,0,0,0,4,2,14
,2021-08889,39.78561353,-105.0345699,3/3/2021 7:58,7:58,2,0,0,49TH AVE W & LOWELL BLVD N,1,1,0,0,1,1,0,0,25,1,0,0,0,1,4,2,14
,2021-08890,39.74745352,-104.8939999,2/23/2021 18:30,18:30,12,0,0,E MONTVIEW BLVD & N ULSTER ST,1,3,0,0,1,4,0,0,30,0,0,0,0,0,4,2,7
,2021-08894,39.71703353,-104.9191499,2/16/2021 3:00,3:00,6,0,0,JERSEY ST N & 1ST AVE E,4,4,0,0,1,4,0,0,25,0,0,0,0,0,4,2,5
,2021-08898,39.74824153,-104.9864389,3/3/2021 13:54,13:54,10,0,0,20TH ST & WELTON ST,1,1,0,0,1,1,0,0,25,0,0,0,0,0,4,2,14
,2021-08909,39.75085352,-104.9013799,2/16/2021 5:46,5:46,6,0,0,23RD AVE E & 7450 E 23RD AVE,1,3,0,0,2,4,0,0,30,0,0,0,0,0,4,2,5
,2021-08910,39.69745353,-104.8660399,1/14/2021 14:42,14:42,12,0,0,HAVANA ST S & MISSISSIPPI AVE E,1,1,0,0,1,3,0,0,40,0,0,0,0,0,2,2,3
,2021-08916,39.78026353,-104.9895499,3/3/2021 7:35,7:35,12,0,0,I-25 & I-70,1,1,1,0,1,4,0,0,55,0,0,0,0,1,1,2,7
,2021-08918,39.75791353,-104.9917599,3/3/2021 9:38,9:38,15,0,0,WAZEE ST & PARK AVE,1,1,0,0,1,4,0,0,30,0,0,0,0,0,4,2,14
,2021-08919,39.66049354,-105.0158099,3/3/2021 9:00,9:00,12,0,0,S ZUNI ST & W DARTMOUTH AVE,1,1,1,0,1,1,0,0,30,0,0,0,0,0,4,2,7
,2021-08931,39.72342354,-105.0251199,3/4/2021 7:54,7:54,15,0,0,FEDERAL BLVD N & 5TH AVE W,1,1,0,0,1,4,0,0,,0,0,0,0,0,2,3,13
,2021-08932,39.72553353,-105.0131199,3/4/2021 9:59,9:59,15,0,0,I-25 & 6TH AVE W,1,1,0,0,1,4,0,0,55,0,0,0,0,0,1,4,3
,2021-08935,39.68757354,-104.9920499,3/3/2021 16:20,16:20,12,0,0,SANTA FE DR S & IOWA AVE W,1,1,0,0,1,1,0,0,40,0,0,0,0,0,2,3,3
,2021-08937,39.68207354,-104.9346299,2/11/2021 5:00,5:00,6,0,0,E JEWELL AVE & S CLERMONT ST,1,3,0,0,1,4,0,0,25,0,0,0,0,0,4,4,13
,2021-08938,39.75345353,-104.9819499,3/6/2021 5:44,5:44,6,0,0,2445 CALIFORNIA ST & 25TH ST,1,4,0,0,1,4,0,0,30,0,0,0,0,0,4,3,14
,2021-08940,39.68749154,-104.9407504,3/4/2021 14:51,14:51,12,0,0,COLORADO BLVD S & IOWA AVE E,1,1,1,0,1,3,0,0,35,0,0,0,0,0,2,3,3
,2021-08941,39.75071353,-104.9733499,2/13/2021 19:05,19:05,3,0,0,E 23RD AVE & N DOWNING ST,10,3,0,2,1,5,0,0,25,0,0,0,0,0,4,3,1
,2021-08942,39.71833353,-104.9757499,1/27/2021 22:08,22:08,6,0,0,E 1ST AVE & N OGDEN ST,4,3,0,0,1,1,0,0,25,0,0,0,0,0,4,3,14
,2021-08944,39.72553353,-105.0131199,2/12/2021 11:58,11:58,12,0,0,I-25 & 6TH AVE W,1,1,0,0,1,4,0,0,55,0,0,0,0,1,1,3,1
,2021-08945,39.71111353,-104.9592499,3/4/2021 8:18,8:18,12,0,0,E ALAMEDA AVE & S UNIVERSITY BLVD,1,1,0,0,1,4,0,0,25,0,0,0,0,0,4,3,13
,2021-08946,39.63865355,-105.0472299,3/3/2021 21:18,21:18,12,0,3,4700 BLK W QUINCY AVE & S WOLFF ST,1,3,1,0,1,4,0,0,35,0,0,0,0,2,4,4,7
,2021-08947,39.82976428,-104.692964,3/1/2021 18:35,18:35,12,0,0,JACKSON GAP ST & PENA BLVD,1,3,0,0,1,4,0,0,35,0,0,0,0,0,4,3,8
,2021-08951,39.73442353,-104.9729799,3/5/2021 13:17,13:17,6,0,0,DOWNING ST N & 11TH AVE E,1,1,0,0,1,4,0,0,25,0,0,0,0,0,4,3,1
,2021-08952,39.68948354,-105.0250499,2/28/2021 15:36,15:36,12,0,1,S FEDERAL BLVD & W FLORIDA AVE,1,1,0,0,1,4,0,0,35,0,0,0,0,2,2,3,8
,2021-08953,39.78378252,-104.9406244,3/6/2021 15:23,15:23,3,0,0,COLORADO BLVD N & 48TH AVE E,1,1,0,0,1,1,0,0,35,0,0,0,0,0,2,3,14
,2021-08955,39.7592491,-105.0081123,3/4/2021 23:00,23:00,6,0,0,17TH ST & CENTRAL ST,11,3,1,0,1,4,0,0,25,0,0,0,0,0,4,3,4
,2021-08956,39.78003353,-104.9891799,3/1/2021 15:16,15:16,12,0,0,I-25 & I-70,1,1,0,0,1,4,0,0,55,0,0,0,0,0,1,3,1
,2021-08957,39.71120654,-105.0107214,3/5/2021 6:00,6:00,12,0,0,W ALAMEDA AVE & S IRVING ST,4,3,1,1,1,4,0,0,35,0,0,0,0,1,4,3,13
,2021-08958,39.72527841,-105.1417334,2/26/2021 18:31,18:31,12,0,0,I-25 & 6TH AVE W,1,2,1,0,1,4,0,0,55,0,0,0,0,0,1,3,7
,2021-08959,39.68486354,-104.9594399,2/26/2021 11:31,11:31,15,0,0,UNIVERSITY BLVD S & I-25,4,1,0,0,1,4,0,0,40,0,0,0,0,0,4,3,13
,2021-08960,39.71463353,-104.9406799,2/27/2021 10:00,10:00,3,0,0,COLORADO BLVD S & BAYAUD AVE E,1,1,0,0,1,1,0,0,30,0,0,0,0,1,2,3,14
,2021-08961,39.73204353,-104.9902499,2/25/2021 15:18,15:18,6,0,0,N BANNOCK ST & W 104TH AVE,9,1,0,0,1,4,0,0,25,0,0,0,0,0,4,3,14
,2021-08964,39.66747354,-104.9272599,2/26/2021 8:12,8:12,9,0,0,YALE AVE E & GLENCOE ST S,1,1,0,0,1,4,0,0,30,0,0,0,0,0,4,3,13
,2021-08966,39.62989356,-105.1098699,3/5/2021 15:24,15:24,12,0,0,W SARATOGA PL & S KIPLING ST,1,1,0,0,1,4,0,0,40,0,0,0,0,1,4,3,7
,2021-08970,39.66762354,-104.9128699,2/27/2021 11:20,11:20,12,0,0,E YALE AVE & S MONACO ST,1,1,0,0,1,1,0,0,30,0,0,0,0,0,4,3,13
,2021-08971,39.76115353,-105.0047499,3/5/2021 5:49,5:49,15,0,0,I-25 & 20TH ST,11,3,0,0,1,4,0,0,55,0,0,0,0,0,1,3,7
,2021-08972,39.77663274,-104.970671,2/27/2021 10:06,10:06,6,0,0,3600 BLK N BRIGHTON BLVD & WYKOOP ST ALLEY,9,1,0,0,1,5,0,0,20,0,0,0,0,0,4,3,6
,2021-08973,39.76010353,-104.9597499,3/5/2021 6:55,6:55,14,0,0,YORK ST N & 3000 BLK N,4,1,0,0,1,4,0,0,30,0,0,0,0,0,4,3,7
,2021-08975,39.77713352,-104.8829699,3/1/2021 15:01,15:01,12,0,0,I-70 & CENTRAL PARK BLVD N,1,1,0,0,1,4,0,0,55,0,0,0,0,0,1,3,1
,2021-08976,39.71030354,-105.0311199,3/6/2021 23:01,23:01,6,0,0,3300 BLK W NEVADA PL & S IRVING ST,1,3,0,0,1,4,0,0,25,0,0,0,0,0,4,4,3
,2021-08978,39.73511953,-104.9127874,2/26/2021 15:20,15:20,12,0,0,N MONACO ST & E 12TH AVE,11,1,0,0,1,4,0,0,30,0,0,0,0,0,4,4,13
,2021-08979,39.70838353,-104.9733699,3/7/2021 4:56,4:56,6,0,0,DOWNING ST S & DAKOTA AVE E,1,3,0,0,1,4,0,0,30,0,0,0,0,0,4,3,2
,2021-08980,39.71120354,-104.9988899,3/5/2021 9:19,9:19,12,0,0,I-25 & ALAMEDA AVE W,1,1,1,0,1,4,0,0,55,0,0,0,0,0,1,4,7
,2021-08981,39.74037353,-105.0141499,3/5/2021 19:03,19:03,12,0,0,COLFAX AVE W & I-25 SB RAMPS,1,3,0,0,1,3,0,0,35,0,0,0,0,0,2,3,5
,2021-08982,39.75259039,-104.9848982,2/26/2021 7:27,7:27,12,0,0,I-25 & PARK AVE W,1,1,0,0,1,4,0,0,55,0,0,0,0,1,1,3,3
,2021-08985,39.78927398,-105.0392509,2/26/2021 17:04,17:04,12,0,0,6TH AVE W & PERRY ST N,2,2,1,0,1,4,0,0,55,0,0,0,0,0,2,3,3
,2021-08986,39.69748353,-104.9593099,3/5/2021 17:39,17:39,12,0,0,1000 BLK S UNIVERSITY BLVD & E TENNESSEE AVE,1,1,0,0,1,4,0,0,35,0,0,0,0,0,4,3,13
,2021-08987,39.74043353,-105.0139599,2/28/2021 16:20,16:20,12,0,0,COLFAX AVE W & I-25 SB OFF RAMP,1,1,0,0,1,1,0,0,35,0,0,0,0,0,2,4,5
,2021-08988,39.74044353,-104.9872899,2/26/2021 7:56,7:56,15,0,0,1500 BLK N BROADWAY ST & COLFAX AVE,1,1,0,0,1,4,0,0,30,0,0,0,0,0,4,2,14
,2021-08989,39.71120354,-104.9988899,2/26/2021 8:00,8:00,15,0,0,I-25 NB ENT GORE PT FROM & CEDAR AVE,11,1,0,0,1,4,0,0,55,0,0,0,0,0,1,4,14
,2021-08990,39.63281354,-104.9063999,3/1/2021 6:33,6:33,12,0,0,I-225 SB/WB SPLIT TO & I-25 SB/NB,1,1,0,0,1,4,0,0,55,0,0,0,0,0,1,3,1
,2021-08997,39.72527841,-105.1417334,2/26/2021 9:29,9:29,12,0,0,I-25 & 6TH AVE W,1,1,1,0,1,4,0,0,55,0,0,0,0,0,1,3,1
,2021-09020,39.62370714,-104.9008945,3/18/2021 0:46,0:46,5,0,0,I-25 NB OFF RAMP SLIP TO & BELLEVIEW AVE E,11,3,0,0,2,8,0,0,35,0,0,0,0,0,1,1,5
,2021-09056,39.77727352,-104.8827699,2/22/2021 6:23,6:23,12,0,0,I-70 & CENTRAL PARK BLVD N,1,1,0,0,1,4,0,0,55,0,0,0,0,0,1,3,1
,2021-09060,39.74002353,-104.9714199,2/21/2021 11:15,11:15,6,0,0,COLFAX AVE E & LAFAYETTE ST N,4,1,0,0,1,4,0,0,35,0,0,0,0,0,2,4,7
,2021-09062,39.70908354,-105.0246799,2/25/2021 18:58,18:58,6,0,0,FEDERAL BLVD S & 410 S FEDERAL BLVD,5,3,1,0,3,4,0,0,40,0,0,0,0,0,2,3,16
,2021-09063,39.71395354,-105.0156799,2/25/2021 0:42,0:42,6,0,0,ZUNI ST S & CEDAR AVE W,9,3,0,2,1,4,0,0,25,0,0,0,0,0,4,4,13
,2021-09064,39.72527841,-105.1417334,3/2/2021 15:10,15:10,12,0,0,I-25 & 6TH AVE W,1,1,1,0,1,4,0,0,65,0,0,0,0,1,1,3,3
,2021-09065,39.74488353,-104.9874099,2/21/2021 12:37,12:37,12,0,0,E 18TH AVE & N BROADWAY ST,4,1,1,0,1,1,0,0,30,0,0,0,0,0,4,2,3
,2021-09066,39.66748354,-104.9254699,2/25/2021 9:52,9:52,15,0,0,I-25 & YALE AVE E,7,1,0,0,1,4,0,0,60,0,0,0,0,1,1,5,13
,2021-09067,39.70665354,-104.9965899,2/19/2021 11:30,11:30,15,0,0,I-25 & SANTA FE DR S,1,1,1,0,1,4,0,0,55,0,0,0,0,0,1,3,16
,2021-09068,39.72527841,-105.1417334,2/22/2021 8:12,8:12,12,0,0,I-25 & 6TH AVE W,1,1,0,0,1,4,0,0,65,0,0,0,0,0,1,3,14
,2021-09069,39.74918353,-104.9692999,2/2/2021 8:19,8:19,15,0,0,22ND AVE E & WAZEE ST,1,1,0,0,1,4,0,0,30,0,0,0,0,0,4,2,1
,2021-09070,39.72562353,-104.9842399,2/21/2021 11:54,11:54,5,0,0,200 BLK E 6TH AVE & N SHERMAN ST,4,1,0,0,2,2,0,0,30,0,0,0,0,0,4,1,16
,2021-09071,39.76212353,-105.0300199,2/21/2021 13:00,13:00,12,0,0,W 32ND AVE & N IRVING ST,7,1,1,0,1,4,0,0,30,0,0,0,0,0,4,2,7
,2021-09072,39.71621353,-104.9406999,2/26/2021 15:52,15:52,12,0,0,COLORADO BLVD N & ELLSWORTH AVE E,1,1,0,0,1,1,0,0,30,0,0,0,0,1,2,2,8
,2021-09073,39.66853354,-105.0250599,2/26/2021 16:25,16:25,3,0,0,FEDERAL BLVD S & COLLEGE AVE W,1,1,0,0,1,2,0,0,40,0,0,0,0,0,2,2,3
,2021-09074,39.78377352,-104.9405099,3/1/2021 11:10,11:10,1,0,1,COLORADO BLVD N & 48TH AVE E,1,1,0,0,1,1,0,0,45,0,0,0,0,3,2,3,13
,2021-09075,39.69635653,-104.8974019,3/2/2021 7:55,7:55,12,0,0,S PARKER RD & E MISSISSIPPI AVE,1,1,0,0,1,4,0,0,35,0,0,0,0,1,2,3,13
,2021-09078,39.72527841,-105.1417334,3/2/2021 9:42,9:42,12,0,0,I-25 & 6TH AVE W,1,1,1,0,1,4,0,0,65,0,0,0,0,0,1,3,14
,2021-09079,39.74379352,-104.8987299,3/3/2021 14:53,14:53,3,0,0,N SYRACUSE ST & E 17TH AVE,1,1,0,0,1,1,0,0,30,0,0,0,0,0,4,3,1
,2021-09080,39.69434354,-104.9792399,3/3/2021 17:23,17:23,12,0,0,I-25 & WASHINGTON ST S,1,1,0,0,1,4,0,0,65,0,0,0,0,1,1,4,3
,2021-09081,39.75360353,-104.9966999,2/27/2021 1:12,1:12,6,0,0,1850 WAZEE ST & 1850 BLK,1,3,0,0,1,4,0,0,35,0,0,0,0,0,4,2,5
,2021-09082,39.78374351,-104.80979,1/24/2021 1:15,1:15,3,0,1,GVR BLVD E & CHAMBERS RD N,1,3,0,0,1,1,0,0,40,0,0,0,0,3,4,2,14
,2021-09083,39.78346312,-105.0112166,2/28/2021 0:47,0:47,12,0,1,I-70 & MM 279.4,1,4,0,0,1,4,0,0,65,0,0,0,0,2,1,2,1
,2021-09084,39.69671354,-105.0061599,2/27/2021 14:53,14:53,3,0,0,MISSISSIPPI AVE W & PECOS ST S,1,1,0,0,1,2,0,0,35,0,0,0,0,0,4,2,13
,2021-09085,39.73841353,-104.9127899,2/26/2021 18:42,18:42,3,0,0,MONACO ST N & 14TH AVE E,1,3,0,0,1,1,0,0,30,0,0,0,0,0,4,2,13
,2021-09086,39.74016353,-104.9520799,2/26/2021 15:40,15:40,5,0,0,COLFAX AVE E & FILLMORE ST (RD S),1,1,0,0,3,4,0,0,35,0,0,0,0,0,2,1,5
,2021-09087,39.78589351,-104.77212,2/27/2021 17:58,17:58,1,0,0,49TH AVE E & TOWER RD N,1,2,0,0,1,1,0,0,25,0,0,0,0,0,4,2,13
,2021-09089,39.71120354,-104.9988899,2/26/2021 18:48,18:48,15,0,0,I-25 & ALAMEDA AVE W,1,3,0,0,1,4,0,0,65,0,0,0,1,0,1,2,1
,2021-09090,39.73367353,-104.9986499,2/27/2021 18:44,18:44,11,0,0,SANTA FE DR N & 11TH AVE W,1,3,0,0,1,1,0,0,35,0,1,0,0,1,4,1,3
,2021-09097,39.63574354,-104.8935099,3/2/2021 9:18,9:18,12,0,0,I-225 & TAMARAC ST S,1,1,0,0,1,4,0,0,65,0,0,0,0,1,1,3,14
,2021-09099,39.78003353,-104.9891799,2/26/2021 21:21,21:21,5,0,2,I-25 NB ON RAMP LOOP FROM & I-70 EB,4,3,0,0,3,8,0,0,40,0,0,0,0,2,4,1,16
,2021-09100,39.78179351,-104.73453,2/27/2021 9:17,9:17,3,0,0,E GVR BLVD & N PICADILLY RD,1,1,0,0,1,1,0,0,35,0,0,0,0,1,4,2,8
,2021-09101,39.75618185,-105.0155256,2/26/2021 14:10,14:10,15,0,0,I-25 & SPEER BLVD N,1,1,0,0,1,4,0,0,65,0,0,0,0,0,1,2,13
,2021-09104,39.72527841,-105.1417334,2/26/2021 20:16,20:16,15,0,0,I-25 & 6TH AVE W,1,1,0,0,1,4,0,0,60,0,0,0,0,0,2,2,13
,2021-09105,39.70163354,-105.0246699,2/26/2021 21:35,21:35,5,0,0,FEDERAL BLVD S & 820 S FEDERAL BLVD,1,3,0,0,3,4,0,0,40,0,0,0,0,0,2,1,5
,2021-09106,39.69582354,-105.0297199,2/23/2021 8:40,8:40,6,0,0,1100 BLK S IRVING ST & W ARKANSAS AVE,1,1,0,0,1,4,0,0,25,0,0,0,0,1,4,3,13
,2021-09107,39.77727352,-104.8827699,2/26/2021 16:29,16:29,12,0,0,I-70 WB EXIT GORE PT TO & CENTRAL PARK BLVD N,1,1,0,0,1,4,0,0,65,0,0,0,0,0,2,2,16
,2021-09108,39.71114354,-105.0508599,2/8/2021 9:56,9:56,6,0,0,300 BLK S YATES ST & W ALAMEDA AVE,1,1,0,0,1,4,0,1,25,0,0,0,0,0,4,2,16
,2021-09109,39.73726352,-104.8916899,2/24/2021 19:26,19:26,6,0,0,N VALENTIA ST & E 13TH AVE,9,4,0,2,1,4,0,0,25,0,0,0,0,0,4,2,13
,2021-09110,39.71114353,-104.9845999,2/24/2021 11:55,11:55,15,0,0,ALAMEDA AVE & SHERMAN ST S,1,1,0,0,1,4,0,0,30,0,0,0,0,0,4,1,13
,2021-09111,39.78003353,-104.9891799,2/27/2021 0:23,0:23,5,0,0,I-25 NB ON RAMP LOOP FROM & I-70 EB,4,3,0,0,3,8,0,0,40,0,0,0,0,0,1,1,13
,2021-09112,39.75441353,-104.9873699,2/26/2021 16:49,16:49,10,0,0,N BROADWAY ST & ARAPAHOE ST,1,1,0,0,1,1,0,0,35,0,0,0,0,0,4,2,8
,2021-09113,39.67482354,-104.9222399,2/26/2021 16:00,16:00,3,0,0,HOLLY ST S & ILIFF AVE E,11,1,0,0,1,1,0,0,30,0,0,0,0,0,4,2,3
,2021-09114,39.65896355,-105.0351299,2/26/2021 15:50,15:50,3,0,0,FLOYD AVE W & LOWELL BLVD S,1,1,0,0,1,1,0,0,30,0,0,0,0,0,4,2,13
,2021-09115,39.68940354,-105.0262199,2/10/2021 16:06,16:06,12,0,0,3000 BLK W FLORIDA AVE & S FEDERAL BLVD,1,1,0,0,1,4,0,0,30,0,0,0,0,0,4,3,1
,2021-09116,39.72528331,-104.9177194,2/27/2021 1:50,1:50,5,0,0,6000 BLK OF E 6TH AVE & 6000 BLK E,4,3,0,0,2,4,0,0,30,0,0,0,0,0,4,1,7
,2021-09117,39.65307354,-104.9182499,2/25/2021 11:25,11:25,12,0,0,I-25 & HAMPDEN AVE E,7,1,0,0,1,4,0,0,65,0,0,0,0,0,1,3,13
,2021-09118,39.72931353,-105.0148199,2/23/2021 19:32,19:32,12,0,0,I-25 & 8TH AVE W,1,2,0,0,1,4,0,0,65,0,0,0,0,0,1,3,16
,2021-09122,39.67850354,-104.9716699,3/2/2021 19:52,19:52,8,0,1,1300 BLK E EVANS AVE & S LAFAYETTE ST,1,3,0,0,1,4,0,0,35,0,0,0,0,2,4,3,5
,2021-09124,39.63323354,-104.9063099,2/22/2021 8:45,8:45,12,0,0,I-225 SB/WB SPLIT TO & I-25 NB/SB,1,1,0,0,1,4,0,0,65,0,0,0,0,0,1,3,14
,2021-09126,39.72892353,-104.9905699,3/3/2021 14:22,14:22,8,0,0,W 8TH AVE & N SPEER BLVD,1,1,0,0,1,1,0,0,35,0,0,0,0,1,4,3,8
,2021-09130,39.84439432,-105.0091192,3/22/2021 3:00,3:00,5,0,0,8268 PECOS WAY & 8268 BLK,11,4,0,2,3,4,0,0,,0,0,0,0,0,4,1,16
,2021-09131,39.66748354,-104.9254699,2/25/2021 9:32,9:32,12,0,0,I-25 & YALE AVE E,8,1,0,0,1,4,0,0,65,0,0,0,0,0,1,3,1
,2021-09135,39.67848354,-104.9934999,2/25/2021 19:39,19:39,15,0,0,SANTA FE DR S & ASBURY AVE W,4,3,0,0,1,4,0,0,45,0,0,0,0,0,2,3,13
,2021-09136,39.69384353,-104.9406199,2/27/2021 14:07,14:07,12,0,0,COLORADO BLVD S & LOUISANA AVE E,14,1,0,0,1,4,0,0,40,0,0,0,0,0,2,2,13
,2021-09137,39.71835353,-104.9874899,2/26/2021 16:59,16:59,15,0,0,E 1ST AVE & N BROADWAY ST,1,2,0,0,1,4,0,0,25,0,0,0,0,0,4,2,8
,2021-09138,39.69650353,-104.8752999,2/26/2021 17:05,17:05,12,0,0,S DAYTON ST & E MISSISSIPPI AVE,1,1,0,0,1,1,0,0,35,0,0,0,0,0,4,2,3
,2021-09139,39.78344353,-105.0345699,2/25/2021 10:24,10:24,12,0,0,I-70 & LOWELL BLVD N,8,1,1,0,1,4,0,0,65,0,0,0,0,0,1,3,16
,2021-09140,39.68309354,-104.9405399,2/25/2021 10:41,10:41,12,0,0,I-25 & COLORADO BLVD S,14,1,0,0,1,4,0,0,65,0,0,0,0,0,1,3,13
,2021-09141,39.71123354,-104.9971264,2/23/2021 14:03,14:03,12,0,0,W ALAMEDA AVE & S SANTA FE DR,1,1,0,0,1,3,0,0,35,0,0,0,0,0,4,3,3
,2021-09142,39.7980115,-104.6524964,2/13/2021 14:50,14:50,12,0,0,5600 BLK PENA BLVD - road descrip & EAST 56TH AVE,11,1,1,2,1,1,0,0,25,0,0,0,0,0,4,3,14
,2021-09143,39.77829352,-104.9034199,2/21/2021 11:20,11:20,15,0,0,QUEBEC ST & I-70,11,1,0,0,1,4,0,0,30,0,0,0,0,1,4,3,1
,2021-09144,39.72527841,-105.1417334,2/23/2021 14:19,14:19,12,0,0,I-25 & 6TH AVE W,1,1,1,0,1,4,0,0,65,0,0,0,0,0,1,3,3
,2021-09145,39.68897354,-104.9985999,2/25/2021 17:21,17:21,3,0,0,FLORIDA AVE W & SANTA FE DR S,11,2,0,0,1,2,0,0,25,0,0,0,0,0,4,2,2
,2021-09146,39.73686353,-104.9986799,2/26/2021 20:36,20:36,3,0,0,N SANTA FE DR & W 13TH AVE,1,3,0,0,1,1,0,0,35,0,0,0,0,0,4,2,13
,2021-09147,39.72011353,-104.9775399,2/22/2021 21:39,21:39,8,0,0,E SPEER BLVD & N CLARKSON ST,1,3,1,0,1,4,0,0,30,0,0,0,0,0,4,3,5
,2021-09148,39.72553353,-105.0131199,2/23/2021 12:05,12:05,12,0,0,I-25 & 6TH AVE W,1,1,0,0,1,4,0,0,65,0,0,0,0,0,1,3,3
,2021-09149,39.74394353,-105.0299499,2/21/2021 12:50,12:50,3,0,0,N IRVING ST & W 17TH AVE,1,1,0,0,1,1,0,0,30,0,0,0,0,0,4,2,13
,2021-09155,39.72553353,-105.0131199,2/22/2021 9:09,9:09,12,0,0,I-25 & 6TH AVE W,1,1,0,0,1,4,0,0,55,0,0,0,0,0,1,3,1
,2021-09156,39.71120354,-104.9988899,2/22/2021 5:40,5:40,15,0,0,I-25 & ALAMEDA AVE W,1,4,0,0,1,4,0,0,55,0,0,0,0,0,1,3,16
,2021-09157,39.73681353,-104.9684699,2/21/2021 11:30,11:30,12,0,0,E 13TH AVE & N FRANKLIN ST,7,1,0,0,1,4,0,0,30,0,0,0,0,0,4,2,13
,2021-09163,39.69742354,-104.9828099,2/23/2021 10:48,10:48,5,0,1,I-25 & LOGAN ST S,1,1,1,0,2,4,0,0,60,0,0,0,0,3,1,3,10
,2021-09167,39.63957354,-104.8851,2/13/2021 12:28,12:28,15,0,0,I-225 & YOSEMITE ST S,1,1,0,2,1,4,0,0,65,0,0,0,0,0,1,3,13
,2021-09168,39.72015354,-105.0484599,2/17/2021 19:05,19:05,6,0,0,2ND AVE W & WOLFF ST N,10,4,1,2,1,4,0,0,25,0,0,0,0,0,4,3,5
,2021-09169,39.71120354,-104.9988899,3/6/2021 9:55,9:55,12,0,0,I-25 & ALAMEDA AVE W,1,1,0,0,1,4,0,0,55,0,0,0,0,0,1,3,1
,2021-09173,39.78571351,-104.8384599,2/18/2021 18:50,18:50,11,0,0,TITAN CT N & ANDREWS DR E,1,2,0,0,1,1,0,0,25,0,1,0,0,1,4,1,16