id,drcog_id,latitude,longitude,crashtime,time,crashtype,numbkilled,numbinjurd,drcoglocat,rdconditin,lightngcon,roadcntgrd,weatherco,location,roaddescrp,schoolzone,constrzone,splimit,bikeinv,pedinv,sctrinv,motoinv,svrty,rdsystem,ttlvehcls,hcf
,2021-09175,39.71137353,-104.9111199,3/4/2021 8:05,8:05,12,0,0,E ALAMEDA AVE & S MAGNOLIA ST,1,1,0,0,1,4,0,0,35,0,0,0,0,1,4,2,13
,2021-09176,39.69635653,-104.8974019,2/23/2021 15:40,15:40,15,0,0,E MISSISSIPPI AVE & S PARKER RD,1,1,0,0,1,3,0,0,30,0,0,0,0,0,2,2,16
,2021-09177,39.71117354,-105.0015499,2/27/2021 19:05,19:05,3,0,0,W ALAMEDA AVE & S LIPAN ST,1,3,0,0,1,1,0,0,25,0,0,0,0,0,2,2,13
,2021-09178,39.78438353,-105.0251799,3/4/2021 6:50,6:50,3,0,0,FEDERAL BLVD N & I-70 WB OFF RAMP,1,1,0,0,1,1,0,0,35,0,0,0,0,0,4,2,13
,2021-09180,39.73382353,-105.0159799,3/4/2021 6:37,6:37,3,0,0,ZUNI ST N & I-25 SB OFF RAMP,1,1,0,0,1,1,0,0,25,0,0,0,0,1,4,2,13
,2021-09182,39.78008352,-104.9406599,2/26/2021 6:05,6:05,15,0,0,I-70 WB EXIT GORE PT TO & COLORADO BLVD N,2,2,1,0,1,4,0,1,65,0,0,0,0,0,1,2,13
,2021-09183,39.74014353,-104.9120299,3/3/2021 10:18,10:18,12,0,0,COLFAX AVE E & MONACO ST NB,1,1,0,0,1,3,0,0,35,0,0,0,0,0,2,2,13
,2021-09184,39.70209353,-104.9034999,3/4/2021 8:16,8:16,12,0,0,800 BLK S QUEBEC ST & E LEETSDALE DR,1,1,1,0,1,4,0,0,35,0,0,0,0,1,4,2,13
,2021-09187,39.74013353,-104.9163099,2/22/2021 21:25,21:25,11,0,1,COLFAX AVE E & KRAMERIA ST (RD N),1,3,0,0,1,1,0,0,0,0,1,0,0,3,4,1,16
,2021-09189,39.71120354,-104.9991199,2/12/2021 19:40,19:40,12,0,0,I-25 & ALAMEDA AVE W,1,3,0,0,1,4,0,0,65,0,0,0,0,0,1,2,13
,2021-09191,39.77400352,-104.8470299,2/13/2021 23:03,23:03,15,0,0,I-70 WB ON RAMP LOOP ENT GORE PT FROM & I-225 NB,9,3,0,2,1,8,0,0,65,0,0,0,0,1,1,2,14
,2021-09192,39.77942352,-104.9038599,2/16/2021 21:05,21:05,12,0,0,I-70 WB ON RAMP [SLIP] & QUEBEC ST,1,4,0,0,1,8,0,0,,0,0,0,0,0,1,2,16
,2021-09193,39.67845353,-104.9198799,3/4/2021 19:32,19:32,15,0,0,5700 BLK E EVANS AVE & S IVANHOE ST,11,4,0,1,1,4,0,0,25,0,0,0,0,0,4,2,16
,2021-09194,39.79080351,-104.8332899,2/25/2021 6:00,6:00,6,0,0,E 51ST AVE & N VICTOR WAY,4,3,0,2,1,4,0,0,25,0,0,0,0,0,4,2,13
,2021-09195,39.77582352,-104.8657299,3/4/2021 14:19,14:19,5,0,0,I-70 & HAVANA ST N,1,1,0,0,2,4,0,0,65,0,0,0,0,0,1,1,5
,2021-09196,39.70051354,-104.9937599,2/10/2021 16:22,16:22,12,0,0,PLATTE RIVER DR S & 700 BLK S,1,1,0,0,1,4,0,0,45,0,0,0,0,0,2,2,14
,2021-09198,39.85294516,-104.9753736,2/19/2021 23:36,23:36,5,0,0,OGDEN ST & 16TH AVE E,1,3,0,0,3,5,0,0,30,0,0,0,0,0,4,1,16
,2021-09199,39.77282351,-104.79058,2/19/2021 17:17,17:17,1,0,0,40TH AVE E & PENA BLVD,1,2,0,0,1,1,0,0,35,0,0,0,0,0,4,2,7
,2021-09201,39.74617353,-104.9787099,3/4/2021 19:30,19:30,3,0,0,E 19TH AVE & N WASHINGTON ST,11,3,0,1,1,1,0,0,30,0,0,0,0,0,4,2,13
,2021-09203,39.65307354,-104.9182499,3/4/2021 19:39,19:39,1,0,0,HAMPDEN AVE E & I-25 NB OFF RAMP,11,3,0,1,1,1,0,0,35,0,0,0,0,1,2,2,5
,2021-09205,39.78564353,-105.0532399,2/11/2021 13:19,13:19,15,0,0,SHERIDAN BLVD N & 49TH AVE W,1,1,1,0,1,4,0,0,35,0,0,0,0,0,2,2,13
,2021-09206,39.78505876,-104.794475,3/4/2021 16:17,16:17,1,0,0,40TH AVE E & AIRPORT BLVD N,11,1,0,1,1,1,0,0,40,0,0,0,0,1,4,2,13
,2021-09210,39.78362951,-104.791364,2/27/2021 3:27,3:27,5,0,0,OUTBOUND PENA BLVD & E GVR BLVD,1,3,0,0,3,4,0,0,65,0,0,0,0,0,4,1,2
,2021-09212,39.74014352,-104.8928499,2/19/2021 18:21,18:21,11,0,1,COLFAX AVE E & UINTA ST N,1,3,0,0,1,4,0,0,0,0,1,0,0,3,2,1,16
,2021-09214,39.63323354,-104.9063099,2/17/2021 8:07,8:07,15,0,0,I-225 SB/WB SPLIT TO & I-25 NB/SB,11,1,0,0,1,4,0,0,65,0,0,0,0,0,1,2,16
,2021-09216,39.68471354,-104.9504599,3/4/2021 17:05,17:05,12,0,0,I-25 & STEELE ST S,11,2,1,1,1,4,0,0,60,0,0,0,0,0,1,2,3
,2021-09217,39.63369355,-105.0831999,2/15/2021 18:40,18:40,12,0,0,WADSWORTH BLVD S & LAYTON AVE W,1,3,0,0,1,4,0,0,45,0,0,0,0,0,2,2,14
,2021-09218,39.76114353,-104.9802299,3/4/2021 17:17,17:17,6,0,0,2900 BLK LAWRENCE ST & 2900 BLK,11,1,0,1,1,4,0,0,25,0,0,0,0,0,4,2,13
,2021-09237,39.71496354,-105.0324499,2/27/2021 17:16,17:16,3,0,0,KNOX CT S & BAYAUD AVE W,1,2,0,0,1,1,0,0,25,0,0,0,0,0,4,2,13
,2021-09255,39.70396354,-105.0430499,3/4/2021 14:53,14:53,3,0,0,STUART ST S & MORRISON RD,11,1,0,1,1,1,0,0,25,0,0,0,0,0,4,2,13
,2021-09267,39.73840353,-104.9695299,3/4/2021 8:45,8:45,12,0,0,1400 BLK E 14TH AVE & N LAFAYETTE ST,1,1,0,0,1,5,0,0,30,0,0,0,0,0,4,2,14
,2021-09269,39.67925354,-104.9407099,2/27/2021 19:50,19:50,12,0,0,COLORADO BLVD S & BUCHTEL BLVD E,1,3,0,7,1,1,0,0,45,0,0,0,0,1,2,2,13
,2021-09270,39.70460353,-104.9269699,3/4/2021 8:51,8:51,6,0,0,600 BLK S FOREST ST & E EXPOSITION AVE,1,5,0,0,1,4,0,0,25,0,0,0,0,0,4,2,16
,2021-09273,39.72931353,-105.0148199,2/24/2021 17:57,17:57,12,0,0,I-25 & 8TH AVE W,1,2,0,0,1,4,0,0,65,0,0,0,0,0,1,2,13
,2021-09274,39.75778353,-105.0144699,2/24/2021 16:40,16:40,6,0,0,2800 BLK N WYANDOT ST & E 29TH AVE,1,1,0,0,1,4,0,0,25,0,0,0,0,0,4,2,14
,2021-09276,39.71800353,-104.9545799,2/25/2021 9:22,9:22,1,0,0,COLORADO BLVD S & CHERRY CREEK DR NE,9,1,0,0,1,1,0,0,35,0,0,0,0,0,2,2,16
,2021-09277,39.77482752,-105.0287614,2/22/2021 13:17,13:17,14,0,0,200 BLK N HAZEL & HOOKER ALLEY,1,1,0,0,1,5,0,0,25,0,0,0,0,0,4,2,9
,2021-09278,39.75257353,-105.0018099,2/26/2021 16:50,16:50,2,0,0,16TH ST & WYNKOOP ST,1,1,0,0,1,1,0,0,0,1,0,0,0,0,4,2,16
,2021-09279,39.74677353,-104.9918499,2/26/2021 7:31,7:31,11,0,0,17TH ST & CHAMPA ST,10,1,0,0,1,4,0,0,0,0,1,0,0,0,4,1,16
,2021-09280,39.70133354,-105.0269399,3/4/2021 10:05,10:05,6,0,0,3000 BLK W ADA PL & S FEDERAL BLVD,1,1,0,0,1,4,0,0,25,0,0,0,0,0,4,2,13
,2021-09283,39.91404349,-104.68731,3/30/2021 7:40,7:40,5,0,1,120TH AVE & UNKNOWN,4,1,0,2,3,4,0,0,55,0,0,0,0,2,4,1,13
,2021-09287,39.64122778,-104.9165351,2/19/2021 15:18,15:18,12,0,0,3500 BLK E HAPPY CANYON RD & E HAMPDEN AVE,1,1,0,0,1,4,0,0,35,0,0,0,0,0,4,2,13
,2021-09288,39.69656353,-104.9405999,2/22/2021 16:00,16:00,11,0,0,COLORADO BLVD S & MISSISSIPPI AVE E,14,1,0,7,1,1,0,0,35,0,1,0,0,1,2,1,16
,2021-09289,39.79821351,-104.8271799,2/28/2021 1:20,1:20,12,0,0,E 56TH AVE & N POTOMAC WAY,1,3,0,0,1,4,0,0,40,0,0,0,0,1,4,2,5
,2021-09290,39.75071353,-104.9684099,2/27/2021 20:59,20:59,8,0,0,E 23RD AVE & N FRANKLIN ST,1,3,0,0,1,1,0,0,25,0,0,0,0,0,4,2,1
,2021-09292,39.77512352,-104.9497899,2/21/2021 3:53,3:53,6,0,0,E 42ND AVE & N STEELE ST,9,3,0,2,1,1,0,0,30,0,0,0,0,0,4,2,14
,2021-09294,39.75941038,-104.9597724,3/4/2021 10:43,10:43,3,0,0,YORK ST N & YORK LN,1,1,1,0,1,1,0,0,30,0,0,0,0,0,4,2,7
,2021-09296,39.71281354,-105.0109199,2/21/2021 5:00,5:00,5,0,0,200 BLK S TEJON ST & W ALAMEDA AVE,9,3,0,0,3,1,0,0,25,0,0,0,0,0,4,1,9
,2021-09297,39.72535744,-105.0227001,3/4/2021 7:15,7:15,12,0,0,HWY 6 EB ON RAMP FROM & FEDERAL BLVD N,1,1,1,0,1,8,0,0,35,0,0,0,0,0,2,2,1
,2021-09298,39.78279353,-105.0216299,3/1/2021 20:00,20:00,6,0,0,DECATUR ST N & 4700 BLK N,14,5,1,7,1,4,0,0,25,0,0,0,0,0,4,2,16
,2021-09299,39.75513353,-104.9761999,2/12/2021 15:00,15:00,6,0,0,500 BLK 28TH ST & 28TH ST,1,1,1,0,1,4,0,0,25,0,0,0,0,0,4,2,3
,2021-09300,39.62378354,-104.9016999,3/4/2021 11:58,11:58,15,0,0,I-25 & BELLEVIEW AVE E,11,1,0,1,1,4,0,0,65,0,0,0,0,0,1,2,3
,2021-09301,39.74491353,-104.9942499,2/13/2021 9:00,9:00,12,0,0,15TH ST & STOUT ST,9,1,0,2,1,1,0,0,30,0,0,0,0,0,4,2,13
,2021-09303,39.69839354,-104.9593199,3/3/2021 18:12,18:12,1,0,0,S UNIVERSITY BLVD & E TENNESSEE AVE,1,3,0,0,1,1,0,0,30,0,0,0,0,0,4,2,1
,2021-09304,39.63930354,-104.88511,3/4/2021 5:31,5:31,12,0,0,I-225 & YOSEMITE ST S,1,1,0,0,1,4,0,0,65,0,0,0,0,0,1,2,2
,2021-09305,39.72287354,-105.0386199,2/17/2021 7:15,7:15,6,0,0,4TH AVE W & PERRY ST N,1,1,0,0,1,4,0,0,25,0,0,0,0,0,4,2,7
,2021-09307,39.82518502,-104.9816053,3/3/2021 16:52,16:52,9,0,0,BELLEVIEW AVE E & I-25 NB ON RAMP,1,1,1,0,1,1,0,0,30,0,0,0,0,0,2,1,13
,2021-09308,39.79837151,-104.772212,3/4/2021 4:10,4:10,1,0,0,N TOWER RD & E 56TH AVE,1,3,0,0,1,1,0,0,45,0,0,0,0,1,4,2,13
,2021-09309,39.65311154,-104.8988149,3/3/2021 14:00,14:00,10,0,0,HAMPDEN AVE E & TAMARAC DR S,1,1,0,0,1,1,0,0,30,0,0,0,0,0,2,2,3
,2021-09310,39.78405352,-104.9895499,3/4/2021 4:15,4:15,15,0,1,I-25 SB EXIT LOOP GORE PT TO & 48TH AVE W,1,3,0,0,1,8,0,0,55,0,0,0,0,2,1,2,14
,2021-09311,39.78119351,-104.74233,3/3/2021 21:03,21:03,3,0,0,GVR BLVD E & MALAYA ST N,1,3,0,0,1,1,0,0,25,0,0,0,0,1,4,2,7
,2021-09312,39.74999353,-104.9911999,2/14/2021 14:15,14:15,5,0,0,CURTIS ST & 19TH ST,9,1,0,0,2,4,0,0,30,0,0,0,0,0,4,1,13
,2021-09313,39.8341335,-104.77181,2/13/2021 22:00,22:00,10,0,0,PENA BLVD & TOWER RD N,10,3,0,2,1,1,0,0,45,0,0,0,0,0,4,2,13
,2021-09314,39.76322353,-105.0088099,3/4/2021 6:20,6:20,6,0,0,1800 BLK W 33RD AVE & N SHOSHONE ST,1,1,1,0,1,3,0,0,25,0,0,0,0,0,4,2,3
,2021-09315,39.70424354,-105.0463399,2/7/2021 10:15,10:15,6,0,0,4500 BLK W EXPOSITION AVE & S UTICA ST,1,1,0,0,1,4,0,0,25,0,0,0,0,0,4,2,3
,2021-09316,39.77934006,-104.7541215,2/12/2021 15:18,15:18,6,0,0,46TH AVE & N VASQUEZ BLVD,1,1,0,0,1,1,0,0,30,0,0,0,0,1,4,2,13
,2021-09318,39.72553353,-105.0131199,3/4/2021 8:53,8:53,12,0,0,I-25 & 6TH AVE W,1,1,0,0,1,4,0,0,65,0,0,0,0,0,1,2,13
,2021-09319,39.72565154,-105.0531559,3/4/2021 11:14,11:14,15,0,0,SHERIDAN BLVD N & HWY 6 WB OFF RAMP SLIP,1,1,1,0,1,4,0,0,35,0,0,0,0,0,2,2,13
,2021-09320,39.67472053,-104.8707799,2/28/2021 20:37,20:37,1,0,0,E ILIFF AVE & S PARKER RD,1,3,0,0,1,1,0,0,45,0,0,0,0,0,2,2,1
,2021-09321,39.73998353,-104.9460099,2/12/2021 8:20,8:20,6,0,0,COLFAX AVE E & 3500 BLK E,1,1,0,0,1,4,0,0,35,0,0,0,0,0,4,2,13
,2021-09322,39.67837354,-104.9342099,2/17/2021 8:00,8:00,15,0,0,EVANS AVE E & I-25 NB ON RAMP,1,1,0,0,1,3,0,0,35,0,0,0,0,1,4,2,16
,2021-09323,39.77562352,-104.8658799,2/8/2021 16:14,16:14,12,0,0,I-70 & HAVANA ST N,1,1,0,0,1,4,0,0,55,0,0,0,0,0,4,2,1
,2021-09324,39.63340354,-104.8931799,3/3/2021 11:47,11:47,15,0,0,E TUFTS AVE & S DTC BLVD,1,1,0,0,1,1,0,0,35,0,0,0,0,0,4,2,13
,2021-09326,39.73357353,-104.9505799,2/18/2021 10:02,10:02,11,0,1,11TH AVE E & ST PAUL ST N,4,1,0,2,3,3,0,0,25,0,1,0,0,3,4,1,1
,2021-09328,39.68999354,-104.9734099,3/3/2021 17:10,17:10,12,0,0,I-25 NB OFF RAMP TO & DOWNING ST S,1,1,0,0,1,8,0,0,25,0,0,0,0,0,1,2,3
,2021-09339,39.67671354,-105.0427499,2/18/2021 15:49,15:49,3,0,0,W WARREN AVE & S STUART ST,4,2,1,2,1,1,0,0,25,0,0,0,0,0,4,2,1
,2021-09349,39.78927351,-104.8470799,3/4/2021 12:55,12:55,12,0,1,E 51ST AVE & PEORIA ST,1,1,0,0,1,4,0,0,35,0,0,0,0,3,4,2,13
,2021-09393,39.72579554,-105.0533449,3/7/2021 17:18,17:18,12,0,0,6TH AVE W & SHERIDAN BLVD,1,1,0,0,1,4,0,0,,0,0,0,0,0,2,2,16
,2021-09512,39.78199352,-104.9017299,2/4/2021 17:15,17:15,3,0,0,QUEBEC ST & SAND CREEK RD N,1,2,0,0,1,1,0,0,35,0,0,0,0,0,2,3,1
,2021-09604,39.77582352,-104.8657299,2/11/2021 15:26,15:26,12,0,0,I-70 & HAVANA ST N,1,1,0,0,1,4,0,0,65,0,0,0,0,0,1,2,13
,2021-09607,39.74377353,-104.9476699,2/9/2021 14:00,14:00,15,0,0,E 17TH AVE & N COOK ST,1,1,0,0,1,3,0,0,30,0,0,0,0,0,4,2,3
,2021-09608,39.72507353,-104.9078299,1/27/2021 10:50,10:50,5,0,0,6900 BLK E 6TH AVE & N ONEIDA ST,4,1,0,0,2,4,0,0,30,0,0,0,0,0,4,1,5
,2021-09609,39.75778353,-105.0158199,2/10/2021 8:00,8:00,1,0,0,2800 BLK N ZUNI ST & W 28TH AVE,11,1,1,2,1,2,0,0,30,0,0,0,0,0,4,2,13
,2021-09610,39.75931353,-104.9936899,2/10/2021 8:51,8:51,15,0,0,WEWATTA ST & PARK AVE,4,1,0,2,1,1,0,0,35,0,0,0,0,0,4,2,14
,2021-09611,39.74862352,-104.9034299,2/16/2021 17:15,17:15,8,0,0,N QUEBEC ST & E 21ST AVE,1,1,0,0,1,1,0,0,30,0,0,0,0,1,4,2,3
,2021-09612,39.67841354,-104.9593799,2/10/2021 8:07,8:07,5,0,0,E EVANS AVE & S UNIVERSITY BLVD,1,1,0,0,3,1,0,0,35,0,0,0,0,1,4,1,5
,2021-09613,39.71110353,-104.9733799,2/15/2021 17:00,17:00,12,0,0,S DOWNING ST & E ALAMEDA AVE,9,1,0,2,1,4,0,0,30,0,0,0,0,0,4,2,14
,2021-09614,39.78645433,-105.025186,2/4/2021 14:09,14:09,11,0,1,FEDERAL BLVD N & 49TH AVE W,1,1,1,0,1,4,0,0,0,0,1,0,0,3,2,1,16
,2021-09615,39.76932353,-105.0299599,2/15/2021 8:47,8:47,6,0,0,3700 BLK N IRVING ST & W 38TH AVE,2,1,0,0,1,3,0,0,35,0,0,0,0,0,4,2,16
,2021-09616,39.76418353,-104.9909799,2/15/2021 12:05,12:05,12,0,0,3300 BLK DENARGO ST & DELGANY ST,1,1,0,0,1,4,0,0,30,0,0,0,0,0,4,2,13
,2021-09617,39.71842354,-105.0532699,2/17/2021 7:45,7:45,12,0,0,SHERIDAN BLVD N & 1ST AVE W,1,1,0,0,1,3,0,0,35,0,0,0,0,0,2,2,13
,2021-09618,39.73828353,-104.9315299,2/15/2021 10:02,10:02,6,0,0,DAHLIA ST N & 14TH AVE E,4,1,0,0,1,3,0,0,35,0,0,0,0,0,4,2,13
,2021-09620,39.73685353,-104.9941099,2/15/2021 8:55,8:55,3,0,0,W 13TH AVE & N ELATI ST,11,1,0,0,1,1,0,0,30,0,0,0,0,0,4,2,8
,2021-09622,39.74745352,-104.8928399,2/11/2021 15:21,15:21,3,0,0,MONTVIEW BLVD E & UINTA ST N,1,1,0,0,1,1,0,0,25,0,0,0,0,0,4,2,1
,2021-09623,39.74324353,-104.9733799,2/11/2021 12:02,12:02,12,0,0,N DOWNING ST & E 17TH AVE,1,1,0,0,1,1,0,0,25,0,0,0,0,0,4,2,14
,2021-09624,39.65308354,-104.9141299,2/11/2021 11:19,11:19,15,0,0,HAMPDEN AVE E & MONACO ST S,1,1,0,0,1,3,0,0,40,0,0,0,0,0,2,2,13
,2021-09625,39.62410354,-104.89463,2/8/2021 18:35,18:35,1,0,1,S ULSTER ST & E BELLEVIEW AVE,1,3,0,0,1,1,0,0,35,0,0,0,0,3,2,2,13
,2021-09627,39.72910353,-104.9590199,2/15/2021 8:25,8:25,3,0,0,E 8TH AVE & N JOSEPHINE ST,1,1,0,0,1,1,0,0,30,0,0,0,0,0,4,2,7
,2021-09628,39.75443353,-104.9505599,2/8/2021 9:10,9:10,5,0,0,3100 BLK E 26TH AVE & N ST PAUL ST,1,1,0,0,3,4,0,0,30,0,0,0,0,0,4,1,3
,2021-09629,39.68692354,-105.0397799,2/7/2021 7:50,7:50,5,0,0,1630 S PERRY ST & W IOWA AVE,1,1,0,0,2,4,0,0,25,0,0,0,0,0,4,1,16
,2021-09630,39.70932354,-104.9863799,2/18/2021 9:10,9:10,10,0,0,LINCOLN ST S & DAKOTA AVE E,9,1,0,0,1,1,0,0,30,0,0,0,0,0,4,3,8
,2021-09631,39.74945353,-104.9684099,2/7/2021 14:50,14:50,3,0,0,FRANKLIN ST N & 22ND AVE E,1,1,0,0,1,1,0,0,30,0,0,0,0,0,4,2,13
,2021-09632,39.75108353,-104.9950099,1/19/2021 13:25,13:25,10,0,0,LARIMER ST & 18TH ST,1,1,0,0,1,1,0,0,30,0,0,0,0,0,4,2,13
,2021-09634,39.74981352,-104.9034099,2/8/2021 18:06,18:06,12,0,0,N QUEBEC ST & E 22ND AVE,1,4,0,0,1,4,0,0,30,0,0,0,0,1,4,3,3
,2021-09649,39.67472053,-104.8707799,2/9/2021 14:57,14:57,1,0,0,E ILIFF AVE & S PARKER RD,1,1,0,0,1,1,0,0,40,0,0,0,0,1,2,2,7
,2021-09651,39.72650353,-104.9928199,2/18/2021 10:36,10:36,3,0,0,DELAWARE ST N & 6TH AVE W,1,1,1,0,1,2,0,0,30,0,0,0,0,0,4,2,13
,2021-09654,39.78437353,-105.0251799,2/7/2021 12:38,12:38,1,0,0,FEDERAL BLVD N & I-70 WB ON RAMP,1,1,0,0,1,1,0,0,30,0,0,0,0,1,2,2,1
,2021-09657,39.7080582,-105.0251011,2/14/2021 23:09,23:09,12,0,1,FEDERAL BLVD S & VIRGINIA AVE W,4,3,0,0,1,3,0,0,45,0,0,0,0,3,2,4,5
,2021-09661,39.77393271,-104.8657399,2/10/2021 16:01,16:01,15,0,0,I-70 & HAVANA ST,1,1,0,0,1,4,0,0,55,0,0,0,0,0,1,4,13
,2021-09785,39.74937353,-105.0369499,2/8/2021 12:45,12:45,6,0,0,NEWTON ST & 2100 BLOCK N,1,1,0,0,1,3,0,0,25,0,0,0,0,0,4,2,3
,2021-09786,39.71545353,-104.9890499,3/8/2021 18:00,18:00,5,0,0,BROADWAY ST N & BYERS PL W,1,1,1,0,2,5,0,0,15,0,0,0,0,0,4,1,8
,2021-09788,39.74757353,-105.0252199,1/6/2021 17:11,17:11,11,0,1,FEDERAL BLVD N & 20TH AVE W,1,3,0,0,1,1,0,0,0,0,1,0,0,2,1,1,16
,2021-09791,39.8320535,-104.77612,3/13/2021 19:04,19:04,15,0,0,PENA BLVD & TOWER RD N,4,3,0,2,1,4,0,0,65,0,0,0,0,0,4,2,1
,2021-09798,39.72527841,-105.1417334,3/9/2021 18:47,18:47,12,0,0,6TH AVE W & I-25,1,3,0,0,1,4,0,0,55,0,0,0,0,0,2,2,13
,2021-09799,39.70493353,-104.9406999,3/12/2021 19:17,19:17,15,0,0,COLORAD BLVD & E EXPOSITION AVE,1,1,0,0,1,4,0,0,30,0,0,0,0,0,2,2,13
,2021-09804,39.75839353,-105.0158299,1/3/2021 19:12,19:12,12,0,0,W 29TH AVE & N ZUNI ST,1,3,0,0,1,1,0,0,30,0,0,0,0,0,4,2,14
,2021-09806,39.75695353,-105.0381299,3/9/2021 21:45,21:45,6,0,0,OSCEOLA ST & 2800 BLK N,1,4,0,0,1,4,0,0,25,0,0,0,0,0,4,2,13
,2021-09808,39.68055354,-105.0156899,3/13/2021 8:40,8:40,3,0,0,S ZUNI ST & W ASBURY AVE,1,1,1,0,1,1,0,0,25,0,0,0,0,1,4,2,7
,2021-09812,39.68386494,-104.9408001,3/9/2021 19:45,19:45,12,0,0,I-25 NB ON RAMP SLIP TO & COLORADO BLVD S,1,4,0,0,1,8,0,0,40,0,0,0,1,0,1,2,13
,2021-09815,39.77713352,-104.8829699,3/13/2021 9:47,9:47,12,0,0,I-70 EB OFF RAMP TO & CENTRAL PARK BLVD N,11,1,1,1,1,8,0,0,55,0,0,0,0,0,1,2,7
,2021-09819,39.75596353,-104.9904299,3/5/2021 14:30,14:30,15,0,0,2200 BLK MARKET ST & PARK AVE W,1,1,0,0,1,4,0,0,35,0,0,0,0,0,4,2,1
,2021-09820,39.74000653,-104.9684659,3/12/2021 22:47,22:47,1,0,0,COLFAX AVE E & FRANKLIN ST N,1,3,0,0,1,1,0,0,30,0,0,0,0,1,2,2,3
,2021-09824,39.8279205,-104.692991,3/13/2021 0:10,0:10,1,0,0,JACKSON GAP ST & PENA BLVD,1,3,0,0,1,1,0,0,35,0,0,0,0,0,4,2,7
,2021-09826,39.71023354,-105.0215399,3/12/2021 10:40,10:40,3,0,0,ALAMEDA AVE W & DALE CT S,1,1,0,0,1,1,0,0,25,0,0,0,0,0,2,2,7
,2021-09827,39.69112353,-104.9406399,3/12/2021 20:35,20:35,3,0,0,COLORADO BLVD S & ARKANSAS AVE E,1,3,0,0,1,1,0,0,35,0,0,0,0,0,2,2,13
,2021-09829,39.74018653,-104.9407414,3/9/2021 19:24,19:24,15,0,0,COLORADO BLVD N & COLFAX AVE E,1,3,0,0,1,3,0,0,35,0,0,0,0,0,2,2,14
,2021-09830,39.71382099,-104.9407909,3/9/2021 16:30,16:30,1,0,0,CHERRY CREEK DR SE & COLORADO BLVD S,1,1,0,0,1,1,0,0,30,0,0,0,0,0,2,2,14
,2021-09831,39.72561354,-105.0324699,3/10/2021 12:25,12:25,12,0,0,N KNOX CT & W 6TH AVE,1,1,0,0,1,1,0,0,30,0,0,0,0,0,2,2,5
,2021-09833,39.77717351,-104.77205,3/12/2021 15:19,15:19,15,0,0,4400 BLK N TOWER RD & E 45TH AVE,1,1,0,0,1,4,0,0,40,0,0,0,0,0,4,2,13
,2021-09834,39.73675353,-104.9183499,3/12/2021 12:14,12:14,10,0,0,13TH AVE E & JASMINE ST N,1,1,0,0,1,1,0,0,30,0,0,0,0,0,4,2,8
,2021-09838,39.78560353,-105.0251399,3/10/2021 12:24,12:24,11,0,1,49TH AVE W & ELIOT ST N,1,1,1,0,1,4,0,0,25,0,1,0,0,2,4,1,16
,2021-09843,39.73825353,-104.9178099,3/4/2021 20:57,20:57,6,0,0,14TH AVE E & KEARNEY ST N,11,4,0,1,1,4,0,0,35,0,0,0,0,0,4,2,5
,2021-09844,39.70821354,-105.0431899,3/12/2021 15:35,15:35,12,0,0,400 BLK S STUART ST & W VIRGINIA AVE,1,1,0,0,1,2,0,0,25,0,0,0,0,0,4,2,3
,2021-09846,39.76919352,-104.9439899,3/12/2021 14:34,14:34,6,0,0,3600 BLK E 38TH AVE & N JASMINE ST,1,1,0,0,1,2,0,0,30,0,0,0,0,0,4,2,7
,2021-09849,39.77804052,-104.8471054,3/12/2021 18:59,18:59,12,0,0,PEORIA ST N & 45TH AVE E,1,3,0,0,1,1,0,0,45,0,0,0,0,0,4,2,5
,2021-09850,39.73209125,-105.0009141,3/7/2021 11:28,11:28,6,0,0,000 BLK W 10TH AVE & N ACOMA ST,1,1,0,0,1,4,0,0,25,0,0,0,0,0,4,2,16
,2021-09852,39.67844354,-104.9352299,3/9/2021 20:13,20:13,12,0,2,E EVANS ST & S CLERMONT ST,1,3,0,0,1,4,0,0,35,0,0,0,0,2,4,2,14
,2021-09856,39.76962352,-104.8470199,3/12/2021 12:55,12:55,12,0,0,N PEORIA ST & E 38TH AVE,1,1,1,0,1,4,0,0,35,0,0,0,0,0,4,2,13
,2021-09865,39.74002353,-104.9707199,3/12/2021 16:02,16:02,12,0,0,COLFAX AVE E & LAFAYETTE ST (RD S),1,1,0,0,1,1,0,0,20,0,0,0,0,0,2,2,8
,2021-09867,39.63413354,-104.9067299,3/12/2021 13:37,13:37,5,0,0,I-25 & I-225 NB/EB FLYOVER,1,1,0,0,1,4,0,0,65,0,0,0,0,0,1,2,14
,2021-09868,39.71482354,-105.0086099,3/12/2021 14:40,14:40,3,0,0,RARITAN ST S & BAYAUD AVE W,1,1,0,0,1,1,0,0,30,0,0,0,0,0,4,2,14
,2021-09869,39.62417354,-104.9069599,3/12/2021 14:17,14:17,3,0,0,BELLEVIEW AVE E & NEWPORT ST S,1,1,0,0,1,1,0,0,25,0,0,0,0,0,2,2,8
,2021-09870,39.75120353,-105.0252199,3/12/2021 16:07,16:07,1,0,0,FEDERAL BLVD N & 23RD AVE W,1,1,0,0,1,1,0,0,35,0,0,0,0,0,2,2,13
,2021-09874,39.71622594,-104.9453686,3/12/2021 15:06,15:06,15,0,0,BROADWAY ST N & ELLSWORTH AVE E,1,1,0,0,1,4,0,0,30,0,0,0,0,1,4,2,13