id,drcog_id,latitude,longitude,crashtime,time,crashtype,numbkilled,numbinjurd,drcoglocat,rdconditin,lightngcon,roadcntgrd,weatherco,location,roaddescrp,schoolzone,constrzone,splimit,bikeinv,pedinv,sctrinv,motoinv,svrty,rdsystem,ttlvehcls,hcf
,2021-09875,39.72623353,-104.9406899,3/12/2021 13:30,13:30,12,0,0,COLORADO BLVD N & 6TH AVE E,1,1,0,0,1,4,0,0,35,0,0,0,0,0,2,2,7
,2021-09922,39.69849853,-104.9035984,3/11/2021 7:33,7:33,12,0,0,S QUEBEC ST & LEETSDALE DR,1,1,0,0,1,4,0,0,35,0,0,0,0,0,4,2,13
,2021-09923,39.78014353,-105.0064399,3/11/2021 8:15,8:15,3,0,1,W 46TH AVE & N PECOS ST,1,1,0,0,1,1,0,0,30,0,0,0,0,3,4,2,13
,2021-09924,39.78013352,-104.9670799,3/11/2021 14:01,14:01,15,0,0,I-70 & BRIGHTON BLVD N,1,1,0,0,1,4,0,0,65,0,0,0,0,0,1,2,13
,2021-09926,39.72527841,-105.1417334,3/9/2021 14:04,14:04,15,0,0,I-25 & 6TH AVE W,1,1,1,0,1,4,0,0,65,0,0,0,0,0,1,2,13
,2021-09927,39.78098352,-104.8470099,3/11/2021 12:30,12:30,1,0,0,4600 BLK N PEORIA ST & E 47TH AVE,1,1,0,0,1,2,0,0,40,0,0,0,0,0,4,2,14
,2021-09928,39.76115353,-105.0047499,3/11/2021 13:14,13:14,12,0,0,I-25 & 20TH ST,1,1,1,0,1,4,0,0,65,0,0,0,0,0,1,2,13
,2021-09929,39.78026353,-104.9895499,3/11/2021 7:53,7:53,12,0,0,I-25 & I-70,1,1,0,0,1,4,0,0,55,0,0,0,0,1,1,2,1
,2021-09930,39.75536353,-105.0126799,3/11/2021 13:08,13:08,12,0,0,I-25 & SPEER BLVD N,1,1,0,0,1,4,0,0,55,0,0,0,0,1,1,2,3
,2021-09931,39.78631351,-104.8470399,3/9/2021 13:10,13:10,15,0,0,N PEORIA ST & E 49TH AVE,1,1,0,0,1,1,0,0,40,0,0,0,0,0,4,2,16
,2021-09932,39.67333354,-105.0250599,3/9/2021 6:00,6:00,3,0,0,FEDERAL BLVD S & WESLEY AVE W,1,2,1,0,1,1,0,0,40,0,0,0,0,0,2,2,1
,2021-09933,39.79843352,-104.8940999,3/9/2021 13:46,13:46,12,0,0,E 56TH AVE & N UINTA ST,1,1,0,0,1,1,0,0,45,0,0,0,0,0,4,2,13
,2021-09941,39.77561352,-104.8657299,3/11/2021 10:40,10:40,12,0,0,I-70 EB ON RAMP SLIP FROM & HAVANA ST N (NB),1,1,0,0,1,8,0,0,35,0,0,0,0,1,4,2,13
,2021-09945,39.67852354,-104.9757399,3/11/2021 8:47,8:47,15,0,0,E EVANS AVE & S OGDEN ST,1,1,0,0,1,4,0,0,30,0,0,0,0,0,4,2,13
,2021-09948,39.67752354,-104.9593799,3/11/2021 11:58,11:58,12,0,0,2100 BLK S UNIVERSITY BLVD & E EVANS AVE,1,1,0,0,1,3,0,0,30,0,0,0,0,0,4,2,13
,2021-09952,39.76015353,-104.9849999,3/9/2021 9:06,9:06,3,0,0,WALNUT ST & 27TH ST,1,1,0,0,1,1,0,0,25,0,0,0,0,0,4,2,7
,2021-09953,39.75950352,-104.8641999,3/11/2021 13:11,13:11,3,0,5,MLK BLVD E & HAVANA ST N,1,1,0,0,1,1,0,0,35,0,0,0,0,2,4,2,13
,2021-09956,39.78010352,-104.9497999,3/11/2021 15:34,15:34,12,0,0,I-70 & STEELE ST N,1,2,0,0,1,4,0,0,55,0,0,0,0,0,1,2,3
,2021-09957,39.76745352,-104.9048099,3/11/2021 11:24,11:24,3,0,0,36TH AVE E & QUEBEC ST N,1,1,0,0,1,2,0,0,25,0,0,0,0,0,4,2,13
,2021-09958,39.76541353,-104.9850699,3/11/2021 13:31,13:31,12,0,0,BRIGHTON BLVD N & 3000 BLK N,1,1,0,0,1,2,0,0,30,0,0,0,0,0,4,2,14
,2021-09960,39.65117354,-104.8848099,3/9/2021 14:11,14:11,2,0,1,YOSEMITE ST S & JEFFERSON AVE E,1,1,2,0,1,1,0,0,0,1,0,0,0,2,4,2,16
,2021-09961,39.70483778,-105.131057,3/11/2021 13:25,13:25,14,0,0,CENTER AVE W & ACOMA ST S,1,1,0,0,1,4,0,0,15,0,0,0,0,0,4,2,14
,2021-10087,39.68502354,-105.0156699,3/8/2021 17:10,17:10,6,0,0,ZUNI ST S & 1700 BLK S,1,1,0,0,1,4,0,0,25,0,0,0,0,0,4,2,3
,2021-10091,39.76801353,-104.9949599,3/9/2021 11:01,11:01,12,0,0,I-25 & PARK AVE W,1,1,1,0,1,4,0,0,55,0,0,0,0,0,1,2,1
,2021-10094,39.69670754,-104.9929099,3/8/2021 20:15,20:15,12,0,0,PLATTE RIVER DR S & MISSISSIPPI AVE W,1,3,0,0,1,3,0,0,45,0,0,0,0,0,2,2,3
,2021-10095,39.68278354,-104.9594099,3/8/2021 14:00,14:00,12,0,0,S UNIVERSITY BLVD & E BUCHTEL BLVD,1,1,0,0,1,3,0,0,30,0,0,0,0,0,4,2,3
,2021-10096,39.75829353,-104.9383099,3/9/2021 10:33,10:33,3,0,0,N ASH ST & E 29TH AVE,1,1,0,0,1,1,0,0,25,0,0,0,0,0,4,2,7
,2021-10097,39.74478353,-104.9891999,3/8/2021 12:24,12:24,6,0,0,17TH ST & GLENARM PL,1,1,0,0,1,4,0,0,30,0,0,0,0,1,4,2,13
,2021-10099,39.66748354,-104.9254699,3/8/2021 12:46,12:46,12,0,0,I-25 NB ON RAMP SLIP TO & YALE AVE E,1,1,0,0,1,8,0,0,25,0,0,0,0,0,1,2,13
,2021-10103,39.65305354,-104.9261399,3/8/2021 16:40,16:40,12,0,0,HAMPDEN AVE E & GLENCOE ST S,1,1,0,0,1,1,0,0,35,0,0,0,0,0,2,2,3
,2021-10105,39.71126353,-104.9211099,3/17/2021 16:10,16:10,12,0,0,E ALAMEDA AVE & S IVY ST,1,1,0,0,1,3,0,0,30,0,0,0,0,0,4,2,3
,2021-10106,39.73384353,-104.9888299,3/9/2021 11:09,11:09,10,0,0,N ACOMA ST & W 11TH AVE,1,1,0,0,1,1,0,0,30,0,0,0,0,1,4,2,13
,2021-10108,39.73766353,-105.0015499,3/9/2021 1:00,1:00,6,0,0,1300 BLK N LIPAN ST & W 14TH AVE,1,1,0,0,1,4,0,0,25,0,0,0,0,0,4,2,16
,2021-10110,39.77994352,-104.9404999,3/9/2021 7:43,7:43,15,0,0,I-70 & COLORADO BLVD N,1,2,0,0,1,4,0,0,55,0,0,0,0,0,1,2,14
,2021-10113,39.68570354,-104.9316799,3/9/2021 10:56,10:56,3,0,0,DAHLIA ST S & MEXICO AVE E,1,1,0,0,1,1,0,0,25,0,0,0,0,0,4,2,13
,2021-10115,39.74014353,-104.9150499,3/8/2021 16:00,16:00,10,0,0,COLFAX AVE E & LEYDEN ST N,1,1,0,0,1,1,0,0,35,0,0,0,0,0,2,2,3
,2021-10116,39.78346312,-105.0112166,3/9/2021 11:13,11:13,15,0,0,QUEBEC ST N & I-70 EB RAMPS,1,1,0,0,1,3,0,0,40,0,0,0,0,0,4,2,14
,2021-10119,39.73688353,-104.9822899,3/9/2021 10:30,10:30,3,0,0,E 13TH AVE & N LOGAN ST,1,1,0,0,1,1,0,0,30,0,0,0,0,0,4,2,13
,2021-10125,39.68949354,-105.0442499,3/17/2021 16:30,16:30,12,0,0,W FLORIDA AVE & S TENNYSON ST,1,1,0,0,1,3,0,0,30,0,0,0,0,0,4,2,3
,2021-10127,39.68009354,-104.9406699,3/17/2021 16:50,16:50,3,0,0,COLORADO BLVD S & BUCHTEL BLVD E,1,1,0,0,1,1,0,0,35,0,0,0,0,1,2,2,3
,2021-10137,39.73364353,-104.9715199,3/17/2021 8:52,8:52,6,0,0,11TH AVE E & MARION ST N,4,1,0,0,1,5,0,0,25,0,0,0,0,0,4,2,13
,2021-10146,39.66199355,-105.0725299,3/8/2021 23:32,23:32,6,0,0,CORNELL AVE W & OTIS ST S,1,3,1,0,1,4,0,0,25,0,0,0,0,0,4,2,1
,2021-10149,39.66110355,-105.0532299,3/17/2021 16:35,16:35,15,0,0,SHERIDAN BLVD & 2900 BLK S,1,1,0,0,1,4,0,0,40,0,0,0,0,0,2,2,16
,2021-10150,39.78362951,-104.791364,3/8/2021 22:30,22:30,15,0,0,PENA BLVD & GVR BLVD,1,3,0,0,1,4,0,0,65,0,0,0,0,0,4,2,13
,2021-10160,39.73688353,-104.9822999,3/17/2021 16:00,16:00,3,0,0,E 13TH AVE & N LOGAN ST,1,1,0,0,1,1,0,0,35,0,0,0,0,0,4,2,16
,2021-10167,39.71117354,-105.0062599,3/17/2021 17:50,17:50,12,0,0,W ALAMEDA AVE & S PECOS ST,1,1,0,0,1,3,0,0,25,0,0,0,0,0,2,2,16
,2021-10169,39.71827353,-104.9592099,3/9/2021 10:42,10:42,12,0,0,E 1ST AVE & N UNIVERSITY BLVD,1,1,0,0,1,3,0,0,30,0,0,0,0,0,4,2,7
,2021-10183,39.68939954,-104.9920549,3/19/2021 7:49,7:49,3,0,1,SANTA FE DR S & FLORIDA AVE W,4,1,0,0,1,1,0,0,45,0,0,0,0,2,2,2,13
,2021-10202,39.73442353,-104.9740999,3/9/2021 2:53,2:53,6,0,0,1100 BLK N CORONA ST & E 11TH AVE,1,4,0,0,1,4,0,0,30,0,0,0,0,0,4,3,13
,2021-10203,39.62377354,-104.9013999,3/9/2021 15:53,15:53,12,0,0,I-25 & BELLEVIEW AVE E,1,1,0,0,1,4,0,0,65,0,0,0,0,0,1,3,3
,2021-10204,39.74323353,-104.9708999,2/21/2021 19:24,19:24,6,0,0,E 17TH AVE & N LAFAYETTE ST,4,2,0,0,1,4,0,0,30,0,0,0,0,0,4,3,5
,2021-10206,39.70298354,-105.0215299,3/9/2021 2:41,2:41,6,0,0,700 BLK S DALE CT & W OHIO AVE,1,3,0,0,1,4,0,0,25,0,0,0,0,0,4,3,1
,2021-10207,39.77721352,-104.9222799,3/17/2021 17:00,17:00,12,0,1,4400 BLK N HOLLY ST & STAPLETON S DR,1,1,0,0,1,4,0,0,35,0,0,0,0,2,4,3,14
,2021-10208,39.77727352,-104.8827699,3/10/2021 17:19,17:19,12,0,0,I-70 & CENTRAL PARK BLVD N,1,1,0,0,1,4,0,1,65,0,0,0,0,0,1,3,3
,2021-10209,39.74142353,-104.9418699,3/9/2021 6:48,6:48,6,0,0,1500 BLK N HARRISON ST & E COLFAX AVE,1,2,1,0,1,4,0,0,25,0,0,0,0,0,4,3,14
,2021-10210,39.75100352,-104.9081499,3/10/2021 17:20,17:20,1,0,0,23RD AVE E & ONEIDA N,1,1,0,0,1,1,0,0,25,0,0,0,0,1,4,2,7
,2021-10211,39.70725099,-104.9733709,3/6/2021 17:15,17:15,15,0,0,I-25 & DOWNING ST S,1,3,0,0,1,4,0,0,50,0,0,0,0,0,1,3,1
,2021-10213,39.74048776,-105.0145003,3/18/2021 7:15,7:15,3,0,0,COLFAX AVE W & I-25 NB OFF RAMP,1,1,1,0,1,1,0,0,,0,0,0,0,0,2,3,13
,2021-10216,39.75536353,-105.0126799,3/10/2021 15:49,15:49,12,0,0,I-25 & SPEER BLVD N,1,1,0,0,1,4,0,0,65,0,0,0,0,0,1,3,7
,2021-10218,39.75536353,-105.0126799,3/17/2021 16:31,16:31,12,0,0,I-25 & SPEER BLVD N,1,1,0,0,1,4,0,0,65,0,0,0,0,0,1,3,7
,2021-10219,39.72527841,-105.1417334,3/18/2021 11:59,11:59,12,0,0,I-25 & 6TH AVE W,2,1,1,0,1,4,0,0,55,0,0,0,0,0,1,3,3
,2021-10224,39.61995355,-105.0618199,3/5/2021 6:39,6:39,5,0,0,S JAY CIR & S HARLAN  WAY,1,2,0,0,3,4,0,0,25,0,0,0,0,0,4,1,16
,2021-10225,39.63128354,-104.89233,3/17/2021 14:00,14:00,1,0,1,S DTC BLVD & E UNION AVE,1,1,0,0,1,1,0,0,30,0,0,0,0,2,4,4,3
,2021-10229,39.72567354,-105.0132099,3/9/2021 13:27,13:27,12,0,0,I-25 & 6TH AVE W,1,1,0,0,1,4,0,0,65,0,0,0,0,0,1,3,3
,2021-10232,39.76595353,-104.9948499,3/9/2021 8:58,8:58,12,0,0,3400 BLK PARK AVE W & N GLOBEVILLE RD,1,1,1,0,1,4,0,0,35,0,0,0,0,0,4,3,16
,2021-10233,39.77420352,-104.8470299,3/10/2021 18:42,18:42,15,0,0,I-70 WB DISTRIBUTOR RAMP FROM & CHAMBERS RD,1,3,1,0,1,8,0,0,65,0,0,0,0,1,1,2,1
,2021-10238,39.78026353,-104.9895499,3/19/2021 6:19,6:19,5,0,0,I-25 SB OFF RAMP LOOP ENT GORE PT TO & I-70 EB/WB,4,2,0,0,2,8,0,0,65,0,0,0,0,0,1,3,1
,2021-10240,39.73106354,-105.0335699,3/10/2021 8:15,8:15,5,0,0,3500 BLOCK W 9TH AVE & N LINLEY CT,1,1,0,0,3,1,0,0,25,0,0,0,0,0,4,1,1
,2021-10241,39.84728349,-104.66561,3/9/2021 6:00,6:00,12,0,0,8200 BLK PENA BLVD INBOUND & SHADY GROVE ST,1,2,0,0,1,4,0,0,45,0,0,0,0,1,4,4,3
,2021-10242,39.71621353,-104.9406999,3/9/2021 17:11,17:11,12,0,0,COLORADO BLVD S & ELLSWORTH AVE E,1,2,1,0,1,4,0,0,35,0,0,0,0,0,2,3,3
,2021-10244,39.78923353,-105.0251699,3/6/2021 13:12,13:12,3,0,0,FEDERAL BLVD N & 51ST AVE W,1,1,0,0,1,1,0,0,45,0,0,0,0,0,2,3,1
,2021-10245,39.74940353,-104.9988899,3/10/2021 15:19,15:19,6,0,0,1500 BLK MARKET ST & 15TH ST,1,1,0,0,1,4,0,0,25,0,0,0,0,0,4,3,14
,2021-10246,39.75131353,-105.0165199,3/10/2021 18:07,18:07,15,0,0,I-25 & 23RD AVE W,1,3,1,0,1,4,0,0,55,0,0,0,0,0,2,3,13
,2021-10247,39.75574753,-104.9889544,3/18/2021 14:55,14:55,10,0,0,PARK AVE W & LARIMER ST,1,1,0,0,1,1,0,0,25,0,0,0,0,0,4,3,1
,2021-10248,39.73687353,-104.9787099,3/17/2021 8:30,8:30,3,0,0,E 13TH AVE & N WASHINGTON ST,9,1,0,0,1,1,0,0,25,0,0,0,0,1,4,3,2
,2021-10249,39.75120353,-105.0252199,3/10/2021 13:02,13:02,12,0,0,FEDERAL BLVD N & 23RD AVE W,1,1,1,0,1,1,0,1,35,0,0,0,0,0,2,3,13
,2021-10250,39.75601353,-105.0177299,3/10/2021 3:00,3:00,6,0,0,27TH AVE W & ZUNI ST N,1,1,1,0,1,4,0,0,25,0,0,0,0,0,4,3,16
,2021-10251,39.75329353,-104.9929999,3/17/2021 15:10,15:10,5,0,0,20TH ST & MARKET ST,9,1,0,0,3,4,0,0,30,0,0,0,0,0,4,3,13
,2021-10252,39.70038354,-105.0269399,3/16/2021 11:00,11:00,3,0,0,KENTUCKY AVE W & FEDERAL BLVD S,1,1,0,0,1,2,0,0,30,0,0,0,0,0,4,3,3
,2021-10253,39.76094353,-105.0045999,3/8/2021 15:55,15:55,12,0,0,I-25 & 20TH ST,1,1,0,0,1,4,0,0,55,0,0,0,0,0,1,3,3
,2021-10254,39.72527841,-105.1417334,3/10/2021 10:44,10:44,12,0,0,I-25 & 6TH AVE W,1,1,1,0,1,4,0,0,55,0,0,0,0,0,1,4,16
,2021-10256,39.77987352,-104.9671599,3/16/2021 5:20,5:20,15,0,0,I-70 & BRIGHTON BLVD N,11,1,0,0,1,4,0,0,65,0,0,0,0,0,1,3,16
,2021-10257,39.72527841,-105.1417334,3/10/2021 12:45,12:45,12,0,0,I-25 & 6TH AVE W,1,1,1,0,1,4,0,0,65,0,0,0,0,1,1,3,3
,2021-10258,39.77317351,-104.80792,3/16/2021 13:15,13:15,1,0,0,40TH AVE E & ANDREWS DR E,11,1,0,0,1,1,0,0,40,0,0,0,0,0,4,3,13
,2021-10259,39.68486354,-104.9594399,3/16/2021 5:40,5:40,15,0,0,I-25 & UNIVERSITY BLVD S,4,1,0,0,1,4,0,0,55,0,0,0,0,0,1,4,16
,2021-10260,39.78008352,-104.9404999,3/18/2021 4:53,4:53,15,0,0,I-70 & COLORADO BLVD N,4,4,0,0,1,4,0,0,65,0,0,0,0,1,1,6,14
,2021-10261,39.71741353,-104.9801899,3/13/2021 11:57,11:57,6,0,0,PEARL ST N & 1ST AVE E,11,1,0,2,1,4,0,0,25,0,0,0,0,0,4,2,13
,2021-10273,39.79830351,-104.8125399,3/18/2021 17:30,17:30,15,0,0,N FAIRPLAY ST & E 56TH AVE,1,1,0,0,1,3,0,0,45,0,0,0,0,0,4,3,5
,2021-10281,39.71153354,-105.0250799,3/20/2021 11:04,11:04,12,0,0,FEDERAL BLVD S & 640 S FEDERAL BLVD,1,1,0,0,1,2,0,0,40,0,0,0,0,0,2,3,3
,2021-10282,39.77288352,-104.9406289,3/5/2021 13:58,13:58,12,0,0,COLORADO BLVD N & 40TH AVE E,1,1,0,0,1,1,0,0,40,0,0,0,0,0,2,3,16
,2021-10284,39.71120354,-104.9988899,3/20/2021 10:50,10:50,12,0,0,I-25 & ALAMEDA AVE W,1,1,0,0,1,4,0,0,55,0,0,0,0,0,1,4,13
,2021-10285,39.77467351,-104.77206,3/7/2021 19:06,19:06,12,0,1,N TOWER RD & E 43RD AVE,1,3,0,0,1,3,0,0,40,0,0,0,0,2,4,4,3
,2021-10287,39.76025353,-105.0252299,3/16/2021 15:33,15:33,12,0,0,N SPEER BLVD & N FEDERAL BLVD,11,1,0,2,1,1,0,0,35,0,0,0,0,0,2,3,13
,2021-10290,39.77286352,-104.8338199,3/12/2021 18:55,18:55,12,0,0,I-70 & I-225,1,3,0,0,1,4,0,0,65,0,0,0,0,0,2,6,13
,2021-10293,39.78312187,-104.8470955,3/7/2021 17:56,17:56,15,0,5,I-70 & PEORIA ST N,1,1,0,0,1,4,0,0,65,0,0,0,0,2,1,2,1
,2021-10294,39.74173353,-105.0283599,3/19/2021 22:13,22:13,6,0,0,1500 BLK N HOOKER ST & W CONEJOS PL,1,3,0,0,1,4,0,0,25,0,0,0,0,0,4,3,16
,2021-10295,39.78362951,-104.791364,3/20/2021 18:31,18:31,12,0,0,E GVR BLVD & PENA BLVD INBOUND,1,2,0,0,1,3,0,0,40,0,0,0,0,0,4,3,13
,2021-10297,39.74960353,-105.0003499,3/11/2021 15:30,15:30,15,0,0,BLAKE ST & 15TH ST,1,1,0,0,1,4,0,0,25,0,0,0,0,0,4,3,1
,2021-10301,39.75405353,-104.9806999,3/7/2021 23:08,23:08,6,0,0,2500 BLK CALIFORNIA ST & 25TH ST,1,4,0,0,1,4,0,0,30,0,0,0,0,0,4,3,10
,2021-10303,39.78006351,-104.76668,3/20/2021 13:40,13:40,3,0,0,4500 BLK N ARGONNE ST & E 46TH AVE,1,1,0,0,1,2,0,0,25,0,0,0,1,1,4,3,13
,2021-10304,39.61678355,-105.0716199,2/2/2021 13:21,13:21,5,0,1,GRANT RANCH BLVD W & DORADO DR W,1,1,1,7,2,1,0,0,20,0,0,0,1,2,4,1,7
,2021-10306,39.67830353,-104.9187799,3/20/2021 2:51,2:51,6,0,0,2100 BLK S JASMINE ST & E EVANS AVE,11,3,0,0,1,4,0,0,25,0,0,0,0,0,4,3,13
,2021-10307,39.74009468,-104.9035119,3/19/2021 23:12,23:12,12,0,0,I-70 & QUEBEC ST,1,3,0,0,1,4,0,0,65,0,0,0,0,1,1,3,3
,2021-10309,39.73841353,-104.9781599,3/19/2021 9:47,9:47,6,0,0,14TH AVE E & WASHINGTON ST N,1,1,0,0,1,4,0,0,30,0,0,0,0,0,4,3,16
,2021-10310,39.76094353,-105.0043199,3/16/2021 6:05,6:05,11,0,1,I-25 & 20TH ST,4,2,0,0,3,4,0,0,65,0,1,0,0,3,1,4,1
,2021-10313,39.79838352,-104.9033799,3/18/2021 7:55,7:55,9,0,0,56TH AVE E & QUEBEC ST N,4,1,0,0,1,4,0,0,40,0,0,0,0,1,4,3,10
,2021-10315,39.74637353,-105.0299299,3/10/2021 15:48,15:48,3,0,0,N IRVING ST & W 19TH AVE,1,1,1,0,1,1,0,0,25,0,0,0,0,1,4,2,13
,2021-10385,39.76094353,-105.0043199,3/10/2021 16:37,16:37,12,0,0,I-25 & 20TH ST,1,1,0,0,1,4,0,0,55,0,0,0,0,0,1,2,13
,2021-10445,39.78301753,-105.0576658,3/5/2021 17:40,17:40,12,0,0,I-25 & 48TH AVE W,1,2,0,0,1,4,0,0,65,0,0,0,0,0,1,2,13
,2021-10447,39.78498351,-104.79036,3/5/2021 15:45,15:45,12,0,0,4800 BLK PENA BLVD INBOUND & GREEN VALLEY RANCH BLVD,1,1,0,0,1,1,0,0,,0,0,0,0,0,4,2,13
,2021-10448,39.66948354,-104.9888099,2/21/2021 17:00,17:00,3,0,0,S ACOMA ST & W VASSAR AVE,1,1,0,0,1,1,0,0,25,0,0,0,0,0,4,2,1
,2021-10450,39.76115353,-105.0047599,3/1/2021 9:27,9:27,15,0,0,20TH ST & I-25 SB OFF RAMP,1,1,1,0,1,1,0,0,20,0,0,0,0,0,1,2,3
,2021-10451,39.74322353,-104.9659799,3/4/2021 15:30,15:30,5,0,0,17TH AVE E & WILLIAMS ST N,1,1,0,0,2,1,0,0,35,0,0,0,0,0,4,2,1
,2021-10452,39.67862654,-105.0249814,2/28/2021 10:49,10:49,3,0,0,FEDERAL BLVD S & EVANS AVE W,1,1,0,0,1,1,0,0,35,0,0,0,0,0,2,2,13
,2021-10453,39.79017353,-105.0251799,3/5/2021 8:05,8:05,12,0,0,FEDERAL BLVD N & 52ND AVE W,1,1,0,0,1,4,0,0,35,0,0,0,0,0,2,2,13
,2021-10454,39.74000653,-104.9873794,1/31/2021 16:56,16:56,3,0,1,COLFAX AVE E & BROADWAY ST N,1,1,1,0,1,1,0,0,30,0,0,0,0,2,2,2,16
,2021-10455,39.72564353,-104.9888699,3/1/2021 8:40,8:40,3,0,0,6TH AVE W & ACOMA ST N,1,1,0,0,1,1,0,0,35,0,0,0,0,0,4,2,13
,2021-10457,39.74008752,-104.9034634,3/2/2021 18:31,18:31,1,0,2,COLFAX AVE E & QUEBEC ST N,1,3,0,0,1,1,0,0,35,0,0,0,0,2,2,2,5
,2021-10462,39.78326353,-105.0064199,2/25/2021 16:20,16:20,3,0,0,PECOS ST N & I-70 WB RAMPS,11,1,0,0,1,6,0,0,30,0,0,0,0,0,1,2,13
,2021-10463,39.62747354,-104.9111099,3/2/2021 22:45,22:45,1,0,0,E UNION AVE & S MONACO ST,1,3,0,0,1,1,0,0,35,0,0,0,0,0,4,2,8
,2021-10465,39.71657353,-104.9874899,2/25/2021 11:33,11:33,10,0,0,BROADWAY ST N & ELLSWORTH AVE E,11,1,0,0,1,1,0,0,30,0,0,0,0,0,4,2,8
,2021-10472,39.73843353,-104.9861099,2/4/2021 15:00,15:00,15,0,0,LINCOLN ST N & 14TH AVE E,1,1,0,0,1,1,0,0,35,0,0,0,0,0,4,2,1
,2021-10473,39.78383353,-105.0064299,2/17/2021 21:17,21:17,3,0,0,N PECOS ST & W 48TH AVE,9,3,0,2,1,6,0,0,20,0,0,0,0,0,1,2,7
,2021-10474,39.76931353,-105.0532299,2/25/2021 20:13,20:13,1,0,0,W 38TH AVE & N SHERIDAN BLVD,1,3,0,0,1,1,0,0,35,0,0,0,0,0,2,2,7
,2021-10477,39.67846354,-104.9418099,3/12/2021 18:52,18:52,12,0,0,3900 BLK E EVANS AVE & S COLORADO BLVD,1,3,0,0,1,4,0,0,35,0,0,0,0,0,4,3,13
,2021-10478,39.70137354,-104.9874399,3/12/2021 15:07,15:07,12,0,0,I-25 & BROADWAY ST S,1,1,1,0,1,4,0,0,55,0,0,0,0,0,1,3,16
,2021-10481,39.69389354,-104.9796399,2/1/2021 16:08,16:08,12,0,0,I-25 SB DISTRIBUTOR ON RAMP FROM & BUCHTEL BLVD E,1,1,1,0,1,8,0,0,30,0,0,0,0,0,1,3,8
,2021-10485,39.78010353,-104.9895499,3/19/2021 14:55,14:55,12,0,0,I-70 EB EXIT GORE PT TO & I-25 NB/SB,1,1,1,0,1,4,0,0,55,0,0,0,0,0,1,4,16
,2021-10488,39.8341335,-104.77181,3/12/2021 11:05,11:05,3,0,0,TOWER RD N & PENA BLVD,1,1,0,0,1,1,0,0,45,0,0,0,0,1,4,3,4
,2021-10489,39.71831353,-104.9785699,3/11/2021 14:05,14:05,6,0,0,700 BLK E 1ST AVE & N WASHINGTON ST,1,1,0,0,1,4,0,0,25,0,0,0,0,0,4,3,1
,2021-10491,39.69660353,-104.8961799,3/11/2021 19:17,19:17,12,0,0,7900 BLK E MISSISSIPPI AVE & S PARKER RD,1,3,0,0,1,4,0,0,35,0,0,0,0,1,4,3,3
,2021-10492,39.79017353,-105.0251799,3/10/2021 12:50,12:50,12,0,0,FEDERAL BLVD N & 51ST AVE W,1,1,0,0,1,4,0,1,35,0,0,0,0,0,2,2,3
,2021-10494,39.71310353,-104.9128199,3/12/2021 4:40,4:40,8,0,0,CEDAR AVE E & MONACO ST S,1,3,0,0,1,1,0,0,25,0,0,0,0,0,4,2,1
,2021-10495,39.78362051,-104.7722075,3/9/2021 8:40,8:40,12,0,0,E GVR BLVD & N TOWER RD,1,1,0,0,1,3,0,0,35,0,0,0,0,0,4,2,1
,2021-10496,39.78743353,-105.0239499,3/10/2021 15:43,15:43,3,0,0,W 50TH AVE & N ELIOT ST,1,1,0,0,1,1,0,0,25,0,0,0,0,0,4,2,3
,2021-10497,39.72974353,-104.9912199,3/10/2021 7:50,7:50,2,0,0,SPEER BLVD N & BANNOCK ST N,11,1,0,1,1,1,0,0,30,1,0,0,0,1,4,2,1
,2021-10498,39.65307354,-104.9182499,3/16/2021 16:30,16:30,12,0,0,HAMPDEN AVE E & I-25 NB RAMPS,11,1,0,0,1,3,0,0,35,0,0,0,0,0,2,2,1
,2021-10499,39.8340925,-104.7719825,3/10/2021 8:50,8:50,5,0,0,PENA BLVD & N TOWER RD,11,1,0,2,2,4,0,0,65,0,0,0,0,0,4,1,10
,2021-10500,39.72627353,-105.0135899,3/10/2021 12:45,12:45,12,0,0,I-25 & 6TH AVE W,1,1,0,0,1,4,0,0,65,0,0,0,0,0,1,2,7
,2021-10501,39.69670754,-104.9929099,3/10/2021 13:19,13:19,12,0,0,PLATTE RIVER DR S & MISSISSIPPI AVE W,1,1,0,0,1,1,0,0,45,0,0,0,0,1,2,2,3
,2021-10502,39.76561497,-104.9033957,3/17/2021 19:35,19:35,11,0,0,QUEBEC ST N & 35TH AVE E,9,4,1,0,1,1,0,0,0,0,1,0,0,1,4,1,16
,2021-10503,39.78791352,-104.9404699,1/25/2021 7:00,7:00,15,0,0,COLORADO BLVD N & 50TH AVE E,1,1,0,0,1,4,0,0,45,0,0,0,0,0,2,3,13
,2021-10504,39.77987352,-104.9671599,3/17/2021 17:24,17:24,12,0,0,I-70 & BRIGHTON BLVD N,11,2,1,0,1,4,0,0,55,0,0,0,0,0,1,2,3
,2021-10506,39.77829352,-104.9034199,3/10/2021 8:59,8:59,15,0,0,QUEBEC ST & I-70 EB OFF RAMP,11,1,1,1,1,1,0,0,35,0,0,0,0,0,2,2,14
,2021-10507,39.78438353,-105.0251799,3/17/2021 20:02,20:02,3,0,0,FEDERAL BLVD N & I-70 WB OFF RAMP,1,5,0,0,1,1,0,0,35,0,0,0,0,0,2,2,16
,2021-10508,39.65307354,-104.9184399,3/10/2021 15:48,15:48,12,0,0,I-25 & HAMPDEN AVE E,1,2,0,0,1,4,0,0,65,0,0,0,0,1,1,2,2