id,drcog_id,latitude,longitude,crashtime,time,crashtype,numbkilled,numbinjurd,drcoglocat,rdconditin,lightngcon,roadcntgrd,weatherco,location,roaddescrp,schoolzone,constrzone,splimit,bikeinv,pedinv,sctrinv,motoinv,svrty,rdsystem,ttlvehcls,hcf
,2021-10510,39.65309354,-104.9090799,3/10/2021 10:47,10:47,1,0,0,HAMPDEN AVE E & ONEIDA WY S,1,1,0,0,1,1,0,0,40,0,0,0,0,0,2,2,13
,2021-10511,39.65954353,-104.85069,3/9/2021 16:30,16:30,1,0,0,PARKER RD S & 3253 S PARKER RD,1,1,0,0,1,2,0,0,30,0,0,0,0,0,2,2,3
,2021-10512,39.75645353,-105.0092699,3/6/2021 10:00,10:00,6,0,0,PLATTE ST & 15TH ST,1,1,0,0,1,4,0,0,30,0,0,0,0,0,4,2,13
,2021-10513,39.71497354,-105.0312299,3/10/2021 15:43,15:43,3,0,2,S JULIAN ST & W BAYAUD AVE,1,1,1,0,1,1,0,0,25,0,0,0,0,2,4,2,4
,2021-10514,39.78498351,-104.79036,3/17/2021 12:25,12:25,12,0,0,PENA BLVD INBOUND & 4700 BLK,1,1,0,0,1,3,0,0,,0,0,0,0,1,4,2,7
,2021-10515,39.77877352,-104.8658099,3/11/2021 15:25,15:25,12,0,0,N HAVANA ST & E 45TH AVE,1,1,0,0,1,8,0,0,40,0,0,0,0,0,4,3,3
,2021-10516,39.76731352,-104.8904499,3/17/2021 19:11,19:11,15,0,0,CENTRAL PARK BLVD N & 36TH AVE E,11,3,0,0,1,1,0,0,40,0,0,0,0,0,4,2,13
,2021-10517,39.74043353,-105.0139599,3/10/2021 14:06,14:06,12,0,0,I-25 & COLFAX AVE W,1,1,0,0,1,4,0,0,65,0,0,0,0,0,1,2,13
,2021-10518,39.77987352,-104.9671599,3/17/2021 17:24,17:24,12,0,0,I-70 & BRIGHTON BLVD N,1,1,0,0,1,4,0,0,65,0,0,0,0,0,1,2,16
,2021-10519,39.77841352,-104.9035599,3/17/2021 18:30,18:30,5,0,1,I-70 WB ON RAMP ENT GORE PT FROM & QUEBEC ST,1,1,1,0,3,8,0,0,65,0,0,0,0,2,1,1,14
,2021-10520,39.75828353,-104.9405799,3/10/2021 10:57,10:57,1,0,0,N COLORADO BLVD & E 29TH AVE,1,1,0,0,1,1,0,0,35,0,0,0,0,0,2,2,7
,2021-10521,39.78312187,-104.8470955,3/17/2021 17:50,17:50,15,0,0,I-70 & PEORIA ST N,1,1,0,0,1,4,0,0,55,0,0,0,0,0,1,2,1
,2021-10523,39.67845353,-104.9251899,3/9/2021 17:00,17:00,15,0,0,E EVANS AVE & S GRAPE ST,1,1,0,0,1,3,0,0,30,0,0,0,0,0,4,2,6
,2021-10524,39.68950354,-105.0452199,3/9/2021 9:56,9:56,4,0,0,FLORIDA AVE W & UTICA ST S,1,1,0,0,1,1,0,0,30,0,0,0,0,0,4,1,13
,2021-10525,39.76943353,-105.0311299,3/8/2021 12:31,12:31,3,0,0,3300 BLK W 38TH AVE & N IRVING ST,1,1,1,0,1,2,0,0,35,0,0,0,0,0,4,2,13
,2021-10526,39.72891353,-105.0008699,3/18/2021 9:33,9:33,15,0,0,1000 BLK W 8TH AVE & N SANTA FE DR,1,1,0,0,1,4,0,0,30,0,0,0,0,0,4,2,13
,2021-10527,39.73684353,-104.9873799,3/8/2021 14:31,14:31,3,0,1,N BROADWAY ST & E 13TH AVE,1,1,0,0,1,1,0,0,35,0,0,0,1,2,4,2,1
,2021-10528,39.70665354,-104.9965899,3/8/2021 13:15,13:15,12,0,2,I-25 & SANTA FE DR S,1,1,0,0,1,4,0,0,60,0,0,0,0,2,1,2,3
,2021-10529,39.74004353,-104.9842099,3/10/2021 14:00,14:00,12,0,0,COLFAX AVE E & SHERMAN ST N,1,1,0,0,1,3,0,0,35,0,0,0,0,0,2,2,1
,2021-10530,39.67867354,-105.0156799,3/18/2021 8:50,8:50,12,0,0,W EVANS AVE & S ZUNI ST,1,1,0,0,1,1,0,0,30,0,0,0,0,0,4,2,13
,2021-10531,39.77547353,-104.9936099,3/18/2021 13:31,13:31,8,0,0,W 43RD AVE & N ELATI ST,1,1,0,0,1,1,0,0,25,0,0,0,0,0,4,2,13
,2021-10532,39.70145354,-104.9875199,3/15/2021 17:40,17:40,3,0,0,BROADWAY ST S & I-25 SB OFF RAMP,1,1,0,0,1,1,0,0,35,0,0,0,0,0,4,2,3
,2021-10533,39.69675254,-105.0250579,3/15/2021 18:44,18:44,12,0,0,W MISSISSIPPI AVE & S FEDERAL BLVD,11,1,0,0,1,3,0,0,30,0,0,0,0,0,2,2,3
,2021-10534,39.67925354,-104.9407099,3/8/2021 18:11,18:11,2,0,0,COLORADO BLVD S & EVANS AVE E,1,3,0,0,1,2,0,0,0,1,0,0,0,1,2,2,16
,2021-10535,39.72590354,-105.0252334,3/15/2021 14:34,14:34,9,0,1,6TH AVE W & FEDERAL BLVD N,10,1,1,0,1,4,0,0,55,0,0,0,0,2,2,1,3
,2021-10536,39.79833351,-104.8499999,3/18/2021 18:48,18:48,12,0,0,E 56TH AVE & N OSWEGO ST,1,2,0,0,1,4,0,0,40,0,0,0,0,1,4,2,13
,2021-10537,39.68852354,-105.0147299,3/18/2021 13:09,13:09,15,0,0,W GUNNISON PL & S WYANDOT ST,1,1,0,0,1,1,0,0,25,0,0,0,0,0,4,2,1
,2021-10538,39.63987354,-104.88548,3/18/2021 8:20,8:20,12,0,0,I-225 WB/SB ON RAMP SLIP FROM & YOSEMITE ST S (SB),1,1,0,0,1,8,0,0,35,0,0,0,0,0,4,2,13
,2021-10539,39.73687353,-104.9718399,3/10/2021 11:38,11:38,15,0,0,E 13TH AVE & N MARION ST,1,1,0,0,1,4,0,0,25,0,0,0,0,1,4,2,14
,2021-10540,39.69927353,-104.9406999,3/18/2021 10:05,10:05,10,0,0,COLORADO BLVD 900 BLK S & E KENTUCKY AVE,1,1,1,0,1,2,0,0,45,0,0,0,0,0,2,2,13
,2021-10541,39.77829352,-104.9034199,3/18/2021 8:00,8:00,12,0,0,I-70 & QUEBEC ST,4,1,1,0,1,4,0,0,65,0,0,0,0,0,1,2,13
,2021-10542,39.77829352,-104.9034199,3/10/2021 12:08,12:08,12,0,0,I-70 & QUEBEC ST,1,1,0,0,1,4,0,0,55,0,0,0,0,0,1,2,13
,2021-10543,39.76446925,-104.9361607,3/10/2021 16:32,16:32,3,0,0,BRUCE RANDOLPH AVE & 4000 BLK,1,1,0,0,1,2,0,0,30,0,0,0,0,0,4,2,13
,2021-10544,39.69843353,-104.9082199,3/10/2021 12:16,12:16,3,0,0,S ONEIDA ST & E TENNESSEE AVE,1,1,0,0,1,1,0,0,25,0,0,0,0,1,4,2,3
,2021-10545,39.75198353,-104.9781199,3/18/2021 14:55,14:55,3,0,0,E 24TH AVE & N WASHINGTON ST,1,1,0,0,1,1,0,0,25,0,0,0,0,0,4,2,13
,2021-10546,39.75105353,-104.9316899,3/18/2021 18:34,18:34,3,0,0,E 23RD AVE & N DAHLIA ST,1,1,0,0,1,1,0,0,20,0,0,0,0,0,4,2,13
,2021-10547,39.68039353,-104.9229699,3/10/2021 14:30,14:30,6,0,0,ASBURY AVE & 5200 BLK E,1,1,0,0,1,4,0,0,25,0,0,0,0,0,4,2,13
,2021-10548,39.74193353,-104.9406499,3/18/2021 16:42,16:42,1,0,0,COLORADO BLVD N & 16TH AVE (RD E),1,1,0,0,1,1,0,0,20,0,0,0,0,0,2,2,13
,2021-10549,39.76825713,-104.9942231,3/11/2021 4:46,4:46,15,0,0,I-25 NB ON RAMP FROM & PARK AVE W,1,3,0,7,1,8,0,0,35,0,0,0,0,0,1,2,13
,2021-10550,39.78363351,-104.79137,3/15/2021 22:46,22:46,12,0,0,E GVR BLVD & PENA BLVD,4,3,0,2,1,1,0,0,40,0,0,0,0,0,4,2,7
,2021-10551,39.73680353,-104.9562699,3/16/2021 19:48,19:48,3,0,0,N ELIZABETH ST & E 13TH AVE,11,3,0,2,1,1,0,0,25,0,0,0,0,1,4,2,7
,2021-10553,39.71111353,-104.9592499,3/10/2021 14:35,14:35,12,0,0,S UNIVERSITY BLVD & E ALAMEDA AVE,1,1,0,0,1,3,0,0,30,0,0,0,0,0,4,2,7
,2021-10554,39.77411352,-104.8827799,3/8/2021 12:35,12:35,15,0,0,N CENTRAL PARK BLVD & E 40TH AVE,1,1,1,0,1,4,0,0,35,0,0,0,0,1,4,2,7
,2021-10555,39.70394354,-105.0250699,3/18/2021 17:02,17:02,3,0,2,FEDERAL BLVD S & EXPOSITION AVE W,1,1,1,0,1,1,0,0,25,0,0,0,0,1,2,2,4
,2021-10556,39.72564353,-104.9862499,3/15/2021 16:40,16:40,15,0,0,N LINCOLN ST & E 6TH AVE,11,1,0,0,1,3,0,0,25,0,0,0,0,0,4,2,3
,2021-10557,39.74015353,-104.9127899,3/18/2021 6:35,6:35,3,0,0,COLFAX AVE E & MONACO ST NB,1,1,0,0,1,1,0,0,30,0,0,0,0,0,2,2,13
,2021-10558,39.74018653,-104.9034634,3/18/2021 11:40,11:40,5,0,0,QUEBEC ST N & COLFAX AVE E,1,1,0,0,3,3,0,1,30,0,0,0,0,0,4,1,13
,2021-10559,39.75787353,-105.0379399,3/10/2021 16:55,16:55,6,0,0,2800 BLK N OSCEOLA ST & W 29TH AVE,1,1,0,0,1,4,0,0,25,0,0,0,0,0,4,2,13
,2021-10560,39.66762354,-104.9128699,3/5/2021 15:31,15:31,12,0,0,S MONACO ST & E YALE ST,1,1,0,0,1,3,0,0,35,0,0,0,0,0,4,2,5
,2021-10562,39.75717353,-105.0102099,3/11/2021 6:42,6:42,12,0,0,I-25 & 15TH ST,1,1,0,0,1,4,0,0,55,0,0,0,0,1,1,2,1
,2021-10563,39.71120354,-105.0324499,3/5/2021 10:40,10:40,12,0,0,S KNOX CT & W ALAMEDA AVE,1,1,0,0,1,1,0,0,30,0,0,0,0,0,2,2,4
,2021-10564,39.63868354,-104.9102999,3/18/2021 11:04,11:04,15,0,0,I-25 & QUINCY AVE E,1,1,0,0,1,4,0,0,65,0,0,0,0,0,1,2,13
,2021-10565,39.76224353,-105.0063199,3/7/2021 17:10,17:10,6,0,0,3200 BLK N PECOS ST & W 32ND AVE,1,1,0,0,1,3,0,0,25,0,0,0,0,0,4,2,1
,2021-10566,39.72553353,-105.0131199,3/16/2021 6:59,6:59,9,0,0,6TH AVE W & I-25,7,1,1,0,2,4,0,0,45,0,0,0,0,0,2,1,3
,2021-10567,39.74014353,-104.9133699,3/8/2021 14:49,14:49,12,0,0,COLFAX AVE E & 6400 BLK E,1,1,0,0,1,4,0,0,35,0,0,0,0,0,2,2,13
,2021-10569,39.72565353,-104.9904599,3/11/2021 5:20,5:20,12,0,0,W 6TH AVE & N BANNOCK ST,1,3,0,0,1,4,0,0,35,0,0,0,0,0,4,2,13
,2021-10570,39.74321353,-104.9622299,3/19/2021 12:03,12:03,15,0,0,N VINE ST & E 17TH AVE,1,1,0,0,1,4,0,0,35,0,0,0,0,0,4,2,13
,2021-10571,39.71120354,-104.9991199,2/27/2021 13:09,13:09,15,0,0,I-25 & ALAMEDA AVE W,1,1,0,0,1,4,0,0,65,0,0,0,0,0,1,2,1
,2021-10572,39.79139353,-105.0135099,3/18/2021 19:41,19:41,12,0,3,E 56TH AVE & N OSWEGO ST,1,2,0,0,1,4,0,0,40,0,0,0,0,1,4,2,13
,2021-10573,39.67834354,-104.9933799,3/10/2021 14:15,14:15,12,0,0,SANTA FE DR S & EVANS AVE W,1,1,1,0,1,3,0,0,30,0,0,0,0,0,2,2,3
,2021-10574,39.77994352,-104.9463899,3/16/2021 8:51,8:51,15,0,0,I-70 & MADISON ST N,1,1,0,0,1,4,0,0,65,0,0,0,0,0,1,2,1
,2021-10575,39.70294353,-104.8766099,3/16/2021 18:10,18:10,6,0,0,CLINTON ST S & 600 BLK S,9,1,0,0,1,4,0,0,25,0,0,0,0,0,4,2,3
,2021-10576,39.65308354,-104.9153399,3/16/2021 17:20,17:20,3,0,0,HAMPDEN AVE E & LOCUST ST S,11,1,0,0,1,1,0,0,35,0,0,0,0,0,2,2,3
,2021-10577,39.76445024,-104.940567,3/17/2021 6:45,6:45,11,0,1,COLORADO BLVD N & BRUCE RANDOLPH AVE E,1,1,0,0,1,1,0,0,35,0,1,0,0,2,2,1,16
,2021-10579,39.68696353,-104.9034099,3/3/2021 16:11,16:11,12,0,0,1600 BLK S QUEBEC ST & E IOWA AVE,1,1,0,0,1,3,0,0,35,0,0,0,0,0,4,2,1
,2021-10580,39.78448351,-104.76739,3/19/2021 17:17,17:17,8,0,0,4800 BLK N ANDES CT & E GVR BLVD,11,2,0,0,1,3,0,0,25,0,0,0,0,1,4,2,14
,2021-10581,39.76322353,-105.0080199,3/15/2021 11:21,11:21,6,0,0,QUIVAS ST N & 33RD AVE W,4,1,1,2,1,4,0,0,20,0,0,0,0,0,4,2,13
,2021-10583,39.72553353,-105.0131199,3/16/2021 7:07,7:07,12,0,0,I-25 & 6TH AVE W,4,1,1,0,1,4,0,0,55,0,0,0,0,0,1,2,1
,2021-10584,39.71780353,-104.9407774,3/10/2021 17:00,17:00,15,0,0,COLORADO BLVD S & 1ST AVE E,1,1,0,0,1,1,0,0,35,0,0,0,0,0,2,2,3
,2021-10585,39.72551353,-105.0133499,2/20/2021 14:00,14:00,12,0,0,HWY 6 EB EXIT GORE PT TO & I-25 SB/NB,1,1,0,0,1,4,0,0,55,0,0,0,0,1,2,2,3
,2021-10586,39.75597352,-104.9033899,3/16/2021 6:45,6:45,5,0,1,N QUEBEC ST & E 28TH AVE,7,2,0,0,2,4,0,0,35,0,0,0,0,2,4,1,7
,2021-10587,39.67855354,-104.9840699,3/10/2021 18:10,18:10,12,0,0,E EVANS AVE & S GRANT ST,1,1,0,0,1,3,0,0,30,0,0,0,0,0,4,2,3
,2021-10588,39.78525352,-104.9028299,3/19/2021 17:22,17:22,1,0,0,SAND CREEK RD N & 49TH AVE E,1,1,0,0,1,1,0,0,45,0,0,0,0,0,4,2,13
,2021-10589,39.68209354,-105.0503199,3/7/2021 3:13,3:13,5,0,0,XAVIER ST S & 1905 S XAVIER ST,1,3,1,0,2,4,0,0,30,0,0,0,0,0,4,1,5
,2021-10590,39.75120353,-105.0299499,3/8/2021 17:05,17:05,3,0,0,N IRVING ST & W 23RD AVE,1,1,0,0,1,1,0,0,30,0,0,0,0,0,4,2,3
,2021-10591,39.71120354,-104.9991199,3/16/2021 5:25,5:25,15,0,0,I-25 & ALAMEDA AVE W,4,3,1,4,1,4,0,0,55,0,0,0,0,0,2,2,1
,2021-10592,39.74323353,-104.9726799,3/19/2021 22:06,22:06,1,0,0,PARK AVE & E 17TH AVE,1,3,0,0,1,1,0,0,30,0,0,0,0,1,4,2,8
,2021-10593,39.73671253,-104.9407459,3/16/2021 22:28,22:28,15,0,0,COLORADO BLVD N & 13TH AVE E,11,3,0,0,1,4,0,0,35,0,0,0,0,0,2,2,8
,2021-10599,39.72579554,-105.0533449,3/15/2021 7:46,7:46,9,0,0,6TH AVE W & SHERIDAN BLVD,4,1,0,2,1,4,0,0,65,0,0,0,0,0,2,1,14
,2021-10603,39.74029454,-105.0531874,3/14/2021 13:00,13:00,12,0,0,SHERIDAN BLVD S & COLFAX AVE W,9,1,0,2,1,1,0,0,30,0,0,0,0,0,2,3,16
,2021-10635,39.72540854,-105.0531649,3/12/2021 13:45,13:45,12,0,0,W 6TH AVE & SHERIDAN BLVD,1,1,0,0,1,4,0,0,65,0,0,0,0,1,2,2,4
,2021-10646,39.77376652,-104.8415019,3/18/2021 11:59,11:59,12,0,0,I-70 WB ON RAMP LOOP EXIT GORE PT & I-225 NB,1,1,0,0,1,8,0,0,65,0,0,0,0,0,1,2,1
,2021-10731,39.70642354,-104.9967799,3/18/2021 7:59,7:59,15,0,0,I-25 & SANTA FE DR S,4,1,1,0,1,4,0,0,55,0,0,0,0,0,1,2,7
,2021-10733,39.71939353,-104.9558399,1/8/2021 20:49,20:49,6,0,0,N CLAYTON ST & E 2ND AVE,1,3,0,0,1,4,0,0,30,0,0,0,0,0,4,2,16
,2021-10737,39.78008352,-104.9404999,3/18/2021 7:15,7:15,5,0,0,I-70 & COLORADO BLVD N,4,2,1,0,2,4,0,1,65,0,0,0,0,1,1,1,13
,2021-10743,39.77964352,-104.9688199,3/18/2021 7:04,7:04,15,0,0,I-70 EB OFF RAMP & BRIGHTON BLVD,4,1,1,0,1,8,0,0,65,0,0,0,0,0,1,2,1
,2021-10753,39.76568353,-104.9950429,3/17/2021 20:02,20:02,1,0,0,PARK AVE W & N GLOBEVILLE RD,1,3,0,0,1,1,0,0,35,0,0,0,0,0,4,2,13
,2021-10755,39.75128353,-105.0167799,2/27/2021 14:38,14:38,12,0,0,I-25 & 23RD AVE W,1,1,0,0,1,4,0,0,55,0,0,0,0,0,1,2,5
,2021-10762,39.68489488,-104.9510035,4/9/2021 17:06,17:06,15,0,0,I-25 NB & 48TH AVE,1,1,0,0,1,4,0,0,55,0,0,0,0,0,1,2,13
,2021-10763,39.72586353,-104.8987799,3/18/2021 7:27,7:27,3,0,0,6TH AVE W & SYRACUSE ST N,4,2,0,0,1,1,0,0,30,0,0,0,0,0,4,2,13
,2021-10764,39.79208352,-104.9405599,3/18/2021 7:51,7:51,5,0,0,VASQUEZ BLVD N & 52ND AVE,4,1,0,0,3,14,0,0,45,0,0,0,0,0,2,1,14
,2021-10771,39.78003353,-104.9891799,3/18/2021 7:25,7:25,12,0,0,I-70 EB ON RAMP FROM & I-25 NB,1,1,1,0,1,8,0,0,65,0,0,0,0,0,1,2,3
,2021-10773,39.66748354,-104.9254699,3/18/2021 7:35,7:35,15,0,0,I-25 & YALE AVE E,4,1,0,0,1,4,0,0,65,0,0,0,0,0,1,2,14
,2021-10781,39.68896354,-104.9734199,3/18/2021 7:41,7:41,1,0,0,DOWNING ST S & I-25 SB ON RAMP,1,1,0,0,1,1,0,0,30,0,0,0,0,0,1,2,13
,2021-10782,39.73832353,-104.9205499,2/15/2021 1:30,1:30,6,0,0,14TH AVE E & IVY ST N,9,3,0,2,1,4,0,0,30,0,0,0,0,0,4,2,2
,2021-10783,39.74337353,-104.9910399,2/6/2021 17:21,17:21,6,0,0,1500 BLK GLENARM PL & 15TH ST,1,2,0,0,1,4,0,0,30,0,0,0,0,0,4,2,13
,2021-10784,39.74043353,-105.0141499,3/18/2021 7:12,7:12,15,0,0,I-25 & COLFAX AVE W,4,1,0,0,1,4,0,0,65,0,0,0,0,0,1,2,2
,2021-10786,39.75574293,-105.0139863,3/16/2021 9:25,9:25,15,0,0,SPEER BLVD N & I-25 SB OFF RAMP,4,1,0,0,1,1,0,0,30,0,0,0,0,0,1,2,3
,2021-10787,39.65308354,-104.9129199,3/16/2021 13:10,13:10,12,0,0,HAMPDEN AVE E & MONACO ST S,1,1,0,0,1,1,0,0,35,0,0,0,0,0,2,2,3
,2021-10788,39.70572354,-104.9875499,3/17/2021 10:42,10:42,3,0,0,S BROADWAY ST & E CENTER AVE,11,1,0,0,1,1,0,0,30,0,0,0,0,0,4,2,13
,2021-10789,39.73681353,-104.9574299,3/17/2021 10:30,10:30,3,0,0,N COLUMBINE ST & E 13TH AVE,1,1,0,0,1,1,0,0,25,0,0,0,0,0,4,2,13
,2021-10791,39.74006353,-104.9903499,2/22/2021 7:00,7:00,12,0,0,W COLFAX AVE & N BANNOCK ST,1,2,0,0,1,1,0,0,30,0,0,0,0,0,2,2,5
,2021-10792,39.72892353,-104.9905699,3/17/2021 15:32,15:32,3,0,0,W 8TH AVE & N SPEER BLVD,1,1,0,0,1,1,0,0,30,0,0,0,0,1,4,2,13
,2021-10793,39.75512353,-105.0127099,3/6/2021 22:30,22:30,9,0,0,I-25 NB LOOP EXIT GORE PT TO & SPEER BLVD N (WB),1,3,0,0,1,4,0,0,55,0,0,0,0,0,1,1,1
,2021-10795,39.76851353,-105.0392199,2/14/2021 14:53,14:53,6,0,0,PERRY ST N & 3700 BLK N,4,1,0,0,1,2,0,0,25,0,0,0,0,0,4,2,16
,2021-10797,39.71111353,-104.9592499,3/17/2021 12:45,12:45,12,0,0,E ALAMEDA AVE & S UNIVERSITY BLVD,1,1,0,0,1,4,0,0,30,0,0,0,0,0,4,2,13
,2021-10798,39.65308354,-104.9129199,3/16/2021 14:50,14:50,15,0,0,HAMPDEN AVE E & MONACO ST S,11,1,0,0,1,1,0,0,35,0,0,0,0,0,2,2,3
,2021-10800,39.74764753,-105.0532099,3/16/2021 7:40,7:40,3,0,0,SHERIDAN BLVD N & 20TH ST W,4,1,0,0,1,1,0,0,25,0,0,0,0,0,2,2,13
,2021-10801,39.78008352,-104.9406599,2/22/2021 7:53,7:53,15,0,0,I-70 & COLORADO BLVD N,1,1,0,0,1,4,0,0,55,0,0,0,0,0,1,2,1
,2021-10802,39.69490353,-104.9415699,3/16/2021 10:14,10:14,6,0,0,HARRISON ST S & 1190 S HARRISON ST,4,1,0,0,1,2,0,0,,0,0,0,0,0,4,2,14
,2021-10803,39.68790354,-105.0178099,3/17/2021 16:27,16:27,6,0,0,W GUNNISON DR & S BEACH CT,1,1,0,0,1,3,0,0,25,0,0,0,0,0,4,2,1
,2021-10804,39.74742352,-104.9127999,2/17/2021 15:22,15:22,12,0,0,E MONTVIEW BLVD & N MONACO ST,1,1,0,0,1,1,0,0,30,0,0,0,0,0,4,2,13
,2021-10805,39.72931353,-105.0139799,3/10/2021 17:33,17:33,3,0,0,8TH AVE W & WYANDOT ST N,1,1,0,0,1,1,0,0,30,0,0,0,0,1,4,2,13
,2021-10806,39.71505353,-104.9406899,3/17/2021 5:50,5:50,15,0,0,COLORADO BLVD S & LEETSDALE DR,1,4,1,0,1,1,0,0,35,0,0,0,0,0,2,2,13
,2021-10807,39.63811354,-104.9124399,3/10/2021 19:00,19:00,1,0,0,S MONACO ST & E HAPPY CANYON RD,1,3,0,0,1,1,0,0,35,0,0,0,0,0,4,2,13
,2021-10808,39.73301354,-105.0500999,2/28/2021 20:01,20:01,6,0,0,10TH AVE W & XAVIER ST N,1,3,0,0,1,4,0,0,35,0,0,0,0,0,4,2,5
,2021-10810,39.72949353,-104.9408099,3/17/2021 8:46,8:46,12,0,0,COLORADO BLVD & 800 BLK N,1,1,0,0,1,4,0,0,35,0,0,0,0,0,2,2,7
,2021-10811,39.68399011,-104.9034184,3/17/2021 10:20,10:20,3,0,0,E 32ND AVE WB & N QUEBEC ST SB,1,1,0,0,1,1,0,0,35,0,0,0,0,0,4,2,13
,2021-10814,39.71562353,-104.9826299,3/17/2021 14:38,14:38,3,0,0,010 BLK S LOGAN ST & E BAYAUD AVE,11,1,0,0,1,2,0,0,10,0,0,0,0,0,4,2,1
,2021-10816,39.75157353,-104.9873699,3/16/2021 12:32,12:32,10,0,0,N BROADWAY ST & CHAMPA ST,11,1,0,0,1,1,0,0,30,0,0,0,0,0,4,2,1
,2021-10817,39.63491969,-105.0083457,3/10/2021 17:30,17:30,12,0,0,S SHERIDAN BLVD & W HAMPDEN S FRONTAGE RD,1,1,1,0,1,3,0,0,25,0,0,0,0,1,2,2,3
,2021-10819,39.76757353,-105.0428499,3/17/2021 15:04,15:04,6,0,0,37TH AVE W & TENNYSON ST N,7,1,0,0,1,4,0,0,25,0,0,0,0,0,4,2,13
,2021-10820,39.69675254,-105.0250579,3/13/2021 23:00,23:00,15,0,0,FEDERAL BLVD S & MISSISSIPPI AVE W,11,1,0,2,1,3,0,0,40,0,0,0,0,0,2,2,1
,2021-10825,39.77967353,-104.9791499,3/8/2021 9:10,9:10,15,0,0,I-70 & WASHINGTON ST N,1,1,1,0,1,4,0,0,55,0,0,0,0,0,1,2,13
,2021-10826,39.66758354,-104.9593699,3/17/2021 10:30,10:30,12,0,0,S UNIVERSITY BLVD & E YALE AVE,1,1,0,0,1,1,0,0,30,0,0,0,0,0,4,2,16
,2021-10827,39.67854354,-105.0040899,3/17/2021 16:05,16:05,8,0,0,W EVANS AVE & S NAVAJO ST,1,1,1,0,1,3,0,0,30,0,0,0,0,0,4,2,1
,2021-10828,39.74002353,-104.9810899,3/10/2021 19:25,19:25,15,0,0,COLFAX AVE E & PENNSYLVANIA ST N,1,3,0,0,1,3,0,0,45,0,0,0,1,0,2,2,14
,2021-10829,39.67915354,-105.0532499,3/9/2021 0:31,0:31,1,0,0,EVANS AVE W & SHERIDAN BLVD S,1,3,0,0,1,1,0,0,30,0,0,0,0,0,2,2,5
,2021-10830,39.77840352,-104.9128699,3/17/2021 12:59,12:59,12,0,0,I-70 & MONACO ST N,11,1,0,0,1,4,0,0,65,0,0,0,0,0,1,2,13
,2021-10832,39.71390354,-104.9899799,2/20/2021 10:10,10:10,3,0,0,MAPLE AVE W & BANNOCK ST S,1,1,0,0,1,1,0,0,20,0,0,0,0,0,4,2,13
,2021-10834,39.75170353,-104.9837299,3/17/2021 7:15,7:15,12,0,0,PARK AVE W & CALIFORNIA ST,9,1,0,2,1,1,0,0,30,0,0,0,0,0,4,2,13
,2021-10835,39.72527841,-105.1417334,3/17/2021 7:39,7:39,12,0,0,I-25 & 6TH AVE W,1,1,0,2,1,4,0,0,55,0,0,0,0,0,1,2,7
,2021-10836,39.74019353,-104.9581099,3/16/2021 11:19,11:19,6,0,0,COLFAX AVE E & JOSEPHINE ST N,9,1,0,0,1,4,0,0,35,0,0,0,0,0,2,2,13
,2021-10837,39.67843354,-104.9339699,3/8/2021 10:06,10:06,5,0,0,I-25 SB OFF RAMP ENT GORE PT TO & EVANS AVE E,1,1,0,0,2,8,0,0,65,0,0,0,0,0,1,1,7
,2021-10838,39.72565154,-105.0531559,3/20/2021 15:12,15:12,10,0,0,SHERIDAN BLVD N & HWY 6 EB ON RAMP,1,1,1,0,1,1,0,0,35,0,0,0,0,0,2,2,16
,2021-10839,39.72560353,-104.9494999,3/10/2021 8:40,8:40,5,0,0,E 6TH AVE & N STEELE ST,11,1,0,0,3,3,0,0,30,0,0,0,0,0,4,1,1
,2021-10841,39.75833353,-105.0205199,3/16/2021 10:16,10:16,6,0,0,2800 BLK N CLAY ST & W 28TH AVE,7,1,1,0,1,4,0,0,25,0,0,0,0,0,4,2,16
,2021-10842,39.75483353,-104.9866599,3/17/2021 11:40,11:40,6,0,0,ARAPAHOE ST & 24TH ST,1,1,0,0,1,4,0,0,30,0,0,0,0,0,4,2,13
,2021-10843,39.78562352,-104.8996999,3/10/2021 9:15,9:15,15,0,0,QUEBEC ST N & NORTHFIELD BLVD E,11,1,0,0,1,1,0,0,45,0,0,0,0,0,2,2,7
,2021-10844,39.73288353,-104.9034499,3/7/2021 23:15,23:15,3,0,2,N QUEBEC ST & E 11TH AVE,1,3,0,0,1,1,0,0,30,0,0,0,0,2,4,2,5
,2021-10845,39.70039754,-105.0250714,2/6/2021 17:47,17:47,1,0,0,S FEDERAL BLVD & W KENTUCKY AVE,1,3,0,0,1,1,0,0,35,0,0,0,0,0,2,2,13
,2021-10846,39.72831353,-104.9394499,3/7/2021 10:53,10:53,10,0,0,ALBION ST & 700 BLK N,1,1,0,0,1,2,0,0,25,0,0,0,0,0,4,2,3
,2021-10847,39.77880533,-104.9246161,3/7/2021 23:32,23:32,12,0,0,I-70 & GRAPE ST N (OFFSET REF),1,3,0,0,1,4,0,1,65,0,0,0,0,0,1,2,13
,2021-10848,39.70742384,-104.9963184,3/16/2021 9:19,9:19,12,0,0,I-25 NB ON RAMP LOOP FROM & SANTA FE DR S,4,1,1,0,1,8,0,0,35,0,0,0,0,0,1,2,13
,2021-10850,39.73942352,-104.8893699,3/5/2021 2:26,2:26,6,0,1,WABASH ST N & 1400 BLK N,11,3,0,0,3,4,0,0,20,0,0,0,0,2,4,2,5