id,drcog_id,latitude,longitude,crashtime,time,crashtype,numbkilled,numbinjurd,drcoglocat,rdconditin,lightngcon,roadcntgrd,weatherco,location,roaddescrp,schoolzone,constrzone,splimit,bikeinv,pedinv,sctrinv,motoinv,svrty,rdsystem,ttlvehcls,hcf
,2021-10851,39.74630353,-104.9775299,3/16/2021 10:54,10:54,12,0,0,1900 BLK N CLARKSON ST & PARK AVE,4,1,0,0,1,3,0,0,25,0,0,0,0,0,4,2,3
,2021-10852,39.73665353,-105.0251699,3/6/2021 14:37,14:37,15,0,1,FEDERAL BLVD N & HOLDEN PL W,1,1,0,0,1,1,0,0,35,0,0,0,0,2,2,2,1
,2021-10853,39.74015352,-104.8987399,3/7/2021 5:08,5:08,5,0,1,COLFAX AVE E & SYRACUSE ST N,1,2,0,1,1,4,0,0,35,0,0,0,1,3,4,1,15
,2021-10854,39.74161353,-104.9591499,3/5/2021 16:00,16:00,15,0,0,E 16TH AVE & N JOSEPHINE ST,1,1,0,0,1,1,0,0,30,0,0,0,0,0,4,2,16
,2021-10855,39.73044353,-104.9854899,3/16/2021 10:39,10:39,5,0,0,9TH AVE E & 100 BLK E,11,1,1,0,2,4,0,0,25,0,0,0,0,0,4,1,3
,2021-10856,39.67843354,-104.9339699,3/7/2021 19:34,19:34,5,0,0,I-25 & EVANS AVE E,1,3,1,0,2,4,0,0,65,0,0,0,0,0,1,1,5
,2021-10857,39.71118354,-104.9964599,3/20/2021 12:37,12:37,15,0,0,800 BLK W ALAMEDA AVE & S SANTA FE DR,1,1,0,0,1,4,0,0,30,0,0,0,0,0,4,2,7
,2021-10858,39.67915354,-105.0532499,3/7/2021 21:45,21:45,12,0,0,SHERIDAN BLVD S & EVANS AVE W,1,3,0,0,1,3,0,0,40,0,0,0,0,0,2,2,1
,2021-10859,39.70042354,-105.0532399,3/20/2021 14:30,14:30,5,0,1,SHERIDAN BLVD S & KENTUCKY AVE W,1,1,1,0,2,4,0,0,35,0,0,0,0,2,2,2,10
,2021-10861,39.70396354,-105.0038099,3/9/2021 17:27,17:27,5,0,1,NAVAJO ST S & EXPOSITION AVE W,1,1,1,0,3,3,0,0,25,0,0,0,0,2,4,1,1
,2021-10862,39.77282351,-104.80162,3/16/2021 8:00,8:00,12,0,0,N KITTREDGE ST & E 40TH AVE,4,1,0,0,1,1,0,0,35,0,0,0,0,0,4,2,7
,2021-10863,39.77957952,-104.8471054,3/17/2021 16:21,16:21,3,0,0,E 46TH AVE & N PEORIA ST,1,1,0,0,1,1,0,0,35,0,0,0,0,0,4,2,13
,2021-10864,39.69443354,-105.0393699,3/20/2021 11:03,11:03,6,0,0,PATTON CT & 1227 S,1,1,0,0,1,4,0,0,25,0,0,0,0,0,4,2,16
,2021-10866,39.66575675,-104.9129537,3/20/2021 16:42,16:42,3,0,2,MLK JR BLVD & SB MONACO PKWY,1,1,0,0,1,1,0,0,35,0,0,0,0,1,4,2,13
,2021-10867,39.77837353,-105.0451099,3/8/2021 9:41,9:41,6,0,0,45TH AVE W & 4400 BLK W,1,1,1,0,1,4,0,0,25,0,0,0,0,0,4,2,16
,2021-10868,39.71701353,-104.8955599,3/7/2021 23:00,23:00,15,0,0,E FAIRMONT DR & E LOWRY BLVD,1,4,0,0,1,4,0,0,30,0,0,0,0,0,4,2,13
,2021-10869,39.74035353,-105.0296699,3/16/2021 8:30,8:30,12,0,0,COLFAX AVE W & IRVING ST N,4,1,0,0,1,3,0,0,30,0,0,0,0,0,2,2,13
,2021-10870,39.77760352,-104.9031499,3/7/2021 19:49,19:49,12,0,0,I-70 EB ON RAMP [SLIP] & QUEBEC ST,1,3,0,0,1,8,0,0,45,0,0,0,0,0,1,2,16
,2021-10871,39.77841352,-104.9035599,3/19/2021 22:24,22:24,12,0,0,I-70 WB OFF RAMP EXIT GORE PT TO & QUEBEC ST,1,4,3,0,1,8,0,0,35,0,0,0,0,0,2,2,16
,2021-10872,39.74765353,-105.0024799,3/20/2021 12:16,12:16,3,0,0,N SPEER BLVD & AURARIA PKWY,1,1,0,0,1,1,0,0,35,0,0,0,0,0,4,2,13
,2021-10873,39.74004353,-104.9835699,3/20/2021 7:12,7:12,15,0,0,COLFAX AVE E & GRANT ST N,1,1,0,0,1,1,0,0,30,0,0,0,0,0,1,2,8
,2021-10874,39.75128353,-105.0167799,3/8/2021 9:41,9:41,15,0,0,I-25 & 23RD AVE W,1,1,0,0,1,4,0,0,55,0,0,0,0,0,1,2,14
,2021-10875,39.69128354,-105.0273799,3/8/2021 10:11,10:11,15,0,0,3100 BLK W ARKANSAS AVE & S FEDERAL BLVD,11,1,0,0,1,4,0,0,25,0,0,0,0,0,4,2,13
,2021-10876,39.73119353,-105.0217199,3/20/2021 23:15,23:15,6,0,0,N DECATUR ST & W 9TH AVE,1,3,0,0,1,4,0,0,25,0,0,0,0,0,4,2,3
,2021-10877,39.74014352,-104.9028799,3/16/2021 9:08,9:08,12,0,0,COLFAX AVE E & QUEBEC ST N,4,1,0,0,1,3,0,0,35,0,0,0,0,0,2,2,13
,2021-10878,39.78866353,-105.0071599,3/7/2021 10:03,10:03,6,0,0,51ST AVE W & PECOS ST N,1,1,0,0,1,4,0,0,25,0,0,0,0,0,4,2,16
,2021-10879,39.64001354,-104.88491,3/10/2021 8:18,8:18,12,0,0,I-225 WB OFF RAMP & YOSEMITE ST S,1,1,1,0,1,1,0,0,30,0,0,0,0,0,1,2,3
,2021-10880,39.74139353,-104.9988299,3/14/2021 8:41,8:41,3,0,0,SPEER BLVD N & STOUT ST,4,1,0,2,1,14,0,0,35,0,0,0,0,0,4,1,3
,2021-10881,39.75847353,-105.0252199,3/14/2021 10:20,10:20,3,0,0,FEDERAL BLVD N & 29TH AVE W,4,1,0,2,1,1,0,0,30,0,0,0,0,0,2,2,7
,2021-10882,39.72908053,-104.9874064,3/20/2021 10:14,10:14,3,0,0,E 8TH AVE & N BROADWAY ST,1,1,0,0,1,1,0,0,30,0,0,0,0,0,4,2,13
,2021-10883,39.74043353,-105.0139599,3/20/2021 21:31,21:31,15,0,0,I-25 & COLFAX AVE W,1,3,0,0,1,4,0,0,55,0,0,0,0,0,1,2,16
,2021-10884,39.69670754,-104.9929099,3/16/2021 5:40,5:40,12,0,0,W MISSISSIPPI AVE & S PLATTE RIVER DR,4,3,0,0,1,1,0,0,30,0,0,0,0,1,2,2,16
,2021-10885,39.72726353,-104.9799299,3/20/2021 9:15,9:15,3,0,0,E 7TH AVE & N PEARL ST,1,1,0,0,1,1,0,0,25,0,0,0,0,1,4,2,13
,2021-10886,39.73686353,-105.0001299,1/29/2021 7:09,7:09,3,0,0,N KALAMATH ST & W 13TH AVE,1,1,0,0,1,1,0,0,30,0,0,0,0,0,4,2,13
,2021-10887,39.75667353,-104.9877599,3/20/2021 17:11,17:11,11,0,1,24TH ST & LARIMER ST,1,1,0,0,1,1,0,0,0,0,1,0,0,2,4,1,16
,2021-10888,39.67842354,-104.9395399,3/10/2021 7:45,7:45,12,0,0,E EVANS AVE & S ALBION ST,11,1,0,0,1,3,0,0,35,0,0,0,0,0,4,2,13
,2021-10889,39.79263351,-104.81209,2/14/2021 1:15,1:15,6,0,0,15000 BLOCK OF 54TH AVE & N GRANBY ST,9,4,0,2,1,4,0,0,25,0,0,0,0,0,4,2,5
,2021-10890,39.74379352,-104.8869799,3/20/2021 10:40,10:40,3,0,0,E 17TH AVE & N XANTHIA ST,1,1,0,0,1,1,0,0,30,0,0,0,0,0,4,2,13
,2021-10891,39.74011353,-104.9988499,3/16/2021 6:55,6:55,3,0,0,COLFAX AVE W & SPEER BLVD NB,4,1,0,0,1,1,0,0,30,0,0,0,0,0,2,2,13
,2021-10892,39.78745353,-105.0252099,3/21/2021 18:50,18:50,11,0,0,REGIS BLVD W / 50TH AVE & FEDERAL BLVD N,11,3,0,2,1,1,0,0,30,0,1,0,0,1,2,1,14
,2021-10894,39.73310354,-105.0527099,3/21/2021 15:58,15:58,12,0,0,5100 BLK W 10TH AVE & N SHERIDAN BLVD,1,1,0,0,1,4,0,0,35,0,0,0,0,0,4,2,13
,2021-10896,39.67846354,-104.9283999,3/20/2021 12:45,12:45,15,0,0,5300 BLK E EVANS AVE & S GRAPE ST,1,1,0,0,1,4,0,0,35,0,0,0,0,0,4,2,14
,2021-10897,39.72383353,-104.8841944,3/10/2021 8:18,8:18,10,0,0,LOWRY BLVD E & YOSEMITE ST N,11,1,0,1,1,6,0,0,15,0,0,0,0,0,4,2,13
,2021-10898,39.75259039,-104.9848982,3/19/2021 14:40,14:40,15,0,0,I-25 & PARK AVE W,1,1,0,0,1,4,0,0,65,0,0,0,0,0,1,2,13
,2021-10899,39.65178355,-105.0530799,3/6/2021 17:23,17:23,12,0,1,S SHERIDAN BLVD & W HAMPDEN S FRTG,1,1,0,0,1,3,0,0,30,0,0,0,0,2,2,2,3
,2021-10900,39.74009468,-104.9035119,3/20/2021 2:51,2:51,5,0,0,QUEBEC ST & I-70,11,3,0,0,3,4,0,1,35,0,0,0,0,0,4,1,13
,2021-10901,39.73685353,-104.9929399,3/16/2021 12:25,12:25,15,0,0,400 BLK W 13TH AVE & N ELATI ST,11,1,0,0,1,4,0,0,30,0,0,0,0,0,4,2,8
,2021-10902,39.78003353,-104.9891799,2/4/2021 12:05,12:05,15,0,0,I-25 & I-70,1,1,0,0,1,4,0,0,55,0,0,0,0,0,2,2,13
,2021-10903,39.73869353,-104.9081499,3/17/2021 22:06,22:06,12,0,0,N ONEIDA ST & E 14TH AVE,1,3,0,0,1,1,0,0,30,0,0,0,0,0,4,2,5
,2021-10904,39.71109353,-104.9768999,3/19/2021 22:55,22:55,5,0,1,E ALAMEDA AVE & S EMERSON ST,1,3,1,0,2,1,0,0,25,0,0,0,0,3,4,1,2
,2021-10905,39.75122283,-105.0173981,3/20/2021 9:19,9:19,1,0,1,23RD AVE W & I-25 SB ON RAMP,1,1,0,0,1,1,0,0,30,0,0,0,0,2,4,2,7
,2021-10906,39.69310354,-105.0250499,3/20/2021 17:21,17:21,2,0,1,FEDERAL BLVD S & LOUISIANA AVE W,1,1,0,1,1,1,0,0,35,1,0,0,0,2,2,2,10
,2021-10907,39.72892353,-104.9940299,3/21/2021 17:59,17:59,5,0,0,W 8TH AVE & N ELATI ST,1,1,1,0,3,4,0,0,30,0,0,0,0,1,4,1,16
,2021-10909,39.68241354,-105.0280499,3/16/2021 3:45,3:45,5,0,0,HOOKER ST S & 1890 S HOOKER ST,4,3,0,0,3,3,0,0,30,0,0,0,0,0,4,1,5
,2021-10910,39.78313353,-105.0064099,1/29/2021 17:30,17:30,4,0,0,I-70 EB ON RAMP FROM & PECOS ST N,1,2,1,0,1,8,0,0,55,0,0,0,0,0,1,2,16
,2021-10911,39.71941354,-105.0532699,3/19/2021 17:44,17:44,12,0,0,SHERIDAN BLVD N & 1ST AVE W,1,1,0,0,1,4,0,0,35,0,0,0,0,0,2,2,1
,2021-10913,39.82518502,-104.9816053,3/20/2021 22:23,22:23,3,0,0,COLFAX AVE W & I-25 NB OFF RAMP,1,4,0,0,1,1,0,0,40,0,0,0,0,1,2,2,13
,2021-10914,39.70665354,-104.9965899,3/21/2021 1:26,1:26,15,0,0,I-25 & SANTA FE DR S,1,4,1,0,1,4,0,0,55,0,0,0,0,0,1,2,1
,2021-10915,39.70036354,-105.0402499,3/20/2021 20:13,20:13,5,0,0,4000 BLOCK W KENTUCKY AVE & S PERRY ST,1,3,0,0,2,4,0,0,25,0,0,0,0,0,4,1,5
,2021-10916,39.74043353,-105.0141499,3/19/2021 21:31,21:31,12,0,0,I-25 & COLFAX AVE W,1,3,0,0,1,4,0,0,55,0,0,0,0,0,1,2,13
,2021-10923,39.72906353,-104.9752399,3/18/2021 4:05,4:05,3,0,0,E 8TH AVE & N OGDEN ST,1,3,0,0,1,1,0,0,30,0,0,0,0,0,4,2,13
,2021-10924,39.74005883,-104.9793015,3/17/2021 21:49,21:49,1,0,0,COLFAX AVE E & COLORADO BLVD N,1,3,0,0,1,1,0,0,,0,0,0,0,0,2,2,1
,2021-10925,39.73663353,-105.0001299,3/18/2021 0:15,0:15,6,0,0,1300 BLK N KALAMATH ST & W 13TH AVE,1,3,0,0,1,4,0,0,,0,0,0,0,1,4,2,3
,2021-10927,39.74757353,-105.0245099,3/19/2021 13:40,13:40,3,0,0,20TH ST W & 2900 BLK W,1,1,0,0,1,2,0,0,25,0,0,0,0,0,4,2,13
,2021-10928,39.70733353,-104.9407299,3/18/2021 17:24,17:24,12,0,0,COLORADO BLVD S & VIRGINIA AVE E,1,1,0,0,1,3,0,0,35,0,0,0,0,0,2,2,1
,2021-10929,39.78109353,-104.9885899,3/18/2021 4:21,4:21,9,0,1,I-70 WB ON RAMP LOOP FROM & I-25 NB,4,3,0,0,3,8,0,0,40,0,0,0,0,1,1,1,13
,2021-10931,39.76928353,-105.0064499,3/17/2021 23:17,23:17,3,0,1,N PECOS ST & W 38TH AVE,1,3,0,0,1,1,0,0,25,0,0,0,0,2,4,2,13
,2021-10934,39.77488351,-104.73456,3/18/2021 7:55,7:55,6,0,0,E 42ND AVE & N PICADILLY RD,1,1,0,0,1,4,0,0,25,0,0,0,0,0,4,2,3
,2021-10935,39.75259039,-104.9848982,3/18/2021 0:35,0:35,5,0,0,I-25 NB ENT GORE PT TO & PARK AVE W,4,3,1,0,2,4,0,0,55,0,0,0,0,0,1,1,13
,2021-10945,39.72549854,-105.0394624,3/17/2021 23:23,23:23,12,0,0,W 6TH AVE & N PERRY ST,1,3,0,0,1,1,0,0,30,0,0,0,0,1,2,2,5
,2021-10946,39.77892352,-104.9497799,3/18/2021 1:42,1:42,5,0,0,E 45TH AVE & N STEELE ST,7,4,0,2,2,4,0,0,30,0,0,0,0,0,4,1,16
,2021-10947,39.69655353,-104.8671199,3/19/2021 14:11,14:11,12,0,0,10400 BLK E MISSISSIPPI AVE & S HAVANA ST,1,1,0,0,1,3,0,0,40,0,0,0,0,0,4,2,7
,2021-10948,39.72566353,-105.0004199,3/18/2021 15:35,15:35,12,0,0,100 BLK W 6TH AVE & S KALAMATH ST,1,1,0,0,1,4,0,0,35,0,0,0,0,0,4,2,13
,2021-10949,39.74004353,-104.9835699,3/18/2021 13:00,13:00,3,0,0,COLFAX AVE E & GRANT ST N,1,1,0,0,1,1,0,0,35,0,0,0,0,0,2,2,8
,2021-10950,39.74009468,-104.9035119,3/18/2021 15:21,15:21,15,0,0,QUEBEC ST & I-70,1,1,0,0,1,1,0,0,35,0,0,0,0,0,2,2,13
,2021-10951,39.69112353,-104.9406399,3/19/2021 7:49,7:49,15,0,0,COLORADO BLVD S & ARKANSAS AVE E,1,1,0,0,1,4,0,0,30,0,0,0,0,0,2,2,13
,2021-10952,39.73284353,-104.8846899,3/19/2021 13:40,13:40,3,0,0,N YOSEMITE ST & E 11TH AVE,1,1,0,0,1,2,0,0,30,0,0,0,0,0,4,2,13
,2021-10953,39.76801353,-104.9949599,3/19/2021 6:24,6:24,5,0,0,I-25 & PARK AVE W,4,2,0,0,2,4,0,0,55,0,0,0,0,0,1,1,10
,2021-10954,39.67844354,-104.9373999,3/19/2021 12:44,12:44,10,0,0,EVANS AVE E & BELLAIRE ST S,1,1,0,0,1,4,0,0,30,0,0,0,0,0,4,2,13
,2021-10955,39.83654098,-104.6718289,3/17/2021 23:34,23:34,15,0,0,PENA BLVD & 7500 BLK,4,3,1,0,1,4,0,0,65,0,0,0,0,0,4,2,14
,2021-10956,39.70930353,-104.9803599,3/18/2021 14:42,14:42,3,0,0,S PEARL ST & E DAKOTA AVE,1,1,0,0,1,1,0,0,25,0,0,0,0,0,4,2,8
,2021-10957,39.73508353,-104.9406499,3/7/2021 15:24,15:24,10,0,0,E 12TH AVE & N COLORADO BLVD,1,1,0,0,1,1,0,0,35,0,0,0,0,0,4,2,1
,2021-10958,39.77804052,-104.8471054,3/19/2021 8:05,8:05,15,0,0,N PEORIA ST & E 45TH AVE,1,1,0,0,1,3,0,0,35,0,0,0,0,0,4,2,13
,2021-10959,39.76465683,-104.9791758,3/17/2021 9:27,9:27,5,0,0,38TH ST & WALNUT ST,1,1,0,0,3,1,0,0,30,0,0,0,0,0,4,1,14
,2021-10960,39.63076354,-104.9113499,3/18/2021 20:27,20:27,3,0,0,MONACO ST S & 4545 S MONACO ST,11,4,0,0,1,1,0,0,40,0,0,0,0,0,4,2,13
,2021-10961,39.71816354,-105.0251884,3/20/2021 19:14,19:14,15,0,0,FEDERAL BLVD N & 1ST AVE,14,2,0,0,1,4,0,0,35,0,0,0,0,0,2,2,13
,2021-10962,39.78001352,-104.9810599,3/19/2021 16:33,16:33,15,0,0,I-70 WB ON RAMP & WASHINGTON ST N,1,2,0,0,1,8,0,0,45,0,0,0,0,0,1,2,3
,2021-10963,39.71835353,-104.9036799,3/18/2021 15:05,15:05,12,0,0,N QUEBEC ST & E 1ST AVE,1,1,0,1,1,1,0,0,30,0,0,0,0,0,4,2,3
,2021-10964,39.76936353,-105.0445699,3/19/2021 15:55,15:55,12,0,0,4400 BLK W 38TH AVE & N TENNYSON ST,1,1,1,0,1,4,0,0,35,0,0,0,0,0,4,2,13
,2021-10965,39.74730353,-104.9406299,3/18/2021 17:00,17:00,1,0,0,COLORADO BLVD N & MONTVIEW BLVD E,1,1,3,0,1,1,0,0,35,0,0,0,0,0,2,2,1
,2021-10966,39.63413354,-104.9067299,3/19/2021 6:15,6:15,12,0,0,I-225 & I-25,4,2,0,0,1,4,0,0,60,0,0,0,0,1,1,2,14
,2021-10967,39.86662778,-104.6717006,3/17/2021 23:07,23:07,15,0,0,PENA BLVD & 7500,4,3,1,0,1,4,0,0,65,0,0,0,0,0,4,2,14
,2021-10968,39.74378352,-104.8998999,3/19/2021 17:32,17:32,3,0,0,E 17TH AVE & N ROSEMARY ST,1,1,0,0,1,1,0,0,20,0,0,0,0,0,4,2,13
,2021-10969,39.78383353,-105.0064299,3/19/2021 6:35,6:35,12,0,0,N PECOS ST & W 48TH AVE,1,1,0,0,1,6,0,0,30,0,0,0,0,0,1,2,7
,2021-10970,39.69021403,-104.9384093,3/18/2021 17:37,17:37,6,0,0,1500 BLK S ASH ST & 1545 S ASH ST,1,1,0,0,1,4,0,0,25,0,0,0,0,0,4,2,10
,2021-10971,39.72569653,-105.0001594,3/2/2021 18:39,18:39,12,0,0,N KAMAMATH ST & W 6TH AVE,1,3,0,0,1,1,0,0,35,0,0,0,0,0,4,2,5
,2021-10972,39.71024354,-105.0203799,3/19/2021 16:26,16:26,12,0,0,300 BLK S CLAY ST & W ALAMEDA AVE,1,1,0,0,1,4,0,0,25,0,0,0,0,0,4,2,16
,2021-10973,39.78326353,-105.0064199,3/19/2021 12:54,12:54,15,0,0,I-70 & PECOS ST N,1,1,1,0,1,4,0,0,55,0,0,0,0,0,1,2,2
,2021-10974,39.68293354,-104.9405399,3/18/2021 15:32,15:32,12,0,0,I-25 & COLORADO BLVD S,1,1,0,0,1,4,0,0,55,0,0,0,0,0,1,2,3
,2021-10975,39.79331623,-104.9416819,3/19/2021 3:00,3:00,6,0,0,HARRISON ST & E 9TH AVE,1,3,0,0,1,4,0,0,20,0,0,0,0,0,4,2,13
,2021-10976,39.69848354,-104.9926899,3/18/2021 18:20,18:20,12,0,1,PLATTE RIVER DR S & TENNESSEE AVE W,1,2,0,0,1,4,0,0,45,0,0,0,0,2,2,2,5
,2021-10977,39.74227353,-104.9907299,3/19/2021 7:50,7:50,3,0,0,TREMONT PL & 15TH ST,1,1,0,0,1,1,0,0,25,0,0,0,0,0,4,2,3
,2021-10978,39.71116354,-104.9899999,3/19/2021 6:42,6:42,5,0,0,W ALAMEDA AVE & S BANNOCK ST,4,2,0,0,3,4,0,0,30,0,0,0,0,0,4,1,13
,2021-10979,39.77291352,-104.8657999,3/19/2021 16:15,16:15,12,0,0,N HAVANA ST & E 40TH AVE,1,1,0,0,1,4,0,0,35,0,0,0,0,0,4,2,13
,2021-10980,39.76107353,-105.0268399,3/19/2021 13:47,13:47,12,0,0,N SPEER BLVD & N GROVE ST,1,1,1,0,1,1,0,0,30,0,0,0,0,0,4,2,13
,2021-10981,39.84979749,-104.6738195,3/18/2021 16:45,16:45,16,0,0,PENA BLVD & 8400 BLK / AIRPORT,1,1,0,0,5,4,0,0,,0,0,0,0,0,3,2,7
,2021-10982,39.75841153,-104.9970183,3/16/2021 16:15,16:15,6,0,0,2800 N WYANDOT ZUNI ALLEY & W 29TH AVE,9,1,0,0,1,5,0,0,15,0,0,0,0,0,4,2,14
,2021-10983,39.8335735,-104.723,3/16/2021 1:35,1:35,9,0,1,PENA BLVD & 75TH AVE,10,3,0,0,2,4,0,0,65,0,0,0,0,2,4,1,7
,2021-10985,39.8335735,-104.723,3/16/2021 3:35,3:35,12,0,0,7550 BLK PENA BLVD & TOLL PLAZA,7,3,1,0,1,4,0,0,55,0,0,0,0,0,4,2,3
,2021-10987,39.69766354,-105.0250699,3/19/2021 15:22,15:22,10,0,0,FEDERAL BLVD S & TENNESSEE AVE W,1,1,0,0,1,2,0,0,40,0,0,0,0,0,2,2,13
,2021-10988,39.77815352,-104.9085399,3/19/2021 11:26,11:26,5,0,1,I-70 EB ON RAMP EXIT GORE PT TO & QUEBEC ST N,11,1,0,0,2,8,0,0,55,0,0,0,0,1,1,1,3
,2021-10990,39.69206354,-104.9769399,3/19/2021 3:45,3:45,5,0,2,I-25 & EMERSON ST S,1,3,0,0,3,4,0,0,55,0,0,0,0,2,1,1,13
,2021-10992,39.74481353,-104.9696699,3/16/2021 16:53,16:53,3,0,0,E 18TH AVE & N HUMBOLDT ST,11,1,0,2,1,1,0,0,30,0,0,0,0,1,4,2,13
,2021-10994,39.74009468,-104.9035119,3/19/2021 12:09,12:09,12,0,0,I-270 & QUEBEC ST NB,1,1,0,0,1,4,0,0,55,0,0,0,0,0,1,2,3
,2021-10995,39.66748354,-104.9254699,3/19/2021 7:39,7:39,5,0,1,I-25 & YALE AVE E,4,1,0,0,3,4,0,0,60,0,0,0,0,2,1,2,7
,2021-10998,39.66406355,-105.0532399,3/19/2021 11:43,11:43,12,0,0,SHERIDAN BLVD S & BATES AVE W,1,1,1,0,1,4,0,0,40,0,0,0,0,0,2,2,13
,2021-11001,39.61822906,-105.0887579,3/8/2021 16:53,16:53,12,0,0,5300 BLK S GRANT RANCH BLVD & W CRESTLINE AVE,1,1,0,0,1,4,0,0,25,0,0,0,0,0,4,2,16
,2021-11005,39.67031354,-105.0349299,2/24/2021 20:45,20:45,6,0,0,W VASSAR AVE & S LOWELL BLVD,9,4,0,2,1,4,0,0,25,0,0,0,0,0,4,2,7
,2021-11006,39.76194852,-104.9406604,3/19/2021 19:46,19:46,1,0,0,MLK BLVD E & COLORADO BLVD N,1,3,0,0,1,1,0,0,35,0,0,0,0,0,2,2,14
,2021-11007,39.72561353,-104.9787299,3/19/2021 19:01,19:01,15,0,0,700 BLK E 6TH AVE & N CLARKSON ST,1,3,0,0,1,4,0,0,30,0,0,0,0,0,4,2,8
,2021-11008,39.75610221,-104.8588822,3/16/2021 17:37,17:37,1,0,0,MLK BLVD E & KINGSTON ST N,11,1,0,0,1,1,0,0,35,0,0,0,0,1,4,2,13
,2021-11009,39.67956354,-105.0250299,3/19/2021 10:32,10:32,15,0,0,FEDERAL BLVD S & EVANS AVE W,1,1,0,0,1,4,0,0,40,0,0,0,0,0,2,2,13
,2021-11010,39.73050353,-104.9963999,3/7/2021 3:59,3:59,5,0,0,9TH AVE W & GALAPAGO ST N,1,3,0,0,3,4,0,0,30,0,0,0,0,0,4,2,5
,2021-11011,39.77871352,-104.9222799,3/19/2021 14:30,14:30,3,0,0,N HOLLY ST & E STAPLETON DR,1,1,1,0,1,1,0,0,30,0,0,0,0,0,4,2,13
,2021-11013,39.79461351,-104.8342699,3/7/2021 4:55,4:55,5,0,0,13100 BLK E MAXWELL PL & N UVALDA ST,1,3,0,0,2,4,0,0,30,0,0,0,0,0,4,1,5
,2021-11014,39.66838354,-104.9714499,3/8/2021 17:30,17:30,6,0,0,LAFAYETTE ST S & YALE AVE E,1,1,1,0,1,4,0,0,30,0,0,0,0,0,4,2,5
,2021-11015,39.72974353,-104.9912199,3/19/2021 17:42,17:42,10,0,0,SPEER BLVD N & BANNOCK ST N,1,1,0,0,1,1,0,0,35,0,0,0,0,0,4,2,8
,2021-11031,39.8338405,-104.7471155,3/16/2021 3:30,3:30,15,0,0,PENA BLVD & E-470,7,3,1,0,1,4,0,0,55,0,0,0,0,0,4,2,14
,2021-11033,39.55688544,-105.0470395,3/21/2021 19:16,19:16,6,0,0,HYMAN AVE & 300 W,9,3,1,0,1,4,0,0,20,0,0,0,0,0,4,2,14
,2021-11125,39.76115353,-105.0047499,3/12/2021 7:57,7:57,12,0,0,I-25 & 20TH ST,1,1,1,0,1,4,0,0,55,0,0,0,0,0,1,2,3
,2021-11126,39.78008352,-104.9406599,3/11/2021 19:17,19:17,3,0,0,COLORADO BLVD N & I-70 WB OFF RAMP,1,3,0,0,1,1,0,0,35,0,0,0,0,0,2,2,13
,2021-11135,39.71348354,-104.9982699,3/12/2021 7:06,7:06,5,0,0,W CEDAR AVE & S SANTA FE DR,1,2,0,0,3,4,0,0,30,0,0,0,0,0,4,1,13
,2021-11136,39.71110353,-104.9792099,3/11/2021 17:45,17:45,3,0,0,E ALAMEDA AVE & S WASHINGTON ST,1,3,0,0,1,1,0,0,30,0,0,0,0,0,4,2,2
,2021-11137,39.76568353,-104.9950429,3/12/2021 7:30,7:30,1,0,0,PARK AVE W & N GLOBEVILLE RD,1,1,0,0,1,1,0,0,30,0,0,0,0,0,4,2,13
,2021-11173,39.77707748,-104.770772,3/11/2021 22:28,22:28,5,0,1,18700 BLK N ARGONNE WAY & N ANDES CT,1,3,0,0,3,4,0,0,25,0,0,0,0,2,4,1,16
,2021-11175,39.78936351,-104.8389899,3/12/2021 3:14,3:14,8,0,0,E 51ST AVE & N URSULA ST,1,3,0,0,1,4,0,0,25,0,0,0,0,0,4,2,14
,2021-11177,39.69673354,-105.0203499,3/12/2021 12:13,12:13,3,0,0,S CLAY ST & W MISSISSIPPI AVE,1,1,0,0,1,1,0,0,25,0,0,0,0,0,4,2,13
,2021-11178,39.77400352,-104.8470199,3/11/2021 14:30,14:30,15,0,0,I-70 EB ON RAMP FROM & PEORIA ST N,1,1,1,0,1,8,0,0,55,0,0,0,0,0,1,2,13
,2021-11179,39.77469351,-104.82008,3/11/2021 23:46,23:46,3,0,0,ANDREWS DR E & ELKHART ST N,1,3,0,0,1,1,0,0,25,0,0,0,0,0,4,2,8
,2021-11180,39.68572354,-104.9675399,3/11/2021 21:45,21:45,6,0,0,GILPIN ST S & MEXICO AVE E,1,4,0,0,1,4,0,0,25,0,0,0,0,0,4,2,8
,2021-11181,39.75987352,-104.8907899,3/11/2021 17:44,17:44,3,0,0,MLK BLVD E & CENTRAL PARK BLVD N,1,1,0,0,1,1,0,0,35,0,0,0,0,0,4,2,4
,2021-11182,39.78008352,-104.9404999,3/12/2021 7:30,7:30,15,0,0,I-70 & COLORADO BLVD N,1,1,0,0,1,4,0,0,55,0,0,0,0,0,2,2,13
,2021-11183,39.76921351,-104.76077,3/11/2021 15:53,15:53,3,0,0,38TH AVE E & ENSENADA ST N,1,1,0,0,1,1,0,0,40,0,0,0,0,0,4,2,7
,2021-11184,39.74295354,-105.0531999,3/11/2021 17:59,17:59,12,0,0,SHERIDAN BLVD N & 1600 BLK N,1,2,1,0,1,4,0,0,35,0,0,0,0,0,2,2,4
,2021-11185,39.71117354,-105.0133499,3/8/2021 14:37,14:37,15,0,0,ALAMEDA AVE W & ZUNI ST S,1,1,1,0,1,4,0,0,30,0,0,0,0,0,2,2,13