id,drcog_id,latitude,longitude,crashtime,time,crashtype,numbkilled,numbinjurd,drcoglocat,rdconditin,lightngcon,roadcntgrd,weatherco,location,roaddescrp,schoolzone,constrzone,splimit,bikeinv,pedinv,sctrinv,motoinv,svrty,rdsystem,ttlvehcls,hcf
,2021-11187,39.69127354,-105.0320499,3/11/2021 17:22,17:22,12,0,0,W ARKANSAS AVE & S KNOX CT,1,1,0,0,1,3,0,0,25,0,0,0,0,0,4,2,3
,2021-11188,39.73562353,-104.9034499,3/11/2021 17:30,17:30,3,0,0,E 12TH AVE & N QUEBEC ST,1,1,0,0,1,1,0,0,35,0,0,0,0,0,4,2,8
,2021-11190,39.76745352,-104.9048099,3/12/2021 11:29,11:29,12,0,0,7200 BLK E 36TH AVE & N QUEBEC ST,1,1,0,0,1,4,0,0,25,0,0,0,0,0,4,2,3
,2021-11191,39.78364751,-104.809634,3/12/2021 11:15,11:15,15,0,0,N CHAMBERS RD & E GVR BLVD,1,1,0,0,1,4,0,0,35,0,0,0,0,0,4,2,13
,2021-11192,39.77727352,-104.8827699,3/11/2021 16:46,16:46,12,0,0,I-70 & CENTRAL PARK BLVD N,1,1,0,0,1,4,0,0,55,0,0,0,0,0,1,2,13
,2021-11193,39.77840352,-104.9246299,3/12/2021 9:35,9:35,3,0,0,STAPLETON DR SE & GRAPE ST N,1,1,0,0,1,1,0,0,35,0,0,0,0,1,4,2,13
,2021-11194,39.69582354,-105.0250499,3/11/2021 15:39,15:39,12,0,1,FEDERAL BLVD S & ARIZONA AVE (RD W),1,1,0,0,1,4,0,0,35,0,0,0,0,2,2,2,13
,2021-11195,39.70571354,-104.9862899,3/11/2021 16:18,16:18,3,0,0,S LINCOLN ST & E CENTER AVE,1,1,0,0,1,1,0,0,30,0,0,0,0,0,4,2,7
,2021-11474,39.65699053,-104.866451,4/2/2021 22:49,22:49,3,0,0,HAVANA ST S & PARKER RD S,1,3,0,0,1,1,0,0,45,0,0,0,0,0,2,2,13
,2021-11663,39.67480658,-104.9361693,4/10/2021 15:53,15:53,12,0,0,E ILIFF AVE & DAYTON WAY S,1,1,0,0,1,3,0,0,45,0,0,0,0,0,4,2,13
,2021-11696,39.70194353,-104.8753399,3/28/2021 11:26,11:26,3,0,0,DAYTON ST S & ALTON WY S,1,1,0,0,1,1,0,0,20,0,0,0,0,0,4,2,13
,2021-11729,39.74743352,-104.8987399,3/20/2021 14:40,14:40,10,0,0,E MONTVIEW BLVD & N SYRACUSE ST,1,1,1,0,1,3,0,0,30,0,0,0,0,0,4,2,1
,2021-11731,39.74377752,-104.9040693,3/22/2021 10:20,10:20,6,0,0,17TH AVE E & LOGAN ST N,11,1,0,2,1,4,0,0,30,0,0,0,0,0,4,2,13
,2021-11735,39.68935353,-104.9034999,3/21/2021 6:07,6:07,12,0,0,S QUEBEC ST & E FLORIDA AVE,1,1,0,0,1,1,0,0,30,0,0,0,0,0,4,2,3
,2021-11736,39.72025354,-105.0227699,3/21/2021 12:03,12:03,3,0,0,W 2ND AVE & N DECATUR ST,1,1,0,0,1,1,0,0,25,0,0,0,0,0,4,2,16
,2021-11737,39.74018653,-104.9246269,3/21/2021 9:00,9:00,5,0,1,COLFAX AVE W & GRAPE ST N,1,1,0,0,3,4,0,0,35,0,0,0,0,2,2,1,10
,2021-11739,39.69406354,-105.0507099,3/22/2021 5:20,5:20,6,0,0,YATES ST S & LOUISIANA AVE W,9,4,0,2,1,4,0,0,25,0,0,0,0,0,4,2,16
,2021-11741,39.78290353,-105.0064099,3/21/2021 11:38,11:38,12,0,0,4700 BLK N PECOS ST & 4700 BLK N,1,1,0,0,1,3,0,0,15,0,0,0,0,0,1,2,1
,2021-11746,39.77100353,-104.9823699,3/21/2021 6:41,6:41,8,0,0,3500 BLOCK RINGSBY CT & 3500 BLK,1,1,0,0,1,4,0,0,30,0,0,0,0,0,4,2,2
,2021-11748,39.72569653,-105.0070579,3/22/2021 8:30,8:30,3,0,0,FEDERAL BLVD N & HWY 6 EB OFF RAMP,9,1,0,2,1,1,0,0,40,0,0,0,0,1,2,2,7
,2021-11749,39.74009468,-104.9035119,3/21/2021 3:38,3:38,5,0,1,I-70 & QUEBEC ST,1,4,0,0,3,4,0,1,55,0,0,0,0,2,1,1,16
,2021-11750,39.78352353,-105.0532299,2/19/2021 18:32,18:32,15,0,0,I-70 & SHERIDAN BLVD N,1,3,0,0,1,4,0,0,65,0,0,0,0,0,1,2,16
,2021-11751,39.65320154,-104.9047234,4/3/2021 18:16,18:16,3,0,0,HAMPDEN AVE E & POPLAR ST S,1,3,0,0,1,1,0,0,40,0,0,0,0,0,2,2,3
,2021-11754,39.75536353,-105.0126799,3/21/2021 21:40,21:40,5,0,0,I-25 SB EXIT GORE PT TO & 20TH ST,10,3,0,2,3,4,0,0,55,0,0,0,0,0,1,1,5
,2021-11755,39.77346152,-104.8357619,4/3/2021 19:11,19:11,5,0,0,I-70 WB GORE PT ON RAMP LOOP FROM I-225 NB & PEORIA ST N,1,2,0,0,3,8,0,0,55,0,0,0,0,0,1,1,14
,2021-11756,39.77282351,-104.79058,3/22/2021 10:15,10:15,1,0,0,E 40TH AVE & PENA BLVD INBOUND,11,1,0,0,1,1,0,0,40,0,0,0,0,0,4,2,13
,2021-11759,39.78235352,-104.8658099,3/3/2021 15:40,15:40,12,0,0,E 47TH AVE & N HAVANNA ST,1,1,0,0,1,1,0,0,40,0,0,0,0,0,4,2,3
,2021-11761,39.78233396,-104.9406389,3/21/2021 11:44,11:44,9,0,0,STAPLETON DR SE & COLORADO BLVD N,1,1,1,0,1,4,0,0,35,0,0,0,0,0,4,1,10
,2021-11767,39.77874353,-104.9792399,3/21/2021 15:30,15:30,12,0,0,4500 BLK N WASHINGTON ST & E 45TH ST,1,1,0,1,1,4,0,0,30,0,0,0,0,0,4,2,13
,2021-11768,39.83654098,-104.6718289,3/22/2021 10:24,10:24,10,0,0,7500 PENA BLVD INBD & TOWER RD,11,1,0,0,1,3,0,0,,0,0,0,0,0,4,2,7
,2021-11769,39.74033353,-105.0324499,3/21/2021 14:35,14:35,15,0,0,COLFAX AVE W & KNOX ST,1,1,0,0,1,4,0,0,30,0,0,0,0,1,2,2,3
,2021-11770,39.73684353,-104.9902299,3/22/2021 6:54,6:54,10,0,0,W 13TH AVE & N BANNOCK ST,11,1,0,2,1,1,0,0,30,0,0,0,0,0,4,2,3
,2021-11771,39.74698353,-104.9933199,3/22/2021 10:16,10:16,12,0,0,CHAMPA ST & 1600 BLK,11,1,0,0,1,4,0,0,30,0,0,0,0,0,4,2,3
,2021-11772,39.78013352,-104.9670799,3/8/2021 19:00,19:00,5,0,0,I-70 & BRIGHTON BLVD N,1,1,0,0,1,4,0,0,55,0,0,0,0,0,1,2,13
,2021-11773,39.73040353,-104.9787499,3/21/2021 13:30,13:30,12,0,0,800 BLK N WASHINGTON ST & E 8TH AVE,11,1,0,0,1,2,0,0,30,0,0,0,0,0,4,2,8
,2021-11775,39.68945354,-105.0366999,3/22/2021 3:18,3:18,5,0,0,3800 BLK FLORIDA AVE & S NEWTON ST,7,4,0,2,2,4,0,0,30,0,0,0,0,0,4,1,7
,2021-11777,39.67844653,-104.9202639,4/3/2021 13:46,13:46,12,0,0,4800 BLK E EVANS AVE & S DAHLIA ST,1,1,0,0,1,4,0,0,35,0,0,0,1,1,4,2,1
,2021-11778,39.70638353,-104.9222299,3/20/2021 14:30,14:30,5,0,0,500 BLK S HOLLY ST & E GILL PL,1,1,0,0,3,4,0,0,30,0,0,0,0,0,4,1,13
,2021-11779,39.69806354,-105.0514399,3/20/2021 12:49,12:49,5,0,0,MORRISON RD & W TENNESSEE AVE,1,1,0,0,2,2,0,0,30,0,0,0,0,0,4,1,6
,2021-11780,39.67662354,-104.9385099,3/20/2021 13:30,13:30,12,0,0,S ASH ST & E WARREN AVE,1,1,1,0,1,1,0,0,25,0,0,0,0,0,4,2,3
,2021-11781,39.74186053,-104.9709364,4/3/2021 16:49,16:49,3,0,0,PARK AVE W & LAFAYETTE,1,1,1,0,1,1,0,0,30,0,0,0,0,0,4,2,7
,2021-11782,39.77423353,-105.0017399,4/3/2021 16:10,16:10,3,0,0,W 42ND AVE & N LIPAN ST,1,1,0,0,1,1,0,0,25,0,0,0,0,1,4,2,13
,2021-11783,39.84979749,-104.6738195,4/3/2021 9:00,9:00,6,0,0,8400 PENA BLVD & 8400 BLK,1,1,0,0,1,4,0,0,15,0,0,0,0,0,4,2,13
,2021-11784,39.70393354,-105.0394999,3/18/2021 17:15,17:15,6,0,0,W EXPOSITION AVE & S PERRY ST,1,1,0,0,1,4,0,0,25,0,0,0,0,0,4,2,3
,2021-11785,39.68228054,-105.0531784,2/21/2021 15:15,15:15,3,0,0,SHERIDAN BLVD S & JEWELL AVE W,1,1,0,0,1,1,0,0,35,0,0,0,0,0,2,2,9
,2021-11786,39.69806354,-105.0514399,3/20/2021 11:30,11:30,3,0,0,MORRISON RD & TENNESSEE AVE W,1,1,1,0,1,1,0,0,30,0,0,0,0,1,4,2,13
,2021-11787,39.77320751,-104.8099085,3/17/2021 4:25,4:25,3,0,0,40TH AVE E & CHAMBERS RD N,1,1,0,0,1,1,0,0,35,0,0,0,0,0,4,2,7
,2021-11788,39.67845354,-104.9927299,4/3/2021 16:25,16:25,8,0,0,400 BLK W EVANS AVE & S DELAWARE ST,1,1,0,0,1,4,0,0,35,0,0,0,0,0,4,2,3
,2021-11807,39.77297762,-104.9789086,4/2/2021 17:50,17:50,1,0,0,20TH ST & CHESTNUT PLACE,1,1,0,0,1,1,0,0,25,0,0,0,0,0,4,2,7
,2021-11808,39.77503451,-104.809895,4/2/2021 16:55,16:55,12,0,0,N CHAMBERS RD & E ANDREWS DR,1,1,0,0,1,4,0,0,40,0,0,0,0,0,4,2,7
,2021-11809,39.72371354,-105.0324699,4/3/2021 9:34,9:34,6,0,0,450 BLK KNOX CT & W 5TH AVE,1,1,1,0,1,4,0,0,25,0,0,0,0,0,4,2,7
,2021-11811,39.77705982,-104.9701395,3/29/2021 18:00,18:00,15,0,0,I-70 & BRIGHTON BLVD N,1,1,0,0,1,4,0,0,65,0,0,0,0,0,1,2,14
,2021-11813,39.75522353,-104.9931299,4/3/2021 1:59,1:59,5,0,0,21ST ST & BLAKE ST,1,3,0,0,3,1,0,0,25,0,0,0,0,1,4,1,5
,2021-11814,39.73419352,-104.8870299,4/2/2021 22:27,22:27,8,0,0,E RICHTHOFEN PL & N XANTHIA ST,1,1,0,0,1,1,0,0,,0,0,0,0,0,4,2,13
,2021-11815,39.76781353,-105.0320099,4/2/2021 20:02,20:02,6,0,0,3718 N JULIAN ST & 3718 BLK N,1,3,0,0,1,4,0,0,30,0,0,0,0,0,4,2,13
,2021-11816,39.67485353,-104.9140799,4/2/2021 18:31,18:31,3,0,0,LOCUST ST S & ILIFF AVE E,1,1,0,0,1,1,0,0,25,0,0,0,0,0,4,2,3
,2021-11818,39.67512354,-105.0250599,3/29/2021 15:20,15:20,1,0,0,FEDERAL BLVD S & ILIFF AVE (RD W),1,1,1,0,1,1,0,0,40,0,0,0,0,1,2,2,3
,2021-11819,39.69669854,-104.9918704,4/2/2021 20:27,20:27,3,0,0,S SANTA FE DR & W MISSISSIPPI AVE,1,3,0,0,1,1,0,0,35,0,0,0,0,0,2,2,13
,2021-11821,39.88811483,-104.675484,3/29/2021 15:40,15:40,12,0,0,113TH QUEENSBURG ST & 114TH AVE,1,1,0,0,1,4,0,0,,0,0,0,0,0,4,2,3
,2021-11822,39.72025354,-105.0227699,4/2/2021 20:03,20:03,3,0,0,W 2ND AVE & N DECATUR ST,1,4,0,0,1,1,0,0,25,0,0,0,0,0,4,2,13
,2021-11823,39.63427354,-104.9070899,3/29/2021 16:31,16:31,12,0,0,I-25 & I-225 NB/EB FLYOVER,1,1,0,0,1,4,0,0,65,0,0,0,0,0,1,2,13
,2021-11825,39.75410353,-104.9928199,3/29/2021 20:32,20:32,6,0,0,MARKET ST & 20TH ST,1,3,0,0,1,4,0,0,30,0,0,0,0,0,4,2,16
,2021-11826,39.75793353,-104.9917699,3/29/2021 12:23,12:23,12,0,0,1500 BLK PARK AVE W & BLAKE ST,1,1,0,0,1,4,0,0,35,0,0,0,0,1,4,2,13
,2021-11827,39.68358014,-104.9408377,3/29/2021 1:15,1:15,5,0,0,I-25 NB ON RAMP FROM & COLORADO BLVD S,1,3,0,0,2,8,0,0,35,0,0,0,0,0,1,1,5
,2021-11828,39.72587123,-105.0112323,3/29/2021 18:41,18:41,12,0,0,I-25 NB OFF RAMP LOOP TO & HWY 6 WB,1,1,0,0,1,8,0,0,65,0,0,0,0,0,2,2,13
,2021-11829,39.75057353,-105.0416499,3/29/2021 1:00,1:00,6,0,0,RALEIGH ST N & 23RD AVE W,1,4,0,0,1,4,0,0,25,0,0,0,0,0,4,2,13
,2021-11830,39.77837352,-104.9684099,3/27/2021 12:00,12:00,2,0,0,BRIGHTON BLVD N & 44TH ST,1,1,0,0,1,2,0,0,0,1,0,0,0,1,4,2,16
,2021-11832,39.75774353,-104.9985699,3/28/2021 18:59,18:59,12,0,0,20TH ST & CHESTNUT PL,1,2,0,0,1,1,0,0,30,0,0,0,0,0,4,2,5
,2021-11833,39.86591727,-104.7150257,3/28/2021 10:30,10:30,1,0,0,N GUN CLUB RD & E 77TH AVE,1,1,0,0,1,1,0,0,45,0,0,0,0,1,4,2,8
,2021-11834,39.74019553,-105.0001549,3/29/2021 10:02,10:02,1,0,0,COLFAX AVE W & KALAMATH ST N,1,1,0,0,1,1,0,0,30,0,0,0,0,1,2,2,1
,2021-11836,39.76736352,-104.8996299,3/28/2021 18:17,18:17,3,0,0,36TH AVE E & SYRACUSE ST N,1,1,0,0,1,2,0,0,30,0,0,0,0,0,4,2,7
,2021-11837,39.77871352,-104.9222799,3/28/2021 16:06,16:06,3,0,0,STAPLETON DR NE & HOLLY ST N,1,1,0,0,1,1,0,0,30,0,0,0,0,0,4,2,14
,2021-11838,39.75687353,-104.9909899,3/26/2021 15:30,15:30,12,0,0,2200 BLK BLAKE ST & WAZEE ST,1,1,0,0,1,4,0,0,35,0,0,0,0,0,4,2,8
,2021-11841,39.69295354,-104.9593299,3/28/2021 11:15,11:15,12,0,0,S UNIVERSITY BLVD & E LOUISIANA AVE,1,1,0,0,1,1,0,0,30,0,0,0,0,1,4,2,13
,2021-11842,39.86662778,-104.6717006,3/29/2021 7:33,7:33,5,0,0,6700 BLK OF PENA BLVD & 6700 BLK,1,1,0,0,3,4,0,0,65,0,0,0,0,0,4,1,13
,2021-11844,39.73865353,-104.9775199,3/27/2021 14:00,14:00,15,0,0,CLARKSON ST N & COLFAX AVE E,1,1,0,0,1,4,0,0,35,0,0,0,0,0,4,2,8
,2021-11845,39.74516353,-105.0299399,3/28/2021 7:23,7:23,12,0,0,W 18TH AVE & N IRVING ST,1,1,0,0,1,1,0,0,25,0,0,0,0,0,4,2,3
,2021-11846,39.75667353,-104.9877599,3/27/2021 15:30,15:30,3,0,0,24TH ST & LARIMER ST,1,1,0,0,1,1,0,0,35,0,0,0,0,0,4,2,1
,2021-11847,39.70591353,-104.9214899,3/28/2021 5:00,5:00,5,0,0,600 BLK S HOLLY ST & E CENTER AVE,1,3,0,0,2,4,0,0,30,0,0,0,0,1,4,1,5
,2021-11849,39.76010353,-105.0028099,3/28/2021 15:05,15:05,12,0,0,2200 BLK 20TH ST & LITTLE RAVEN ST,1,1,1,0,1,4,0,0,30,0,0,0,0,0,4,2,13
,2021-11850,39.77701352,-104.9497799,3/28/2021 0:27,0:27,6,0,1,4300 BLK N STEELE ST & N STEELE ST,1,3,0,0,1,4,0,0,30,0,0,0,0,2,4,2,5
,2021-11851,39.74000653,-104.9873794,3/26/2021 17:15,17:15,15,0,0,COLFAX AVE E & BROADWAY ST N,1,1,0,0,1,4,0,0,35,0,0,0,0,0,2,2,1
,2021-11852,39.74323353,-104.9726799,3/29/2021 8:50,8:50,3,0,0,17TH AVE E & PARK AVE,1,1,0,0,1,1,0,0,30,0,0,0,0,0,4,2,13
,2021-11853,39.72541754,-105.0252199,3/29/2021 8:36,8:36,12,0,0,W 6TH AVE & N FEDERAL BLVD,1,1,0,0,1,1,0,0,25,0,0,0,0,0,2,2,7
,2021-11854,39.72551353,-105.0133499,3/29/2021 8:29,8:29,12,0,0,I-25 & 6TH AVE W,1,1,1,0,1,4,0,0,65,0,0,0,0,0,1,2,3
,2021-11855,39.77713352,-104.8829699,3/27/2021 14:30,14:30,12,0,0,I-70 & CENTRAL PARK BLVD N,1,1,0,0,1,4,0,0,65,0,0,0,0,0,1,2,7
,2021-11856,39.75122283,-105.0173981,3/28/2021 18:11,18:11,5,0,1,23RD AVE W & I-25 SB DISTRIBUTOR RAMP,1,1,1,0,3,1,0,0,35,0,0,0,0,2,4,1,14
,2021-11857,39.66748354,-104.9254699,3/27/2021 23:39,23:39,5,0,0,I-25 & YALE AVE E,1,3,1,0,1,4,0,0,65,0,0,0,0,0,1,1,13
,2021-11858,39.73561353,-104.8952599,3/27/2021 15:37,15:37,6,0,0,12TH AVE E & TRENTON ST N,1,1,0,0,1,4,0,0,25,0,0,0,0,0,4,2,3
,2021-11860,39.71119354,-105.0006399,3/28/2021 13:45,13:45,12,0,0,W ALAMEDA AVE & S KALAMATH ST,1,1,0,0,1,4,0,0,35,0,0,0,0,0,4,2,3
,2021-11862,39.70849354,-105.0250799,3/28/2021 13:44,13:44,12,0,0,FEDERAL BLVD S & DAKOTA AVE W,1,1,0,0,1,4,0,0,30,0,0,0,0,0,2,2,3
,2021-11863,39.72931353,-105.0158799,3/27/2021 15:55,15:55,1,0,0,W 8TH AVE & N ZUNI ST,1,1,0,0,1,1,0,0,30,0,0,0,0,0,4,2,7
,2021-11864,39.69596354,-105.0174499,3/27/2021 18:24,18:24,6,0,0,MOSIER PL W & BRYANT ST S,1,1,0,0,3,4,0,0,25,0,0,0,0,0,4,2,14
,2021-11865,39.75881353,-105.0026599,3/28/2021 14:44,14:44,11,0,1,19TH ST & LITTLE RAVEN ST,1,1,0,0,1,1,0,0,0,0,0,1,0,2,4,2,16
,2021-11866,39.74402353,-104.9696699,3/27/2021 23:13,23:13,3,0,0,HUMBOLDT ST N & 18TH AVE E,1,3,0,0,1,2,0,0,25,0,0,0,0,0,4,2,14
,2021-11868,39.76322353,-105.0080199,3/26/2021 18:14,18:14,3,0,0,33RD AVE W & QUIVAS ST N,1,1,0,0,1,1,0,0,30,0,0,0,0,1,4,2,1
,2021-11869,39.65694355,-105.0297899,3/29/2021 13:27,13:27,3,0,0,S IRVING ST & W FLOYD AVE,1,1,0,0,1,1,0,0,25,0,0,0,1,1,4,2,7
,2021-11870,39.73123353,-104.9775799,3/26/2021 12:45,12:45,6,0,0,900 BLK N CLARKSON ST & 10TH AVE,1,1,0,0,1,4,0,0,35,0,0,0,0,0,4,2,16
,2021-11871,39.71120354,-104.9983799,3/28/2021 18:53,18:53,3,0,1,ALAMEDA AVE W & KALAMATH ST S,1,2,1,0,1,1,0,0,35,0,0,0,0,2,2,2,13
,2021-11872,39.77228352,-104.9066299,3/28/2021 12:10,12:10,3,0,0,OLIVE ST N & SMITH RD E,1,1,0,0,1,1,0,0,30,0,0,0,0,0,4,2,13
,2021-11873,39.71116354,-105.0250799,3/28/2021 13:40,13:40,15,0,0,FEDERAL BLVD S & ALAMEDA AVE W,1,1,1,0,1,4,0,0,40,0,0,0,0,0,2,2,5
,2021-11874,39.77701352,-104.9497799,3/28/2021 9:35,9:35,6,0,0,4300 BLK N STEELE ST & 4300 BLK N,1,1,0,0,1,4,0,0,30,0,0,0,0,0,4,2,3
,2021-11875,39.77727352,-104.8827699,3/27/2021 19:53,19:53,12,0,0,I-70 & CENTRAL PARK BLVD N,1,3,0,0,1,4,0,0,65,0,0,0,0,0,1,2,1
,2021-11876,39.65308354,-104.9153399,3/26/2021 14:44,14:44,3,0,0,HAMPDEN AVE E & LOCUST ST S,1,1,0,0,1,1,0,0,40,0,0,0,0,0,2,2,3
,2021-11881,39.65308454,-104.8848559,3/29/2021 7:45,7:45,12,0,0,HAMPDEN AVE E & YOSEMITE ST S,1,1,0,0,1,1,0,0,35,0,0,0,0,0,2,2,14
,2021-11883,39.74999353,-104.9790399,4/2/2021 20:00,20:00,11,0,1,COURT PL & 24TH ST,1,4,0,0,1,1,0,0,,0,1,0,0,2,4,1,16
,2021-11884,39.71117354,-105.0062599,3/29/2021 16:41,16:41,12,0,0,W ALAMEDA AVE & S PECOS ST,1,1,0,0,1,4,0,0,30,0,0,0,0,1,2,2,3
,2021-11885,39.66033354,-104.9594299,4/3/2021 4:35,4:35,5,0,0,E DARTMOUTH AVE & S UNIVERSITY BLVD,1,3,0,0,3,4,0,0,35,0,0,0,0,0,4,1,2
,2021-11886,39.73684353,-104.9873799,4/4/2021 17:40,17:40,12,0,0,E 13TH AVE & N BROADWAY ST,1,1,0,0,1,1,0,0,10,0,0,0,0,0,4,2,13
,2021-11887,39.72553353,-105.0131199,4/3/2021 13:51,13:51,12,0,0,I-25 & 6TH AVE W,1,1,0,0,1,4,0,0,65,0,0,0,0,0,1,2,14
,2021-11891,39.67850354,-104.9734199,4/1/2021 8:13,8:13,3,0,0,E EVANS AVE & S DOWNING ST,1,1,0,0,1,1,0,0,35,0,0,0,0,1,4,2,13
,2021-11892,39.74488353,-104.9874099,4/1/2021 14:00,14:00,10,0,0,18TH AVE E & BROADWAY ST N,1,1,0,0,1,1,0,0,35,0,0,0,0,0,4,2,8
,2021-11893,39.67845353,-104.9251899,3/25/2021 7:49,7:49,1,0,0,EVANS AVE E & GRAPE ST S,1,1,0,0,1,1,0,0,35,0,0,0,0,0,4,2,16
,2021-11894,39.65867355,-105.0402099,4/1/2021 14:00,14:00,12,0,0,4100 BLK W ELDORADO PL & S RALEIGH ST,1,1,0,0,1,4,0,0,25,0,0,0,0,0,4,2,1
,2021-11896,39.78344353,-105.0345699,3/23/2021 10:03,10:03,5,0,0,I-70 WB OFF RAMP TO & LOWELL BLVD N,1,1,0,0,3,8,0,0,65,0,0,0,0,0,1,1,14
,2021-11897,39.65427354,-104.8987299,3/26/2021 16:52,16:52,12,0,0,3400 BLK S TAMARAC DR & E HAMPDEN AVE,1,1,0,0,1,3,0,0,30,0,0,0,0,0,4,2,8
,2021-11901,39.72923353,-104.9316099,2/10/2021 16:51,16:51,3,0,0,E 8TH AVE & N DAHLIA ST,1,1,0,0,1,1,0,0,25,0,0,0,0,0,4,2,13
,2021-11902,39.72561553,-104.9407909,3/25/2021 19:19,19:19,1,0,1,N COLORADO BLVD & E 6TH AVE,1,3,0,0,1,1,0,0,35,0,0,0,0,2,2,2,1
,2021-11906,39.75803353,-104.9894799,4/1/2021 14:12,14:12,12,0,0,BLAKE ST & 24TH ST,1,1,0,0,1,3,0,0,25,0,0,0,0,1,4,2,8
,2021-11909,39.73923353,-104.9835799,4/1/2021 15:11,15:11,10,0,0,GRANT ST N & 14TH AVE E,1,1,0,0,1,2,0,0,25,0,0,0,0,0,4,2,14
,2021-11910,39.72666353,-104.9874199,3/27/2021 0:55,0:55,5,0,0,N BROADWAY ST & E SPEER BLVD,1,3,0,0,2,3,0,0,25,0,0,0,0,1,4,1,13
,2021-11911,39.77829352,-104.9034199,3/26/2021 13:45,13:45,15,0,0,QUEBEC ST & I-70 EB OFF RAMP,1,1,1,0,1,1,0,0,40,0,0,0,0,0,4,2,13
,2021-11912,39.74893353,-104.9994799,3/24/2021 16:03,16:03,11,0,1,15TH ST & MARKET ST,1,1,0,0,1,1,0,0,25,0,1,0,0,2,4,1,1
,2021-11913,39.69650353,-104.8970399,2/11/2021 21:03,21:03,8,0,0,7800 BLK E MISSISSIPPI AVE & S PARKER RD,1,3,0,0,1,4,0,0,35,0,0,0,0,1,4,2,16
,2021-11914,39.69317354,-105.0531799,3/12/2021 17:09,17:09,3,0,0,SHERIDAN BLVD S & LOUISIANA AVE W,1,1,1,0,1,2,0,0,,0,0,0,0,0,2,2,13
,2021-11916,39.76004352,-104.8658499,3/16/2021 16:14,16:14,3,0,0,MLK BLVD E & HAVANA ST N,11,1,0,0,1,2,0,0,,0,0,0,0,0,4,2,13
,2021-11917,39.77035352,-104.8470199,4/1/2021 15:30,15:30,5,0,0,3800 BLK N PEORIA ST & E 39TH AVE,1,1,0,0,3,4,0,0,35,0,0,0,0,0,4,1,14
,2021-11918,39.77747352,-104.8829599,3/11/2021 15:50,15:50,15,0,0,CENTRAL PARK BLVD N & I-70 WB ON RAMP,1,1,0,0,1,1,0,0,45,0,0,0,0,0,4,2,8
,2021-11920,39.78306351,-104.81711,4/1/2021 18:20,18:20,3,0,0,50TH AVE E & ALTURA ST N,1,2,0,0,1,1,0,0,25,0,0,0,0,0,4,2,13
,2021-11921,39.77582352,-104.8657299,4/1/2021 8:39,8:39,12,0,0,I-70 & HAVANA ST N,1,1,0,0,1,4,0,0,65,0,0,0,0,0,1,2,7
,2021-11923,39.72395354,-105.0450799,3/23/2021 11:43,11:43,3,0,0,N UTICA ST & W 5TH AVE,1,1,0,1,1,1,0,0,25,0,0,0,0,1,4,2,1
,2021-11924,39.80033849,-104.8843294,4/1/2021 16:05,16:05,12,0,0,I-70 & CENTRAL PARK BLVD N,1,1,0,0,1,4,0,0,65,0,0,0,0,0,2,2,13
,2021-11925,39.71134153,-104.9035399,3/26/2021 6:45,6:45,1,0,1,ALAMEDA AVE E & QUEBEC ST S,1,1,0,0,1,1,0,0,35,0,0,0,0,2,4,2,16
,2021-11926,39.76115353,-105.0047599,3/23/2021 12:13,12:13,11,0,1,I-25 & 20TH ST,1,1,0,0,1,4,0,0,0,0,1,0,0,2,1,1,16
,2021-11969,39.73368353,-105.0028099,4/1/2021 9:45,9:45,3,0,0,N MARIPOSA ST & W 11TH AVE,1,1,0,0,1,1,0,0,30,0,0,0,0,1,4,2,13
,2021-11984,39.77831352,-104.9222799,3/25/2021 15:05,15:05,15,0,0,STAPLETON DR S & HOLLY ST N,1,1,0,0,1,1,0,0,25,0,0,0,0,0,4,2,13
,2021-11986,39.77967353,-104.9791499,4/1/2021 6:46,6:46,12,0,0,I-70 & WASHINGTON ST N,1,1,0,0,1,4,0,0,65,0,0,0,0,0,1,2,8
,2021-11990,39.71310353,-104.9128199,3/31/2021 16:35,16:35,3,0,0,CEDAR AVE E & MONACO ST S,1,1,0,0,1,1,0,0,30,0,0,0,0,0,4,2,3
,2021-11999,39.77967353,-104.9791499,4/1/2021 6:47,6:47,12,0,0,I-70 & WASHINGTON ST N,1,1,0,0,1,4,0,0,65,0,0,0,0,0,1,2,1
,2021-12006,39.78131351,-104.8267999,3/26/2021 17:27,17:27,15,0,0,E ANDREWS DR & N DILLON ST,1,1,0,0,1,1,0,0,30,0,0,0,0,0,4,2,13
,2021-12014,39.74321353,-104.9647499,3/31/2021 13:41,13:41,3,0,0,N HIGH ST & E 17TH AVE,1,1,0,0,1,1,0,0,25,0,0,0,0,0,4,2,14
,2021-12015,39.74015353,-105.0052299,4/1/2021 10:03,10:03,1,0,0,COLFAX AVE W & 7TH ST,1,1,1,0,1,1,0,0,30,0,0,0,0,1,2,2,13
,2021-12017,39.69849853,-104.9035984,3/31/2021 14:55,14:55,9,0,0,LEETSDALE DR & QUEBEC ST S,1,1,0,0,1,1,0,0,35,0,0,0,0,0,2,2,13
,2021-12018,39.68945354,-105.0051099,4/1/2021 7:44,7:44,1,0,0,W FLORIDA AVE & S OSAGE ST,1,1,1,0,1,1,0,0,30,0,0,0,0,0,4,2,13
,2021-12019,39.69742354,-104.9828099,3/26/2021 14:26,14:26,12,0,0,I-25 & LOGAN ST S,1,1,0,0,1,4,0,0,65,0,0,0,0,0,1,2,13