id,drcog_id,latitude,longitude,crashtime,time,crashtype,numbkilled,numbinjurd,drcoglocat,rdconditin,lightngcon,roadcntgrd,weatherco,location,roaddescrp,schoolzone,constrzone,splimit,bikeinv,pedinv,sctrinv,motoinv,svrty,rdsystem,ttlvehcls,hcf
,2021-12020,39.73203353,-104.9854799,4/1/2021 12:00,12:00,10,0,0,100 BLK E 10TH AVE & N SHERMAN ST,1,1,0,0,1,5,0,0,,0,0,0,0,0,4,2,14
,2021-12022,39.61833355,-105.0912299,3/25/2021 19:25,19:25,1,0,0,CRESTLINE AVE W & WADSWORTH BLVD S,1,3,0,0,1,1,0,0,35,0,0,0,0,1,2,2,7
,2021-12023,39.78013352,-104.9670799,4/1/2021 6:47,6:47,12,0,0,I-70 & BRIGHTON BLVD N,1,1,0,0,1,4,0,0,65,0,0,0,0,0,1,2,7
,2021-12024,39.76961353,-105.0431899,3/23/2021 2:55,2:55,5,0,0,38TH AVE W & 4301 W 38TH AVE,1,3,0,0,3,2,0,0,35,0,0,0,0,0,4,1,13
,2021-12025,39.72488353,-104.9862499,3/22/2021 18:25,18:25,12,0,0,500 BLK N LINCOLN ST & E SPEER BLVD,1,2,0,0,1,1,0,0,35,0,0,0,0,1,4,2,13
,2021-12026,39.68677354,-105.0250399,3/31/2021 18:32,18:32,12,0,0,FEDERAL BLVD S & MEXICO AVE W,1,2,1,0,1,4,0,0,35,0,0,0,0,0,2,2,13
,2021-12028,39.63827354,-104.8947799,4/1/2021 12:18,12:18,12,0,0,S TAMARAC ST & E QUINCY AVE,1,1,0,0,1,3,0,0,35,0,0,0,0,0,4,2,16
,2021-12029,39.79833351,-104.8499999,4/1/2021 7:10,7:10,15,0,1,56TH AVE E & OSWEGO ST N,1,1,0,0,1,4,0,0,40,0,0,0,0,2,4,2,2
,2021-12030,39.67827354,-104.9922399,4/1/2021 3:15,3:15,6,0,0,S DELAWARE ST & W EVANS S FRTG,1,3,0,0,1,4,0,0,25,0,0,0,0,0,4,2,4
,2021-12031,39.74617353,-104.9764799,3/31/2021 17:57,17:57,2,0,0,19TH AVE E & PARK AVE,1,1,0,0,1,1,0,0,30,1,0,0,0,0,4,2,13
,2021-12032,39.76322353,-105.0143599,3/25/2021 14:58,14:58,3,0,0,N WYANDOT ST & W 33RD AVE,1,1,0,0,1,1,0,0,25,0,0,0,0,0,4,2,13
,2021-12033,39.71120354,-104.9991199,3/26/2021 15:51,15:51,12,0,1,I-25 & ALAMEDA AVE W,1,1,0,0,1,4,0,0,65,0,0,0,0,2,1,2,13
,2021-12034,39.65401435,-105.1079537,4/1/2021 10:20,10:20,12,0,0,HAMPDEN AVE WB OFF RAMP & S SHERIDAN BLVD,1,1,0,0,1,8,0,0,35,0,0,0,0,0,4,2,7
,2021-12035,39.69763354,-105.0215499,4/1/2021 7:28,7:28,3,0,0,DALE CT S & MISSISSIPPI AVE W,1,1,0,0,1,1,0,0,30,0,0,0,0,0,4,2,13
,2021-12036,39.65310354,-104.9000599,3/31/2021 17:57,17:57,15,0,0,7900 BLK E HAMPDEN AVE & S TAMARAC ST,1,1,0,0,1,3,0,0,40,0,0,0,0,0,4,2,14
,2021-12037,39.70042354,-105.0532399,3/31/2021 19:12,19:12,1,0,0,SHERIDAN BLVD S & KENTUCKY AVE W,1,2,1,0,1,1,0,0,35,0,0,0,0,0,2,2,13
,2021-12038,39.75013353,-104.9961999,3/31/2021 16:57,16:57,6,0,0,17TH ST & LARIMER ST,1,1,0,0,1,4,0,0,30,0,0,0,0,0,4,2,8
,2021-12039,39.7512109,-105.0428121,3/25/2021 12:55,12:55,8,0,0,5200 BLK 223RD AVE & 5200 BLK,1,1,0,0,1,4,0,0,,0,0,0,0,0,4,2,8
,2021-12040,39.67472053,-104.8707799,3/24/2021 18:31,18:31,1,0,0,ILIFF AVE E & PARKER RD S,1,1,1,0,1,1,0,0,35,0,0,0,0,1,2,2,1
,2021-12041,39.73102353,-104.9382799,3/31/2021 16:15,16:15,15,0,0,E 9TH AVE & N ASH ST,1,1,0,0,1,3,0,0,25,0,0,0,0,0,4,2,3
,2021-12042,39.67731652,-104.9982901,3/31/2021 18:46,18:46,14,0,0,PLATTE RIVER DR S & WESLEY AVE W,1,2,0,0,1,4,0,0,40,0,0,0,0,1,4,2,1
,2021-12043,39.74009468,-104.9035119,3/26/2021 16:03,16:03,12,0,0,I-70 EB EXIT GORE PT TO & QUEBEC ST,1,1,0,0,1,4,0,0,65,0,0,0,0,0,1,2,13
,2021-12044,39.71390353,-104.9899699,3/25/2021 13:03,13:03,12,0,0,W MAPLE AVE & S BANNOCK ST,1,1,0,0,1,1,0,1,25,0,0,0,0,0,4,2,14
,2021-12046,39.77792197,-104.7829242,3/26/2021 21:15,21:15,12,0,0,GVR BLVD E & TELLURIDE ST N,1,3,0,0,1,4,0,0,,0,0,0,0,0,4,2,16
,2021-12047,39.68113354,-104.9593699,4/2/2021 15:21,15:21,12,0,0,1900 BLK S UNIVERSITY BLVD & E ASBURY AVE,1,1,0,0,1,4,0,0,30,0,0,0,0,0,4,2,1
,2021-12048,39.63309355,-105.0899899,3/26/2021 22:13,22:13,5,0,1,4500 BLK S BALSAM WAY & W STANFORD AVE,1,3,0,0,2,4,0,0,30,0,0,0,0,3,4,1,3
,2021-12049,39.67845354,-104.9333799,3/25/2021 15:10,15:10,1,0,0,EVANS AVE E & I-25 NB ON RAMP,1,1,0,0,1,1,0,0,35,0,0,0,0,1,1,2,7
,2021-12050,39.76738452,-104.9025184,4/1/2021 10:35,10:35,12,0,0,N QUEBEC ST & E 36TH AVE,1,1,0,0,1,3,0,0,40,0,0,0,0,0,4,2,16
,2021-12051,39.72565154,-105.0531559,3/27/2021 17:17,17:17,12,0,0,SHERIDAN BLVD N & HWY 6 EB RAMPS,1,1,1,0,1,1,0,0,35,0,0,0,0,0,2,2,13
,2021-12052,39.72260353,-104.9825899,3/25/2021 17:39,17:39,10,0,0,N LOGAN ST & E SPEER BLVD,1,1,0,0,1,1,0,0,30,0,0,0,0,0,4,2,3
,2021-12053,39.70930353,-104.9809299,3/31/2021 13:40,13:40,6,0,0,DAKOTA AVE E & PENNSYLVANIA ST S,1,1,0,0,1,4,0,0,25,0,0,0,0,0,4,2,16
,2021-12054,39.65305354,-104.88141,3/25/2021 16:45,16:45,1,0,0,HAMPDEN AVE E & AKRON ST S,1,1,0,0,1,1,0,0,45,0,0,0,0,0,2,2,3
,2021-12055,39.73685353,-104.9957099,3/27/2021 6:58,6:58,3,0,0,W 13TH AVE & N SPEER BLVD,1,1,0,0,1,1,0,0,30,0,0,0,0,1,4,2,1
,2021-12057,39.67847354,-104.9669799,3/27/2021 13:12,13:12,15,0,0,EVANS AVE E & GILPIN ST S,1,1,0,0,1,4,0,0,35,0,0,0,0,0,4,2,13
,2021-12058,39.74000653,-104.9873794,3/26/2021 21:23,21:23,3,0,0,COLFAX AVE E & BROADWAY ST N,1,3,0,0,1,1,0,0,30,0,0,0,0,0,2,2,3
,2021-12059,39.73203353,-104.9829099,4/1/2021 22:08,22:08,6,0,0,10TH AVE E & GRANT ST N,1,3,0,0,1,4,0,0,25,0,0,0,0,0,4,2,1
,2021-12060,39.90300672,-104.9388316,4/2/2021 18:37,18:37,12,0,0,COLFAX AVE E & ALBION ST (RD N),1,1,0,0,1,1,0,0,35,0,0,0,0,0,2,2,13
,2021-12061,39.72931353,-105.0148299,2/15/2021 2:57,2:57,5,1,0,I-25 NB OFF RAMP & W 8TH AVE,1,3,0,0,3,8,0,0,55,0,0,0,0,4,1,1,16
,2021-12062,39.74879353,-104.9733499,3/26/2021 18:00,18:00,6,0,0,2100 BLK N DOWNING ST & E 22ND AVE,1,2,0,0,1,4,0,0,30,0,0,0,0,0,4,2,13
,2021-12063,39.66784354,-104.9376999,3/11/2021 16:45,16:45,12,0,0,4400 BLK E YALE AVE & S CLERMONT DR,1,1,0,0,1,4,0,0,35,0,0,0,0,0,4,2,7
,2021-12064,39.66316651,-104.892418,4/2/2021 17:07,17:07,10,0,0,S VALENTIA ST & E HARBOUR DR,1,1,0,0,1,1,0,0,25,0,0,0,0,0,4,2,16
,2021-12065,39.78066351,-104.75901,3/25/2021 16:15,16:15,6,0,0,4600 BLK N FLANDERS WAY & E 47TH AVE,1,1,0,0,1,4,0,0,35,0,0,0,0,0,4,2,3
,2021-12067,39.74759353,-105.0204999,4/2/2021 18:49,18:49,2,0,0,CLAY ST N & MILE HIGH STADIUM CIR,1,1,1,0,1,4,0,0,0,1,0,0,0,1,4,2,16
,2021-12069,39.69434354,-104.9792399,3/27/2021 11:30,11:30,12,0,0,I-25 & WASHINGTON ST S,1,1,0,0,1,4,0,0,65,0,0,0,0,0,1,2,13
,2021-12070,39.72731353,-104.9601699,3/27/2021 16:46,16:46,3,0,0,N YORK ST & E 7TH ST,1,1,0,0,1,1,0,0,30,0,0,0,0,0,4,2,13
,2021-12071,39.68124354,-104.9840399,3/26/2021 23:23,23:23,6,0,0,1900 BLK S GRANT ST & E JEWELL AVE,1,4,0,0,1,4,0,0,25,0,0,0,0,0,4,2,3
,2021-12072,39.77582352,-104.8657299,4/2/2021 6:58,6:58,5,0,1,I-70 WB OFF RAMP TO & HAVANA ST N,1,1,1,0,2,8,0,0,65,0,0,0,1,2,1,1,7
,2021-12073,39.74296353,-105.0003399,4/2/2021 16:47,16:47,12,0,0,1600 BLK N SPEER BLVD & WAZEE ST,1,1,0,0,1,3,0,0,30,0,0,0,0,1,4,2,3
,2021-12075,39.69219354,-105.0249699,1/15/2021 22:21,22:21,11,1,0,FEDERAL BLVD (1300 BLK S ) & ARKANSAS AVE W,1,3,0,0,1,4,0,0,0,0,1,0,0,4,2,1,16
,2021-12080,39.74230353,-104.9993299,4/2/2021 12:11,12:11,8,0,0,N SPEER BLVD & CHAMPA ST,1,1,0,0,1,1,0,0,35,0,0,0,0,0,4,2,13
,2021-12083,39.65303353,-104.87199,4/2/2021 12:06,12:06,12,0,0,HAMPDEN AVE E & FLORENCE ST S,1,1,0,0,1,1,0,0,40,0,0,0,0,0,2,2,13
,2021-12084,39.70245353,-104.9127499,3/25/2021 17:53,17:53,12,0,0,800 BLK S MONACO ST & LEETSDALE DR,1,1,0,0,1,3,0,0,35,0,0,0,0,0,4,2,1
,2021-12085,39.75012353,-104.9840799,4/2/2021 6:35,6:35,3,0,0,22ND ST & WELTON ST,1,1,1,0,1,1,0,0,30,0,0,0,0,0,4,2,13
,2021-12086,39.62417355,-105.0937299,3/31/2021 19:30,19:30,15,0,0,8500 BLK W BELLEVIEW AVE & S DUDLEY ST,1,2,0,0,1,4,0,0,40,0,0,0,0,0,4,2,14
,2021-12088,39.70665354,-104.9965899,3/27/2021 9:50,9:50,12,0,0,I-25 NB ON RAMP FROM & HWY 85 NB,1,1,0,0,1,8,0,0,45,0,0,0,0,0,1,2,13
,2021-12089,39.76761353,-104.9753499,4/2/2021 13:29,13:29,3,0,0,WALNUT ST & 35TH ST,1,1,0,0,1,1,0,0,20,0,0,0,0,0,4,2,13
,2021-12090,39.75161353,-105.0029899,4/1/2021 14:45,14:45,11,0,1,15TH ST & WEWATTA ST,1,1,0,0,1,1,0,0,25,0,0,1,0,2,4,1,8
,2021-12091,39.74584353,-104.9597799,4/2/2021 16:42,16:42,12,0,0,1800 BLK N YORK ST & E 18TH AVE,1,1,0,0,1,3,0,0,30,0,0,0,0,1,4,2,3
,2021-12092,39.72527841,-105.1417334,4/2/2021 16:19,16:19,12,0,0,6TH AVE W & I-25,1,1,0,0,1,4,0,0,45,0,0,0,0,0,1,2,13
,2021-12093,39.78931351,-104.76447,4/1/2021 20:57,20:57,6,0,0,5150 BLK N DUNKIRK WAY & E BURLINGTON PL,1,3,0,0,1,4,0,0,25,0,0,0,0,0,4,2,3
,2021-12094,39.70665354,-104.9965899,4/1/2021 15:32,15:32,12,0,0,I-25 & SANTA FE DR S,1,1,0,0,1,4,0,0,65,0,0,0,0,0,1,2,1
,2021-12095,39.67855354,-104.9846399,4/4/2021 4:20,4:20,9,0,1,EVANS AVE E & SHERMAN ST S,1,3,1,0,1,1,0,0,30,0,0,0,0,2,4,1,1
,2021-12096,39.78013352,-104.9670799,4/3/2021 13:43,13:43,5,0,0,I-70 & BRIGHTON BLVD N,1,1,0,0,3,4,0,0,65,0,0,0,0,0,1,1,3
,2021-12097,39.74084353,-104.9873699,4/1/2021 17:00,17:00,5,0,0,BROADWAY ST N & CHEYENNE PL,1,1,0,0,2,1,0,0,35,0,0,0,0,0,4,1,3
,2021-12098,39.73293353,-105.0321299,4/3/2021 19:26,19:26,3,0,1,W 10TH AVE & N KNOX CT,1,2,0,0,1,3,0,0,35,0,0,0,0,2,4,2,13
,2021-12099,39.71808353,-104.8893599,4/3/2021 15:29,15:29,5,0,0,8200 BLK E SPORTS BLVD & E FAIRMOUNT AVE,1,1,0,0,2,4,0,0,30,0,0,0,0,0,4,1,14
,2021-12100,39.78568353,-105.0093799,3/25/2021 6:00,6:00,5,0,0,RARITAN ST N & 4901 N RARITAN ST,1,4,0,0,2,4,0,0,25,0,0,0,0,0,4,1,1
,2021-12101,39.72931353,-105.0150399,4/3/2021 22:01,22:01,12,0,0,I-25 & 8TH AVE W,1,3,0,0,1,4,0,0,,0,0,0,0,0,1,2,13
,2021-12103,39.72527841,-105.1417334,4/2/2021 10:03,10:03,12,0,0,I-25 & 6TH AVE W,1,1,0,0,1,4,0,0,65,0,0,0,0,0,1,2,3
,2021-12104,39.75931353,-104.9936899,4/1/2021 13:53,13:53,12,0,0,PARK AVE W & WEWATTA ST,1,1,0,0,1,3,0,0,35,0,0,0,0,0,4,2,13
,2021-12105,39.63957354,-104.8851,4/2/2021 8:57,8:57,12,0,0,I-225 & YOSEMITE ST S,1,1,0,0,1,4,0,0,65,0,0,0,0,0,1,2,7
,2021-12106,39.68486354,-104.9594399,4/4/2021 2:08,2:08,5,0,0,I-25 NB OFF RAMP TO & UNIVERSITY BLVD S (NB),1,3,0,0,2,8,0,0,45,0,0,0,0,0,1,1,5
,2021-12111,39.72997353,-104.9906499,4/1/2021 17:30,17:30,8,0,0,N  SPEER BLVD & N BANNOCK ST,1,1,0,0,1,1,0,0,35,0,0,0,0,0,4,2,13
,2021-12130,39.73681353,-104.9659899,4/1/2021 11:57,11:57,11,0,0,13TH AVE E & WILLIAMS ST N,1,1,0,0,1,1,0,0,25,0,1,0,0,0,4,1,1
,2021-12134,39.77766352,-104.9571399,3/10/2021 7:52,7:52,12,0,0,2500 BLK E 44TH AVE & 2500 BLK E,11,1,0,0,1,4,0,0,25,0,0,0,0,0,4,2,7
,2021-12141,39.79837151,-104.772212,4/4/2021 11:49,11:49,1,0,0,N TOWER RD & E 56TH AVE,1,1,0,0,1,1,0,0,45,0,0,0,0,0,4,2,13
,2021-12159,39.77141352,-104.9246099,4/4/2021 14:51,14:51,5,0,0,E 39TH AVE & N GRAPE ST,1,1,0,0,3,4,0,0,25,0,0,0,0,1,4,1,14
,2021-12168,39.68755354,-104.9739999,3/26/2021 17:01,17:01,12,0,0,1100 BLK E IOWA AVE & S DOWNING ST,1,1,0,0,1,4,0,0,35,0,0,0,0,0,4,2,13
,2021-12174,39.68939954,-104.9920549,3/9/2021 13:48,13:48,3,0,0,SANTA FE DR S & FLORIDA AVE W,1,1,0,0,1,1,0,0,45,0,0,0,0,0,2,2,3
,2021-12176,39.72551664,-104.9647891,3/13/2021 3:18,3:18,5,0,0,HIGH ST N & 2900 BLK,1,4,0,0,3,4,0,0,35,0,0,0,0,0,4,1,13
,2021-12189,39.73827353,-104.9372799,4/1/2021 14:04,14:04,10,0,0,E 14TH AVE & N BELLAIRE ST,1,1,0,0,1,1,0,0,30,0,0,0,0,0,4,2,13
,2021-12191,39.67847354,-104.9984999,4/4/2021 4:43,4:43,3,0,3,PLATTE RIVER DR S & EVANS AVE W,1,3,0,0,1,1,0,0,35,0,0,0,0,2,4,2,10
,2021-12196,39.78464353,-105.0092099,3/25/2021 5:54,5:54,6,0,0,4800 BLK N RARITAN ST & W 49TH ST,1,4,0,0,1,4,0,0,25,0,0,0,0,0,4,2,1
,2021-12199,39.7633086,-104.9909603,4/2/2021 8:50,8:50,12,0,0,DENARGO ST & WEWATTA ST,1,1,0,0,1,4,0,0,25,0,0,0,0,0,4,2,3
,2021-12200,39.70100354,-105.0111199,4/4/2021 1:57,1:57,6,0,0,800 BLK S TEJON ST & W OHIO AVE,1,4,0,0,1,4,0,0,25,0,0,0,0,0,4,2,3
,2021-12214,39.79530351,-104.74609,3/22/2021 21:51,21:51,5,0,0,MAXWELL PL E & KIRK ST N,1,3,0,0,1,1,0,0,30,0,0,0,0,0,4,2,9
,2021-12276,39.75950353,-104.9733099,3/31/2021 12:48,12:48,8,0,0,CALIFORNIA ST & E 30TH AVE,1,1,0,0,1,4,0,0,30,0,0,0,0,0,4,2,13
,2021-12280,39.77999352,-104.9593099,3/31/2021 7:09,7:09,12,0,0,I-70 & YORK ST N,1,1,0,0,1,4,0,0,65,0,0,0,0,1,1,2,1
,2021-12282,39.84725349,-104.67738,3/30/2021 7:34,7:34,5,0,0,PENA BLVD & 78TH AVE E,4,1,0,2,2,4,0,0,45,0,0,0,0,0,4,1,1
,2021-12285,39.72957353,-104.9406799,3/31/2021 11:15,11:15,15,0,0,COLORADO BLVD N & 8TH AVE E,1,1,0,0,1,3,0,0,35,0,0,0,0,0,1,2,8
,2021-12287,39.73527353,-104.9861099,3/31/2021 17:38,17:38,12,0,0,N LINCOLN ST & E 12TH AVE,1,1,0,0,1,4,0,0,35,0,0,0,0,0,4,2,14
,2021-12288,39.71481354,-105.0203299,3/31/2021 17:20,17:20,6,0,0,S CLAY ST & W BAYAUD AVE,1,1,1,0,1,4,0,0,25,0,0,0,0,0,4,2,3
,2021-12289,39.73980353,-104.9690399,2/6/2021 18:22,18:22,6,0,0,1526 E COLFAX AVE & 1526 BLK E,1,3,0,0,1,4,0,0,30,0,0,0,0,0,4,2,13
,2021-12290,39.69657353,-104.9593099,2/3/2021 21:35,21:35,12,0,0,E MISSISSIPPI AVE & S UNIVERSITY BLVD,11,3,0,1,1,1,0,0,25,0,0,0,0,0,4,2,14
,2021-12291,39.73385353,-104.9916399,3/31/2021 12:50,12:50,1,0,0,W 11TH AVE & N CHEROKEE ST,1,1,0,0,1,1,0,0,25,0,0,0,0,1,4,2,14
,2021-12294,39.77561352,-104.8657299,3/23/2021 14:30,14:30,12,0,0,HAVANA ST N & I-70 WB RAMPS,1,1,0,0,1,1,0,0,45,0,0,0,0,1,4,2,1
,2021-12295,39.86662778,-104.6717006,3/30/2021 7:45,7:45,5,0,0,6700 BLK PENA BLVD & OUTBOUND,4,1,0,2,3,4,0,0,65,0,0,0,0,0,4,1,13
,2021-12297,39.84979749,-104.6738195,3/31/2021 9:02,9:02,6,0,0,8500 PENA BLVD & DOOR 605,1,1,0,0,1,4,0,0,25,0,0,0,0,0,4,2,13
,2021-12298,39.74793353,-104.9860999,3/31/2021 13:33,13:33,12,0,0,N LINCOLN ST & 20TH ST,1,1,0,0,1,3,0,0,35,0,0,0,0,0,4,2,13
,2021-12299,39.71016354,-104.9965899,3/31/2021 7:05,7:05,10,0,0,SANTA FE DR S & ALAMEDA AVE W,1,1,0,0,1,2,0,0,35,0,0,0,0,0,2,2,13
,2021-12300,39.75710653,-104.9906959,3/31/2021 11:20,11:20,8,0,0,BLAKE ST & PARK AVE W,1,1,0,0,1,1,0,0,30,0,0,0,0,0,4,2,16
,2021-12301,39.74018653,-104.9234299,3/31/2021 15:46,15:46,3,0,0,COLFAX AVE E & HUDSON ST N,1,1,0,0,1,1,0,0,35,0,0,0,0,1,2,2,13
,2021-12302,39.74488353,-104.9861099,3/31/2021 19:04,19:04,6,0,1,N LINCOLN ST & E 18TH AVE,1,2,0,0,1,4,0,0,35,0,0,0,1,2,4,2,14
,2021-12303,39.69204354,-104.9558199,3/31/2021 8:30,8:30,6,0,0,1300 BLK S ELIZABETH ST & E LOUISIANA AVE,1,1,0,0,1,4,0,0,25,0,0,0,0,0,4,2,16
,2021-12305,39.74607353,-104.9684199,3/31/2021 15:30,15:30,6,0,0,E 19TH AVE & N FRANKLIN ST,1,1,1,0,1,4,0,0,25,0,0,0,0,0,4,2,13
,2021-12306,39.74850353,-105.0032499,3/30/2021 18:55,18:55,12,0,0,1700 BLK N SPEER BLVD & WEWATTA ST,1,2,0,0,1,3,0,0,30,0,0,0,0,0,4,2,13
,2021-12307,39.71831354,-105.0393299,3/25/2021 12:00,12:00,5,0,0,1ST AVE W & PERRY ST N,1,1,0,0,3,5,0,0,,0,0,0,0,0,4,1,16
,2021-12308,39.71109289,-105.0691329,3/29/2021 23:17,23:17,3,0,0,ALAMEDA AVE W & I-25 OFF RAMP,1,3,1,0,1,1,0,0,35,0,0,0,0,0,4,2,7
,2021-12309,39.68309354,-104.9405399,3/30/2021 8:10,8:10,12,0,1,COLORADO BLVD S & I-25 NB ON RAMP,11,1,1,2,1,3,0,0,35,0,0,0,0,2,2,2,13
,2021-12310,39.77420352,-104.8470299,3/31/2021 8:14,8:14,15,0,0,I-70 WB GORE PT ON RAMP LOOP FROM I-225 NB TO & PEORIA ST N,1,1,1,0,1,8,0,0,55,0,0,0,0,1,1,2,7
,2021-12311,39.63515355,-105.0838299,1/16/2021 13:27,13:27,3,0,0,STANFORD AVE W & WADSWORTH WY S,1,1,0,0,1,2,0,0,30,0,0,0,0,0,4,2,13
,2021-12312,39.8454435,-104.68077,3/30/2021 7:44,7:44,12,0,1,8000 BLK PENA BLVD OUTBOUND & LIGHT RAIL BRIDGE,4,1,1,2,1,4,0,0,45,0,0,0,0,2,4,2,13
,2021-12313,39.63427354,-104.9070899,3/30/2021 6:39,6:39,12,0,0,I-25 & I-225 NB/EB FLYOVER,7,1,0,2,1,4,0,0,65,0,0,0,0,0,1,2,13
,2021-12314,39.74743353,-104.9927099,3/30/2021 9:25,9:25,15,0,0,CHAMPA ST & 17TH ST,1,1,0,0,1,3,0,0,25,0,0,0,0,0,4,2,13
,2021-12315,39.77568352,-104.9081999,3/31/2021 5:00,5:00,6,0,0,4200 BLK N ONEIDA ST & 4200 BLK N,1,3,0,0,1,2,0,0,25,0,0,0,0,0,4,2,16
,2021-12316,39.76128695,-104.9585555,3/23/2021 15:06,15:06,15,0,0,JOSEPHINE ST N & 4200 BLK N,1,1,0,0,1,4,0,0,35,0,0,0,0,0,4,2,13
,2021-12317,39.78364751,-104.809634,3/23/2021 14:18,14:18,1,0,0,N CHAMBERS RD & E GVR BLVD,1,1,0,0,1,1,0,0,35,0,0,0,0,0,4,2,13
,2021-12318,39.63865354,-104.9039999,3/31/2021 9:23,9:23,11,0,1,QUINCY AVE E & EASTMOOR DR E,1,1,0,0,1,1,0,0,30,0,1,0,0,2,4,1,13
,2021-12319,39.77169352,-104.8726999,3/30/2021 7:45,7:45,3,0,0,9900 E 40TH AVE & 9900 BLK E,4,1,0,2,1,5,0,0,25,0,0,0,0,0,4,2,13
,2021-12320,39.75897352,-104.8903599,3/23/2021 15:51,15:51,5,0,0,N CENTRAL PARK BLVD & E 29TH PL,1,1,0,0,2,4,0,0,30,0,0,0,0,0,4,1,10
,2021-12321,39.89935675,-104.9402419,3/27/2021 18:01,18:01,12,0,0,COLORADO BLVD N & I-70,1,1,0,0,1,4,0,0,30,0,0,0,0,0,4,2,16
,2021-12322,39.77829352,-104.9034199,3/23/2021 18:00,18:00,10,0,0,QUEBEC ST & I-70 EB OFF RAMP TO,1,1,0,0,1,8,0,0,35,0,0,0,0,0,2,2,14
,2021-12323,39.75184352,-104.8899099,3/30/2021 11:40,11:40,3,0,0,CENTRAL PARK BLVD N & WABASH ST N,1,1,0,0,1,1,0,0,35,0,0,0,0,0,4,2,13
,2021-12324,39.67845353,-104.9127999,3/31/2021 9:50,9:50,14,0,0,S MONACO ST & E EVANS AVE,11,1,0,0,1,1,0,0,35,0,0,0,0,0,4,2,16
,2021-12325,39.78382353,-105.0588499,3/30/2021 16:57,16:57,5,0,0,W 48TH AVE & N EATON ST,1,1,0,0,3,4,0,0,25,0,0,0,0,0,4,1,2
,2021-12326,39.72906353,-104.9848599,3/30/2021 12:08,12:08,3,0,0,N SHERMAN ST & E 8TH AVE,1,1,1,0,1,1,0,0,25,0,0,0,0,0,4,2,13
,2021-12327,39.69218354,-105.0297099,3/30/2021 18:37,18:37,6,0,1,1300 BLK S IRVING ST & W LOUISIANA AVE,1,1,0,0,1,3,0,0,25,0,0,0,0,2,4,2,3
,2021-12328,39.77393271,-104.8657399,3/23/2021 20:31,20:31,15,0,0,I-70 & HAVANA ST N,1,3,0,0,1,4,0,0,55,0,0,0,0,0,1,2,14
,2021-12329,39.8330635,-104.70699,3/23/2021 7:20,7:20,10,0,0,75TH AVE E & GUN CLUB RD,1,1,1,0,1,4,0,0,45,0,0,0,0,0,4,2,8
,2021-12330,39.72472354,-105.0532499,3/30/2021 15:57,15:57,12,0,0,6TH AVE WB OFF SLIP RAMP & N SHERIDAN BLVD,1,1,0,0,1,3,0,0,25,0,0,0,0,0,2,2,7
,2021-12331,39.75536353,-105.0126799,3/27/2021 13:44,13:44,12,0,0,I-25 & SPEER BLVD N,1,1,0,0,1,4,0,0,55,0,0,0,0,0,1,2,13
,2021-12332,39.68040354,-105.0332299,3/30/2021 10:29,10:29,6,0,0,2000 BLK S KING ST & W EVANS AVE,1,1,0,0,1,4,0,0,25,0,0,0,0,0,4,2,3
,2021-12333,39.74016353,-104.9512699,3/29/2021 15:15,15:15,12,0,0,COLFAX AVE E & ST PAUL ST (RD N),1,1,0,0,1,1,0,0,35,0,0,0,0,0,2,2,3
,2021-12335,39.73370353,-104.9822699,3/29/2021 15:35,15:35,3,0,0,N LOGAN ST & E 11TH AVE,1,1,0,0,1,1,0,0,30,0,0,0,0,0,4,2,13
,2021-12337,39.66160353,-104.8846399,3/30/2021 17:30,17:30,3,0,0,YOSEMITE ST S & CORNELL AVE E,1,1,0,0,1,1,0,0,25,0,0,0,0,0,4,2,3
,2021-12338,39.75764352,-104.8555099,3/29/2021 16:05,16:05,12,0,0,2700 BLK N HAVANA WAY & 2700 BLK,1,1,0,0,1,4,0,0,35,0,0,0,0,0,4,2,13
,2021-12339,39.80219351,-104.76747,3/30/2021 20:10,20:10,6,0,0,BISCAY ST N & 58TH AVE E,1,4,0,0,1,4,0,0,10,0,0,0,0,0,4,2,16
,2021-12340,39.77840382,-104.9790744,3/20/2021 20:10,20:10,12,0,0,4500 BLK N WASHINGTON ST & E 45TH AVE,1,3,0,0,1,4,0,0,30,0,0,0,0,0,4,2,5
,2021-12341,39.80130594,-104.7637295,3/21/2021 11:07,11:07,5,0,0,E MAXWELL ST & N DANUBE ST,1,1,0,0,3,1,0,0,25,0,0,0,0,0,4,1,5
,2021-12342,39.75302353,-105.0532399,3/25/2021 12:28,12:28,1,0,0,BYRON PL W & SHERIDAN BLVD N,1,1,0,0,1,2,0,0,30,0,0,0,0,0,4,2,13
,2021-12343,39.70396354,-105.0430499,3/30/2021 13:54,13:54,12,0,0,W WALSH PL & MORRISON RD,1,1,0,0,1,3,0,0,25,0,0,0,0,0,4,2,3
,2021-12344,39.71123354,-104.9971264,3/20/2021 10:39,10:39,10,0,0,SANTA FE DR S & ALAMEDA AVE W,1,1,0,0,1,1,0,0,35,0,0,0,0,0,2,2,13
,2021-12345,39.74849353,-105.0032099,3/30/2021 19:08,19:08,3,0,0,AURARIA PKWY & SPEER BLVD N,1,1,0,0,1,1,0,0,30,0,0,0,0,0,4,2,13