id,drcog_id,latitude,longitude,crashtime,time,crashtype,numbkilled,numbinjurd,drcoglocat,rdconditin,lightngcon,roadcntgrd,weatherco,location,roaddescrp,schoolzone,constrzone,splimit,bikeinv,pedinv,sctrinv,motoinv,svrty,rdsystem,ttlvehcls,hcf
,2021-12346,39.68229354,-105.0203599,3/30/2021 16:30,16:30,3,0,0,W JEWELL AVE & S CLAY ST,1,1,0,0,1,1,0,0,25,0,0,0,0,0,4,2,3
,2021-12347,39.68756354,-104.9920599,3/22/2021 7:37,7:37,15,0,0,SANTA FE DR S & IOWA AVE W,11,1,0,2,1,4,0,0,65,0,0,0,0,0,2,2,5
,2021-12348,39.72558354,-105.0249099,3/16/2021 14:43,14:43,12,0,0,HWY 6 EB EXIT GORE PT TO & I-25 SB/NB,1,1,0,0,1,4,0,0,55,0,0,0,0,0,2,2,3
,2021-12349,39.71119354,-105.0006399,3/30/2021 12:46,12:46,12,0,0,W ALAMEDA AVE & S PLATTE RIVER DR,1,1,0,0,1,4,0,0,30,0,0,0,0,0,2,2,3
,2021-12350,39.79343352,-104.9035499,3/29/2021 11:20,11:20,11,0,1,QUEBEC ST N & 53RD PL E,1,1,0,0,1,1,0,0,40,0,1,0,0,2,2,1,14
,2021-12351,39.76928353,-105.0143899,3/25/2021 12:05,12:05,12,0,0,W 38TH AVE & N WYANDOT ST,1,1,1,0,1,1,0,0,35,0,0,0,0,0,4,2,16
,2021-12352,39.68008354,-104.9825299,2/26/2021 18:42,18:42,15,0,0,2000 BLK S LOGAN ST & E EVANS AVE,9,3,0,0,1,4,0,0,30,0,0,0,0,0,4,2,5
,2021-12353,39.77994352,-104.9463899,3/16/2021 8:51,8:51,15,0,0,I-70 & MADISON ST N,1,1,0,0,1,4,0,0,65,0,0,0,0,0,1,2,1
,2021-12354,39.75071353,-104.9597599,3/27/2021 10:58,10:58,12,0,0,E 23RD AVE & N YORK ST,1,1,0,0,1,1,0,0,35,0,0,0,0,0,4,2,16
,2021-12355,39.78012352,-104.9593099,3/29/2021 10:04,10:04,12,0,0,I-70 & YORK ST N,1,1,0,0,1,4,0,0,65,0,0,0,0,0,1,2,7
,2021-12490,39.66316651,-104.892418,4/19/2021 9:40,9:40,10,0,1,2155 S VALENTIA ST & 2155 BLK S,1,1,0,0,1,2,0,0,30,0,0,0,0,2,4,4,1
,2021-12504,39.75644353,-104.9898199,3/25/2021 7:45,7:45,15,0,0,MARKET ST & PARK AVE W,1,1,0,0,1,1,0,0,20,0,0,0,0,0,4,2,13
,2021-12505,39.72931353,-105.0148199,3/25/2021 13:06,13:06,15,0,0,I-25 & 8TH AVE W,1,1,1,0,1,4,0,0,55,0,0,0,0,1,1,2,3
,2021-12506,39.77401752,-104.9127784,3/25/2021 12:59,12:59,3,0,0,N MONACO ST & E SANDOWN RD,1,1,0,0,1,1,0,0,35,0,0,0,0,0,4,2,13
,2021-12507,39.68203354,-104.9430199,3/25/2021 7:45,7:45,8,0,0,E JEWELL AVE & S JACKSON ST,1,1,0,0,1,4,0,0,25,0,0,0,0,0,4,2,13
,2021-12508,39.67529354,-105.0263999,3/25/2021 7:38,7:38,12,0,0,3000 BLK W ILIFF AVE & S FEDERAL BLVD,1,1,0,0,1,4,0,0,30,0,0,0,0,0,4,2,16
,2021-12509,39.69660353,-104.8961799,3/24/2021 16:15,16:15,1,0,0,MISSISSIPPI AVE E & PARKER RD S,1,1,0,0,1,2,0,0,40,0,0,0,0,0,4,2,14
,2021-12510,39.75512353,-105.0127099,3/25/2021 8:10,8:10,12,0,0,I-25 & SPEER BLVD N,1,1,0,0,1,4,0,0,55,0,0,0,0,0,1,2,13
,2021-12511,39.68278354,-104.9594099,3/25/2021 7:52,7:52,15,0,0,UNIVERSITY BLVD S & BUCHTEL BLVD E,1,1,0,0,1,1,0,0,35,0,0,0,0,0,4,2,8
,2021-12512,39.74005353,-104.9861299,3/7/2021 13:23,13:23,1,0,1,COLFAX AVE E & LINCOLN ST N,1,1,0,0,1,1,0,0,35,0,0,0,1,3,4,2,1
,2021-12513,39.65308454,-104.8848559,3/24/2021 21:19,21:19,1,0,0,HAMPDEN AVE E & YOSEMITE ST S,1,3,0,0,1,1,0,0,40,0,0,0,0,0,2,2,7
,2021-12514,39.76443353,-105.0166299,3/25/2021 9:44,9:44,6,0,0,2400 BLK W 34TH AVE & N ZUNI ST,1,1,0,0,1,4,0,0,,0,0,0,0,0,4,2,16
,2021-12515,39.70199354,-104.9827799,3/25/2021 11:14,11:14,12,0,0,S LOGAN ST & E OHIO AVE,1,1,0,0,1,4,0,0,30,0,0,0,0,0,4,2,13
,2021-12516,39.77979352,-104.9517999,3/25/2021 7:35,7:35,5,0,0,I-70 EB OFF RAMP [GORE PT] & VASQUEZ BLVD N / STEELE ST,1,1,0,0,2,8,0,1,55,0,0,0,0,0,1,1,7
,2021-12517,39.74018353,-104.9562599,3/25/2021 7:19,7:19,12,0,0,COLFAX AVE E & ELIZABETH ST N,1,2,0,0,1,1,0,0,30,0,0,0,0,0,2,2,14
,2021-12518,39.72539263,-105.014011,3/24/2021 23:43,23:43,5,0,2,I-25 SB OFF RAMP LOOP TO & HWY 6 EB,1,3,0,0,3,8,0,0,30,0,0,0,0,1,1,1,3
,2021-12519,39.65304354,-104.87565,3/15/2021 15:00,15:00,12,0,0,HAMPDEN AVE E & DAYTON ST S,1,1,0,0,1,1,0,0,35,0,0,0,0,0,2,2,5
,2021-12520,39.69491354,-105.0309899,3/4/2021 22:19,22:19,6,0,1,ARIZONA AVE W & KNOX CT S,1,3,0,0,1,4,0,0,25,0,0,0,0,2,4,2,7
,2021-12521,39.74444353,-104.9948499,3/24/2021 21:22,21:22,5,0,1,STOUT ST & 1400 BLK,1,1,0,0,2,4,0,0,30,0,0,0,0,2,4,1,2
,2021-12522,39.69847354,-104.9956299,3/23/2021 17:34,17:34,6,0,0,W TENNESSE AVE & S GALAPAGO ST,1,1,0,0,1,4,0,0,25,0,0,0,0,0,4,2,3
,2021-12523,39.71213354,-104.9923699,3/23/2021 19:15,19:15,1,0,0,S CHEROKEE ST & W BYERS PL,1,1,0,0,1,1,0,0,25,0,0,0,0,0,4,2,3
,2021-12524,39.68009354,-104.9406699,3/23/2021 18:15,18:15,15,0,0,COLORADO BLVD S & BUCHTEL BLVD E,1,1,0,0,1,1,0,0,35,0,0,0,0,0,2,2,3
,2021-12525,39.65310354,-104.9047099,3/23/2021 15:15,15:15,15,0,0,HAMPDEN AVE E & POPLAR ST S,1,1,0,0,1,1,0,0,35,0,0,0,0,0,2,2,3
,2021-12527,39.72539263,-105.014011,3/24/2021 10:07,10:07,5,0,0,I-25 SB OFF RAMP LOOP TO & HWY 6 EB,11,1,0,0,3,8,0,0,55,0,0,0,0,0,1,1,7
,2021-12528,39.77703352,-104.8800199,3/23/2021 16:02,16:02,12,0,0,I-70 & I-270 OVERPASS,11,1,0,2,1,4,0,0,55,0,0,0,0,0,1,2,13
,2021-12529,39.69635653,-104.8974019,3/24/2021 10:05,10:05,12,0,0,E MISSISSIPPI AVE & S PARKER RD,1,1,0,0,1,3,0,0,35,0,0,0,0,0,2,2,13
,2021-12530,39.73038354,-105.0532299,4/2/2021 15:25,15:25,12,0,0,SHERIDAN BLVD N & 800 BLK N,1,1,0,0,1,4,0,0,35,0,0,0,0,0,2,3,16
,2021-12531,39.78010353,-104.9895499,4/2/2021 17:13,17:13,12,0,0,I-70 & I-25,1,1,0,0,1,4,0,0,55,0,0,0,0,1,1,3,1
,2021-12533,39.71119754,-105.0251704,3/23/2021 15:55,15:55,15,0,0,FEDERAL BLVD S & ALAMEDA AVE W,1,1,0,0,1,3,0,0,40,0,0,0,0,0,2,2,3
,2021-12534,39.63865354,-104.8992799,3/23/2021 16:30,16:30,3,0,0,SYRACUSE ST S & QUINCY AVE E,1,1,0,0,1,1,0,0,30,0,0,0,0,0,4,2,3
,2021-12535,39.71119754,-105.0251704,3/23/2021 13:20,13:20,12,0,0,W ALAMEDA AVE & S FEDERAL BLVD,1,1,0,0,1,4,0,0,30,0,0,0,0,0,2,2,7
,2021-12536,39.72645353,-104.9874199,3/23/2021 23:41,23:41,8,0,1,600 BLK N BROADWAY ST & E 6TH AVE,9,3,0,2,1,4,0,0,25,0,0,0,0,2,4,2,5
,2021-12538,39.65304354,-104.9266599,4/2/2021 14:42,14:42,12,0,1,HAMPDEN AVE E & GLENCOE ST (RD N),1,1,0,0,1,3,0,0,30,0,0,0,0,2,2,4,13
,2021-12539,39.68226354,-105.0250299,3/23/2021 12:21,12:21,15,0,0,FEDERAL BLVD S & JEWELL AVE W,1,1,0,0,1,3,0,0,40,0,0,0,0,0,2,2,3
,2021-12540,39.7787545,-104.8704253,3/23/2021 10:04,10:04,12,0,0,E 45TH AVE & N HOLLY ST,1,1,0,0,1,1,0,0,30,0,0,0,0,0,4,2,13
,2021-12541,39.71842354,-104.9985699,3/23/2021 14:05,14:05,2,0,0,SANTA FE DR N & 1ST AVE W,1,1,0,0,1,4,0,0,0,1,0,0,0,1,4,2,16
,2021-12542,39.72560353,-104.9588699,3/19/2021 0:14,0:14,3,0,0,E 6TH AVE & N JOSEPHINE ST,1,3,0,0,1,1,0,0,30,0,0,0,0,0,4,2,13
,2021-12543,39.78589351,-104.77212,3/30/2021 14:30,14:30,8,0,0,N TOWER RD & E 49TH AVE,1,1,0,0,6,1,0,0,45,0,0,0,0,0,4,4,7
,2021-12544,39.80711051,-104.8846489,3/27/2021 16:43,16:43,12,0,0,I-70 EB EXIT GORE PT TO & CENTRAL PARK BLVD,1,1,0,0,1,4,0,0,55,0,0,0,0,0,1,3,13
,2021-12545,39.65969955,-105.0662329,3/30/2021 20:50,20:50,6,0,0,JAY ST & DARTMOUTH AVE W,1,3,0,0,1,4,0,0,20,0,0,0,0,0,4,3,5
,2021-12546,39.68984884,-104.9734276,3/31/2021 17:00,17:00,12,0,0,DOWNING ST S & I-25 SB ON RAMP,1,1,0,0,1,4,0,0,55,0,0,0,0,0,1,3,14
,2021-12547,39.76193052,-104.9027344,3/31/2021 10:04,10:04,12,0,0,E MLK BLVD & N QUEBEC ST,1,1,0,0,1,1,0,0,35,0,0,0,0,0,4,3,16
,2021-12548,39.77939353,-104.9791399,3/30/2021 15:03,15:03,1,0,0,WASHINGTON ST N & I-70 EB ON RAMP,1,1,1,0,1,1,0,0,35,0,0,0,0,1,4,2,16
,2021-12549,39.77656353,-105.0532299,3/31/2021 11:44,11:44,1,0,0,FEDERAL BLVD N & 44TH AVE W,1,1,1,0,1,1,0,0,35,0,0,0,0,1,2,2,13
,2021-12550,39.69660353,-104.8961799,3/29/2021 17:40,17:40,3,0,0,MISSISSIPPI AVE E & 7900 BLK E,1,1,0,0,1,2,0,0,35,0,0,0,0,0,4,3,3
,2021-12551,39.68309354,-104.9405399,4/1/2021 16:40,16:40,12,0,0,I-25 & COLORADO BLVD S,1,1,0,0,1,4,0,0,55,0,0,0,0,0,1,3,13
,2021-12552,39.74197353,-105.0145799,3/31/2021 11:38,11:38,12,0,0,I-25 & AURARIA PKWY,1,1,0,0,1,4,0,0,55,0,0,0,0,0,1,3,13
,2021-12553,39.71120354,-104.9991199,4/2/2021 11:03,11:03,12,0,0,I-25 & ALAMEDA AVE W,1,1,0,0,1,4,0,0,55,0,0,0,0,0,1,3,13
,2021-12555,39.74033353,-105.0393099,4/2/2021 9:33,9:33,3,0,0,COLFAX AVE W & PERRY ST N,1,1,1,0,1,1,0,0,30,0,0,0,0,1,2,2,13
,2021-12712,39.66021353,-104.86363,3/19/2021 15:34,15:34,12,0,0,10700 BLK E DARTMOUTH AVE & S HAVANA ST,1,1,0,0,1,4,0,0,35,0,0,0,0,0,4,2,1
,2021-12727,39.79840751,-104.7872825,4/2/2021 18:30,18:30,12,0,0,E 56TH AVE & PENA BLVD OUTBOUND,1,1,0,0,1,4,0,0,40,0,0,0,0,0,4,3,13
,2021-12736,39.71009353,-104.8706499,3/23/2021 7:42,7:42,3,0,0,GALENA WY S & ALAMEDA AVE E,1,1,0,0,1,1,0,0,40,0,0,0,0,0,4,2,13
,2021-12751,39.76728352,-104.9025199,3/23/2021 12:43,12:43,10,0,0,3500 BLK N QUEBEC ST & E 36TH AVE,1,1,0,0,1,2,0,0,35,0,0,0,0,0,4,3,7
,2021-12765,39.73847353,-105.0322599,3/22/2021 7:45,7:45,13,0,0,14TH AVE W & KNOX CT N,7,1,0,2,1,1,0,0,30,0,1,0,0,1,4,1,13
,2021-12766,39.77827352,-104.9128699,3/22/2021 12:59,12:59,12,0,0,I-70 & MONACO ST N,1,1,0,0,1,4,0,0,55,0,0,0,0,1,1,3,1
,2021-12767,39.77838353,-105.0392399,3/13/2021 3:52,3:52,6,0,0,N PERRY ST & W 45TH AVE,1,3,0,0,1,14,0,0,30,0,0,0,0,0,4,3,13
,2021-12768,39.69356354,-104.9792499,3/22/2021 17:15,17:15,12,0,0,E BUCHTEL BLVD & S WASHINGTON ST,1,1,0,0,1,3,0,0,25,0,0,0,0,0,4,3,3
,2021-12769,39.76253353,-104.9784299,3/20/2021 0:37,0:37,10,0,0,31ST ST & LAWRENCE ST,1,3,0,0,1,1,0,0,25,0,0,0,0,0,4,3,1
,2021-12771,39.73850678,-104.9126153,4/3/2021 12:17,12:17,12,0,0,EB E 14TH AVE & N GLENCOE ST,1,1,0,0,1,1,0,0,30,0,0,0,0,0,4,3,13
,2021-12772,39.72903353,-104.9899299,3/21/2021 9:53,9:53,3,0,0,W 8TH AVE & N SPEER BLVD,1,1,0,0,1,1,0,0,30,0,0,0,0,1,4,3,8
,2021-12773,39.75536353,-105.0126799,3/24/2021 12:32,12:32,12,0,0,I-25 & SPEER BLVD N,1,1,0,0,1,4,0,0,55,0,0,0,0,1,1,3,13
,2021-12775,39.72579554,-105.0533449,3/27/2021 19:54,19:54,12,0,0,6TH AVE W & SHERIDAN BLVD N,1,3,0,0,1,4,0,0,55,0,0,0,0,1,2,3,13
,2021-12776,39.75383353,-104.9634499,4/1/2021 10:00,10:00,6,0,0,2500 BLK N RACE ST & E 25TH AVE,1,1,0,0,1,4,0,0,25,0,0,0,0,0,4,3,14
,2021-12777,39.79756351,-104.8236199,4/3/2021 18:10,18:10,3,0,0,RANDOLPH PL E & BLACKHAWK WY N,1,1,0,0,1,1,0,0,25,0,0,0,0,0,4,3,1
,2021-12778,39.74084353,-104.9810599,2/11/2021 18:25,18:25,6,0,0,PENNSYLVANIA ST N & COLFAX AVE E,1,3,0,0,1,4,0,0,25,0,0,0,0,0,4,3,14
,2021-12779,39.72571354,-105.0174999,3/28/2021 15:13,15:13,12,0,0,6TH AVE W & ALCOTT ST N,1,1,0,0,1,4,0,0,55,0,0,0,0,0,2,3,3
,2021-12780,39.76828447,-104.9416819,3/28/2021 1:40,1:40,6,0,0,17TH AVE E & HARRISON ST N,1,3,0,0,6,4,0,0,25,0,0,0,0,0,4,3,5
,2021-12781,39.73605353,-104.9873899,3/28/2021 14:10,14:10,15,0,0,BROADWAY ST N & 12TH AVE E,1,1,0,0,1,4,0,0,30,0,0,0,1,1,4,2,13
,2021-12782,39.63799248,-104.912672,3/25/2021 8:08,8:08,12,0,0,I-70 & MONACO ST,1,1,0,0,1,4,0,0,55,0,0,0,0,0,1,3,14
,2021-12783,39.76867353,-104.9662699,3/29/2021 2:22,2:22,6,0,0,WILLIAMS ST N & 3725 N WILLIAMS ST,1,3,0,0,6,4,0,0,,0,0,0,0,1,4,4,5
,2021-12784,39.75212353,-104.9866699,3/27/2021 2:38,2:38,6,0,0,22ND ST & CHAMPA ST,1,3,0,0,1,4,0,0,,0,0,0,0,0,4,3,16
,2021-12785,39.70734354,-105.0389099,1/30/2021 5:20,5:20,6,0,0,3901 MORRISON RD & S OSCEOLA ST,1,3,0,0,1,4,0,0,30,0,0,0,0,0,4,3,14
,2021-12786,39.71861353,-104.9222499,3/26/2021 14:50,14:50,12,0,0,100 BLK N HOLLY ST & E 1ST AVE,1,1,0,0,1,3,0,0,30,0,0,0,0,0,4,4,3
,2021-12787,39.72558354,-105.0251299,3/24/2021 14:33,14:33,12,0,1,FEDERAL BLVD N & HWY 6 EB ON RAMP,1,1,0,0,1,1,0,0,40,1,0,0,0,2,2,3,3
,2021-12788,39.72931353,-105.0139799,4/1/2021 13:07,13:07,10,0,0,N WYANDOT ST & W 8TH AVE,1,1,0,0,1,1,0,0,35,0,0,0,0,0,4,2,1
,2021-12789,39.77420352,-104.8470299,3/26/2021 14:45,14:45,12,0,0,I-70 & PEORIA ST N,1,1,0,0,1,4,0,0,55,0,0,0,0,1,1,3,4
,2021-12790,39.71110353,-104.9757299,3/25/2021 11:45,11:45,3,0,0,S OGDEN ST & E ALAMEDA AVE,1,1,0,0,1,1,0,0,30,0,0,0,0,0,4,3,13
,2021-12791,39.70145354,-104.9875199,3/24/2021 17:53,17:53,12,0,0,I-25 & BROADWAY ST S,1,1,1,0,1,4,0,0,65,0,0,0,0,0,1,3,1
,2021-12792,39.86662778,-104.6717006,3/29/2021 14:34,14:34,1,0,1,GVR BLVD & PENA BLVD,1,1,0,0,1,1,0,0,45,0,0,0,0,1,4,2,1
,2021-12793,39.65537353,-104.86954,4/2/2021 21:05,21:05,11,0,1,GIRARD AVE E & GALENA ST S,1,4,0,0,1,4,0,0,25,0,1,0,0,1,4,2,3
,2021-12794,39.74999353,-105.0252599,4/3/2021 15:15,15:15,15,0,0,FEDERAL BLVD N & 21ST AVE W,1,1,0,0,1,4,0,0,35,0,0,0,0,0,2,3,16
,2021-12795,39.69656353,-104.9405999,3/23/2021 17:40,17:40,12,0,0,E MISSISSIPPI AVE & S COLORADO BLVD,1,1,0,0,1,3,0,0,25,0,0,0,0,0,2,3,3
,2021-12796,39.77140352,-104.8485199,2/1/2021 17:30,17:30,12,0,0,E 39TH AVE & N PARIS ST,1,3,0,0,1,4,0,0,35,0,0,0,0,0,4,4,16
,2021-12797,39.75128353,-105.0167799,3/31/2021 14:02,14:02,1,0,0,23RD AVE W & I-25 SB DISTRIBUTOR RAMP,1,1,1,0,1,1,0,0,30,0,0,0,0,0,4,3,13
,2021-12798,39.66947354,-104.9846099,3/23/2021 7:50,7:50,3,0,0,VASSAR AVE E & SHERMAN ST S,1,1,1,0,1,5,0,0,15,0,0,0,0,0,4,2,13
,2021-12799,39.78039353,-105.0011399,2/23/2021 13:50,13:50,16,0,0,1127 W 46TH AVE & 1127 BLK W,1,1,1,0,5,7,0,0,30,0,0,0,0,0,3,1,16
,2021-12801,39.72536353,-105.0085699,3/29/2021 14:47,14:47,12,0,0,1700 BLK W 6TH AVE & N OSAGE ST,1,1,1,0,1,4,0,0,35,0,0,0,0,1,4,3,13
,2021-12803,39.75131353,-105.0165199,3/18/2021 1:04,1:04,5,0,0,I-25 & 23RD AVE W,1,3,0,0,2,4,0,0,55,0,0,0,0,0,4,4,16
,2021-12804,39.78013352,-104.9670799,3/29/2021 9:42,9:42,12,0,0,I-70 & BRIGHTON BLVD N,1,1,0,0,1,4,0,1,55,0,0,0,0,0,1,5,14
,2021-12806,39.75644353,-104.9898199,3/24/2021 10:44,10:44,6,0,0,PARK AVE W & MARKET ST,1,1,0,0,1,4,0,0,30,0,0,0,0,0,4,3,14
,2021-12807,39.79840351,-104.77494,3/25/2021 20:05,20:05,12,0,0,18400 BLK E 56TH AVE & N TOWER RD,1,3,0,0,1,4,0,0,40,0,0,0,0,1,4,4,3
,2021-12808,39.73527353,-104.9861099,3/24/2021 18:20,18:20,12,0,0,N LINCOLN ST & E 12TH AVE,1,1,0,0,1,3,0,0,30,0,0,0,0,0,4,3,3
,2021-12809,39.8282535,-104.78195,3/24/2021 14:28,14:28,6,0,0,7000 BLK PENA BLVD INBOUND & 7000 BLK,1,1,0,0,1,4,0,0,,0,0,0,0,0,4,4,13
,2021-12810,39.63957354,-104.8851,3/23/2021 8:12,8:12,12,0,0,I-225 & YOSEMITE ST S,1,1,0,0,1,4,0,0,55,0,0,0,0,0,1,2,14
,2021-12811,39.74005883,-104.9793015,3/23/2021 9:55,9:55,15,0,0,COLFAX AVE E & COLORADO BLVD N,1,1,0,0,1,3,0,0,35,0,0,0,0,0,4,2,7
,2021-12813,39.76927353,-105.0158599,3/23/2021 12:27,12:27,12,0,0,W 38TH AVE & N ZUNI ST,1,1,0,0,1,4,0,0,35,0,0,0,0,0,4,2,13
,2021-12814,39.75507353,-104.9880899,3/23/2021 8:05,8:05,3,0,0,PARK AVE W & LAWRENCE ST,1,1,0,0,1,1,0,0,30,0,0,0,0,1,4,2,14
,2021-12815,39.69782353,-104.9015999,3/23/2021 10:30,10:30,12,0,0,PARKER RD S & QUEBEC ST S,1,1,0,0,1,4,0,0,35,0,0,0,0,0,2,2,13
,2021-12816,39.73864353,-105.0251699,3/23/2021 9:56,9:56,15,0,0,FEDERAL BLVD N & 14TH AVE W,1,1,1,0,1,4,0,0,35,0,0,0,0,0,2,2,13
,2021-12818,39.74684353,-104.9873899,3/23/2021 9:46,9:46,15,0,0,1900 BLK N BROADWAY ST & 1900 BLK N,1,1,0,0,1,4,0,0,30,0,0,0,0,0,4,2,7
,2021-12819,39.67846354,-104.9652199,3/22/2021 18:15,18:15,3,0,0,E EVANS AVE & S HIGH ST,11,1,0,0,1,1,0,0,30,0,0,0,0,0,4,2,3
,2021-12820,39.73683264,-104.9970729,3/23/2021 12:07,12:07,5,0,0,1300 BLK N GALAPAGO ST & N SPEER BLVD,1,1,0,0,3,4,0,0,30,0,0,0,0,0,4,1,15
,2021-12822,39.79009279,-104.8376288,3/23/2021 3:14,3:14,6,0,0,5000 BLK N UPTON CT & E 51ST AVE,1,3,0,0,1,4,0,0,25,0,0,0,0,0,4,2,1
,2021-12823,39.77994352,-104.9404999,3/23/2021 9:59,9:59,15,0,0,I-70 & COLORADO BLVD N,1,1,0,0,1,4,0,0,55,0,0,0,0,0,1,2,13
,2021-12825,39.76919327,-104.8366076,3/23/2021 7:00,7:00,6,0,0,E 38TH AVE & LOCUST ST,1,1,0,0,1,3,0,0,30,0,0,0,0,0,4,2,14
,2021-12827,39.78362051,-104.7722075,3/23/2021 8:30,8:30,1,0,0,N TOWER RD & E GVR BLVD,1,1,0,0,1,1,0,0,35,0,0,0,0,1,4,2,13
,2021-12828,39.74378352,-104.9034499,3/23/2021 6:37,6:37,12,0,0,N QUEBEC ST & E 17TH AVE,1,4,0,0,1,1,0,0,30,0,0,0,0,0,4,2,14
,2021-12920,39.73288353,-104.9034499,3/22/2021 14:00,14:00,12,0,0,E 11TH AVE & N QUEBEC ST,1,1,0,0,1,3,0,0,30,0,0,0,0,0,4,2,3
,2021-12922,39.75932353,-105.0087399,3/21/2021 10:01,10:01,5,0,0,17TH ST & 2500 BLK,1,3,2,0,2,4,0,0,25,0,0,0,0,0,4,1,16
,2021-12934,39.73998353,-104.9634599,3/23/2021 7:20,7:20,3,0,0,E COLFAX AVE & N RACE ST,1,1,0,0,1,1,0,0,30,0,0,0,0,0,4,2,7
,2021-12935,39.65308354,-104.9129199,3/23/2021 7:35,7:35,3,0,2,HAMPDEN AVE E & MONACO ST S,1,1,0,0,1,1,0,0,30,0,0,0,0,2,2,2,16
,2021-12940,39.71622971,-104.9080715,3/21/2021 3:13,3:13,5,0,0,LOWRY BLVD E & UINTA ST N,1,3,0,0,2,6,0,0,30,0,0,0,0,0,4,1,14
,2021-12941,39.67512354,-105.0250599,3/22/2021 16:39,16:39,1,0,1,FEDERAL BLVD S & ILIFF AVE (RD W),1,1,0,0,1,2,0,0,40,0,0,0,0,2,2,2,7
,2021-12942,39.78362951,-104.791364,1/28/2021 17:45,17:45,12,0,0,PENA BLVD & GVR BLVD E,1,2,0,0,1,3,0,0,35,0,0,0,0,0,4,2,13
,2021-12943,39.76715353,-105.0025899,3/11/2021 13:00,13:00,6,0,0,1400 BLK WYNKOOP ST & 15TH ST,1,1,0,0,1,4,0,0,35,0,0,0,0,0,4,2,1
,2021-12944,39.69475353,-104.9406199,3/22/2021 16:30,16:30,15,0,0,COLORADO BLVD S & ARIZONA AVE E,1,1,0,0,1,1,0,0,35,0,0,0,0,0,2,2,3
,2021-12945,39.77475353,-105.0451399,3/2/2021 18:07,18:07,6,0,0,UNTICA ST N & 43RD AVE W,1,4,0,0,1,4,0,0,25,0,0,0,0,0,4,2,16
,2021-12946,39.78363089,-104.9023694,3/16/2021 13:45,13:45,12,0,0,N QUEBEC ST & N SAND CREEK RD,10,1,0,0,1,4,0,0,40,0,0,0,0,0,2,2,3
,2021-12947,39.70662354,-104.9875799,3/22/2021 14:53,14:53,12,0,0,BROADWAY ST S & VIRGINIA AVE E,1,1,0,0,1,4,0,0,30,0,0,0,0,0,4,2,7
,2021-12948,39.62378354,-104.9016999,3/22/2021 16:10,16:10,15,0,0,I-25 & BELLEVIEW AVE E,1,1,0,0,1,4,0,0,55,0,0,0,0,0,1,2,7
,2021-12949,39.77101353,-104.9907699,3/22/2021 12:19,12:19,6,0,0,LARIMER ST & 21ST ST,11,1,0,0,1,4,0,0,30,0,0,0,0,0,4,2,13
,2021-12950,39.74739353,-104.9320499,3/18/2021 17:53,17:53,12,0,0,MONTVIEW BLVD E & DAHLIA ST N,1,1,0,0,1,1,0,0,35,0,0,0,0,0,4,2,3
,2021-12951,39.73284352,-104.8870399,3/22/2021 15:10,15:10,15,0,0,E 11TH AVE & N XANITHA ST,1,1,0,0,1,1,0,0,35,0,0,0,0,0,4,2,13
,2021-12952,39.77967353,-104.9791499,4/1/2021 6:47,6:47,12,0,0,I-70 & WASHINGTON ST N,1,1,0,0,1,4,0,0,55,0,0,0,0,0,1,2,14
,2021-12954,39.73904352,-104.8855199,3/26/2021 7:56,7:56,12,0,0,1420 N XENIA ST & 1420 BLK N,1,1,0,0,1,5,0,0,10,0,0,0,0,0,4,2,13
,2021-12955,39.72931353,-105.0150399,3/25/2021 21:24,21:24,11,0,1,I-25 & 8TH AVE W,1,3,0,0,1,4,0,0,0,0,1,0,0,2,1,1,16
,2021-12956,39.80482352,-105.0237499,3/26/2021 8:55,8:55,15,0,0,2900 BLK W 26TH AVE & N FEDERAL BLVD,1,1,0,0,1,4,0,0,30,0,0,0,0,0,4,2,13
,2021-12957,39.74014353,-104.9459399,3/26/2021 13:06,13:06,15,0,0,COLFAX AVE E & MONROE ST N,1,1,0,0,1,4,0,0,35,0,0,0,0,0,2,2,13
,2021-12958,39.62377354,-104.9013999,3/26/2021 14:25,14:25,12,0,0,I-25 & BELLEVIEW AVE E,1,1,0,0,1,4,0,0,35,0,0,0,0,0,1,2,3
,2021-12959,39.76538652,-104.9026039,3/26/2021 11:50,11:50,3,0,1,E 35TH AVE & N QUEBEC ST,1,1,0,0,1,1,0,0,40,0,0,0,0,2,4,2,6
,2021-12960,39.72561553,-104.9407909,3/22/2021 7:30,7:30,15,0,0,COLORADO BLVD N & 6TH AVE W,9,2,0,2,1,4,0,0,35,0,0,0,0,0,2,2,16
,2021-12961,39.76975353,-105.0252299,3/25/2021 10:27,10:27,10,0,0,FEDERAL BLVD N & 38TH AVE W,1,1,0,0,1,2,0,0,35,0,0,0,0,0,2,2,13
,2021-12962,39.73526353,-104.9945499,3/24/2021 16:00,16:00,12,0,0,N SPEER BLVD & W 12TH AVE,1,1,0,0,1,3,0,0,30,0,0,0,0,0,4,2,3
,2021-12963,39.65311154,-104.8988149,4/1/2021 7:06,7:06,3,0,0,HAMPDEN AVE E & TAMARAC DR S,1,1,0,0,1,1,0,0,35,0,0,0,0,0,2,2,13
,2021-12964,39.84979749,-104.6738195,3/24/2021 5:43,5:43,16,0,0,PENA BLVD & LEVEL 4 EAST,11,3,1,0,5,4,0,0,25,0,0,0,0,0,3,1,7