id,drcog_id,latitude,longitude,crashtime,time,crashtype,numbkilled,numbinjurd,drcoglocat,rdconditin,lightngcon,roadcntgrd,weatherco,location,roaddescrp,schoolzone,constrzone,splimit,bikeinv,pedinv,sctrinv,motoinv,svrty,rdsystem,ttlvehcls,hcf
,2021-14148,39.72341353,-104.9837799,5/25/2021 18:00,18:00,15,0,0,E SPEER BLVD & N GRANT ST,1,1,0,0,1,1,0,0,30,0,0,0,0,0,4,2,13
,2021-14149,39.72630354,-105.0423799,6/2/2021 23:59,23:59,6,0,0,612 N STUART ST & 612 BLK N,1,3,0,0,1,4,0,0,30,0,0,0,0,0,4,2,14
,2021-14150,39.77713352,-104.8829699,6/14/2021 17:18,17:18,12,0,0,I-70 EB & N CENTRAL PARK BLVD,1,1,0,0,1,4,0,0,55,0,0,0,0,0,1,2,7
,2021-14151,39.8382935,-104.67188,6/16/2021 13:50,13:50,12,0,0,7800 PENA BLVD INBOUND & 7800 BLK,1,1,0,0,1,4,0,0,,0,0,0,0,0,4,3,7
,2021-14152,39.70665354,-104.9965899,6/16/2021 18:30,18:30,15,0,0,S SANTA FE DR & I-25 NB,1,1,0,0,1,4,0,0,55,0,0,0,0,0,2,2,14
,2021-14153,39.77893352,-104.9571399,6/15/2021 22:30,22:30,6,0,0,E 45TH AVE & N COLUMBINE ST,1,3,0,0,1,4,0,0,25,0,0,0,0,0,4,2,14
,2021-14154,39.77667353,-105.0299299,6/16/2021 3:40,3:40,5,0,0,N IRVING ST & W 44TH AVE,1,3,1,6,3,4,0,0,35,0,0,0,0,0,4,1,2
,2021-14155,39.77987352,-104.9671599,6/18/2021 8:44,8:44,12,0,0,I-70 EB & N BRIGHTON BLVD,1,1,0,0,1,4,0,0,65,0,0,0,0,0,1,3,13
,2021-14156,39.72513354,-105.0249399,6/16/2021 10:35,10:35,3,0,0,N FEDERAL BLVD & W 6TH AVE EB RAMPS,1,1,0,0,1,1,0,0,40,0,0,0,0,0,2,2,8
,2021-14157,39.75229353,-105.0038599,6/15/2021 18:39,18:39,12,0,0,15TH ST & DELGANY ST,1,1,0,0,1,4,0,0,30,0,0,0,0,0,4,2,5
,2021-14158,39.74147352,-104.9034499,6/16/2021 15:14,15:14,12,0,0,N QUEBEC ST & E 16TH AVE,1,1,0,0,1,1,0,0,35,0,0,0,0,0,4,2,7
,2021-14159,39.69294354,-104.9913899,6/9/2021 10:30,10:30,6,0,0,300 W LOUISIANA AVE & S CHEROKEE ST,1,1,0,0,1,3,0,0,25,0,0,0,0,0,4,2,16
,2021-14160,39.70385353,-104.9146999,6/15/2021 23:15,23:15,12,0,0,LEETSDALE DR & E EXPOSITION AVE,1,3,0,0,1,1,0,0,40,0,0,0,0,0,4,2,13
,2021-14161,39.69309854,-105.0251164,6/16/2021 13:10,13:10,10,0,0,S FEDERAL BLVD & W LOUISIANA AVE,1,1,0,0,1,1,0,0,35,0,0,0,0,0,2,2,13
,2021-14162,39.72931353,-105.0148199,6/15/2021 12:28,12:28,12,0,0,I-25 NB & W 8TH AVE EXIT [GORE PT],1,1,1,0,1,4,0,0,55,0,0,0,0,0,1,2,3
,2021-14163,39.71701353,-104.8955599,5/27/2021 11:36,11:36,15,0,0,E LOWRY BLVD & E FAIRMOUNT DR,1,1,0,0,1,6,0,0,35,0,0,0,0,0,4,2,14
,2021-14164,39.77801352,-104.9203199,6/15/2021 22:22,22:22,12,0,0,I-70 EB ENT [GORE PT] & N HOLLY ST,1,3,0,0,1,8,0,0,65,0,0,0,0,0,1,2,13
,2021-14165,39.78010352,-104.9497999,6/15/2021 7:40,7:40,12,0,0,I-70 WB & N STEELE ST,1,1,0,0,1,4,0,0,55,0,0,0,0,1,1,2,1
,2021-14166,39.69673354,-105.0203499,6/16/2021 16:32,16:32,12,0,0,S CLAY ST & W MISSISSIPPI AVE,1,1,0,0,1,3,0,0,25,0,0,0,0,0,4,2,3
,2021-14167,39.82518502,-104.9816053,6/15/2021 17:43,17:43,15,0,0,W 6TH AVE EB & I-25 NB,1,1,1,0,1,4,0,0,55,0,0,0,0,0,2,2,7
,2021-14168,39.71815354,-105.0324599,6/15/2021 11:30,11:30,3,0,0,W 1ST AVE & N KNOX CT,1,1,0,0,1,1,0,0,,0,0,0,0,0,4,2,16
,2021-14169,39.75131353,-105.0165199,6/16/2021 17:37,17:37,3,0,0,W 23RD AVE & I-25 NB ENT / EXIT RAMPS,1,1,1,0,1,1,0,0,35,0,0,0,0,0,4,2,13
,2021-14170,39.75483353,-105.0252099,6/16/2021 15:32,15:32,12,0,0,W 26TH AVE & N FEDERAL BLVD,1,1,0,0,1,4,0,0,35,0,0,0,0,0,2,2,16
,2021-14171,39.78331351,-104.8223899,6/16/2021 13:20,13:20,5,0,1,N DILLON ST & E BOLLING DR,1,1,0,0,3,4,0,0,25,0,0,0,0,2,4,1,13
,2021-14172,39.75040353,-104.9941199,6/10/2021 14:45,14:45,2,0,0,18TH ST & LAWRENCE ST,1,1,0,0,1,1,0,0,0,1,0,0,0,0,4,2,16
,2021-14173,39.71124354,-105.0396899,6/15/2021 8:47,8:47,3,0,2,W ALAMEDA AVE & S PERRY ST,1,1,0,0,1,1,0,0,35,0,0,0,0,2,2,2,7
,2021-14174,39.67846353,-104.9238899,6/13/2021 19:38,19:38,12,0,0,5500 E EVANS AVE & S HOLLY ST,1,1,0,0,1,4,0,0,35,0,0,0,0,0,4,3,13
,2021-14175,39.70295353,-104.9733699,6/15/2021 8:49,8:49,12,0,0,700 BLK S DOWNING ST & E EXPOSITION AVE,1,1,0,0,1,3,0,0,30,0,0,0,0,0,4,2,13
,2021-14176,39.75259039,-104.9848982,6/16/2021 17:00,17:00,12,0,0,I-25 SB & PARK AVE WEST,1,1,0,0,1,4,0,0,55,0,0,0,0,0,1,2,13
,2021-14177,39.71138353,-104.9064599,6/16/2021 4:14,4:14,5,0,0,E ALAMEDA AVE & S OLIVE WAY,1,3,0,0,3,4,0,0,35,0,0,0,0,0,4,1,16
,2021-14178,39.73869352,-104.8846499,6/16/2021 19:37,19:37,3,0,0,E 14TH AVE & N YOSEMITE ST,1,1,0,0,1,1,0,0,30,0,0,0,0,0,4,2,7
,2021-14179,39.72383353,-104.8841944,6/14/2021 17:30,17:30,10,0,0,E LOWRY BLVD & N YOSEMITE ST,1,1,0,0,1,1,0,0,25,0,0,0,0,0,4,2,8
,2021-14180,39.77582352,-104.8657299,6/15/2021 7:58,7:58,12,0,0,I-70 WB & N HAVANA ST EXIT PGORE PT[,1,1,1,0,1,4,0,0,55,0,0,0,0,0,1,2,14
,2021-14182,39.68588354,-105.0250499,6/14/2021 18:57,18:57,2,0,1,S FEDERAL BLVD & W MEXICO AVE,1,1,1,0,1,1,0,0,0,1,0,0,0,2,2,2,16
,2021-14183,39.77787352,-104.9048699,6/16/2021 6:42,6:42,12,0,0,I-70 EB EXIT RAMP & N QUEBEC ST,1,1,1,0,1,8,0,0,55,0,0,0,0,0,1,2,14
,2021-14184,39.66762354,-104.9128599,6/16/2021 14:29,14:29,3,0,0,2700 BLK S MONACO ST & YALE AVE,1,1,0,0,1,2,0,0,35,0,0,0,0,0,4,2,3
,2021-14185,39.70066354,-105.0246299,6/15/2021 17:15,17:15,12,0,0,890 S FEDERAL BLVD & W KENTUCKY AVE,1,1,0,0,1,3,0,0,40,0,0,0,0,0,2,2,13
,2021-14186,39.67668785,-104.9687314,6/15/2021 1:44,1:44,5,0,0,I-25 SB & S FRANKLIN ST,1,3,0,0,3,4,0,0,65,0,0,0,0,0,1,1,13
,2021-14187,39.72553353,-105.0131199,6/16/2021 9:09,9:09,15,0,0,I-25 NB & W 6TH AVE,1,1,0,0,1,4,0,0,60,0,0,0,0,0,1,2,13
,2021-14188,39.74009468,-104.9035119,6/16/2021 17:56,17:56,12,0,0,I-70 WB & N NORTHFIELD QUEBEC ST EXIT RAMP [GORE PT],1,1,0,0,1,8,0,0,55,0,0,0,0,0,1,2,2
,2021-14189,39.77582352,-104.8657299,6/14/2021 17:27,17:27,12,0,0,I-70 WB & N HAVANA ST,1,1,0,0,1,4,0,0,55,0,0,0,0,0,1,2,3
,2021-14190,39.75431353,-104.9786399,6/16/2021 12:08,12:08,6,0,0,2600 BLK WELTON ST & 2600 BLK,1,1,0,0,1,4,0,0,25,0,0,0,1,0,4,2,13
,2021-14191,39.74002353,-104.9730799,6/16/2021 9:43,9:43,10,0,0,N DOWNING ST & E COLFAX AVE,1,1,0,0,1,1,0,0,30,0,0,0,0,0,4,2,7
,2021-14192,39.75641654,-104.9123787,6/16/2021 11:38,11:38,12,0,0,MLK BLVD & MONACO PKWY,1,1,0,0,1,3,0,0,30,0,0,0,0,0,4,2,3
,2021-14193,39.77420352,-104.8470299,6/15/2021 7:26,7:26,12,0,0,I-70 WB ENT RAMP & N PEORIA ST,1,1,0,0,1,8,0,0,55,0,0,0,0,0,1,2,7
,2021-14194,39.75095353,-105.0021099,5/30/2021 2:01,2:01,3,0,1,15TH ST & WYNKOOP ST,11,3,0,1,1,1,0,0,30,0,0,0,0,2,4,3,13
,2021-14195,39.63340354,-104.8931799,6/15/2021 14:25,14:25,3,0,0,S DTC BLVD & E TUFTS AVE,1,1,0,0,1,1,0,0,35,0,0,0,0,1,4,2,13
,2021-14196,39.71116251,-104.9899984,6/18/2021 11:45,11:45,6,0,0,S BANNOCK ST & W CEDAR AVE,1,3,0,0,1,4,0,0,40,0,0,0,0,0,4,3,16
,2021-14197,39.76576353,-104.9777699,6/17/2021 18:16,18:16,3,0,0,33RD ST & WALNUT ST,1,1,0,0,1,1,0,0,25,0,0,0,0,0,4,2,7
,2021-14198,39.75180353,-105.0174599,5/21/2021 22:03,22:03,12,0,0,2300 BLK N ALCOTT ST & 2300 BLK N,1,3,1,0,1,4,0,0,25,0,0,0,0,0,4,4,16
,2021-14199,39.76744353,-105.0005799,6/16/2021 23:20,23:20,6,0,0,3600 BLK N KALAMATH ST & W 36TH AVE,1,4,0,0,1,4,0,0,25,0,0,0,0,0,4,3,14
,2021-14200,39.68647354,-105.0478899,4/5/2021 1:16,1:16,6,0,0,1600 BLOCK S WOLFF ST & W MEXICO AVE,1,4,0,0,1,4,0,0,25,0,0,0,0,0,4,3,3
,2021-14201,39.68952354,-105.0500199,5/4/2021 12:36,12:36,14,0,2,S XAVIER ST & W FLORIDA AVE,1,1,0,0,6,4,0,0,35,0,0,0,0,2,4,2,10
,2021-14202,39.67006354,-105.0221899,6/17/2021 19:57,19:57,16,0,0,2612 S DECATUR ST & 2612 BLK S,1,2,0,0,5,7,0,0,,0,0,0,0,0,3,2,1
,2021-14203,39.74013353,-104.9297899,6/18/2021 15:11,15:11,3,0,0,E COLFAX AVE & N ELM ST,1,1,1,0,1,1,0,0,35,0,0,0,0,0,2,2,1
,2021-14204,39.77883877,-104.8246484,6/17/2021 2:05,2:05,6,0,0,14800 BLK E 46TH AVE & N DEERBORN ST,1,3,0,0,1,4,0,0,25,0,0,0,0,0,4,6,2
,2021-14205,39.76443353,-105.0164399,5/27/2021 14:34,14:34,3,0,0,N ZUNI ALCOTT ALY E & W 34TH AVE,1,1,1,0,1,5,0,0,20,0,0,0,0,0,4,4,16
,2021-14206,39.69655353,-104.8659499,6/19/2021 21:00,21:00,12,0,0,S HAVANA ST & E MISSISSIPPI AVE,1,3,0,0,1,4,0,0,40,0,0,0,0,0,2,3,5
,2021-14207,39.72510254,-105.0324829,6/15/2021 7:45,7:45,12,0,1,EB 6TH AVE & N KNOX CT,1,1,1,0,1,4,0,0,55,0,0,0,0,2,2,2,7
,2021-14208,39.76815353,-104.9720999,6/11/2021 17:17,17:17,14,0,0,E 37TH AVE & N MARION ST,1,1,1,0,1,1,0,0,30,0,0,0,0,0,4,2,5
,2021-14209,39.67845353,-104.9127999,6/19/2021 2:41,2:41,1,0,0,E EVANS AVE & S MONACO ST,1,3,0,0,1,1,0,0,40,0,0,0,1,1,4,2,13
,2021-14210,39.7065626,-104.9769056,6/18/2021 10:29,10:29,12,0,0,I-25 NB & S EMERSON ST,1,1,0,0,1,4,0,0,60,0,0,0,0,1,1,2,1
,2021-14211,39.74000653,-104.9873794,6/18/2021 13:03,13:03,3,0,1,E COLFAX AVE & N BROADWAY ST,1,1,0,0,1,1,0,0,30,0,0,0,0,2,4,3,5
,2021-14212,39.72929354,-105.0324999,6/17/2021 2:17,2:17,5,0,0,N KNOX CT & W 8TH AVE,1,3,0,0,2,3,0,0,30,0,0,0,0,0,4,1,2
,2021-14213,39.72922353,-104.9406799,6/15/2021 4:29,4:29,3,0,0,N COLORADO BLVD & E 8TH AVE,1,2,0,0,1,1,0,0,35,0,0,0,0,1,2,2,13
,2021-14214,39.76564352,-104.9069699,6/6/2021 0:00,0:00,6,0,0,E 35TH AVE & N OLIVE ST,1,3,0,0,1,4,0,0,30,0,0,0,0,0,4,3,5
,2021-14215,39.72891353,-105.0001699,6/20/2021 15:32,15:32,3,0,0,W 8TH AVE & N KALAMATH ST,1,1,0,0,1,1,0,0,35,0,0,0,0,0,4,2,13
,2021-14216,39.69309854,-105.0251164,6/18/2021 6:52,6:52,3,0,0,S FEDERAL BLVD & W LOUISIANA AVE,1,1,0,0,1,1,0,0,40,0,0,0,0,0,2,3,14
,2021-14217,39.73201353,-104.9792499,6/15/2021 21:00,21:00,3,0,0,600 BLK E 10TH AVE & N WASHINGTON ST / N PEARL ST ALLEY,1,4,0,0,1,5,0,0,25,0,0,0,0,0,4,3,13
,2021-14218,39.73128353,-105.0000699,6/7/2021 20:40,20:40,15,0,0,900 BLK N KALAMATH ST & W 10TH AVE,1,3,0,0,1,4,0,0,30,0,0,0,0,0,4,4,16
,2021-14219,39.75618185,-105.0155256,6/13/2021 17:52,17:52,12,0,0,I-25 SB & SPEER BLVD,1,1,0,0,1,4,0,0,55,0,0,0,0,0,1,3,1
,2021-14220,39.72549854,-105.0394624,6/16/2021 8:47,8:47,12,0,0,W 6TH AVE & N PERRY ST,1,1,1,0,1,4,0,0,65,0,0,0,0,0,2,4,14
,2021-14221,39.66179354,-105.0203299,6/13/2021 2:30,2:30,6,0,0,2700 BLOCK W CORNELL AVE & S DECATUR ST,1,4,1,0,1,4,0,0,25,0,0,0,0,0,4,2,5
,2021-14222,39.78235352,-104.8658099,6/19/2021 22:15,22:15,3,0,1,E 47TH AVE & N HAVANA ST,1,3,0,0,1,1,0,0,40,0,0,0,0,1,4,2,14
,2021-14223,39.78260803,-104.9985394,6/20/2021 4:01,4:01,15,0,0,I-70 WB & MM 280,1,3,0,0,1,4,0,0,55,0,0,0,0,0,1,2,2
,2021-14224,39.72931353,-105.0150499,6/13/2021 18:44,18:44,15,0,0,I-25 SB & W 8TH AVE,1,1,0,0,1,4,0,0,55,0,0,0,0,0,1,2,13
,2021-14225,39.78368351,-104.77211,6/17/2021 10:55,10:55,12,0,1,4700 BLK N TOWER RD & GREEN VALLEY RANCH BLVD,1,1,0,0,1,3,0,0,40,0,0,0,0,2,4,2,13
,2021-14226,39.74019553,-105.0001549,6/17/2021 17:59,17:59,3,0,0,W COLFAX AVE & N KALAMATH ST,1,1,0,0,1,1,0,0,30,0,0,0,0,0,2,3,8
,2021-14227,39.72541754,-105.0252199,6/17/2021 19:29,19:29,3,0,0,W 6TH AVE EB EXIT RAMP & N FEDERAL BLVD,1,1,0,0,1,1,0,0,35,0,0,0,0,0,2,2,1
,2021-14228,39.72551353,-105.0133499,6/18/2021 23:52,23:52,12,0,0,I-25 SB & W 6TH AVE,1,4,0,0,1,4,0,0,60,0,0,0,0,1,1,3,1
,2021-14229,39.78008352,-104.9404999,6/16/2021 13:41,13:41,12,0,0,I-70 WB & N COLORADO BLVD,1,1,0,0,1,4,0,0,55,0,0,0,0,0,1,3,2
,2021-14230,39.75618185,-105.0155256,6/16/2021 17:37,17:37,12,0,0,N SPEER BLVD & I-25 NB,1,1,0,0,1,4,0,0,35,0,0,0,0,0,4,3,13
,2021-14231,39.73941354,-105.0531999,6/19/2021 11:15,11:15,12,0,0,1400 BLK N SHERIDAN BLVD & W 14TH AVE,1,1,0,0,1,3,0,0,35,0,0,0,0,0,2,3,16
,2021-14232,39.72921353,-104.9394499,5/16/2021 16:23,16:23,15,0,0,84TH ST & ALBION,1,1,0,0,1,4,0,0,25,0,0,0,0,0,4,3,3
,2021-14233,39.72745604,-105.0532752,6/15/2021 9:44,9:44,12,0,1,W 6TH AVE WB EXIT RAMP & N SHERIDAN BLVD,1,1,1,0,1,8,0,0,55,0,0,0,1,2,2,3,7
,2021-14234,39.70672354,-105.0275299,6/17/2021 19:24,19:24,3,0,0,W CUSTER PL & S HAZEL CT,1,1,0,0,1,1,0,0,25,0,0,0,0,0,4,2,8
,2021-14235,39.82518502,-104.9816053,6/15/2021 6:22,6:22,15,0,0,I-25 NB & W BAYUAD AVE (OFFSET),1,1,0,0,1,4,0,0,55,0,0,0,0,0,1,3,7
,2021-14236,39.69301354,-104.9874599,6/7/2021 17:44,17:44,12,0,0,E LOUISIANA AVE & S BROADWAY ST,1,1,0,0,1,1,0,0,35,0,0,0,0,0,4,2,1
,2021-14237,39.72551353,-105.0133499,5/23/2021 15:00,15:00,15,0,0,I-25 SB & W 6TH AVE,11,3,0,1,1,4,0,0,65,0,0,0,0,0,1,2,13
,2021-14238,39.68568354,-104.9389099,6/17/2021 10:16,10:16,16,0,0,4150 E MEXICO AVE & PRIVATE PROPERTY,1,1,0,0,5,7,0,0,10,0,0,0,0,1,3,2,13
,2021-14239,39.67864354,-105.0110199,6/16/2021 14:25,14:25,10,0,0,W EVANS AVE & S TEJON ST,1,1,0,0,1,3,0,0,30,0,0,0,0,0,4,4,3
,2021-14240,39.71122354,-105.0348699,6/16/2021 23:10,23:10,3,0,0,W ALAMEDA AVE & S LOWELL BLVD,1,4,1,0,1,1,0,0,25,0,0,0,0,0,2,2,5
,2021-14241,39.83230305,-104.9834911,6/17/2021 7:29,7:29,12,0,0,I-25 SB & I-70,1,1,0,0,1,4,0,0,55,0,0,0,0,1,1,2,1
,2021-14242,39.74945353,-104.9953199,6/10/2021 20:38,20:38,2,0,1,17TH ST & LAWRENCE ST,1,3,0,0,1,1,0,0,0,1,0,0,0,2,4,2,16
,2021-14243,39.71725354,-105.0206199,6/8/2021 22:50,22:50,6,0,0,2700 BLK W IRVINGTON PL & N DECATUR ST,1,4,0,0,1,4,0,0,25,0,0,0,0,0,4,2,13
,2021-14244,39.8340925,-104.7719825,6/17/2021 2:30,2:30,15,0,0,PENA BLVD & TOWER RD,1,3,0,0,1,4,0,0,65,0,0,0,0,0,4,2,2
,2021-14245,39.69535354,-104.9924099,6/18/2021 22:01,22:01,14,0,0,S SANTA FE DR & S PLATTE RIVER DR,1,3,0,0,1,3,0,0,35,0,0,0,0,0,2,2,5
,2021-14246,39.73998853,-104.9597764,6/18/2021 11:09,11:09,12,0,0,E COLFAX AVE & N YORK ST,1,1,0,0,1,1,0,0,35,0,0,0,0,0,2,3,16
,2021-14247,39.74015353,-104.9023099,6/16/2021 20:16,20:16,12,0,0,E COLFAX AVE & N QUINCE ST,1,3,0,0,1,3,0,0,35,0,0,0,0,1,2,2,13
,2021-14248,39.73045353,-104.9902499,5/30/2021 1:55,1:55,12,0,0,W 9TH AVE & N BANNOCK ST,11,3,0,1,1,1,0,0,30,0,0,0,0,0,4,2,16
,2021-14249,39.73786353,-104.9436599,6/16/2021 23:47,23:47,16,0,0,1366 N GARFIELD ST & 1366 BLK N,1,3,0,0,5,7,0,0,,0,0,0,0,0,3,3,16
,2021-14250,39.70457354,-105.0430699,5/26/2021 8:30,8:30,6,0,0,674 S STUART ST & EXPOSITION AVE,1,1,0,0,3,4,0,0,25,0,0,0,0,0,4,2,16
,2021-14251,39.69244154,-105.0531559,6/18/2021 21:11,21:11,3,0,0,1300 S SHERIDAN BLVD & W WYOMING PL,1,3,0,0,1,1,0,0,40,0,0,0,0,0,2,2,16
,2021-14252,39.73684353,-104.9861199,6/18/2021 21:23,21:23,3,0,0,E 13TH AVE & N LINCOLN ST,1,3,0,0,1,1,0,0,,0,0,0,0,1,4,2,13
,2021-14253,39.77939353,-104.9791399,6/17/2021 17:03,17:03,12,0,0,N WASHINGTON ST & I-70 EB EXIT RAMP,1,1,0,0,1,1,0,0,35,0,0,0,0,1,4,2,3
,2021-14254,39.75638353,-104.9776899,6/18/2021 21:04,21:04,8,0,0,28TH ST & CALIFORNIA ST,1,3,0,0,1,1,0,0,25,0,0,0,0,0,4,2,3
,2021-14255,39.73972353,-104.9684499,6/17/2021 8:16,8:16,11,0,1,1500 BLK N FRANKLIN ST & E 16TH AVE,1,1,2,0,1,4,0,0,0,0,1,0,0,2,4,1,16
,2021-14256,39.74167353,-104.9861099,6/17/2021 6:51,6:51,12,0,0,E 16TH AVE & N LINCOLN ST,1,1,0,0,1,4,0,0,30,0,0,0,0,0,4,2,13
,2021-14257,39.73688353,-104.9822899,6/18/2021 18:12,18:12,3,0,0,E 13TH AVE & N LOGAN ST,1,1,0,0,1,1,0,0,30,0,0,0,0,1,4,3,3
,2021-14258,39.65308354,-104.9117899,5/25/2021 16:23,16:23,15,0,0,6800 BLK E HAMPDEN AVE & S ONEIDA WAY,1,1,0,0,1,4,0,0,40,0,0,0,0,0,4,2,3
,2021-14302,39.70474353,-104.9407099,4/29/2021 15:50,15:50,12,0,0,COLORADO BLVD N & EXPOSITION AVE RD E,1,1,3,0,1,4,0,0,40,0,0,0,0,1,2,3,13
,2021-14409,39.74035354,-105.0520599,4/4/2021 6:43,6:43,5,0,0,W COLFAX AVE & N ZENOBIA ST,1,1,0,0,2,3,0,0,35,0,0,0,0,0,2,1,16
,2021-14415,39.77953351,-104.81421,2/26/2021 18:00,18:00,5,0,0,15012 E ELK PL & FONTANA CT N,4,2,0,2,4,4,0,0,25,0,0,0,0,0,3,1,9
,2021-14416,39.73384353,-104.9861199,3/31/2021 11:32,11:32,12,0,0,N LINCOLN ST & E 11TH AVE,1,1,3,0,1,4,0,0,35,0,0,0,0,0,4,2,14
,2021-14444,39.78338952,-104.9002779,5/20/2021 6:50,6:50,15,0,0,QUEBEC ST N & I-270 WB ENT RAMP,1,1,1,0,1,1,0,0,40,0,0,0,0,0,2,2,13
,2021-14445,39.76538352,-104.9405599,5/21/2021 21:34,21:34,1,0,0,E 35TH AVE & N COLORADO BLVD,1,3,0,0,1,1,0,0,40,0,0,0,0,0,2,3,14
,2021-14446,39.70026354,-104.9827799,5/17/2021 18:00,18:00,11,0,1,E KENTUCKY AVE & S LOGAN ST,11,2,0,1,1,1,0,0,25,0,1,0,0,2,4,1,1
,2021-14447,39.74981352,-104.8987199,5/16/2021 23:32,23:32,6,0,0,E 22ND AVE & N SYRACUSE ST,1,3,0,0,1,3,0,0,30,0,0,0,0,0,4,4,16
,2021-14450,39.66631897,-105.0250984,6/13/2021 14:31,14:31,6,0,0,S FEDERAL BLVD & ELLSWORTH AVE,1,1,0,0,3,3,0,0,30,0,0,0,0,0,2,2,14
,2021-14453,39.69474601,-104.9547293,6/13/2021 14:08,14:08,3,0,0,S MONACO ST & E ARIZONA AVE,1,1,0,0,1,1,0,0,35,0,0,0,0,0,4,2,13
,2021-14455,39.71132353,-104.9365499,6/13/2021 3:30,3:30,1,0,4,E ALAMEDA AVE & LEETSDALE DR,1,3,0,0,1,1,0,0,35,0,0,0,0,2,4,2,1
,2021-14456,39.72553353,-105.0131199,6/11/2021 9:01,9:01,12,0,0,I-25 NB & W 6TH AVE,1,1,1,0,1,4,0,0,55,0,0,0,0,1,1,5,1
,2021-14457,39.69794953,-104.8825288,6/9/2021 5:30,5:30,6,0,0,9057 MISSISSIPPI AVE & LAKESHORE DR,1,1,0,0,1,4,0,0,25,0,0,0,0,0,4,5,14
,2021-14458,39.72527841,-105.1417334,6/13/2021 12:40,12:40,12,0,0,I-25 NB & W 6TH AVE EXIT RAMP [GORE PT],1,1,1,0,1,8,0,0,65,0,0,0,0,0,1,2,3
,2021-14459,39.75645352,-104.9037499,6/13/2021 5:41,5:41,5,0,0,2695 N QUEBEC ST & 26TH AVE E,1,1,0,0,3,4,0,0,35,0,0,0,0,1,4,2,2
,2021-14460,39.71363454,-105.0008199,6/13/2021 1:11,1:11,6,0,0,I-25 SB EXIT RAMP & E ALAMEDA AVE,1,3,1,0,1,8,0,0,65,0,0,0,0,0,1,2,16
,2021-14461,39.71120354,-104.9991199,6/13/2021 1:59,1:59,15,0,0,I-25 SB & W ALAMEDA AVE,1,3,0,0,1,4,0,0,60,0,0,0,0,0,1,2,5
,2021-14462,39.73047353,-104.9406799,6/10/2021 16:00,16:00,12,0,0,N COLORADO BLVD & E 9TH AVE,1,1,0,0,1,3,0,0,35,0,0,0,0,0,2,4,1
,2021-14463,39.77293353,-105.0252199,6/13/2021 19:19,19:19,11,0,1,N FEDERAL BLVD & W 41ST AVE,1,1,0,0,1,1,0,0,35,0,1,0,0,3,2,1,13
,2021-14464,39.67676354,-105.0250299,6/12/2021 21:33,21:33,12,0,0,S FEDERAL BLVD & W WARREN AVE,1,3,0,0,1,4,0,0,35,0,0,0,0,0,2,2,7
,2021-14465,39.66212354,-105.0203899,6/13/2021 1:29,1:29,6,0,1,2700 BLK W CORNELL AVE & S BRYANT ST,1,4,0,0,3,4,0,0,25,0,0,0,0,2,4,2,5
,2021-14466,39.76094353,-105.0043199,5/23/2021 23:50,23:50,9,1,0,I-25 & 20TH ST OFF RAMP,1,3,0,0,1,4,0,0,55,0,0,0,1,4,1,4,1
,2021-14467,39.62942354,-104.89519,6/13/2021 10:24,10:24,8,0,1,E UNION AVE & S ULSTER ST,1,1,0,0,1,1,0,0,35,0,0,0,0,2,4,2,3
,2021-14468,39.73368353,-105.0001499,6/11/2021 9:53,9:53,9,0,0,N KALAMATH ST & W 11TH AVE,1,1,1,0,1,1,0,0,30,0,0,0,0,0,4,3,16
,2021-14469,39.72912554,-105.1239386,6/13/2021 20:38,20:38,15,0,0,I-25 SB & W 8TH AVE,1,2,1,0,1,4,0,0,60,0,0,0,0,0,1,2,13
,2021-14470,39.77900352,-104.9023199,6/11/2021 10:30,10:30,12,0,0,I-70 WB EXIT RAMP & N NORTHFIELD QUEBEC ST NB,1,1,1,0,1,8,0,0,55,0,1,0,0,0,1,3,16
,2021-14471,39.78317311,-104.9005972,6/13/2021 8:46,8:46,9,0,0,I-70 EB & N NORTHFIELD QUEBEC ST SB,1,1,0,0,1,4,0,0,55,0,0,0,0,0,1,1,16
,2021-14472,39.76084353,-105.0268299,6/13/2021 19:03,19:03,6,0,0,N GROVE ST & W 31ST AVE,1,1,0,0,1,4,0,0,20,0,0,0,0,0,4,2,3
,2021-14473,39.78260803,-104.9985394,6/9/2021 15:05,15:05,12,0,0,I-70 WB & N VASQUEZ ST,1,1,0,0,1,4,0,0,55,0,0,0,0,1,1,3,13
,2021-14474,39.69589353,-104.9222399,6/10/2021 16:16,16:16,12,0,0,S HOLLY ST & E CHERRY CREEK S DR,1,1,0,0,1,3,0,0,30,0,0,0,0,0,4,2,3
,2021-14475,39.75131353,-105.0165199,6/12/2021 19:14,19:14,12,0,0,I-25 NB & W 23RD AVE,1,1,0,0,1,4,0,0,65,0,0,0,0,0,1,2,13
,2021-14476,39.77400352,-104.8470199,6/12/2021 16:01,16:01,12,0,0,I-70 EB & N PEORIA ST,1,1,0,0,1,4,0,0,65,0,0,0,0,0,1,2,13
,2021-14477,39.78422353,-105.0251799,6/8/2021 14:39,14:39,15,0,0,I-70 EB & N FEDERAL BLVD,1,1,1,0,1,4,0,0,55,0,0,0,0,0,1,2,8