id,drcog_id,latitude,longitude,crashtime,time,crashtype,numbkilled,numbinjurd,drcoglocat,rdconditin,lightngcon,roadcntgrd,weatherco,location,roaddescrp,schoolzone,constrzone,splimit,bikeinv,pedinv,sctrinv,motoinv,svrty,rdsystem,ttlvehcls,hcf
,2021-14478,39.72501354,-105.0394499,6/12/2021 22:00,22:00,3,0,0,500 BLK N PERRY ST & W 6TH AVE,1,3,0,0,1,1,0,0,25,0,0,0,0,0,4,2,13
,2021-14479,39.75846353,-105.0532299,6/12/2021 17:09,17:09,3,0,0,N SHERIDAN BLVD & W 29TH AVE,1,1,0,0,1,1,0,0,35,0,0,0,0,1,2,2,13
,2021-14480,39.71072353,-104.8677499,5/15/2021 14:22,14:22,12,0,0,10400 BLK E ALAMEDA AVE & S HAVANA ST,1,1,0,0,1,3,0,0,35,0,0,0,0,0,4,2,13
,2021-14481,39.78223515,-104.8675378,6/8/2021 7:30,7:30,1,0,0,E 47TH AVE & N PARIS ST,1,1,0,0,1,1,0,0,30,0,0,0,0,0,4,2,13
,2021-14482,39.74425353,-104.9434099,6/13/2021 0:36,0:36,12,0,0,700 BLK 15TH ST & STOUT ST,1,3,0,0,1,4,0,0,30,0,0,0,0,0,4,2,5
,2021-14483,39.76928353,-105.0041299,6/10/2021 11:34,11:34,1,0,0,W 38TH AVE & N NAVAJO ST,1,1,1,0,1,1,0,0,35,0,0,0,0,0,4,2,13
,2021-14484,39.76201353,-105.0205099,5/23/2021 21:45,21:45,6,0,0,W 32ND AVE & N CLAY ST,1,3,0,0,1,4,0,0,25,0,0,0,0,0,4,2,1
,2021-14485,39.74590037,-104.976182,6/7/2021 13:11,13:11,3,0,0,PARK AVE & STOUT ST,1,1,0,0,1,2,0,0,,0,0,0,0,0,4,2,7
,2021-14486,39.77419352,-104.8470299,5/20/2021 23:45,23:45,5,0,1,I-70 WB & N PEORIA ST,1,3,1,0,2,4,0,0,55,0,0,0,0,2,1,1,3
,2021-14487,39.76804352,-104.9545399,5/5/2021 19:15,19:15,6,0,0,2700 BLOCK E 37TH AVE & 3800 N FILLMORE ST,1,1,0,0,3,4,0,0,25,0,0,0,0,0,4,2,3
,2021-14488,39.77337352,-104.9081999,6/11/2021 17:59,17:59,3,0,1,N ONEIDA ST & E SANDOWN RD,1,1,0,0,1,1,0,0,25,0,0,0,1,3,4,2,13
,2021-14489,39.77288352,-104.9406289,6/10/2021 15:55,15:55,12,0,0,N COLORADO BLVD & E 40TH AVE,1,1,0,0,1,1,0,0,35,0,0,0,0,0,2,2,8
,2021-14490,39.76447352,-104.9405599,6/3/2021 9:51,9:51,3,0,0,N COLORADO BLVD & E BRUCE RANDOLPH AVE,1,1,0,0,1,1,0,0,40,0,0,0,0,0,2,2,14
,2021-14491,39.77841352,-104.9035599,4/27/2021 15:58,15:58,15,0,0,I-70 WB EXIT RAMP & N NORTHFIELD QUEBEC ST,1,1,0,0,1,1,0,0,35,0,0,0,0,0,2,2,13
,2021-14492,39.68472354,-104.9594399,6/10/2021 16:28,16:28,12,0,0,I-25 SB & S UNIVERSITY BLVD,1,1,0,0,1,4,0,0,60,0,0,0,0,0,1,2,3
,2021-14493,39.84970861,-104.6738339,6/9/2021 14:14,14:14,15,0,0,PENA BLVD & 8400 BLK,1,1,0,0,1,4,0,0,10,0,0,0,0,0,3,2,7
,2021-14494,39.75712353,-104.9912799,4/28/2021 10:00,10:00,9,0,0,2261 BLAKE ST & PARK AVE WEST,11,3,0,1,1,1,0,0,30,0,0,0,0,0,4,1,8
,2021-14495,39.8279205,-104.692991,6/10/2021 5:50,5:50,1,0,0,JACKSON GAP ST & PENA BLVD,1,1,1,0,1,1,0,0,45,0,0,0,0,0,4,2,14
,2021-14496,39.69669854,-104.9918704,6/10/2021 14:46,14:46,15,0,0,S SANTA FE DR & W MISSISSIPPI AVE,1,1,0,0,1,4,0,0,45,0,0,0,0,0,2,2,3
,2021-14497,39.73203353,-104.9861199,6/9/2021 15:42,15:42,12,0,0,E 10TH AVE & N LINCOLN ST,1,1,1,0,1,4,0,0,30,0,0,0,0,0,4,3,7
,2021-14498,39.74772353,-104.9906399,4/28/2021 11:24,11:24,6,0,0,STOUT ST & 18TH ST,1,1,0,0,1,4,0,0,25,0,0,0,0,0,4,2,14
,2021-14499,39.73676353,-104.9450699,6/12/2021 0:06,0:06,3,0,0,E 13TH AVE & N MONROE ST,1,3,0,0,1,1,0,0,30,0,0,0,0,0,4,2,5
,2021-14500,39.72975353,-104.9823699,5/13/2021 10:35,10:35,6,0,0,800 BLK N LOGAN ST & E 8TH AVE,1,1,0,0,1,4,0,0,25,0,0,0,0,0,4,2,16
,2021-14501,39.78380353,-105.0532399,6/12/2021 2:20,2:20,3,0,2,N SHERIDAN BLVD & I-70 WB EXIT RAMP,1,3,0,0,1,1,0,0,35,0,0,0,0,3,2,2,9
,2021-14502,39.69277354,-104.9779699,6/10/2021 17:29,17:29,12,0,0,I-25 SB & E LOUISIANA AVE,1,1,0,0,1,4,0,0,55,0,0,0,0,0,1,3,3
,2021-14503,39.72551353,-105.0133499,6/12/2021 23:40,23:40,12,0,0,I-25 SB & W 6TH AVE,1,3,0,0,1,4,0,0,55,0,0,0,1,0,1,2,13
,2021-14504,39.6701698,-105.1431094,6/1/2021 16:45,16:45,5,0,0,S DELAWARE ST & W HARVARD AVE,1,1,0,0,3,1,0,0,25,0,0,0,0,0,4,1,3
,2021-14505,39.75537353,-105.0095499,5/14/2021 11:55,11:55,16,0,0,1416 PLATTE ST & 1416 BLK,1,1,1,0,5,7,0,0,10,0,0,0,0,0,3,2,16
,2021-14506,39.73385353,-104.9935099,5/20/2021 1:00,1:00,3,0,0,W 11TH AVE & N SPEER BLVD,1,3,0,0,1,1,0,0,30,0,0,0,0,0,4,2,16
,2021-14507,39.66853754,-105.0203801,6/12/2021 23:10,23:10,6,0,0,2500 BLK W COLLEGE AVE & S CLAY ST,1,4,0,0,1,4,0,0,25,0,0,0,0,0,4,2,13
,2021-14508,39.74015354,-105.0455099,5/29/2021 15:13,15:13,5,0,0,4500 W COLFAX AVE & VRAIN ST,1,1,0,0,4,7,0,0,,0,0,0,0,0,2,1,14
,2021-14509,39.72548354,-105.0383599,6/9/2021 18:20,18:20,12,0,1,3900 BLK W 6TH AVE & N PERRY ST,1,1,0,0,1,4,0,0,65,0,0,0,0,3,2,4,1
,2021-14510,39.69828353,-104.9144099,5/2/2021 23:40,23:40,5,0,0,S LOCUST ST & 1023 BLK,1,3,0,0,2,4,0,0,25,0,0,0,0,0,4,1,14
,2021-14511,39.73080353,-105.0153399,6/6/2021 14:55,14:55,12,0,1,I-25 NB & 6TH AVE WB EXIT RAMP,1,1,0,0,1,8,0,0,45,0,0,0,0,2,1,2,1
,2021-14512,39.76094353,-105.0043199,6/4/2021 15:42,15:42,15,0,0,I-25 NB & 20TH ST,1,1,0,0,1,4,0,0,55,0,0,0,0,0,1,2,3
,2021-14513,39.72563353,-104.9811199,5/28/2021 9:35,9:35,15,0,0,E 6TH AVE & N PENNSYLVANIA AVE,1,1,0,0,1,1,0,0,30,0,0,0,0,0,4,2,1
,2021-14514,39.73869353,-104.9034599,5/26/2021 20:09,20:09,3,0,0,E 14TH AVE & N QUEBEC ST,1,1,0,0,1,1,0,0,30,0,0,0,0,0,4,2,13
,2021-14516,39.78010353,-104.9895499,6/10/2021 8:51,8:51,12,0,0,I-25 SB EXIT RAMP & I-70 EB,1,1,1,0,1,8,0,0,55,0,0,0,0,0,1,3,1
,2021-14517,39.67484354,-104.9664099,6/9/2021 7:29,7:29,3,0,0,S WILLIAMS ST & E ILIFF AVE,1,1,0,0,1,1,0,0,25,0,0,0,0,1,4,4,13
,2021-14518,39.77713352,-104.8829699,5/7/2021 16:24,16:24,12,0,0,I-70 EB & I-270 DIRECT CONNECT,1,1,0,0,1,4,0,0,55,0,0,0,0,0,1,2,5
,2021-14519,39.82376679,-104.9640821,6/11/2021 22:06,22:06,12,0,0,I-70 WB & I-270 WB,1,3,0,0,1,4,0,0,55,0,0,0,0,1,1,3,10
,2021-14520,39.71825353,-104.9666599,5/25/2021 9:30,9:30,11,0,0,N GILPIN ST & E 1ST AVE,1,1,0,0,1,3,0,0,0,0,0,1,0,0,4,2,16
,2021-14521,39.77702152,-104.8824489,6/13/2021 12:22,12:22,1,0,0,I-70 EB ENT RAMP & N CENTRAL PARK BLVD,1,1,0,0,1,1,0,0,40,0,0,0,0,0,4,3,3
,2021-14522,39.67845353,-104.9081899,6/1/2021 16:00,16:00,15,0,0,E EVANS AVE & S ONEIDA ST,1,1,0,0,1,4,0,0,40,0,0,0,0,0,4,2,14
,2021-14523,39.74746352,-104.8858199,3/29/2021 15:00,15:00,8,0,2,E MONTVIEW BLVD & N XENIA ST,1,1,0,0,1,1,0,0,35,0,0,0,0,3,4,3,1
,2021-14524,39.75382353,-105.0294999,5/26/2021 6:45,6:45,14,0,0,2500 BLK N IRVING ST & W 25TH AVE,1,1,0,0,1,4,0,0,25,0,0,0,0,0,4,3,16
,2021-14525,39.73525486,-104.9944825,5/30/2021 19:16,19:16,12,0,0,1200 BLK N SPEER & 1200 BLK N,11,2,0,1,1,4,0,0,30,0,0,0,0,0,4,4,13
,2021-14526,39.71648353,-104.9859299,5/28/2021 22:42,22:42,6,0,0,100 BLK E ELLSWORTH AVE & S LINCOLN ST,1,3,0,0,1,4,0,0,25,0,0,0,0,0,4,4,14
,2021-14527,39.71110353,-104.9733799,5/22/2021 2:15,2:15,3,0,0,S DOWNING ST & E ALAMEDA AVE,1,3,0,0,1,1,0,0,30,0,0,0,0,1,4,3,13
,2021-14528,39.65304354,-104.9293299,6/9/2021 15:45,15:45,12,0,0,E HAMPDEN AVE & S ELM ST,1,1,1,0,1,1,0,0,40,0,0,0,0,0,2,3,7
,2021-14529,39.70665354,-104.9965899,6/13/2021 7:35,7:35,15,0,1,I-25 NB & S SANTA FE DR,1,1,0,0,1,4,0,0,55,0,0,0,0,2,1,2,3
,2021-14530,39.78405352,-104.9895499,6/11/2021 9:05,9:05,12,0,0,I-25 SB & W 48TH AVE,1,1,0,0,1,4,0,0,65,0,0,0,0,0,1,3,13
,2021-14531,39.69467734,-104.9592994,6/11/2021 12:22,12:22,12,0,0,I-25 NB & S UNIVERSITY BLVD,1,1,1,0,1,4,0,0,55,0,0,0,0,0,1,3,13
,2021-14532,39.74000353,-104.9758499,6/12/2021 2:50,2:50,6,0,0,900 BLK E COLFAX AVE & N EMERSON ST,1,3,0,0,1,4,0,0,35,0,0,0,0,0,2,3,5
,2021-14533,39.70673354,-105.0275299,6/5/2021 1:41,1:41,6,0,0,500 BLK S HAZEL CT & W VIRGINIA AVE,1,4,0,0,1,4,0,0,25,0,0,0,0,0,4,2,1
,2021-14534,39.74265353,-104.9187699,6/11/2021 2:27,2:27,6,0,1,1600 BLK N JASMINE ST & E 17TH AVE,1,4,0,0,1,4,0,0,25,0,0,0,0,2,4,2,5
,2021-14535,39.71120354,-104.9988899,6/10/2021 17:22,17:22,12,0,0,I-25 NB & W ALAMEDA AVE ENT RAMP  [GORE PT],1,2,0,0,1,8,0,0,55,0,0,0,0,0,1,2,16
,2021-14536,39.72931353,-105.0150399,6/11/2021 22:45,22:45,12,0,0,I-25 SB & W 8TH AVE,1,3,0,0,1,4,0,0,55,0,0,0,0,0,1,3,13
,2021-14537,39.82518502,-104.9816053,6/3/2021 15:10,15:10,15,0,0,I-25 NB & PARK AVE NB ENT RAMP [GORE PT],1,1,1,0,1,4,0,0,55,0,0,0,0,0,1,2,13
,2021-14538,39.70633354,-105.0396799,6/10/2021 13:30,13:30,12,0,0,MORRISON RD & S PERRY ST,1,1,0,0,1,1,0,0,30,0,0,0,0,0,4,3,13
,2021-14539,39.74009468,-104.9035119,6/11/2021 7:19,7:19,1,0,0,N NORTHFIELD QUEBEC ST & I-70 WB ENT / EXIT RAMPS,1,1,1,0,1,1,0,0,35,0,0,0,0,1,2,2,13
,2021-14540,39.67483354,-104.9579399,6/2/2021 16:55,16:55,6,0,0,S JOSEPHINE ST & E ILIFF AVE,1,1,0,0,1,4,0,0,25,0,0,0,0,0,4,3,10
,2021-14541,39.75103353,-104.9339299,5/27/2021 17:19,17:19,3,0,1,N CHERRY ST & E 23RD AVE,1,1,0,0,1,1,0,0,30,0,0,0,0,3,4,3,7
,2021-14542,39.71024354,-105.0203799,6/12/2021 4:14,4:14,6,0,0,300 BLK S CLAY ST & W ALAMEDA AVE,1,3,1,0,1,4,0,0,25,0,0,0,0,0,4,3,13
,2021-14543,39.66758354,-104.9593699,5/27/2021 17:57,17:57,12,0,0,S UNIVERSITY BLVD & E YALE AVE,1,1,0,0,1,1,0,0,30,0,0,0,0,0,4,3,13
,2021-14544,39.76568353,-104.9950429,5/21/2021 22:10,22:10,12,0,0,PARK AVE & N GLOBEVILLE RD,1,3,1,0,1,4,0,0,35,0,0,0,0,0,4,3,16
,2021-14545,39.85149548,-105.0001884,6/13/2021 0:57,0:57,12,0,0,W 6TH AVE & N KALAMATH ST,1,3,0,0,1,1,0,0,30,0,0,0,0,0,4,4,5
,2021-14546,39.71124354,-105.0396899,6/14/2021 16:05,16:05,12,0,0,S PERRY ST & W ALAMEDA AVE,1,1,0,0,1,4,0,0,35,0,0,0,0,0,2,2,13
,2021-14547,39.74295354,-105.0531999,6/12/2021 15:45,15:45,12,0,0,1600 BLK N SHERIDAN BLVD & W ANNIE PL,1,1,1,0,1,1,0,0,25,0,0,0,0,0,2,2,16
,2021-14548,39.72558391,-105.0264701,6/4/2021 19:41,19:41,12,0,0,I-25 NB & W 6TH AVE W 6TH AVE,1,3,0,0,1,4,0,0,60,0,0,0,0,0,1,3,13
,2021-14549,39.72564253,-104.9238844,6/14/2021 18:15,18:15,3,0,0,E 6TH AVE & N HUDSON ST,1,1,0,0,1,1,0,0,30,0,0,0,0,0,4,2,13
,2021-14550,39.70897353,-104.8753699,3/25/2021 13:36,13:36,12,0,0,S DAYTON ST & E ALAMEDA AVE,1,1,0,0,1,4,0,0,30,0,0,0,0,0,4,2,13
,2021-14551,39.7787545,-104.8704253,6/13/2021 22:04,22:04,3,0,0,12000 BLK E 45TH AVE & N PEORIA ST,1,3,0,0,1,2,0,0,,0,0,0,0,0,4,2,7
,2021-14552,39.76385352,-104.9404899,6/13/2021 1:40,1:40,5,0,0,4500 BLK N COLORADO BLVD & BRUCE RANDOLPH AVE,1,3,0,0,1,4,0,1,35,0,0,0,0,0,2,1,3
,2021-14553,39.75787353,-104.9844699,6/13/2021 16:07,16:07,3,0,0,26TH ST & LAWRENCE ST,1,1,0,0,1,1,0,0,25,0,0,0,0,0,4,2,13
,2021-14554,39.78325353,-105.0111299,6/13/2021 19:07,19:07,5,0,1,W 48TH S DR & N TEJON ST,1,1,0,0,2,1,0,0,35,0,0,0,0,2,4,1,3
,2021-14555,39.75512353,-105.0127099,6/12/2021 7:17,7:17,15,0,1,I-25 NB & N SPEER BLVD,1,1,0,0,1,4,0,0,55,0,0,0,0,3,1,3,16
,2021-14556,39.83185441,-104.6935588,6/14/2021 19:15,19:15,3,0,1,E 75TH AVE & JACKSON GAP AVE,1,1,0,0,1,3,0,0,45,0,0,0,0,2,4,2,13
,2021-14557,39.70123354,-105.0250699,6/12/2021 17:24,17:24,3,0,0,800 BLK S FEDERAL BLVD & W KENTUCKY AVE,1,1,0,0,1,1,0,0,35,0,0,0,0,0,2,3,16
,2021-14559,39.66989354,-105.0250699,6/14/2021 5:48,5:48,3,0,0,2600 BLK S FEDERAL BLVD & W COLLEGE AVE,1,1,0,0,1,1,0,0,35,0,0,0,1,1,2,2,7
,2021-14560,39.75536353,-105.0126899,6/4/2021 21:39,21:39,15,0,0,I-25 SB ENT RAMP & N SPEER BLVD,1,3,0,0,1,8,0,0,55,0,0,0,0,0,1,2,1
,2021-14561,39.65307354,-104.9184399,6/13/2021 16:00,16:00,3,0,0,I-25 SB EXIT RAMP & E HAMPDEN AVE,1,1,0,0,1,1,0,0,40,0,0,0,0,0,2,2,13
,2021-14562,39.71497354,-105.0299999,6/12/2021 11:40,11:40,3,0,0,S IRVING ST & W BAYAUD AVE,1,1,0,0,1,1,0,0,25,0,0,0,0,0,4,2,13
,2021-14563,39.68032354,-104.9875599,6/12/2021 12:42,12:42,12,0,0,W ASBURY AVE & S BROADWAY ST,1,1,0,0,1,4,0,0,25,0,0,0,0,0,4,2,1
,2021-14564,39.71819054,-105.0494164,6/13/2021 8:10,8:10,3,0,0,N XAIVER ST & W 1ST AVE,1,1,0,0,1,1,0,0,25,0,0,0,0,1,4,2,13
,2021-14565,39.75493753,-104.9830234,6/14/2021 8:27,8:27,3,0,0,25TH ST & CHAMPA ST,1,1,0,0,1,1,0,0,25,0,0,0,1,0,4,2,7
,2021-14566,39.89935675,-104.9402419,6/14/2021 17:10,17:10,15,0,0,I-70 WB & COLORADO BLVD,1,1,0,0,1,4,0,0,55,0,0,0,0,0,1,2,13
,2021-14567,39.75120353,-105.0228399,6/13/2021 21:53,21:53,5,0,1,2800 BLK W 23RD AVE & N DECATUR ST,1,3,1,0,1,4,0,0,30,0,0,0,0,2,4,1,4
,2021-14621,39.69674354,-105.0126999,3/25/2021 17:24,17:24,3,0,0,W MISSISSIPPI AVE & S TEJON ST,1,1,0,0,1,1,0,0,30,0,0,0,0,0,4,2,7
,2021-14622,39.70476353,-104.9733699,4/1/2021 21:43,21:43,6,0,0,600 BLK S DOWNING ST & E CENTER AVE,1,3,0,0,1,4,0,0,30,0,0,0,0,0,4,2,5
,2021-14623,39.75968353,-104.9855999,4/2/2021 0:54,0:54,6,0,2,2600 BLK WALNUT ST & 2600 BLK,1,3,0,0,1,4,0,0,30,0,0,0,0,2,4,2,5
,2021-14624,39.77181352,-104.82209,4/1/2021 18:44,18:44,5,0,1,I-70 WB & I-225 NB ENT [GORE PT],1,2,1,0,3,4,0,0,55,0,0,0,0,3,1,1,5
,2021-14626,39.73043353,-104.9823799,6/8/2021 18:05,18:05,3,0,0,E 9TH AVE & N LOGAN ST,1,1,0,0,1,1,0,0,30,0,0,0,0,0,4,2,13
,2021-14627,39.77657353,-105.0531399,6/8/2021 20:11,20:11,2,0,1,W 44TH AVE & N SHERIDAN BLVD,1,1,0,0,1,2,0,0,0,1,0,0,0,3,4,2,16
,2021-14628,39.78362951,-104.791364,6/8/2021 18:04,18:04,1,0,0,E GVR BLVD & PENA BLVD INBOUND,1,1,0,0,1,1,0,0,35,0,0,0,0,0,4,2,13
,2021-14629,39.75482353,-105.0310999,5/26/2021 6:45,6:45,5,0,0,3300 BLK W 26TH AVE & N IRVING ST,1,1,0,0,2,4,0,0,25,0,0,0,0,0,4,1,16
,2021-14630,39.65308354,-104.9210899,6/8/2021 16:32,16:32,12,0,0,5700 BLK E HAMPDEN AVE & S IVANHOE ST,1,1,1,0,1,3,0,0,40,0,0,0,0,0,2,2,3
,2021-14631,39.66666354,-105.0172999,5/29/2021 16:28,16:28,6,0,0,W WATER AVE & 2525 BLK,1,1,1,0,2,4,0,0,30,0,0,0,0,0,4,2,5
,2021-14632,39.78194352,-104.9581399,5/27/2021 15:15,15:15,12,0,0,E 47TH AVE & N JOSEPHINE ST,1,1,0,0,1,1,0,0,35,0,0,0,0,0,4,2,3
,2021-14633,39.72541754,-105.0252199,6/9/2021 19:30,19:30,12,0,0,W 6TH AVE & N FEDERAL BLVD,1,1,0,1,1,4,0,0,55,0,0,0,0,0,2,2,13
,2021-14634,39.77911352,-104.9698199,6/4/2021 17:51,17:51,5,0,0,4600 N HUMBOLDT ST & 48TH AVE,1,3,0,0,4,7,0,0,,0,0,0,0,0,4,1,13
,2021-14635,39.76620353,-104.9729699,5/30/2021 21:50,21:50,16,0,0,3550 N DOWNING ST & 3550 BLK N,11,3,1,1,5,7,0,0,10,0,0,0,0,0,3,2,13
,2021-14636,39.75131353,-105.0165199,5/28/2021 17:56,17:56,12,0,0,I-25 NB & W 23RD AVE EXIT [GORE PT],1,1,0,0,1,4,0,0,65,0,0,0,0,0,1,2,6
,2021-14637,39.76832352,-104.8517099,6/7/2021 3:09,3:09,6,0,0,E 37TH AVE & N NOME ST,1,3,0,0,1,4,0,0,,0,0,0,0,0,4,2,16
,2021-14638,39.77658353,-105.0181899,6/9/2021 15:15,15:15,6,0,0,W 44TH AVE & N BEACH CT,1,1,0,0,1,4,0,0,30,0,0,0,0,0,4,2,3
,2021-14639,39.72745604,-105.0532752,6/8/2021 20:56,20:56,12,0,0,W 6TH AVE & N SHERIDAN BLVD ENT [GORE PT],1,3,0,0,1,4,0,0,65,0,0,0,0,0,2,2,13
,2021-14640,39.78013352,-104.9670799,5/24/2021 6:40,6:40,12,0,0,I-70 WB & N BRIGHTON BLVD,1,1,0,0,1,4,0,0,55,0,0,0,0,1,1,2,13
,2021-14641,39.75774353,-104.9985699,5/20/2021 19:28,19:28,12,0,0,20TH ST & CHESTNUT PL,1,1,1,0,1,3,0,0,30,0,0,0,0,0,4,2,5
,2021-14642,39.74631353,-104.9781699,5/21/2021 22:00,22:00,16,0,0,755 E 19TH AVE & 755 BLK E,1,3,0,0,5,7,0,0,,0,0,0,0,0,3,2,16
,2021-14643,39.76448353,-104.9647099,5/28/2021 20:00,20:00,6,0,0,N HIGH ST & E BRUCE RANDOLPH AVE,1,3,0,0,1,4,0,0,30,0,0,0,0,0,4,2,14
,2021-14644,39.76962352,-104.8470199,5/25/2021 5:39,5:39,5,0,0,N PEORIA ST & E 38TH AVE,1,1,2,0,3,4,0,0,35,0,0,0,0,0,4,1,5
,2021-14645,39.77289352,-104.9486299,6/1/2021 17:19,17:19,5,0,0,E 40TH AVE & N ADAMS ST,1,1,0,0,3,4,0,0,30,0,0,0,0,0,4,1,16
,2021-14646,39.78514352,-104.8918699,5/23/2021 5:45,5:45,5,0,0,8200 BLK E NORTHFIELD BLVD & N UINTA ST,11,1,0,1,2,4,0,0,35,0,0,0,0,0,4,1,5
,2021-14647,39.76465683,-104.9791758,5/30/2021 20:44,20:44,3,0,0,26TH ST & WALNUT ST,11,3,1,1,1,1,0,0,30,0,0,0,0,1,4,2,13
,2021-14648,39.63838354,-104.9100799,5/27/2021 5:50,5:50,5,0,0,I-225 NB EXIT RAMP & I-25 SB EXIT [GORE PT],1,1,1,0,2,8,0,0,65,0,0,0,0,0,1,1,5
,2021-14649,39.71463353,-104.9406799,6/8/2021 23:05,23:05,1,0,0,S COLORADO BLVD & E BAYAUD AVE,1,3,0,0,1,1,0,0,30,0,0,0,0,0,2,2,3
,2021-14650,39.71562353,-104.9730499,5/24/2021 2:13,2:13,6,0,0,0 BLK S DOWNING ST & E BAYAUD AVE,1,3,1,0,1,4,0,0,30,0,0,0,0,0,4,2,5
,2021-14651,39.76927353,-105.0158899,5/28/2021 9:42,9:42,6,0,0,2402 W 36TH AVE & N ZUNI ST,1,1,1,0,1,5,0,0,20,0,0,0,0,0,4,2,16
,2021-14652,39.67480658,-104.9361693,5/30/2021 17:07,17:07,6,0,0,2300 BLK S DAYTON ST & E ILIFF AVE,11,1,0,1,1,4,0,0,25,0,0,0,0,0,4,2,1
,2021-14653,39.68857354,-105.0250499,6/7/2021 20:13,20:13,11,0,1,S FEDERAL BLVD & W IOWA AVE,1,2,1,0,1,4,0,0,0,0,1,0,0,3,2,1,16
,2021-14654,39.75120353,-105.0228699,5/30/2021 2:50,2:50,6,0,0,2853 W 23RD AVE & N ELIOT ST,1,3,0,0,1,4,0,0,35,0,0,0,0,0,4,2,3
,2021-14655,39.76235353,-105.0338299,5/26/2021 15:00,15:00,12,0,0,W 32ND AVE & 3481 BLK,1,1,0,0,1,7,0,0,,0,0,0,0,0,3,2,8
,2021-14656,39.75115353,-104.9545299,6/11/2021 17:38,17:38,12,0,0,23RD AVE & 2900 BLK E,1,2,1,0,1,4,0,0,35,0,0,0,0,0,4,2,3
,2021-14657,39.74043353,-105.0141499,6/8/2021 21:29,21:29,12,0,0,I-25 SB & W COLFAX AVE EXIT [GORE PT],1,3,0,0,1,4,0,0,55,0,0,0,0,1,1,2,13
,2021-14658,39.70038354,-105.0275099,5/20/2021 23:10,23:10,5,0,0,S HAZEL CT & W KENTUCKY AVE,1,2,1,0,3,1,0,0,25,0,0,0,0,0,4,1,5
,2021-14659,39.69589353,-104.9222399,6/1/2021 0:00,0:00,5,0,0,S HOLLY ST & E CHERRY CREEK S DR,1,3,0,0,4,1,0,0,30,0,0,0,0,0,4,1,1
,2021-14660,39.66452354,-104.9115099,5/23/2021 17:00,17:00,16,0,0,6500 BLK E BATES AVE & 6500 BLK E,1,3,0,0,5,7,0,0,10,0,0,0,0,0,3,2,3
,2021-14661,39.78362051,-104.7722075,5/23/2021 15:45,15:45,15,0,0,N TOWER RD & E GVR BLVD,1,1,0,0,1,4,0,0,40,0,0,0,0,0,4,2,14
,2021-14662,39.79253351,-104.77205,6/10/2021 14:45,14:45,3,0,0,E ELMENDORF DR & N TOWER RD,1,1,0,0,1,1,0,0,25,0,0,0,0,0,4,2,1
,2021-14663,39.74015353,-104.9486099,6/9/2021 15:00,15:00,6,0,0,3200 BLK E COLFAX AVE & N ADAMS ST,1,1,0,0,1,4,0,0,35,0,0,0,0,0,2,2,13
,2021-14664,39.73125353,-104.9887599,5/22/2021 22:43,22:43,6,0,1,900 BLOCK N ACOMA ST & W 10TH AVE,1,3,0,0,1,4,0,0,25,0,0,0,0,2,4,2,3
,2021-14665,39.77274252,-104.8470879,6/9/2021 18:57,18:57,12,0,0,I-70 EB OFF RAMP & N PEORIA ST,1,1,1,0,1,8,0,0,35,0,0,0,0,0,1,2,13
,2021-14666,39.75069353,-105.0005599,5/16/2021 20:12,20:12,5,0,0,1500 BLK WAZEE ST & 15TH ST,1,2,0,0,3,4,0,0,20,0,0,0,0,0,4,1,16
,2021-14667,39.73289353,-105.0151399,6/9/2021 15:38,15:38,6,0,0,BLK N YUMA ST & 1000 BLK,1,1,0,0,1,4,0,0,25,0,0,0,0,0,4,2,16
,2021-14668,39.8971869,-104.9499966,6/9/2021 22:05,22:05,12,0,0,I-70 EB & N STEELE ST,1,3,0,0,1,4,0,1,65,0,0,0,0,0,1,2,3
,2021-14669,39.65617355,-105.0513499,5/27/2021 22:30,22:30,12,0,0,5100 BLK W DARTMOUTH AVE & S SHERIDAN BLVD,1,3,0,0,1,1,0,0,35,0,0,0,0,0,2,2,7
,2021-14670,39.69297494,-104.9757583,6/9/2021 7:08,7:08,2,0,1,S ODGEN ST & E LOUSIANA AVE,1,1,0,0,1,1,0,0,30,1,0,0,0,2,4,2,13
,2021-14671,39.73475354,-105.0321499,5/23/2021 0:52,0:52,5,0,0,N KNOX CT & W 12TH AVE,1,3,0,0,1,4,0,0,35,0,0,0,0,0,4,1,16
,2021-14672,39.78422353,-105.0251799,6/3/2021 18:05,18:05,3,0,0,N FEDERAL BLVD & I-70 EB ENT / EXIT RAMPS,1,1,0,0,1,1,0,0,40,0,0,0,0,0,2,2,14
,2021-14673,39.72561553,-104.9407909,6/9/2021 21:38,21:38,1,0,1,E 6TH AVE & N COLORADO BLVD,1,3,0,0,1,1,0,0,35,0,0,0,0,2,2,2,13
,2021-14674,39.75380353,-104.9888499,6/10/2021 9:07,9:07,11,0,0,1100 BLK 22ND ST & ARAPAHOE ST,1,1,0,0,1,4,0,0,0,0,1,0,0,0,4,1,16
,2021-14675,39.72973353,-104.9912199,6/8/2021 10:25,10:25,12,0,0,N SPEER BLVD & N BANNOCK ST,1,1,0,0,1,3,0,0,35,0,0,0,0,0,4,2,14
,2021-14676,39.74043353,-105.0141499,6/10/2021 10:02,10:02,3,0,0,W COLFAX AVE & I-25 SB EXIT RAMP,1,1,1,0,1,1,0,0,40,0,0,0,0,0,2,2,13
,2021-14677,39.76929253,-105.0253144,6/9/2021 19:35,19:35,3,0,0,N FEDERAL BLVD & W 38TH AVE,1,1,0,0,1,1,0,0,40,0,0,0,0,0,2,2,13