id,drcog_id,latitude,longitude,crashtime,time,crashtype,numbkilled,numbinjurd,drcoglocat,rdconditin,lightngcon,roadcntgrd,weatherco,location,roaddescrp,schoolzone,constrzone,splimit,bikeinv,pedinv,sctrinv,motoinv,svrty,rdsystem,ttlvehcls,hcf
,2021-14678,39.75347353,-104.9884099,6/9/2021 16:11,16:11,12,0,0,22ND ST & ARAPAHOE ST,1,1,1,0,1,4,0,0,30,0,0,0,0,0,4,2,13
,2021-14679,39.76738452,-104.9025184,6/9/2021 20:07,20:07,10,0,0,N QUEBEC ST & E 36TH AVE,1,3,0,0,1,1,0,0,40,0,0,0,0,0,4,2,8
,2021-14680,39.74819353,-104.9597599,6/10/2021 10:35,10:35,3,0,0,N YORK ST & E 21ST AVE,1,1,0,0,1,1,0,0,30,0,0,0,0,0,4,2,3
,2021-14681,39.77705982,-104.9701395,6/9/2021 21:30,21:30,15,0,0,I-70 WB & S BRIGHTON BLVD,1,1,0,0,1,4,0,0,55,0,0,0,0,0,1,2,13
,2021-14682,39.65303353,-104.87199,6/10/2021 14:13,14:13,12,0,0,E HAMPDEN AVE & S FLORENCE ST,1,1,0,0,1,1,0,0,45,0,0,0,0,0,2,2,7
,2021-14683,39.69114354,-104.9593299,6/10/2021 15:31,15:31,1,0,1,S UNIVERSITY BLVD & E ARKANSAS AVE,1,1,0,0,1,1,0,0,30,0,0,0,0,2,4,2,1
,2021-14684,39.79805351,-104.8293999,6/10/2021 2:28,2:28,5,0,1,13600 BLK E 56TH AVE & N WORCHESTER ST,1,4,0,0,3,4,0,0,40,0,0,0,0,3,4,1,13
,2021-14685,39.71987346,-104.8472585,6/10/2021 16:10,16:10,12,0,0,I-70 EB & N PEORIA ST,1,1,1,0,1,4,0,0,65,0,0,0,0,0,1,2,3
,2021-14686,39.71104353,-104.8659599,6/9/2021 16:08,16:08,12,0,0,E ALAMEDA AVE & S HAVANA ST,1,1,0,0,1,1,0,0,35,0,0,0,0,0,4,2,16
,2021-14687,39.68497773,-105.029777,6/9/2021 21:00,21:00,6,0,0,3007 W COLORADO AVE & IRVING ST S,1,3,0,0,3,4,0,0,25,0,0,0,0,0,4,2,16
,2021-14688,39.73680353,-104.9585899,6/2/2021 18:40,18:40,12,0,0,E 13TH AVE & N JOSEPHINE ST,1,1,0,0,1,1,0,0,30,0,0,0,0,0,4,2,13
,2021-14689,39.67750354,-104.9407299,6/9/2021 12:30,12:30,3,0,0,2100 BLK S COLORADO BLVD & E EVANS AVE,1,1,0,0,1,2,0,0,10,0,0,0,0,1,2,2,3
,2021-14690,39.78172351,-104.80171,5/23/2021 3:00,3:00,6,0,0,N KITTREDGE ST & E ELK DR,11,4,0,1,1,4,0,0,35,0,0,0,0,0,4,2,5
,2021-14691,39.78931351,-104.8401799,6/9/2021 19:40,19:40,3,0,1,E 51ST AVE & N TITAN CT,1,2,0,0,1,1,0,0,25,0,0,0,0,3,4,2,13
,2021-14692,39.77583352,-104.8658799,5/23/2021 3:13,3:13,15,0,0,I-70 WB & N HAVANA ST,11,3,1,1,1,4,0,0,55,0,0,0,0,0,1,2,1
,2021-14693,39.75221353,-104.9992299,4/30/2021 11:45,11:45,6,0,0,1600 BLOCK 17TH ST & WYNKOOP ST,1,1,0,0,1,5,0,0,25,0,0,0,0,0,4,2,5
,2021-14694,39.76623353,-105.0051899,6/4/2021 1:30,1:30,6,0,0,3500 BLK N OSAGE ST & W 35TH AVE,1,3,0,0,1,5,0,0,15,0,0,0,0,0,4,2,7
,2021-14695,39.72095353,-104.9406899,6/9/2021 17:20,17:20,1,0,1,N COLORADO BLVD & E 3RD AVE,1,1,1,0,1,1,0,0,35,0,0,0,0,2,2,2,1
,2021-14696,39.77841352,-104.9035599,6/10/2021 12:48,12:48,12,0,0,I-70 WB & N NORTHFIELD QUEBEC ST,1,1,0,0,1,4,0,0,55,0,0,0,0,0,1,2,3
,2021-14697,39.72745604,-105.0532752,6/5/2021 13:39,13:39,15,0,0,W 6TH AVE W 6TH AVE & N SHERIDAN BLVD,1,1,0,0,1,4,0,0,55,0,0,0,0,0,2,2,13
,2021-14698,39.72599354,-105.0484899,6/6/2021 0:49,0:49,5,0,0,W 6TH AVE & N WOLFF ST,1,4,1,0,2,3,0,0,25,0,0,0,0,0,2,1,14
,2021-14699,39.73676353,-104.9461699,6/3/2021 10:39,10:39,10,0,0,E 13TH AVE & N MADISON ST,1,1,0,0,1,1,0,0,30,0,0,0,0,0,4,2,13
,2021-14700,39.71118354,-104.9971299,1/29/2021 17:59,17:59,11,0,0,W ALAMEDA AVE & S SANTA FE DR,1,3,0,0,1,1,0,0,0,0,1,0,0,0,2,1,16
,2021-14701,39.89935675,-104.9402419,6/10/2021 18:20,18:20,12,0,0,I-70 EB & N COLORADO BLVD,1,1,0,0,1,4,0,0,55,0,0,0,0,0,1,2,13
,2021-14702,39.74405353,-105.0005999,6/9/2021 20:29,20:29,15,0,0,N SPEER BLVD & ARAPAHOE ST,1,1,0,0,1,1,0,0,35,0,0,0,0,0,4,2,8
,2021-14703,39.77376351,-104.80217,6/7/2021 16:00,16:00,6,0,0,4255 N KITTREDGE ST & 4255 BLK N,1,1,0,0,1,7,0,0,10,0,0,0,0,0,4,2,8
,2021-14704,39.71102354,-105.0205899,6/10/2021 16:23,16:23,8,0,0,2700 W ALAMEDA AVE & S DALE CT,1,1,0,0,6,4,0,0,40,0,0,0,0,0,2,2,3
,2021-14705,39.70665354,-105.0026699,6/6/2021 19:52,19:52,11,0,1,W CUSTER PL & 1256 BLK,1,2,0,1,1,4,0,0,20,0,1,0,0,2,4,1,7
,2021-14706,39.78362951,-104.791364,6/10/2021 19:37,19:37,3,0,0,E GVR BLVD & PENA BLVD [RAMP] INBOUND,1,1,0,0,1,1,0,0,35,0,0,0,0,1,4,2,14
,2021-14707,39.71300354,-105.0197299,5/30/2021 9:57,9:57,3,0,0,W CEDAR AVE & S CANOSA CLAY ALY,11,1,0,1,1,1,0,0,25,0,0,0,0,0,4,2,16
,2021-14708,39.77829352,-104.9035599,5/18/2021 13:50,13:50,15,0,0,N NORTHFIELD QUEBEC ST ENT RAMP & I-70 EB ENT [GORE PT],1,1,1,0,1,8,0,0,35,0,0,0,0,0,4,2,13
,2021-14709,39.75849353,-105.0392999,6/9/2021 19:45,19:45,2,0,1,N PERRY ST & W 29TH AVE,1,3,0,0,1,1,0,0,0,1,0,0,0,2,4,2,16
,2021-14710,39.77727352,-104.8827699,6/10/2021 9:05,9:05,12,0,0,I-70 WB & N CENTRAL PARK BLVD,1,1,0,0,1,4,0,0,55,0,0,0,0,1,1,2,14
,2021-14711,39.75131353,-105.0165199,6/10/2021 11:26,11:26,15,0,0,I-25 NB & W 23RD AVE ENT [GORE PT],1,1,0,0,1,4,0,0,55,0,0,0,0,0,1,2,14
,2021-14712,39.74745353,-105.0001099,5/29/2021 23:35,23:35,6,0,0,1300 BLK 14TH ST & MARKET ST,1,3,0,0,1,4,0,0,25,0,0,0,0,0,4,2,13
,2021-14713,39.76021353,-105.0143799,5/18/2021 22:39,22:39,6,0,0,3000 BLK N WYANDOT ST & W 31ST AVE,1,3,1,0,1,4,0,0,25,0,0,0,0,0,4,2,5
,2021-14714,39.78010353,-104.9895499,6/11/2021 14:51,14:51,15,0,0,I-25 SB ENT RAMP & I-70 EB EXIT [GORE PT],1,1,0,0,1,8,0,0,55,0,0,0,0,0,1,2,13
,2021-14715,39.76211053,-105.0335291,6/11/2021 18:37,18:37,12,0,0,W 32ND AVE & N FEDERAL BLVD,1,1,0,0,1,3,0,0,35,0,0,0,0,0,2,3,1
,2021-14716,39.67855354,-104.9828799,6/12/2021 0:08,0:08,5,0,0,E EVANS AVE & S LOGAN ST,1,3,0,0,2,4,0,0,35,0,0,0,0,0,4,2,16
,2021-14717,39.70126155,-105.1289899,6/11/2021 15:15,15:15,3,0,0,MORRISON RD & W KENTUCKY AVE,1,1,0,0,1,1,0,0,30,0,0,0,0,0,4,2,13
,2021-14718,39.78184352,-104.9786299,6/11/2021 17:03,17:03,3,0,0,N WASHINGTON ST & E 46TH AVE,1,1,0,0,1,1,0,0,35,0,0,0,0,0,4,2,13
,2021-14719,39.80033849,-104.8843294,6/12/2021 1:27,1:27,12,0,0,I-70 EB & N CENTRAL PARK BLVD EXIT [GORE PT],1,3,0,0,1,4,0,0,55,0,0,0,0,1,1,2,5
,2021-14720,39.72727353,-104.9763999,6/9/2021 9:31,9:31,3,0,0,E 7TH AVE & N EMERSON ST,1,1,0,0,1,1,0,0,25,0,0,0,0,0,4,2,4
,2021-14721,39.70929353,-104.9410299,6/9/2021 11:35,11:35,12,0,0,3900 BLK E DAKOTA AVE & S JACKSON ST,1,1,0,0,1,4,0,0,25,0,0,0,0,0,4,2,13
,2021-14722,39.69675354,-105.0471899,6/11/2021 23:18,23:18,6,0,0,W MISSISSIPPI AVE & S WINOCA CT,1,3,0,0,1,4,0,0,25,0,0,0,0,1,4,2,5
,2021-14723,39.74893453,-104.9873749,5/30/2021 16:18,16:18,15,0,0,20TH ST & N BROADWAY ST,11,1,0,1,1,1,0,0,30,0,0,0,0,0,4,2,1
,2021-14724,39.75121353,-105.0268099,6/12/2021 9:40,9:40,3,0,1,W 23RD AVE & N GROVE ST,1,1,0,0,1,1,0,0,25,0,0,0,1,3,4,2,13
,2021-14725,39.75708353,-105.0180399,6/11/2021 14:17,14:17,15,0,0,2700 BLK N SPEER BLVD & I-25 SB,1,1,1,0,1,4,0,0,30,0,0,0,0,0,4,2,13
,2021-14726,39.7781261,-104.9037368,6/12/2021 7:09,7:09,12,0,0,N NORTHFIELD QUEBEC ST SB & I-70 EB ENT  / EXIT RAMPS,1,1,0,0,1,1,0,0,35,0,0,0,0,1,2,2,3
,2021-14727,39.66049354,-105.0251499,6/12/2021 9:55,9:55,3,0,0,S FEDERAL BLVD & W DARTMOUTH AVE,1,1,0,0,1,1,0,0,40,0,0,0,0,0,2,2,13
,2021-14728,39.70145354,-104.9875199,6/11/2021 22:31,22:31,1,0,0,I-25 SB ENT/ EXIT RAMPS & S BROADWAY ST,1,3,0,0,1,1,0,0,35,0,0,0,0,1,4,2,1
,2021-14729,39.85165152,-105.0014734,6/8/2021 0:35,0:35,5,0,0,N MARIPOSA ST / N LIPAN ST ALLEY & 7TH AVE,1,3,0,0,2,5,0,0,15,0,0,0,0,0,4,1,16
,2021-14730,39.75835352,-104.9305399,6/9/2021 14:58,14:58,8,0,0,E 29TH AVE & N EUDORA ST,1,1,0,0,1,1,0,0,25,0,0,0,0,1,4,2,1
,2021-14731,39.72558391,-105.0264701,6/9/2021 10:16,10:16,12,0,0,I-25 NB & W 6TH AVE W 6TH AVE,1,1,0,0,1,4,0,0,55,0,0,0,0,1,1,2,3
,2021-14732,39.71658353,-105.0001699,6/11/2021 19:21,19:21,3,0,0,N KALAMATH ST & W ELLSWORTH AVE,1,1,0,0,1,1,0,0,35,0,0,0,0,1,4,2,13
,2021-14733,39.71324354,-104.9993999,6/12/2021 9:35,9:35,3,0,0,S KALAMATH ST & W CEDAR AVE,1,1,0,0,1,1,0,0,25,0,0,0,0,0,4,2,13
,2021-14734,39.76194852,-104.9406604,6/9/2021 16:54,16:54,1,0,0,E MLK BLVD & N COLORADO BLVD,1,1,0,0,1,1,0,0,35,0,0,0,0,1,2,2,1
,2021-14735,39.72551353,-105.0133499,6/11/2021 23:00,23:00,12,0,2,I-25 SB & W 6TH AVE,1,3,0,0,1,4,0,0,55,0,0,0,0,1,1,2,13
,2021-14736,39.78078352,-104.9028899,6/11/2021 14:55,14:55,15,0,0,N NORTHFIELD QUEBEC ST & N SANDCREEK RD,1,1,1,0,1,4,0,1,35,0,0,0,0,0,2,2,8
,2021-14737,39.72527841,-105.1417334,6/12/2021 15:10,15:10,12,0,0,I-25 NB & W 6TH AVE,1,1,0,0,1,4,0,0,65,0,0,0,0,0,1,2,7
,2021-14738,39.75659352,-104.9018399,5/1/2021 21:33,21:33,16,0,0,2810 N QUEBEC ST & 2810 BLK N,1,3,0,0,5,7,0,0,20,0,0,0,0,0,3,1,13
,2021-14739,39.76075353,-104.9733299,6/11/2021 14:47,14:47,3,0,0,N DOWNING ST & E 31ST  AVE,1,1,0,0,1,1,0,0,25,0,0,0,0,0,4,2,13
,2021-14740,39.65305354,-104.88141,6/11/2021 16:12,16:12,1,0,2,E HAMPDEN AVE & S AKRON ST,1,1,0,0,1,1,0,0,45,0,0,0,0,2,2,2,5
,2021-14741,39.78378351,-104.79796,6/11/2021 13:45,13:45,6,0,0,N MEMPHIS ST & E GVR BLVD,1,1,0,0,3,3,0,0,35,0,0,0,0,0,4,2,1
,2021-14742,39.72527841,-105.1417334,6/9/2021 15:18,15:18,12,0,0,I-25 SB & W 6TH AVE,1,1,1,0,1,4,0,0,60,0,0,0,0,0,1,2,13
,2021-14743,39.79840751,-104.7872825,6/11/2021 5:01,5:01,15,0,0,PENA BLVD & E 56TH AVE,1,1,0,0,1,4,0,0,55,0,0,0,0,0,4,2,13
,2021-14744,39.78399353,-105.0158299,6/11/2021 16:39,16:39,3,0,1,N ZUNI ST & W 48TH AVE,1,1,0,0,1,1,0,0,30,0,0,0,0,1,4,2,13
,2021-14745,39.67862654,-105.0249814,6/9/2021 13:12,13:12,15,0,0,S FEDERAL BLVD & W EVANS AVE,1,1,0,0,1,3,0,0,35,0,0,0,0,0,2,2,4
,2021-14746,39.74014353,-104.9800399,6/11/2021 6:49,6:49,5,0,0,E COLFAX AVE 571 & N PEARL ST,1,1,0,0,2,4,0,0,35,0,0,0,0,0,3,1,14
,2021-14747,39.78534166,-104.7709271,5/21/2021 16:27,16:27,16,0,1,18605 GREEN VALLEY RANCH BLVD & PRIVATE LOT,1,1,0,0,5,7,0,0,10,0,1,0,0,3,3,1,14
,2021-14748,39.8334535,-104.692913,6/11/2021 0:04,0:04,12,0,0,PENA BLVD & JACKSONS GAP,1,3,0,0,1,4,0,0,45,0,0,0,0,0,4,2,13
,2021-14749,39.72745604,-105.0532752,6/10/2021 18:05,18:05,12,0,1,W 6TH AVE ENT RAMP & N SHERIDAN BLVD ENT [GORE PT],1,1,1,0,1,8,0,0,65,0,0,0,0,2,2,2,13
,2021-14750,39.77799351,-104.769,6/11/2021 8:36,8:36,5,0,0,N ARGONNE ST & E 45TH AVE,1,1,0,0,3,3,0,0,25,0,0,0,0,0,4,1,1
,2021-14751,39.75233353,-104.9942299,6/11/2021 7:45,7:45,5,0,0,1300 BLK 19TH ST & MARKET ST,1,1,0,0,1,4,0,1,30,0,0,0,0,0,4,1,13
,2021-14752,39.78238352,-104.8469999,5/12/2021 20:59,20:59,15,0,0,N PEORIA ST & E 47TH AVE,1,3,0,0,1,1,0,0,40,0,0,0,0,0,4,2,16
,2021-14753,39.84979749,-104.6738195,6/10/2021 20:56,20:56,12,0,0,PENA BLVD INBOUND & E GVR BLVD,1,2,0,0,1,1,0,0,40,0,0,0,0,0,4,2,6
,2021-14754,39.68399011,-104.9034184,5/14/2021 23:00,23:00,5,0,0,2200 BLK S QUEBEC ST & E EVANS AVE,1,3,1,0,2,4,0,0,30,0,0,0,0,0,4,1,1
,2021-14755,39.74011353,-104.9988499,5/29/2021 16:22,16:22,15,0,0,W COLFAX AVE & N SPEER BLVD,1,1,0,0,1,1,0,0,35,0,0,0,0,0,4,2,5
,2021-14756,39.74018653,-104.9407414,5/12/2021 15:21,15:21,12,0,0,N COLORADO BLVD & E COLFAX AVE,1,1,0,0,1,4,0,0,30,0,0,0,0,0,2,2,14
,2021-14757,39.73687353,-104.9718399,6/7/2021 11:30,11:30,6,0,0,E 13TH AVE & N MARION ST,1,1,1,0,1,4,0,0,30,0,0,0,0,0,4,2,16
,2021-14758,39.63413354,-104.9067299,6/11/2021 1:53,1:53,5,0,0,I-225 NB & I-25 NB / SB SPLIT [GORE PT],1,3,1,0,3,4,0,0,55,0,0,0,0,0,1,1,5
,2021-14759,39.67782354,-105.0499299,5/30/2021 12:55,12:55,6,0,0,2100 BLK S XAVIER ST & W EVANS AVE,11,1,0,1,1,4,0,0,25,0,0,0,0,0,4,2,3
,2021-14760,39.67399354,-104.9851799,6/11/2021 9:25,9:25,6,0,0,2300 BLK S SHERMAN ST & E ILIFF AVE,1,1,0,0,1,4,0,0,25,0,0,0,0,0,4,2,16
,2021-14761,39.71117354,-105.0145099,5/18/2021 23:08,23:08,2,0,0,W ALAMEDA AVE & S YUMA ST,1,3,1,0,1,1,0,0,0,1,0,0,0,0,2,2,16
,2021-14762,39.73923353,-104.9835799,5/14/2021 9:45,9:45,10,0,0,1400 BLK N GRANT ST & E COLFAX AVE,1,1,0,0,1,2,0,0,30,0,0,0,0,0,2,2,13
,2021-14763,39.8360335,-104.72015,6/10/2021 18:50,18:50,12,0,0,7600 BLK PENA BLVD & 7600 BLK,1,1,0,0,1,4,0,0,55,0,0,0,0,0,4,2,7
,2021-14764,39.71134153,-104.9035399,6/10/2021 17:50,17:50,15,0,0,E ALAMEDA AVE & S QUEBEC ST,1,2,0,0,1,4,0,0,40,0,0,0,0,0,4,2,1
,2021-14765,39.76115353,-105.0047499,6/11/2021 6:41,6:41,12,0,0,I-25 SB & 20TH ST,1,1,0,0,1,4,0,0,55,0,0,0,0,0,1,2,1
,2021-14766,39.73288353,-104.9034499,6/11/2021 8:05,8:05,10,0,0,N QUEBEC ST & E 11TH AVE,1,1,0,0,1,1,0,0,30,0,0,0,0,0,4,2,13
,2021-14767,39.72559353,-104.9434499,6/7/2021 8:01,8:01,10,0,0,E 6TH AVE & N GARFIELD ST / JACKSON ST ALLEY,1,1,0,0,1,1,0,0,35,0,0,0,0,0,4,2,13
,2021-14768,39.72548353,-105.0137699,5/21/2021 15:53,15:53,15,0,0,W 6TH AVE EB EXIT RAMP & I-25 NB / SB SPLIT [GORE PT],1,1,0,0,1,8,0,0,65,0,0,0,0,0,1,2,16
,2021-14769,39.62898355,-105.0347199,5/16/2021 21:52,21:52,6,0,0,4800 BLK S LOWELL BLVD & W LAYTON AVE,1,3,0,0,1,4,0,0,25,0,0,0,0,0,4,2,1
,2021-14770,39.79103352,-104.9782699,6/11/2021 19:22,19:22,3,0,0,N WASHINGTON ST & E 52ND AVE,1,1,0,0,1,1,0,0,35,0,0,0,0,1,4,2,13
,2021-14771,39.75709353,-104.9907099,3/2/2021 17:22,17:22,10,0,0,BLAKE ST & PARK AVE W,1,1,0,0,1,1,0,0,30,0,0,0,0,0,4,2,13
,2021-14772,39.72533653,-104.9127829,6/10/2021 19:43,19:43,3,0,2,E 6TH AVE & N MONACO ST,1,2,0,0,1,1,0,0,30,0,0,0,0,2,4,2,7
,2021-14773,39.78560353,-105.0251799,6/6/2021 16:00,16:00,12,0,0,N FEDERAL BLVD & W 49TH AVE,1,1,0,0,1,3,0,0,30,0,0,0,0,1,2,2,13
,2021-14774,39.77050353,-104.9999899,6/10/2021 22:00,22:00,6,0,0,1100 BLK W 39TH AVE & LIPAN ST,1,3,0,0,1,4,0,0,25,0,0,0,0,0,4,2,5
,2021-14775,39.71117354,-105.0250799,6/11/2021 20:48,20:48,11,0,0,S FEDERAL BLVD & W ALAMEDA AVE,1,3,0,0,1,1,0,0,30,0,1,0,0,3,2,1,16
,2021-14776,39.70928953,-104.9175258,6/11/2021 19:24,19:24,10,0,0,E DAKOTA AVE & S LINCOLN ST,1,1,0,0,1,1,0,0,30,0,0,0,0,0,4,2,13
,2021-14777,39.73834353,-104.9761699,5/11/2021 20:00,20:00,15,0,0,900 BLK E 14TH AVE & N OGDEN ST,1,1,0,0,1,4,0,0,30,0,0,0,0,0,4,2,14
,2021-14778,39.65423354,-104.9405599,6/11/2021 9:25,9:25,12,0,0,COLORADO BLVD 3400 BLK SB OFF SLIP RAMP & E HAMPDEN AVE,1,1,0,0,1,3,0,0,40,0,0,0,0,0,2,2,13
,2021-14779,39.74377352,-104.8846499,5/21/2021 9:00,9:00,12,0,0,E 17TH AVE & N YOSEMITE ST,1,1,0,0,1,4,0,0,25,0,0,0,1,0,4,2,3
,2021-14928,39.71116354,-105.0299599,4/1/2021 12:19,12:19,12,0,0,3300 BLK W ALAMEDA AVE & S IRVING ST,1,1,1,0,1,3,0,0,30,0,0,0,0,0,2,2,13
,2021-14930,39.78834353,-105.0251899,3/31/2021 22:00,22:00,6,0,0,5000 BLK N FEDERAL BLVD & W 50TH AVE,1,3,0,0,1,4,0,0,35,0,0,0,0,0,2,2,16
,2021-14945,39.70703353,-104.8838899,6/6/2021 2:13,2:13,5,0,0,8900 BLK E ALAMEDA AVE & S XENIA ST,1,3,0,0,3,4,0,0,40,0,0,0,0,0,4,1,5
,2021-14946,39.72558391,-105.0264701,6/5/2021 10:49,10:49,12,0,0,I-25 NB & W 6TH AVE W 6TH AVE,1,1,0,0,1,8,0,0,55,0,0,0,0,0,1,3,13
,2021-14949,39.77411267,-104.8470871,6/6/2021 3:04,3:04,6,0,0,I-70 EB & N PEORIA ST,1,4,0,0,3,4,0,0,65,0,1,0,0,1,1,2,5
,2021-14954,39.78525352,-104.8824899,6/5/2021 22:57,22:57,3,0,1,E NORTHFIELD BLVD & N CENTRAL PARK BLVD,1,3,0,0,1,1,0,0,35,0,0,0,0,2,4,2,3
,2021-14958,39.68053354,-105.0191799,6/6/2021 3:17,3:17,6,0,2,2600 W ASBURY AVE & S BRYANT ST,1,4,1,0,1,4,0,0,25,0,0,0,0,2,4,3,5
,2021-14960,39.69674354,-105.0126999,6/5/2021 11:44,11:44,3,0,1,W MISSISSIPPI AVE & S TEJON ST,1,1,1,0,1,1,0,0,35,0,0,0,0,2,4,2,16
,2021-14963,39.71940958,-104.9501151,6/4/2021 12:14,12:14,3,0,0,E 2ND AVE & N QUEBEC ST,1,1,0,0,1,1,0,0,35,0,0,0,0,1,4,2,13
,2021-14964,39.65303354,-104.9316799,6/8/2021 3:57,3:57,12,0,0,E HAMPDEN AVE & S DAHLIA ST,1,3,2,0,1,1,0,0,40,0,0,0,0,0,2,2,3
,2021-14965,39.74004353,-104.9835699,6/8/2021 0:50,0:50,3,0,0,E COLFAX AVE & N GRANT ST,1,3,0,0,1,1,0,0,35,0,0,0,0,0,2,2,14
,2021-14967,39.72175353,-104.9558299,6/5/2021 18:56,18:56,6,0,0,E 4TH AVE & N CLAYTON ST,1,1,0,0,1,4,0,0,25,0,0,0,0,0,4,3,3
,2021-14968,39.78378352,-104.9450699,6/8/2021 12:55,12:55,3,0,0,N MONROE ST & E 48TH AVE,1,1,0,0,1,14,0,0,30,0,0,0,0,0,4,1,13
,2021-14969,39.72892353,-104.9905699,6/8/2021 13:01,13:01,12,0,0,W 8TH AVE & N SPEER BLVD,1,2,0,7,1,1,0,0,30,0,0,0,0,0,4,2,1
,2021-14970,39.82518502,-104.9816053,6/7/2021 17:54,17:54,15,0,0,E HAMPDEN & I-25 NB,1,1,2,0,1,4,0,0,40,0,0,0,0,0,2,5,2
,2021-14971,39.77663353,-105.0239599,6/8/2021 0:38,0:38,6,0,0,N ELIOT ST & W 44TH AVE,1,3,0,0,1,4,0,0,20,0,0,0,0,0,4,4,5
,2021-14973,39.74043353,-105.0139599,6/6/2021 23:05,23:05,12,0,0,W COLFAX AVE & I-25 NB,1,3,0,0,1,4,0,0,40,0,0,0,0,0,2,3,3
,2021-14974,39.76725352,-104.9016699,4/14/2021 11:50,11:50,12,0,0,7300 BLK E 36TH AVE & N QUEBEC ST,1,1,0,0,1,1,0,0,25,0,0,0,0,0,4,2,4
,2021-14975,39.74126353,-105.0486599,6/7/2021 18:44,18:44,6,0,0,1500 BLK N WOLFF ST & W COLFAX,1,1,0,0,1,4,0,0,25,0,0,0,0,0,4,2,13
,2021-14976,39.63665355,-105.0873699,6/8/2021 9:23,9:23,12,0,0,4300 BLK S AMMONS ST & W QUINCY AVE,1,1,0,0,1,4,0,0,30,0,0,0,0,1,4,2,13
,2021-14977,39.77561352,-104.8657299,6/7/2021 16:25,16:25,12,0,0,I-70 EB & N HAVANA ST,1,1,0,0,1,4,0,0,65,0,0,0,0,0,1,2,13
,2021-14978,39.73124354,-105.0474999,6/7/2021 20:25,20:25,6,0,0,N WINONA CT & W 9TH AVE,1,3,1,0,1,4,0,0,25,0,0,0,0,0,4,2,7
,2021-14979,39.77282351,-104.79147,6/7/2021 13:14,13:14,15,0,0,PENA BLVD OUTBOUND & E 40TH AVE,1,1,1,0,1,4,0,0,65,0,0,0,0,0,4,4,13
,2021-14980,39.77105352,-104.9463899,6/6/2021 17:11,17:11,6,0,0,N MADISON ST & E 39TH AVE,1,1,0,0,1,4,0,0,25,0,0,0,0,0,4,3,1
,2021-14981,39.76443353,-105.0041399,6/8/2021 10:35,10:35,2,0,1,34TH AVE & N NAVAJO ST,1,1,1,1,1,1,0,0,0,1,0,0,0,3,4,2,16
,2021-14983,39.71835353,-104.9036799,6/7/2021 8:15,8:15,12,0,0,N QUEBEC ST & E 1ST AVE,1,1,0,0,1,3,0,0,35,0,0,0,0,0,4,3,8
,2021-14984,39.77994352,-104.9404999,6/8/2021 18:45,18:45,12,0,0,I-70 EB & N COLORADO BLVD,1,1,0,0,1,4,0,0,65,0,0,0,0,0,1,3,14
,2021-14985,39.70212354,-104.9875199,6/5/2021 10:38,10:38,3,0,0,S BROADWAY ST & E OHIO AVE,1,1,0,0,1,1,0,0,30,0,0,0,0,1,4,2,3
,2021-14986,39.61440356,-105.0912899,6/6/2021 14:47,14:47,12,0,0,S WADSWORTH BLVD & W CROSS DR,1,1,0,0,1,4,0,0,45,0,0,0,0,0,2,3,3
,2021-14987,39.74009353,-105.0015599,6/7/2021 15:15,15:15,2,0,1,N LIPAN ST & W COLFAX AVE,1,1,1,0,1,1,0,0,0,1,0,0,0,2,2,2,16
,2021-14988,39.78026353,-104.9895499,6/8/2021 7:40,7:40,15,0,0,I-25 SB & I-70 WB,1,1,0,0,1,4,0,0,55,0,0,0,0,0,1,2,13
,2021-14989,39.67676354,-105.0250299,6/4/2021 7:16,7:16,12,0,0,S FEDERAL BLVD & W WARREN AVE,1,1,0,0,1,1,0,0,40,0,0,0,0,0,2,2,16
,2021-14990,39.73044853,-104.9861059,6/5/2021 11:41,11:41,12,0,0,N LINCOLN ST & E 9TH AVE,1,1,1,0,1,3,0,0,30,0,0,0,0,0,4,2,14
,2021-14991,39.78010353,-104.9895499,6/8/2021 7:30,7:30,12,0,0,I-70 EB & I-25 SB,1,1,1,0,1,4,0,0,55,0,0,0,0,0,1,2,13
,2021-14992,39.72512353,-105.0173799,6/6/2021 13:26,13:26,12,0,2,W 6TH AVE EB OFF RAMP & I-25 NB / SB SPLIT [GORE PT],1,1,0,0,1,8,0,0,55,0,0,0,0,1,2,3,1
,2021-14993,39.71486354,-105.0156899,6/6/2021 15:12,15:12,6,0,0,S ZUNI ST & W BAYAUD AVE,1,1,0,0,1,4,0,0,25,0,0,0,0,0,4,3,4
,2021-14994,39.77496353,-104.9780399,6/7/2021 4:08,4:08,12,0,0,38TH ST & ARKING ST,1,2,0,0,1,1,0,0,35,0,0,0,0,0,4,2,2
,2021-14995,39.72666353,-104.9874199,6/6/2021 18:40,18:40,2,0,1,N BROADWAY ST & N SPEER BLVD,1,1,0,0,1,3,0,0,35,1,0,0,0,2,4,2,13
,2021-14996,39.69434354,-104.9792399,5/22/2021 13:29,13:29,12,0,0,I-25 NB & S WASHINGTON ST,1,1,0,1,1,4,0,0,55,0,0,0,0,0,1,3,5
,2021-14997,39.75443353,-104.9499199,6/7/2021 22:37,22:37,12,0,0,E 26TH AVE & N STEELE ST,1,3,0,0,1,1,0,0,30,0,0,0,0,0,4,2,16
,2021-14998,39.68933353,-104.9316899,6/8/2021 13:17,13:17,3,0,0,E FLORIDA AVE & S DAHLIA ST,1,1,0,0,1,1,0,0,35,0,0,0,0,1,4,2,13