id,drcog_id,latitude,longitude,crashtime,time,crashtype,numbkilled,numbinjurd,drcoglocat,rdconditin,lightngcon,roadcntgrd,weatherco,location,roaddescrp,schoolzone,constrzone,splimit,bikeinv,pedinv,sctrinv,motoinv,svrty,rdsystem,ttlvehcls,hcf
,2021-15206,39.68939354,-104.9827799,5/30/2021 11:03,11:03,1,0,0,E FLORIDA AVE & S LOGAN ST,11,1,0,0,1,1,0,0,30,0,0,0,0,0,4,2,13
,2021-15207,39.71745353,-104.9874999,5/30/2021 18:45,18:45,15,0,0,W IRVINGTON PL & N BROADWAY ST,11,1,0,1,1,1,0,0,30,0,0,0,0,0,4,2,7
,2021-15208,39.62377354,-104.9013999,6/3/2021 14:05,14:05,12,0,0,I-25 NB & E BELLEVIEW AVE,1,1,0,0,1,4,0,0,65,0,0,0,0,1,1,2,3
,2021-15209,39.76060352,-104.9000999,6/2/2021 17:25,17:25,1,0,0,E MLK BLVD & N ROSLYN ST,1,1,0,0,1,1,0,0,25,0,0,0,0,0,4,2,3
,2021-15210,39.70385353,-104.9146999,6/1/2021 17:40,17:40,12,0,0,LEETSDALE DR & E EXPOSITION AVE,1,1,0,0,1,1,0,0,35,0,0,0,0,0,4,2,13
,2021-15211,39.72512354,-105.0249499,5/31/2021 11:28,11:28,3,0,0,N FEDERAL BLVD & W 6TH AVE EB OFF RAMP,11,1,0,7,1,1,0,0,25,0,0,0,0,0,2,2,7
,2021-15212,39.77936353,-104.9879999,5/31/2021 7:54,7:54,5,0,0,I-25 NB RAMP TO & I-70 EB,11,1,1,1,2,8,0,0,65,0,0,0,0,0,1,1,7
,2021-15213,39.68293354,-104.9405399,6/2/2021 15:00,15:00,12,0,0,I-25 SB & S COLORADO BLVD,1,1,0,0,1,4,0,0,60,0,0,0,0,0,1,2,3
,2021-15214,39.70171354,-105.0390999,5/30/2021 18:05,18:05,15,0,0,800 BLK S PATTON CT & W OHIO AVE,11,1,0,0,1,4,0,0,20,0,0,0,0,0,4,2,6
,2021-15215,39.68981354,-104.9734099,5/31/2021 8:50,8:50,9,0,0,I-25 SB & S DOWNING ST,11,1,0,1,1,4,0,0,65,0,0,0,0,0,1,1,7
,2021-15216,39.70427354,-105.0431799,6/4/2021 17:50,17:50,6,0,0,W EXPOSITION AVE & S STUART ST,1,1,0,0,1,3,0,0,35,0,0,0,0,0,4,2,3
,2021-15217,39.70686353,-104.9428499,5/30/2021 13:31,13:31,15,0,0,3800 BLK E CHERRY CREEK S DR & S HARRISON LN,11,1,0,1,1,4,0,0,30,0,0,0,0,0,4,2,13
,2021-15218,39.74583353,-104.9918299,6/1/2021 17:05,17:05,16,0,0,1627 CALIFORNIA ST & 1627 BLK,1,4,0,0,5,7,0,0,,0,0,0,0,0,3,2,16
,2021-15219,39.67010355,-105.0813399,6/2/2021 11:41,11:41,12,0,0,S WADSWORTH BLVD & W VASSAR AVE,1,1,1,0,1,4,0,0,35,0,0,0,0,0,2,2,3
,2021-15220,39.74015053,-104.9500609,5/29/2021 21:31,21:31,12,0,0,E COLFAX AVE & N STEELE ST,1,3,0,0,1,3,0,0,35,0,0,0,0,1,2,2,14
,2021-15221,39.76559352,-104.9257699,6/3/2021 13:54,13:54,6,0,0,E 35TH AVE & N GLENCOE ST,1,1,0,0,1,4,0,0,25,0,0,0,0,0,4,2,1
,2021-15222,39.76201353,-105.0151499,6/4/2021 9:23,9:23,6,0,0,2300 BLK W 32ND AVE & N WYANDOT ST,1,1,1,0,1,4,0,0,25,0,0,0,0,0,4,3,16
,2021-15223,39.77842351,-104.8343499,5/31/2021 7:05,7:05,6,0,0,4500 BLK N ANAHEIM CT & E 46TH AVE,1,1,0,0,1,4,0,0,30,0,0,0,0,0,4,2,2
,2021-15224,39.71120354,-104.9988899,6/2/2021 6:51,6:51,15,0,0,I-25 NB & W ALAMEDA AVE NB EXIT [GORE PT],1,1,1,0,1,4,0,0,55,0,0,0,0,0,1,2,14
,2021-15225,39.74139353,-104.9988299,5/31/2021 17:04,17:04,3,0,0,N SPEER BLVD & STOUT ST,1,1,0,0,1,1,0,0,30,0,0,0,0,1,4,2,13
,2021-15226,39.72930353,-105.0207799,6/2/2021 9:07,9:07,12,0,0,2700 BLK W 8TH AVE & N CANOSA CT,1,1,1,0,1,4,0,0,35,0,0,0,0,0,4,2,13
,2021-15227,39.71742353,-104.9826099,6/1/2021 6:45,6:45,12,0,0,50 BLK N LOGAN ST & E 1ST AVE,1,1,0,0,1,3,0,0,30,0,0,0,0,0,4,4,13
,2021-15228,39.74015353,-104.9011299,6/3/2021 15:13,15:13,12,0,0,N ROSLYN ST & E COLFAX AVE,1,1,0,0,1,1,0,0,35,0,0,0,0,0,2,2,3
,2021-15229,39.79843351,-104.74135,6/2/2021 19:54,19:54,8,0,0,E 56TH AVE & N NEPAL ST,1,2,0,0,1,1,0,0,45,0,0,0,0,1,4,2,13
,2021-15230,39.75193353,-104.9973499,5/30/2021 1:28,1:28,6,0,0,1700 BLK BLAKE ST & 1700 BLK,11,3,0,1,1,4,0,0,25,0,0,0,0,0,4,2,1
,2021-15231,39.78196351,-104.75287,6/2/2021 19:12,19:12,10,0,0,E GVR BLVD & N IRELAND ST,1,1,0,0,1,3,0,0,40,0,0,0,0,0,4,2,13
,2021-15232,39.74018653,-104.9407414,5/30/2021 11:25,11:25,12,0,0,E COLFAX AVE & N COLORADO BLVD,11,1,0,1,1,1,0,0,35,0,0,0,0,0,4,2,3
,2021-15233,39.66748354,-104.9254699,6/2/2021 23:52,23:52,12,0,0,I-25 NB & E YALE AVE,1,3,1,0,1,4,0,0,55,0,0,0,0,0,1,2,5
,2021-15234,39.75071353,-104.9684099,6/2/2021 9:59,9:59,10,0,0,E 23RD AVE & N FRANKLIN ST,1,1,0,0,1,1,0,0,30,0,0,0,0,0,4,2,7
,2021-15235,39.71119754,-105.0251704,5/22/2021 23:36,23:36,12,0,0,S FEDERAL BLVD & W ALAMEDA AVE,1,3,0,0,1,1,0,0,,0,0,0,0,0,2,2,1
,2021-15236,39.71705353,-104.9036999,6/2/2021 18:40,18:40,5,0,0,S QUEBEC ST & E LOWRY BLVD,1,1,0,0,2,1,0,0,40,0,0,0,0,0,4,3,7
,2021-15237,39.63529355,-105.0823499,6/1/2021 14:50,14:50,12,0,1,S WADSWORTH WAY & W STANFORD AVE,1,1,1,0,1,2,0,0,40,0,0,0,0,2,2,3,3
,2021-15239,39.78363351,-104.79137,6/4/2021 8:10,8:10,1,0,0,E GVR BLVD & PENA BLVD,1,1,0,0,1,1,0,0,35,0,0,0,0,0,4,2,7
,2021-15240,39.71496354,-105.0324599,5/28/2021 16:00,16:00,8,0,0,W BAYAUD AVE & S KNOX CT,1,1,0,0,1,1,0,0,35,0,0,0,0,0,4,2,16
,2021-15241,39.64733814,-105.0443353,5/31/2021 14:50,14:50,15,0,0,COLORADO ST & DENVER DR,1,1,1,0,1,3,0,0,15,0,0,0,0,0,4,2,5
,2021-15242,39.65304354,-104.87565,5/31/2021 15:35,15:35,15,0,0,E HAMPDEN AVE & S DAYTON ST,11,1,0,1,1,3,0,0,30,0,0,0,0,0,2,2,1
,2021-15243,39.67302354,-104.9593799,6/3/2021 22:14,22:14,1,0,0,S UNIVERSITY BLVD & E WESLEY AVE,1,4,0,0,1,1,0,0,40,0,0,0,0,0,4,2,3
,2021-15244,39.71662354,-105.0250899,6/3/2021 19:34,19:34,3,0,0,3000 BLK W ELLSWORTH AVE & GROVE ST / FEDERAL BLVD  ALLEY,1,1,0,0,1,5,0,0,35,0,0,0,0,0,4,2,13
,2021-15245,39.67763354,-104.9828499,6/4/2021 13:01,13:01,12,0,0,2100 BLK S LOGAN ST & E EVANS AVE,1,1,0,0,1,4,0,0,25,0,0,0,0,0,4,2,13
,2021-15246,39.74043353,-105.0139599,5/30/2021 17:55,17:55,5,0,0,I-25 NB & W COLFAX AVE,11,3,0,1,1,4,0,0,55,0,0,0,0,0,1,1,13
,2021-15247,39.65307354,-104.9184399,5/23/2021 19:40,19:40,15,0,0,I-25 SB & E HAMPDEN AVE,1,1,0,0,1,4,0,0,65,0,0,0,0,0,1,2,1
,2021-15248,39.71304354,-105.0156799,5/13/2021 14:59,14:59,6,0,0,S ZUNI ST & W CEDAR AVE,1,1,0,0,1,4,0,0,25,0,0,0,0,0,4,2,14
,2021-15251,39.65307354,-104.9227999,6/4/2021 7:30,7:30,12,0,0,E HAMPDEN AVE & S HOLLY ST,1,1,0,0,1,3,0,0,30,0,0,0,0,0,2,2,13
,2021-15252,39.71939353,-104.9546099,6/4/2021 13:39,13:39,8,0,0,2800 BLK E 2ND AVE & N DETROIT ST,1,1,0,0,1,4,0,0,25,0,0,0,0,0,4,2,13
,2021-15253,39.75122283,-105.0174088,6/1/2021 1:16,1:16,15,0,0,N SPEER BLVD & I-25 SB EXIT RAMP,1,3,0,0,1,3,0,0,35,0,0,0,0,0,4,2,14
,2021-15254,39.67846454,-104.9315884,6/1/2021 6:35,6:35,15,0,0,E EVANS AVE & S DAHLIA ST,1,1,0,0,1,1,0,0,35,0,0,0,0,0,4,2,13
,2021-15256,39.66027354,-104.9406799,6/4/2021 15:17,15:17,10,0,0,S COLORADO BLVD & E DARTMOUTH AVE,1,1,1,0,1,1,0,0,40,0,0,0,0,0,2,2,8
,2021-15257,39.72891353,-105.0001699,5/30/2021 22:18,22:18,15,0,0,W 8TH AVE SB (SLIP) & N KALAMATH ST,11,3,0,1,1,3,0,0,35,0,0,0,0,0,4,2,13
,2021-15258,39.76791353,-104.9733299,5/22/2021 16:53,16:53,6,0,0,LARIMER ST & N DOWNING ST,1,1,0,0,1,4,0,0,30,0,0,0,0,0,4,2,14
,2021-15259,39.75537841,-104.9807271,6/2/2021 20:50,20:50,12,0,0,25TH ST & STOUT ST,1,3,0,0,1,4,0,0,30,0,0,0,0,0,4,2,3
,2021-15260,39.65307354,-104.9184399,6/4/2021 8:06,8:06,15,0,0,I-25 SB & E HAMPDEN AVE,1,1,0,0,1,4,0,0,55,0,0,0,0,0,1,2,14
,2021-15261,39.76445352,-104.9392899,5/14/2021 6:40,6:40,8,0,0,E BRUCE RANDOLPH AVE & N ALBION ST,1,1,0,0,1,4,0,0,30,0,0,0,0,0,4,2,5
,2021-15262,39.78191352,-104.9869299,6/3/2021 20:24,20:24,10,0,0,E 47TH AVE & N LEAF CT,1,1,0,0,1,1,0,0,30,0,0,0,0,0,4,2,13
,2021-15263,39.68211354,-104.9923899,6/4/2021 1:48,1:48,12,0,0,S SANTA FE DR & W JEWELL AVE,1,3,1,0,1,4,0,0,45,0,0,0,0,0,2,2,1
,2021-15264,39.72998293,-105.0150013,6/4/2021 14:02,14:02,15,0,0,W 6TH AVE EXIT RAMP & W 6TH AVE I-25 NB ENT [GORE PT],1,1,0,0,1,8,0,0,45,0,0,0,0,0,1,2,3
,2021-15265,39.70394354,-105.0250699,6/4/2021 5:47,5:47,15,0,0,S FEDERAL BLVD & W EXPOSITION AVE,1,1,1,0,1,4,0,0,40,0,0,0,0,0,2,2,1
,2021-15266,39.71118354,-105.0156899,6/4/2021 11:46,11:46,12,0,0,W ALAMEDA AVE & S ZUNI ST,1,1,0,0,1,4,0,0,,0,0,0,0,0,2,2,3
,2021-15268,39.75472352,-104.9033899,5/31/2021 19:36,19:36,3,0,0,N QUEBEC ST & E 26TH AVE,1,1,0,0,1,1,0,0,30,0,0,0,0,0,4,2,13
,2021-15269,39.62673354,-104.9067199,6/4/2021 7:06,7:06,15,0,0,4800 BLK S NEWPORT ST & E LAYTON AVE,1,1,1,0,1,4,0,0,25,0,0,0,0,1,4,2,13
,2021-15270,39.73847354,-105.0451799,6/4/2021 10:58,10:58,6,0,0,4500 BLK W 14TH AVE & N VRAIN ST,1,1,0,0,1,4,0,0,25,0,0,0,0,1,4,2,1
,2021-15271,39.77478351,-104.81232,5/30/2021 17:00,17:00,6,0,0,E ANDREWS DR & N FRASER WY,11,1,0,1,1,4,0,0,30,0,0,0,0,0,4,2,14
,2021-15272,39.68472354,-104.9594399,6/4/2021 8:58,8:58,12,0,1,I-25 SB & S UNIVERSITY BLVD,1,1,1,0,1,4,0,0,60,0,0,0,0,3,1,2,5
,2021-15273,39.69112353,-104.9406399,6/4/2021 8:45,8:45,12,0,0,S COLORADO BLVD & E ARKANSAS AVE,1,1,0,0,1,4,0,0,35,0,0,0,0,0,2,2,13
,2021-15274,39.75131353,-105.0165199,6/4/2021 13:07,13:07,12,0,0,I-25 NB & W 23RD AVE,1,1,0,0,1,4,0,0,65,0,0,0,0,0,1,2,13
,2021-15275,39.72260353,-104.9825899,6/4/2021 8:18,8:18,12,0,0,E SPEER BLVD & N LOGAN ST,1,1,0,0,1,3,0,0,35,0,0,0,0,0,4,2,13
,2021-15276,39.72362353,-104.8836899,6/4/2021 9:20,9:20,15,0,0,N YOSEMITE WAY & E LOWRY BLVD,1,1,0,0,1,6,0,0,25,0,0,0,0,0,4,2,13
,2021-15277,39.74043353,-105.0139599,5/31/2021 18:52,18:52,12,0,0,I-25 SB EXIT RAMP & W COLFAX AVE,1,1,1,0,1,8,0,0,30,0,0,0,0,0,1,2,3
,2021-15278,39.75329353,-105.0528699,6/4/2021 12:26,12:26,16,0,0,5195 W BYRON PL & 5195 BLK W,1,1,1,0,5,7,0,0,,0,0,0,0,0,3,2,13
,2021-15279,39.82518502,-104.9816053,6/4/2021 9:55,9:55,12,0,0,I-25 NB & ALAMEDA AVE (OVERPASS),1,1,1,0,1,4,0,0,55,0,0,0,0,0,1,2,13
,2021-15281,39.74001353,-104.9798999,5/5/2021 19:04,19:04,10,0,0,E COLFAX AVE & N PEARL ST,1,1,0,0,1,1,0,0,35,0,0,0,0,0,2,2,14
,2021-15282,39.67854354,-104.9793499,6/4/2021 2:49,2:49,14,0,0,E EVANS AVE & S WASHINGTON ST,1,3,0,0,1,3,0,0,30,0,0,0,0,1,4,2,5
,2021-15283,39.72674353,-104.9978499,6/4/2021 0:01,0:01,6,0,0,657 N INCA ST & 657 BLK N,1,3,0,0,1,4,0,0,25,0,0,0,0,0,4,2,2
,2021-15284,39.76446352,-104.9474799,5/31/2021 18:00,18:00,3,0,0,E BRUCE RANDOLPH AVE & 3400 BLK,1,1,0,0,1,2,0,0,25,0,0,0,0,0,4,2,3
,2021-15365,39.70385353,-104.9128699,5/22/2021 14:30,14:30,1,0,0,E EXPOSITION AVE & S MONACO ST,1,1,1,0,1,1,0,0,35,0,0,0,0,0,4,2,7
,2021-15366,39.65215355,-105.0531999,5/21/2021 22:28,22:28,12,0,1,3500 BLK S SHERIDAN BLVD & W HAMPDEN AVE,1,3,0,0,1,4,0,0,40,0,0,0,0,2,2,2,3
,2021-15367,39.76162353,-105.0057099,5/30/2021 2:15,2:15,5,0,0,20TH ST & N OSAGE ST,1,3,0,0,1,3,0,0,25,0,0,0,0,0,4,1,5
,2021-15368,39.75498353,-104.9951399,5/23/2021 19:43,19:43,12,0,0,20TH ST & WAZEE ST,1,2,1,0,1,4,0,0,30,0,0,0,0,0,4,2,5
,2021-15369,39.72027353,-104.9035399,5/22/2021 13:00,13:00,5,0,0,N QUEBEC ST & E 2ND AVE,1,1,0,0,3,3,0,0,35,0,0,0,0,0,4,1,8
,2021-15370,39.70451354,-105.0122499,5/23/2021 2:56,2:56,6,0,0,2100 W GILL PL & S TEJON ST,1,3,0,0,1,4,0,0,25,0,0,0,0,0,4,2,13
,2021-15371,39.73994353,-104.9502409,5/29/2021 21:31,21:31,6,0,0,3100 BLK OF E COLFAX AVE & N ST PAUL ST,1,3,0,0,1,4,0,0,30,0,0,0,0,1,2,2,13
,2021-15372,39.63413354,-104.9067299,5/23/2021 7:46,7:46,12,0,0,I-225 NB & I-25 NB / SB RAMP SPLIT,11,1,0,0,1,4,0,0,55,0,0,0,0,0,1,2,1
,2021-15373,39.71251153,-104.9591464,5/21/2021 11:07,11:07,12,0,0,S UNIVERSITY BLVD & E CHERRY CREEK S DR,1,1,0,0,1,3,0,0,35,0,0,0,0,0,4,2,13
,2021-15374,39.74024954,-105.1197344,5/23/2021 8:35,8:35,3,0,0,W COLFAX AVE & I-25 SB EXIT RAMP,1,1,1,0,1,1,0,0,40,0,0,0,0,1,2,2,16
,2021-15375,39.67661054,-104.9368844,5/20/2021 18:55,18:55,3,0,0,E WARREN AVE & S LOGAN ST,1,1,0,0,1,1,0,0,30,0,0,0,0,0,4,2,1
,2021-15376,39.72527841,-105.1417334,6/5/2021 8:51,8:51,12,0,0,I-25 NB & W 6TH AVE EXIT RAMP [GORE PT],1,1,0,0,1,4,0,0,65,0,0,0,0,0,1,2,13
,2021-15377,39.74286353,-104.9441899,5/19/2021 20:15,20:15,6,0,0,N GARFIELD ST & E 17TH AVE,1,3,0,0,3,4,0,0,25,0,0,0,0,0,4,4,16
,2021-15383,39.70284354,-105.0423599,5/30/2021 1:53,1:53,6,0,0,700 BLK S RALEIGH ST & W WALSH PL,1,3,0,1,1,4,0,0,25,0,0,0,0,0,4,2,5
,2021-15384,39.72561353,-104.9588699,5/26/2021 12:03,12:03,10,0,0,N JOSEPHINE ST & E 6TH AVE,1,1,0,0,1,1,0,0,35,0,0,0,0,0,4,2,7
,2021-15385,39.76209253,-105.0288559,5/22/2021 14:42,14:42,12,0,0,N GREEN CT & N SPEER BLVD,1,1,0,0,1,1,0,0,25,0,0,0,0,0,4,2,16
,2021-15386,39.69309354,-105.0290899,5/23/2021 8:50,8:50,6,0,0,3200 BLK W LOUISIANA AVE & S IRVING ST,1,1,0,0,1,4,0,0,25,0,0,0,0,0,4,2,16
,2021-15387,39.8320035,-104.71553,5/30/2021 4:32,4:32,15,0,0,E 75TH AVE & N GUN CLUB RD,11,3,0,0,1,1,0,0,30,0,0,0,0,0,4,2,13
,2021-15388,39.76347353,-104.9772199,5/20/2021 19:35,19:35,6,0,0,32ND ST & LAWRENCE ST,1,1,0,0,1,4,0,0,25,0,0,0,0,0,4,2,7
,2021-15389,39.78260803,-104.9985394,5/13/2021 21:15,21:15,12,0,0,I-70 WB & MM 276,1,3,0,0,1,4,0,0,55,0,0,0,0,0,1,2,5
,2021-15390,39.72092353,-104.9985699,5/19/2021 16:17,16:17,3,0,0,N SANTA FE DR & W 3RD AVE,1,1,0,0,1,1,0,0,35,0,0,0,0,0,4,2,14
,2021-15391,39.67859354,-105.0355599,5/26/2021 12:38,12:38,5,0,0,W EVANS AVE & S MEADE ST,1,1,0,0,3,4,0,0,30,0,0,0,0,0,4,1,7
,2021-15392,39.72413353,-104.9874699,5/26/2021 8:13,8:13,10,0,0,E 5TH AVE & N BROADWAY ST,1,1,0,0,1,1,0,0,30,0,0,0,0,0,4,2,13
,2021-15393,39.78215352,-104.8688299,5/28/2021 14:15,14:15,3,0,0,E 47TH AVE & N GENEVA ST,1,1,0,0,1,1,0,0,25,0,0,0,0,0,4,2,13
,2021-15394,39.77229353,-104.9745399,5/24/2021 12:15,12:15,10,0,0,38TH ST & WYNKOOP ST,1,1,0,0,1,1,0,1,25,0,0,0,0,0,4,2,13
,2021-15395,39.67819354,-105.0297999,5/20/2021 20:37,20:37,10,0,0,S IRVING ST & W EVANS ST,1,3,0,0,1,1,0,0,25,0,0,0,0,0,4,2,13
,2021-15396,39.76838353,-104.9948099,5/24/2021 9:27,9:27,5,0,0,I-25 SB & PARK AVE W ENT RAMP [GORE PT],1,1,1,0,3,4,0,0,65,0,0,0,0,0,1,1,14
,2021-15397,39.74992453,-104.9808252,5/22/2021 20:09,20:09,15,0,0,TREMONT PL & 15TH ST,1,3,0,0,1,4,0,0,25,0,0,0,0,0,4,2,16
,2021-15398,39.70042354,-105.0532399,5/23/2021 5:37,5:37,14,0,0,S SHERIDAN BLVD & W KENTUCKY AVE,1,1,0,0,1,3,0,0,35,0,0,0,0,0,4,2,2
,2021-15399,39.75274353,-104.9910899,5/29/2021 22:58,22:58,11,0,1,2000 BLK LAWRENCE ST & 1200 BLK 20TH ST,11,3,1,1,1,3,0,0,30,0,1,0,0,2,4,1,3
,2021-15400,39.76194852,-104.9406604,5/26/2021 13:00,13:00,12,0,0,N COLORADO BLVD & E MLK BLVD,1,1,0,0,1,1,0,0,35,0,0,0,0,0,2,2,16
,2021-15401,39.77411352,-104.8827799,5/24/2021 10:50,10:50,10,0,0,N CENTRAL PARK BLVD & E 40TH AVE,1,1,0,0,1,3,0,0,35,0,0,0,0,0,4,2,13
,2021-15402,39.71127353,-104.9315899,5/26/2021 14:00,14:00,2,0,1,E ALAMEDA AVE & S DAHLIA ST,1,1,0,0,1,1,0,0,25,1,0,0,0,1,2,2,3
,2021-15403,39.74017353,-104.9541499,5/24/2021 17:08,17:08,12,0,0,N DETROIT ST & E COLFAX AVE,1,1,0,0,1,1,0,0,35,0,0,0,0,0,2,2,13
,2021-15404,39.72950354,-105.0532299,5/29/2021 17:29,17:29,3,0,1,N SHERIDAN BLVD & W 8TH AVE,1,1,1,0,1,1,0,0,25,0,0,0,1,3,2,2,14
,2021-15405,39.75966353,-105.0017699,5/24/2021 12:34,12:34,15,0,0,20TH ST & LITTLE RAVEN ST,1,1,1,0,1,3,0,0,35,0,0,0,0,0,4,2,1
,2021-15406,39.70385353,-104.9128699,5/22/2021 14:25,14:25,12,0,0,S MONACO ST & E EXPOSITION AVE,1,1,1,0,1,4,0,0,35,0,0,0,0,0,4,2,7
,2021-15407,39.79836351,-104.75325,5/24/2021 7:04,7:04,9,0,1,E 56TH AVE & N IRELAND ST,1,1,0,0,1,4,0,0,45,0,0,0,0,2,4,1,13
,2021-15408,39.73195572,-104.900859,5/24/2021 18:41,18:41,3,0,0,N ROSLYN CT & E 11TH AVE,1,1,0,0,1,1,0,0,20,0,0,0,0,1,4,2,13
,2021-15409,39.8427335,-104.67716,5/23/2021 6:08,6:08,12,0,0,8000 BLK PENA BLVD & E 80TH AVE,1,1,0,0,1,4,0,1,35,0,0,0,0,0,4,2,7
,2021-15410,39.69577354,-104.9967899,5/24/2021 13:05,13:05,12,0,0,1100 BLK S HURON ST & 1100 BLK S,1,1,0,0,1,1,0,0,30,0,0,0,0,1,4,2,3
,2021-15411,39.74290353,-104.9916399,5/30/2021 11:18,11:18,10,0,0,15TH ST & GLENARM PL,11,3,0,0,1,1,0,0,30,0,0,0,0,0,4,2,3
,2021-15412,39.78142351,-104.8266399,5/29/2021 13:06,13:06,12,0,0,N DILLON ST & E ANDREWS DR,1,1,0,0,1,1,0,0,25,0,0,0,0,1,4,2,13
,2021-15413,39.72553353,-105.0131099,5/23/2021 12:14,12:14,12,0,0,I-25 NB & W 6TH AVE,1,1,1,0,1,4,0,0,55,0,0,0,0,0,1,2,7
,2021-15414,39.72908053,-104.9874064,5/29/2021 23:14,23:14,5,0,1,N BROADWAY ST & E 8TH AVE,11,3,0,1,2,1,0,0,30,0,0,0,0,2,4,1,5
,2021-15424,39.77582352,-104.8657299,5/24/2021 6:10,6:10,12,0,0,I-70 WB & N HAVANA ST,1,1,0,0,1,4,0,0,55,0,0,0,0,1,1,2,7
,2021-15425,39.72997353,-104.9906499,5/23/2021 13:06,13:06,3,0,0,N SPEER BLVD & N BANNOCK ST,1,1,1,0,1,1,0,0,35,0,0,0,0,0,4,2,16
,2021-15427,39.72533653,-104.9127829,5/24/2021 13:36,13:36,3,0,0,N MONACO PKWY & E 6TH AVE,1,1,0,0,1,1,0,0,30,0,0,0,0,0,4,2,13
,2021-15428,39.72927353,-104.9127799,5/23/2021 16:26,16:26,12,0,0,E 8TH AVE & N MONACO ST,1,1,0,0,1,1,0,0,30,0,0,0,0,0,4,2,3
,2021-15429,39.79840751,-104.7872825,5/24/2021 7:45,7:45,12,0,0,E 56TH AVE & PENA BLVD INBOUND,1,1,0,0,1,4,0,0,40,0,0,0,0,0,4,2,13
,2021-15430,39.76005352,-104.8662699,5/7/2021 16:30,16:30,3,0,0,E MLK BLVD & 10465 BLK,1,1,0,0,1,7,0,0,15,0,0,0,0,0,3,2,14
,2021-15431,39.77742243,-104.9129089,5/24/2021 15:10,15:10,15,0,0,I-70 WB & N MONACO ST,1,1,0,0,1,4,0,0,55,0,0,0,0,0,1,2,1
,2021-15434,39.78438353,-105.0251799,6/4/2021 9:05,9:05,3,0,0,N FEDERAL BLVD & I-70 WB EXIT RAMP,1,1,0,0,1,1,0,0,35,0,0,0,0,0,2,2,13
,2021-15438,39.68948354,-105.0250499,6/4/2021 20:08,20:08,1,0,0,S FEDERAL BLVD & W FLORIDA AVE,1,2,0,0,1,1,0,0,40,0,0,0,0,0,2,2,13
,2021-15439,39.74197352,-104.8904999,4/13/2021 11:48,11:48,9,0,0,E 16TH AVE & N VERBENA ST,1,1,0,0,1,1,0,0,25,0,0,0,0,0,4,3,5
,2021-15440,39.70556354,-104.9943099,4/26/2021 7:30,7:30,15,0,0,500 BLK S SANTA FE DR & W ALAMEDA AVE,1,1,0,0,1,4,0,0,45,0,0,0,0,0,2,3,13
,2021-15443,39.89935675,-104.9402419,5/24/2021 16:37,16:37,12,0,0,I-70 EB & N COLORADO BLVD,1,1,0,0,1,4,0,0,55,0,0,0,0,0,1,2,3
,2021-15447,39.71783353,-104.9491999,4/13/2021 11:10,11:10,15,0,0,3200 BLK E 1ST AVE & N STEELE ST,1,1,0,0,1,4,0,0,30,0,0,0,0,0,4,2,1
,2021-15448,39.78223515,-104.8675378,5/24/2021 1:25,1:25,5,0,0,4600 BLK N CENTRAL PARK BLVD & E 47TH AVE,1,4,0,0,3,4,0,0,35,0,0,0,0,0,4,1,5
,2021-15450,39.77420352,-104.8470299,6/4/2021 21:40,21:40,15,0,0,I-70 WB & N PEORIA ST,1,3,0,0,1,4,0,0,55,0,0,0,0,0,1,2,13
,2021-15451,39.72609354,-105.0180999,5/31/2021 0:25,0:25,15,0,0,I-25 SB EXIT RAMP & 6TH AVE WB,11,3,0,0,1,8,0,0,35,0,0,0,0,0,2,2,14
,2021-15453,39.75120353,-105.0236199,6/1/2021 14:30,14:30,3,0,0,N ELIOT ST & W 23RD AVE,1,1,1,0,1,1,0,0,25,0,0,0,0,0,4,2,13
,2021-15454,39.80147352,-104.8843899,6/4/2021 17:54,17:54,3,0,0,N CENTRAL PARK BLVD & E 58TH AVE,1,1,0,0,1,1,0,0,25,0,0,0,0,0,4,2,8
,2021-15455,39.71814354,-105.0396899,6/4/2021 20:06,20:06,12,0,0,W 1ST AVE & N PERRY ST,1,1,0,0,1,1,0,0,35,0,0,0,0,0,4,2,16
,2021-15456,39.74018653,-104.9407414,6/4/2021 18:45,18:45,15,0,0,E COLFAX AVE & N COLORADO BLVD,1,1,0,0,1,1,0,0,35,0,0,0,0,0,2,2,16
,2021-15458,39.75120353,-105.0252199,3/26/2021 17:36,17:36,12,0,0,N FEDERAL BLVD & W 23RD AVE,1,1,0,0,1,3,0,0,35,0,0,0,0,0,2,2,16
,2021-15459,39.75142353,-105.0015099,5/23/2021 12:30,12:30,6,0,0,1500 BLK WYNKOOP ST & 15TH ST,1,1,0,0,1,4,0,0,25,0,0,0,0,0,4,2,16
,2021-15460,39.7065553,-104.979255,5/22/2021 13:29,13:29,15,0,0,I-25 NB & S WASHINGTON ST,1,1,0,1,1,4,0,0,65,0,0,0,0,0,1,2,1
,2021-15461,39.71117354,-105.0062599,6/4/2021 22:34,22:34,3,0,0,W ALAMEDA AVE & S PECOS ST,1,4,0,0,1,1,0,0,35,0,0,0,0,0,2,2,13
,2021-15464,39.72133354,-105.0250999,5/23/2021 17:22,17:22,12,0,1,N FEDERAL BLVD & W 3RD AVE,11,1,1,0,1,3,0,0,30,0,0,0,1,3,2,2,8
,2021-15470,39.69309354,-105.0303399,6/4/2021 20:32,20:32,6,0,0,3300 BLK W LOUISIANA AVE & S JULIAN ST,1,1,0,0,1,4,0,0,25,0,0,0,0,0,4,2,14