id,drcog_id,latitude,longitude,crashtime,time,crashtype,numbkilled,numbinjurd,drcoglocat,rdconditin,lightngcon,roadcntgrd,weatherco,location,roaddescrp,schoolzone,constrzone,splimit,bikeinv,pedinv,sctrinv,motoinv,svrty,rdsystem,ttlvehcls,hcf
,2021-15472,39.75950352,-104.8641999,6/3/2021 14:45,14:45,3,0,0,N HAVANA ST & E MLK BLVD,1,1,0,0,1,1,0,0,30,0,0,0,0,0,4,2,7
,2021-15473,39.71827353,-104.9592099,5/23/2021 13:39,13:39,12,0,0,N UNIVERSITY BLVD & E 1ST AVE,1,1,0,0,1,4,0,0,30,0,0,0,0,1,4,2,14
,2021-15474,39.69045354,-105.0499199,4/4/2021 6:30,6:30,6,0,0,1400 BLK S XAVIER ST & W COLFAX AVE,1,3,1,0,1,4,0,0,25,0,0,0,0,0,4,2,13
,2021-15475,39.71134153,-104.9035399,6/1/2021 14:15,14:15,14,0,0,S QUEBEC ST & E  ALAMEDA AVE,1,1,0,0,1,3,0,0,25,0,0,0,0,0,4,2,3
,2021-15476,39.66748354,-104.9254699,6/3/2021 12:14,12:14,15,0,0,I-25 NB & E YALE AVE,1,1,0,0,1,4,0,0,65,0,0,0,0,0,1,2,1
,2021-15477,39.79065351,-104.8246299,6/4/2021 16:34,16:34,6,0,0,N CROWN BLVD & E 52ND AVE,1,1,0,0,1,1,0,0,20,0,0,0,0,0,4,2,3
,2021-15478,39.72248353,-104.9775399,6/3/2021 13:55,13:55,5,0,0,E 4TH AVE & N CLARKSON ST,1,1,0,0,3,1,0,0,25,0,0,0,0,0,4,1,3
,2021-15479,39.74578352,-104.8878499,5/3/2021 23:30,23:30,6,0,0,1900 WILLOW ST N & WILLOW ST,1,3,0,0,1,4,0,0,25,0,0,0,0,0,4,2,16
,2021-15480,39.72931353,-105.0150399,6/5/2021 1:22,1:22,15,0,0,I-25 SB & W 8TH AVE,1,3,0,0,1,4,0,0,55,0,0,0,0,0,1,2,5
,2021-15481,39.74962352,-104.8866599,5/23/2021 2:29,2:29,3,0,0,N CENTRAL PARK BLVD & E 21ST AVE,11,3,0,1,1,1,0,0,30,0,0,0,0,0,4,2,13
,2021-15482,39.75885353,-104.9634399,5/23/2021 10:38,10:38,6,0,0,RACE ST & 2900 BLK N,1,1,0,0,1,4,0,0,25,0,0,0,0,0,4,2,3
,2021-15483,39.73847354,-105.0486699,3/27/2021 6:45,6:45,6,0,0,W 14TH AVE & N WOLFF ST,1,1,0,0,1,3,0,0,30,0,0,0,0,0,4,2,16
,2021-15484,39.66515356,-105.2061899,3/30/2021 0:15,0:15,9,0,0,18300 W ALAMEDA PKWY & TRADING POST RD,1,4,1,0,1,4,0,0,30,0,0,0,0,0,4,1,5
,2021-15485,39.72745604,-105.0532752,4/11/2021 21:37,21:37,12,0,0,W 6TH AVE WB EXIT RAMP & N SHERIDAN BLVD,1,3,0,0,1,8,0,0,25,0,0,0,0,0,2,2,13
,2021-15486,39.69308354,-105.0343799,6/4/2021 14:56,14:56,12,0,0,3600 W LOUISIANA AVE & S LOWELL BLVD,1,1,0,0,1,1,0,0,20,0,0,0,0,0,4,2,3
,2021-15487,39.76194852,-104.9406604,6/2/2021 13:40,13:40,15,0,0,N COLORADO BLVD & N MLK BLVD,1,1,0,0,1,4,0,0,35,0,0,0,0,0,2,2,1
,2021-15489,39.71797353,-104.9511499,5/2/2021 18:58,18:58,12,0,0,3100 BLK E 1ST AVE & N STEELE ST,11,1,0,1,1,3,0,0,30,0,0,0,0,0,4,2,13
,2021-15490,39.70137354,-104.9874399,6/4/2021 23:29,23:29,15,0,0,I-25 NB & S BROADWAY ST,1,3,0,0,1,4,0,0,65,0,0,0,0,0,1,2,1
,2021-15491,39.76183352,-104.9305399,6/2/2021 14:44,14:44,6,0,0,E MLK BLVD & N EUDORA ST,1,1,0,0,1,4,0,0,25,0,0,0,0,0,4,2,7
,2021-15492,39.74043353,-105.0141499,6/4/2021 17:20,17:20,12,0,0,I-25 SB & W COLFAX AVE,1,1,0,0,1,4,0,0,55,0,0,0,0,0,1,2,13
,2021-15493,39.68574207,-104.9827112,5/31/2021 14:52,14:52,14,0,0,NEW MEXICO ST & LOGAN CIRCLE,1,1,0,0,1,6,0,0,15,0,0,0,0,1,4,2,5
,2021-15494,39.78289352,-104.9248499,6/4/2021 2:13,2:13,5,0,1,4770 N FOREST ST & 48TH AVE,1,3,0,0,3,4,0,0,30,0,0,0,0,2,4,1,1
,2021-15495,39.78008352,-104.9404999,6/4/2021 17:23,17:23,12,0,0,I-70 WB & N COLORADO BLVD,1,2,0,0,1,4,0,0,65,0,0,0,0,0,1,2,2
,2021-15496,39.76003352,-104.8742399,6/4/2021 17:13,17:13,3,0,0,E MLK BLVD & N EMPORIA ST,1,1,0,0,1,1,0,0,25,0,0,0,0,1,4,2,16
,2021-15497,39.67845353,-104.9143799,6/4/2021 15:47,15:47,1,0,0,6300 BLK E EVANS AVE & S MONACO ST,1,1,0,0,1,2,0,0,35,0,0,0,0,0,4,2,2
,2021-15498,39.78923353,-105.0251699,6/1/2021 17:38,17:38,12,0,0,N FEDERAL BLVD & REGIS BLVD / W 50TH AVE,1,1,0,0,1,4,0,0,35,0,0,0,0,0,2,2,13
,2021-15499,39.71662453,-104.9015059,6/1/2021 13:13,13:13,12,0,0,N QUINCE ST & E 36TH AVE,1,1,0,0,1,1,0,0,15,0,0,0,0,0,4,2,13
,2021-15500,39.76815353,-104.9720999,5/27/2021 14:10,14:10,2,0,1,N MARION ST & E 37TH AVE,1,1,0,0,1,1,0,0,30,1,0,0,0,3,4,2,7
,2021-15501,39.77335352,-104.9478299,4/22/2021 13:00,13:00,5,0,0,COOK ST & 4033 N,11,1,0,0,5,7,0,0,,0,0,0,0,0,3,1,1
,2021-15502,39.69246354,-105.0532099,5/30/2021 20:36,20:36,3,0,0,S SHERIDAN BLVD & W WYOMING PL,11,4,0,1,1,1,0,0,40,0,0,0,0,0,2,2,14
,2021-15503,39.75512353,-105.0127099,4/30/2021 6:35,6:35,15,0,0,I-25 NB & N SPEER BLVD,1,1,0,0,1,4,0,0,55,0,0,0,0,0,1,2,16
,2021-15504,39.71149353,-104.9425499,6/3/2021 13:23,13:23,1,0,0,E ALAMEDA AVE & S JACKSON ST,1,1,0,0,1,1,0,0,30,0,0,0,0,0,4,2,2
,2021-15505,39.76446925,-104.9361607,6/4/2021 15:10,15:10,1,0,0,E BRUCE RANDOLPH AVE & N COLORADO BLVD,1,1,0,0,1,1,0,0,35,0,0,0,0,0,2,2,13
,2021-15506,39.78326353,-105.0064199,6/4/2021 12:32,12:32,15,0,0,N PECOS ST / 48TH AVE ROUNDABOUT & I-70 WB EXIT RAMP,1,1,0,0,1,6,0,0,25,0,0,0,0,0,4,2,8
,2021-15507,39.69670354,-105.0015099,6/1/2021 12:56,12:56,3,0,0,W MISSISSIPPI AVE & S LIPAN ST,1,1,1,0,1,1,0,0,30,0,0,0,0,0,4,2,3
,2021-15508,39.68755354,-104.9734199,6/2/2021 23:35,23:35,10,0,0,S DOWNING ST & E IOWA AVE,1,3,0,0,1,1,0,0,30,0,0,0,0,0,4,2,1
,2021-15509,39.74024954,-105.1197344,6/2/2021 19:50,19:50,12,0,0,W COLFAX AVE & I-25 NB,1,1,0,0,1,4,0,0,40,0,0,0,0,0,1,2,5
,2021-15510,39.74695453,-104.9733394,5/23/2021 0:10,0:10,5,0,0,1200 BLK N CORONA ST & N DOWNING ST,1,3,0,0,2,5,0,0,10,0,0,0,0,0,4,1,5
,2021-15511,39.72564353,-104.9888699,6/3/2021 13:55,13:55,15,0,0,W 6TH AVE & N ACOMA ST,1,1,0,0,1,3,0,0,35,0,0,0,0,0,4,2,16
,2021-15512,39.71324354,-104.9993999,6/5/2021 20:05,20:05,3,0,0,S KALAMATH ST & W CEDAR AVE,1,3,0,0,1,1,0,0,25,0,0,0,0,0,4,2,13
,2021-15513,39.71297353,-104.9863099,6/4/2021 15:30,15:30,1,0,0,S LINCOLN ST & E CADAR AVE,1,1,0,0,1,1,0,0,25,0,0,0,0,0,4,2,13
,2021-15516,39.67679353,-104.9036499,6/8/2021 18:35,18:35,1,0,1,ILIFF AVE E & QUEBEC ST,1,2,3,0,1,1,0,0,40,0,0,0,0,2,4,2,1
,2021-15568,39.72563353,-104.9874244,5/26/2021 19:35,19:35,10,0,0,N BROADWAY ST & E 6TH AVE,1,1,0,0,1,1,0,0,35,0,0,0,0,0,4,2,16
,2021-15569,39.73345353,-104.9597799,5/26/2021 18:56,18:56,3,0,0,E 11TH AVE & N YORK ST,1,1,0,0,1,1,0,0,25,0,0,0,0,0,4,2,8
,2021-15572,39.74193353,-104.9418799,5/22/2021 16:12,16:12,6,0,0,E 16TH AVE & N HARRISON ST,1,1,0,0,1,1,0,0,25,0,0,0,0,0,4,2,13
,2021-15574,39.75302353,-105.0532399,5/24/2021 10:45,10:45,10,0,0,N SHERIDAN BLVD & W BYRON PL,1,1,0,0,1,1,0,0,35,0,0,0,0,0,2,2,16
,2021-15576,39.74013353,-104.9441499,5/26/2021 17:38,17:38,12,0,0,E COLFAX AVE & N GARIFIELD ST,1,1,0,0,1,1,0,0,25,0,0,0,0,1,2,2,7
,2021-15580,39.74014353,-104.9150499,5/29/2021 16:05,16:05,5,0,1,E COLFAX AVE & N LEYDEN ST,1,1,0,0,3,4,0,0,30,0,0,0,0,3,2,1,4
,2021-15581,39.73678353,-104.9505799,5/26/2021 17:10,17:10,3,0,0,N ST PAUL ST & E 13TH AVE,1,1,0,0,1,1,0,0,30,0,0,0,0,0,4,2,14
,2021-15582,39.76060352,-104.9000999,5/27/2021 13:29,13:29,3,0,0,E MLK BLVD & N ROSLYN ST,1,1,0,0,1,1,0,0,35,0,0,0,0,0,4,2,14
,2021-15583,39.66898354,-104.9406699,5/25/2021 13:58,13:58,10,0,0,2600 BLK S COLORADO BLVD & E YALE AVE,1,1,0,0,1,2,0,0,35,0,0,0,0,0,2,2,14
,2021-15584,39.74019553,-105.0001549,5/28/2021 14:43,14:43,12,0,0,N KALAMATH ST & W COLFAX AVE,1,1,0,0,1,1,0,0,35,0,0,0,0,0,2,2,16
,2021-15585,39.77742243,-104.9129089,5/27/2021 8:52,8:52,15,0,0,I-70 & N MONACO ST,1,1,0,0,1,4,0,0,55,0,0,0,0,0,1,2,7
,2021-15586,39.74372353,-104.9521299,5/14/2021 23:19,23:19,6,0,1,3000 BLK E 17TH AVE & N FILLMORE ST,1,3,0,0,1,4,0,0,30,0,0,0,1,3,4,2,14
,2021-15587,39.71015994,-104.9981209,5/29/2021 15:55,15:55,12,0,0,S SANTA FE DR & I-25 NB,1,1,0,0,1,8,0,0,35,0,0,0,0,0,1,2,7
,2021-15588,39.72527841,-105.1417334,5/25/2021 8:56,8:56,12,0,0,I-25 NB & W 6TH AVE EXIT RAMP,1,1,0,0,1,8,0,0,65,0,0,0,0,1,1,2,14
,2021-15590,39.81281351,-104.7722,5/27/2021 5:40,5:40,1,0,1,E 64TH AVE & N TOWER RD,1,1,0,0,1,1,0,0,45,0,0,0,0,3,4,2,2
,2021-15592,39.68981354,-104.9734099,5/25/2021 8:08,8:08,12,0,0,S DOWNING ST SB ENT RAMP & I-25 SB,1,1,0,0,1,8,0,0,55,0,0,0,0,0,1,2,13
,2021-15602,39.76744353,-105.0017599,5/25/2021 11:05,11:05,6,0,0,3600 BLK N LIPAN ST & W 36TH AVE,1,1,1,0,1,4,0,0,25,0,0,0,0,0,4,2,16
,2021-15604,39.77804052,-104.8471054,5/28/2021 15:27,15:27,12,0,0,N PEORIA ST & E 45TH AVE,1,1,0,0,1,1,0,0,35,0,0,0,0,0,4,2,3
,2021-15605,39.69477354,-104.9827599,5/27/2021 17:24,17:24,3,0,0,S LOGAN ST & E ARIZONA AVE,1,1,0,0,1,1,0,0,25,0,0,0,0,0,4,2,7
,2021-15606,39.76375353,-104.9751499,5/24/2021 22:34,22:34,3,0,0,33RD ST & ARAPAHOE ST,1,3,0,0,1,1,0,0,30,0,0,0,0,0,4,2,13
,2021-15608,39.68032354,-104.9875599,5/24/2021 17:55,17:55,3,0,0,S BROADWAY ST & E ASBURY AVE,1,1,0,0,1,1,0,0,30,0,0,0,0,0,4,2,3
,2021-15609,39.75100352,-104.9034199,5/9/2021 17:35,17:35,12,0,0,E 23RD AVE & N QUEBEC ST,1,1,0,0,1,3,0,0,35,0,0,0,0,0,4,2,16
,2021-15610,39.76182252,-104.8945465,5/27/2021 12:35,12:35,10,0,0,32ND AVE EB & 4300 BLK E,1,1,0,0,1,5,0,0,35,0,0,0,0,0,4,2,7
,2021-15611,39.71132353,-104.8972999,5/27/2021 8:08,8:08,12,0,0,7300 BLK E ALAMEDA AVE & S QUEBEC ST,1,1,0,0,1,3,0,0,35,0,0,0,0,0,4,2,16
,2021-15612,39.72796353,-105.0191499,5/27/2021 1:32,1:32,6,0,0,7TH AVE & 2645 W,1,3,0,0,5,7,0,0,,0,0,0,0,0,3,2,1
,2021-15613,39.78255351,-104.7749,5/14/2021 22:46,22:46,12,0,0,N YAMPA ST & 4739 BLK,1,3,0,0,5,4,0,0,25,0,0,0,0,0,3,2,13
,2021-15614,39.73686353,-104.9764399,5/28/2021 17:19,17:19,12,0,0,E 13TH AVE & N EMERSON ST,1,1,0,0,1,1,0,0,,0,0,0,0,0,4,2,13
,2021-15615,39.77987352,-104.9671599,5/27/2021 17:10,17:10,12,0,0,I-70 EB & N BRIGHTON BLVD ENT RAMP [GORE PT],1,1,0,0,1,8,0,0,65,0,0,0,0,0,1,2,13
,2021-15616,39.74526353,-105.0007099,5/27/2021 10:21,10:21,10,0,0,LAWRENCE ST & N SPEER BLVD,1,1,0,0,1,1,0,0,25,0,0,0,0,0,4,2,14
,2021-15617,39.68226354,-105.0250299,5/24/2021 18:31,18:31,12,0,0,S FEDERAL BLVD & W JEWELL AVE,1,1,0,0,1,3,0,0,40,0,0,0,0,0,2,2,3
,2021-15618,39.79467351,-104.8314599,5/29/2021 15:20,15:20,5,0,0,N WORCHESTER ST & 5535 BLK,1,1,0,0,2,3,0,0,35,0,0,0,0,0,4,1,14
,2021-15619,39.65987355,-105.0500799,5/27/2021 14:15,14:15,3,0,0,S YATES ST & W CORNELL AVE,1,1,0,0,1,1,0,0,25,0,0,0,0,1,4,2,3
,2021-15620,39.74043353,-105.0141499,5/24/2021 2:23,2:23,12,0,0,I-25 SB & W COLFAX AVE,11,3,0,1,1,4,0,0,65,0,0,0,0,0,1,2,13
,2021-15621,39.66762354,-104.9128699,5/24/2021 18:45,18:45,12,0,0,E YALE AVE & S MONACO ST,1,1,0,0,1,3,0,0,25,0,0,0,0,0,4,2,3
,2021-15623,39.73684353,-105.0294899,5/24/2021 23:06,23:06,6,0,0,3100 BLK W AVONDALE DR & W 14TH AVE,1,3,1,0,1,4,0,0,25,0,0,0,0,0,4,2,14
,2021-15624,39.79821351,-104.8271799,5/26/2021 17:07,17:07,12,0,0,E 56TH AVE & N POTOMAC WAY,1,1,0,0,1,4,0,0,35,0,0,0,0,0,4,2,3
,2021-15625,39.73419353,-104.9081499,5/27/2021 14:20,14:20,3,0,1,E RICHTHOFEN PL & N ONEIDA PL,1,1,0,0,1,1,0,0,35,0,0,0,0,2,4,2,1
,2021-15626,39.74483353,-104.9733799,5/25/2021 7:15,7:15,10,0,0,E 18TH AVE & N DOWNING ST,1,1,0,0,1,1,0,0,30,0,0,0,0,0,4,2,7
,2021-15627,39.78515351,-104.8336499,5/27/2021 18:38,18:38,2,0,1,E ANDREWS DR & E ELK PL,1,1,0,0,1,1,0,0,25,1,0,0,0,3,4,2,13
,2021-15628,39.72286353,-104.9106899,5/27/2021 14:37,14:37,14,0,0,400 BLK N NIAGARA ST & E 4TH AVE,1,1,0,0,1,4,0,0,20,0,0,0,0,0,4,2,1
,2021-15629,39.69662354,-104.9856299,5/27/2021 20:38,20:38,5,0,1,100 BLOCK E MISSISSIPPI AVE & LINCOLN ST,1,3,0,0,3,4,0,0,25,0,0,0,0,3,4,1,5
,2021-15630,39.71818353,-104.9692899,5/27/2021 11:46,11:46,12,0,0,1600 BLK E 1ST AVE & N GILPIN ST,1,1,0,0,1,3,0,0,35,0,0,0,0,0,4,2,13
,2021-15631,39.77996352,-104.9497999,5/8/2021 0:41,0:41,15,0,0,I-70 EB & N STEELE ST EB ENT RAMP [GORE PT],1,3,1,0,1,8,0,0,65,0,0,0,0,0,1,2,13
,2021-15632,39.66375353,-104.8814199,5/22/2021 4:10,4:10,5,0,0,9200 E CHERRY CREEK S DR & PRIVATE PROPERTY,1,3,0,0,5,7,0,0,10,0,0,0,0,0,3,1,3
,2021-15633,39.78003353,-104.9891799,5/27/2021 17:40,17:40,12,0,0,I-25 NB & I-70 EB,1,1,0,0,1,4,0,0,55,0,0,0,0,0,1,2,7
,2021-15634,39.72451354,-105.0324699,5/14/2021 16:27,16:27,3,0,0,N KNOX CT & W 5TH AVE,1,1,0,0,1,1,0,0,30,0,0,0,0,0,4,2,1
,2021-15635,39.78020353,-104.9891799,5/27/2021 15:25,15:25,12,0,1,I-25 EXIT RAMP & I-70 WB EXIT GORE PT,1,1,1,0,1,8,0,1,55,0,0,0,1,2,1,2,1
,2021-15636,39.73838353,-104.9622399,5/10/2021 7:25,7:25,3,0,0,E 14TH AVE & N VINE ST,1,1,0,0,1,1,0,0,25,0,0,0,0,0,4,2,16
,2021-15637,39.79234352,-104.9687799,5/15/2021 2:34,2:34,5,0,0,E 53RD AVE & N FRANKLIN ST,1,3,0,0,4,1,0,0,25,0,0,0,0,0,4,1,14
,2021-15638,39.74104353,-104.9430399,5/18/2021 12:50,12:50,11,0,0,1500 BLK N JACKSON ST & COLFAX AVE,11,1,0,0,1,4,0,0,25,0,1,0,0,1,2,1,1
,2021-15640,39.68207353,-104.9128799,5/27/2021 15:14,15:14,1,0,0,S MONACO ST & E JEWELL AVE,1,1,0,0,1,1,0,0,35,0,0,0,0,1,4,2,14
,2021-15641,39.73727352,-104.8846599,5/5/2021 6:20,6:20,3,0,0,E 13TH AVE & N YOSEMITE ST,1,1,1,0,1,1,0,0,25,0,0,0,0,0,4,2,7
,2021-15642,39.74940353,-104.9988899,5/27/2021 18:55,18:55,15,0,0,1500 BLK MARKET ST & 16TH ST,1,1,0,0,1,4,0,0,30,0,0,0,0,0,4,2,8
,2021-15643,39.71839354,-105.0001799,5/26/2021 0:57,0:57,5,0,0,N KALAMATH ST & W 1ST AVE,1,3,0,0,2,1,0,0,35,0,0,0,0,0,4,1,14
,2021-15644,39.75512353,-105.0127099,5/27/2021 21:55,21:55,12,0,0,I-25 NB & N SPEER BLVD,1,3,0,0,1,4,0,0,55,0,0,0,0,1,1,2,1
,2021-15645,39.71109289,-105.0691329,5/9/2021 20:02,20:02,15,0,0,I-25 SB & W ALAMEDA AVE,1,1,1,0,1,4,0,0,65,0,0,0,0,0,1,2,13
,2021-15646,39.79334351,-104.8264799,5/25/2021 9:55,9:55,5,0,0,E MAXWELL PL & N ATCHISON ST,1,1,0,0,3,3,0,0,25,0,0,0,0,0,4,1,16
,2021-15647,39.69658353,-104.8899299,5/5/2021 19:59,19:59,5,0,3,8700 BLK E MISSISSIPPI AVE & S XENIA ST,1,2,0,0,2,4,0,0,40,0,0,0,0,3,4,1,16
,2021-15655,39.79101351,-104.79614,5/8/2021 4:01,4:01,15,0,0,E 53RD AVE & N MEMPHIS ST,1,3,0,0,1,4,0,0,30,0,0,0,0,0,4,2,5
,2021-15656,39.71120354,-104.9988899,5/20/2021 7:06,7:06,15,0,0,I-25 NB & W ALAMEDA AVE,1,1,0,0,1,4,0,0,65,0,0,0,0,0,1,2,16
,2021-15657,39.65310354,-104.9047099,5/29/2021 16:59,16:59,5,0,0,HAMPDEN AVE & S POPLAR ST,1,1,0,0,3,1,0,0,,0,0,0,0,0,2,2,16
,2021-15658,39.68757354,-104.9874999,5/27/2021 15:43,15:43,1,0,0,E IOWA AVE & S BROADWAY ST,1,1,0,0,1,1,0,0,25,0,0,0,0,0,4,2,1
,2021-15659,39.68939511,-104.9884548,5/29/2021 19:53,19:53,3,0,0,W FLORIDA AVE & S CLAY ST,1,2,0,0,1,1,0,0,30,0,0,0,0,0,4,2,7
,2021-15660,39.69044354,-104.9550099,5/24/2021 18:04,18:04,6,0,0,1435 S CLAYTON ST & E ARKANSAS AVE,1,1,0,0,1,4,0,0,25,0,0,0,0,0,4,2,7
,2021-15661,39.68857354,-105.0250499,5/28/2021 17:03,17:03,12,0,0,1500 BLK S FEDERAL BLVD & W IOWA AVE,1,1,0,0,1,4,0,0,35,0,0,0,0,0,2,2,13
,2021-15662,39.68361253,-104.8952766,5/28/2021 3:00,3:00,6,0,0,E COLORADO AVE & S BROADWAY ST,1,3,0,0,1,4,0,0,25,0,0,0,0,0,4,2,7
,2021-15663,39.70401354,-105.0297999,5/27/2021 18:09,18:09,3,0,0,W EXPOSITION AVE & S IRVING ST,1,1,0,0,1,1,0,0,25,0,0,0,0,0,4,2,13
,2021-15664,39.73468353,-104.9394999,5/28/2021 1:06,1:06,6,0,0,N ALBION ST & E 12TH AVE,1,3,0,0,1,4,0,0,25,0,0,0,0,0,4,2,13
,2021-15665,39.70425354,-105.0396799,5/27/2021 0:40,0:40,6,0,0,500 BLK S PERRY ST & MORRISON RD,1,4,0,0,1,4,0,0,25,0,0,0,0,0,4,2,16
,2021-15666,39.73673353,-105.0018199,4/24/2021 22:49,22:49,6,0,0,1106 W 13TH AVE & N LIPAN ST,1,3,0,0,1,4,0,0,25,0,0,0,0,0,4,2,5
,2021-15667,39.68938354,-104.9921499,5/26/2021 21:03,21:03,15,0,0,1500 BLK S SANTA FE DR & W FLORIDA AVE,1,3,0,0,1,4,0,0,45,0,0,0,0,0,2,2,13
,2021-15668,39.71118353,-104.9298999,5/28/2021 17:48,17:48,12,0,0,4800 BLK E ALAMEDA AVE & S DAHLIA ST,1,1,0,0,1,3,0,0,40,0,0,0,0,0,4,2,3
,2021-15669,39.78383353,-105.0064299,5/19/2021 22:31,22:31,3,0,0,W 48TH AVE & N PECOS ST ROUNDABOUT,1,3,0,0,1,6,0,0,20,0,0,0,0,0,1,2,13
,2021-15670,39.70453354,-105.0532399,5/27/2021 8:18,8:18,8,0,1,600 BLK S SHERIDAN BLVD & W GILL PL,1,1,1,0,1,1,0,0,35,0,0,0,0,2,2,2,14
,2021-15671,39.78010353,-104.9895499,5/26/2021 15:44,15:44,12,0,0,I-70 EB & I-25,1,1,0,0,1,4,0,0,65,0,0,0,0,0,1,2,13
,2021-15672,39.76198353,-104.9597399,5/26/2021 17:18,17:18,12,0,0,E MLK BLVD & N YORK ST,1,1,0,0,1,1,0,0,30,0,0,0,0,0,4,2,13
,2021-15673,39.67485354,-104.9128699,5/26/2021 18:30,18:30,3,0,0,S MONACO ST & E ILIFF AVE,1,1,0,0,1,1,0,0,25,0,0,0,0,1,4,2,3
,2021-15674,39.76935353,-105.0275999,5/26/2021 17:13,17:13,3,0,0,W 38TH AVE & N GROVE ST,1,1,0,0,1,1,0,0,30,0,0,0,0,0,4,2,13
,2021-15675,39.69845353,-104.9128865,5/26/2021 17:30,17:30,3,0,0,1000 BLK S LOGAN ST & E TENNESSEE AVE,1,2,1,0,1,1,0,0,30,0,0,0,0,0,4,2,13
,2021-15676,39.68293354,-104.9405399,5/26/2021 16:43,16:43,15,0,0,I-25 SB & S COLORADO BLVD,1,1,0,0,1,4,0,0,60,0,0,0,0,0,1,2,16
,2021-15677,39.8332535,-104.77252,5/26/2021 16:06,16:06,12,0,0,7500 BLK PENA BLVD INBOUND & N JACKSON GAP ST,1,1,0,0,1,4,0,0,45,0,0,0,0,0,4,2,1
,2021-15679,39.69227354,-104.9769399,5/26/2021 16:25,16:25,12,0,0,I-25 NB & S EMERSON ST,1,1,0,0,1,4,0,0,65,0,0,0,0,0,1,2,7
,2021-15680,39.74105352,-104.8869799,5/26/2021 16:00,16:00,6,0,0,1500 BLK N XANTHIA ST & E COLFAX AVE,1,1,0,0,1,4,0,0,35,0,0,0,0,0,4,2,16
,2021-15681,39.79041352,-104.9688499,5/26/2021 16:11,16:11,6,0,1,N FRANKLIN ST & N RACE CT,1,1,0,0,1,1,0,0,35,0,0,0,0,2,4,2,13
,2021-15683,39.72745604,-105.0532752,5/26/2021 16:18,16:18,12,0,0,W 6TH AVE EB ENT SLIP RAMP [GORE PT] & N SHERIDAN BLVD,1,1,1,0,1,3,0,0,30,0,0,0,0,0,2,2,3
,2021-15684,39.73884353,-104.9032699,5/18/2021 18:09,18:09,12,0,0,1400 BLOCK N QUEBEC ST & E COLFAX AVE,1,1,0,0,1,3,0,0,30,0,0,0,0,0,2,2,13
,2021-15685,39.69940354,-104.9874599,5/16/2021 1:51,1:51,5,0,0,900 BLK S BROADWAY ST & E KENTUCKY AVE,1,3,0,0,3,4,0,0,35,0,0,0,0,0,4,1,1
,2021-15686,39.68220354,-105.0382699,5/28/2021 18:35,18:35,3,0,0,W JEWELL AVE & S PATTON CT,1,1,0,0,1,1,0,0,25,0,0,0,0,1,4,2,7
,2021-15687,39.75245353,-105.0036599,5/19/2021 23:06,23:06,12,0,0,DELGANY ST & 1500 BLK,1,3,0,0,1,3,0,0,25,0,0,0,0,0,4,2,16
,2021-15688,39.76115353,-105.0047599,5/21/2021 20:06,20:06,15,0,0,I-25 SB & 20TH ST,1,1,0,0,1,4,0,0,65,0,0,0,0,0,1,2,9
,2021-15689,39.77711352,-104.8827799,5/27/2021 17:51,17:51,15,0,0,N CENTRAL PARK BLVD & I-70 EB,1,1,0,0,1,4,0,0,65,0,0,0,0,0,1,2,13
,2021-15690,39.76911353,-104.9952899,5/22/2021 21:01,21:01,12,0,0,W 38TH AVE & N FOX ST,1,3,0,0,1,1,0,0,35,0,0,0,0,0,1,2,14
,2021-15691,39.73080353,-105.0153399,5/21/2021 22:23,22:23,15,0,0,6TH AVE EB EXIT RAMP & I-25 NB / SB SPIT [GORE PT],1,3,1,0,1,8,0,0,55,0,0,0,0,0,1,2,5
,2021-15692,39.71120354,-104.9988899,5/27/2021 13:53,13:53,12,0,0,I-25 NB & W ALAMEDA AVE,1,1,0,0,1,4,0,0,65,0,0,0,0,0,1,2,13
,2021-15693,39.74320353,-104.9609999,5/28/2021 17:55,17:55,3,0,0,E 17TH AVE & N GAYLORD ST,1,1,0,0,1,1,0,0,25,0,0,0,0,0,4,2,13
,2021-15694,39.69782353,-104.9015999,5/28/2021 14:03,14:03,12,0,0,1000 BLK S PARKER RD & E MISSISSIPPI AVE,1,1,1,0,1,4,0,0,45,0,0,0,0,0,2,2,7
,2021-15695,39.75446353,-104.9597499,5/28/2021 18:46,18:46,3,0,0,E 26TH AVE & N YORK ST,1,1,0,0,1,1,0,0,30,0,0,0,0,0,4,2,13
,2021-15696,39.7819244,-104.9812009,5/28/2021 22:16,22:16,6,0,0,PENNSYLVANIA ST & 2000 BLK N,1,3,0,0,1,4,0,0,25,0,0,0,0,0,4,2,13
,2021-15697,39.65564355,-105.0531999,5/28/2021 15:03,15:03,1,0,0,3100 BLK S SHERIDAN BLVD & W DARTMOUTH AVE,1,1,0,0,1,1,0,0,30,0,0,0,0,0,2,2,13
,2021-15698,39.72292354,-105.0300099,5/19/2021 1:21,1:21,14,0,0,300 BLK N IRVING ST & W 4TH AVE,1,4,0,0,1,4,0,0,25,0,0,0,0,0,4,2,9
,2021-15699,39.78363351,-104.79137,5/28/2021 9:55,9:55,1,0,0,E GVR BLVD & PENE BLVD OUTBOUND,1,1,0,0,1,1,0,0,35,0,0,0,0,0,4,2,7