id,drcog_id,latitude,longitude,crashtime,time,crashtype,numbkilled,numbinjurd,drcoglocat,rdconditin,lightngcon,roadcntgrd,weatherco,location,roaddescrp,schoolzone,constrzone,splimit,bikeinv,pedinv,sctrinv,motoinv,svrty,rdsystem,ttlvehcls,hcf
,2021-15700,39.68144354,-105.0156799,5/29/2021 9:50,9:50,8,0,0,ZUNI ST & 1900 BLK S,1,1,1,0,1,4,0,0,30,0,0,0,0,0,4,2,3
,2021-15701,39.63733355,-105.0861599,5/26/2021 18:28,18:28,12,0,0,QUINCY AVE & 7900 W,1,2,0,0,5,7,0,0,,0,0,0,0,0,3,2,5
,2021-15702,39.63281354,-104.9063999,5/28/2021 5:05,5:05,15,0,0,I-25 SB & I-225 SB,1,2,0,0,1,4,0,0,65,0,0,0,0,0,1,2,13
,2021-15703,39.76954353,-105.0346299,5/28/2021 8:10,8:10,3,0,0,W 38TH AVE & N LOWELL BLVD,1,1,0,0,1,2,0,0,35,0,0,0,0,0,4,2,13
,2021-15704,39.74015353,-104.9498299,5/27/2021 9:00,9:00,6,0,0,3200 BLK E COLFAX AVE & STEELE ST,1,1,0,0,1,4,0,0,30,0,0,0,0,0,2,2,13
,2021-15705,39.70397354,-105.0532399,5/28/2021 21:17,21:17,1,0,1,S SHERIDAN BLVD & W GILL PL,1,4,1,0,1,1,0,0,40,0,0,0,0,2,2,2,13
,2021-15706,39.78990352,-104.9581499,5/29/2021 5:10,5:10,9,0,0,YORK ST & 5160 N,1,1,1,0,1,4,0,0,35,0,0,0,0,0,4,2,7
,2021-15707,39.66857354,-104.9863399,5/27/2021 22:20,22:20,6,0,0,2600 BLK S LINCOLN ST & E YALE AVE,1,4,0,0,1,4,0,0,25,0,0,0,0,0,4,2,5
,2021-15708,39.63541354,-104.9001099,5/28/2021 0:40,0:40,6,0,0,I-225 & TAMARAC ST,1,4,0,0,1,4,0,0,55,0,0,0,0,0,1,2,8
,2021-15709,39.74159243,-105.0149202,5/29/2021 0:54,0:54,5,0,2,I-25 SB EXIT RAMP & WB COLFAX AVE,1,3,1,0,3,8,0,0,45,0,0,0,0,1,1,1,1
,2021-15710,39.77286352,-104.8338199,5/27/2021 17:40,17:40,12,0,0,I-225 SB ON RAMP FROM & I-70 EB,1,1,1,0,1,8,0,1,65,0,0,0,0,0,1,2,2
,2021-15711,39.72541754,-105.0252199,5/29/2021 2:40,2:40,5,0,0,N FEDERAL BLVD & W 6TH AVE ENT / EXIT RAMPS,1,3,0,0,3,1,0,0,35,0,0,0,0,1,2,1,5
,2021-15712,39.79101351,-104.79614,4/22/2021 19:09,19:09,3,0,0,E 53RD AVE & N MEMPHIS ST,1,2,0,1,1,1,0,0,30,0,0,0,0,0,4,2,3
,2021-15713,39.70947353,-104.9863799,5/29/2021 14:44,14:44,12,0,0,300 BLK S LINCOLN ST & E ALAMEDA AVE,1,1,0,0,1,4,0,0,30,0,0,0,0,0,4,2,13
,2021-15714,39.70729353,-104.9222499,5/28/2021 16:46,16:46,3,0,0,LEETSDALE DR & S HOLLY ST,1,1,0,0,1,2,0,0,35,0,0,0,0,0,2,2,3
,2021-15715,39.77900351,-104.73697,5/29/2021 13:53,13:53,9,0,1,E 45TH AVE & N ORLEANS ST,1,1,0,0,1,4,0,0,25,0,0,0,1,3,4,1,14
,2021-15716,39.73653223,-105.1263733,5/28/2021 12:06,12:06,15,0,0,1300 BLK N LOWELL BLVD & W 13TH AVE,1,1,1,0,1,4,0,0,25,0,0,0,0,0,4,2,14
,2021-15717,39.73513353,-104.9775899,5/15/2021 21:54,21:54,3,0,0,E 12TH AVE & N CLARKSON ST,1,3,0,0,1,1,0,0,25,0,0,0,0,0,4,2,14
,2021-15718,39.70642354,-104.9967799,5/28/2021 10:39,10:39,9,0,0,I-25 SB ON RAMP FROM NB & SANTA FE DR,1,1,0,0,2,8,0,0,45,0,0,0,0,1,4,1,7
,2021-15719,39.75536353,-105.0126799,5/28/2021 13:02,13:02,12,0,0,I-25 SB & N SPEER BLVD,1,1,0,0,1,4,0,0,55,0,0,0,0,0,1,2,13
,2021-15720,39.74838353,-104.9915099,5/29/2021 15:08,15:08,2,0,0,18TH ST & CHAMPA ST,1,1,0,0,1,1,0,0,0,1,0,0,0,0,4,1,16
,2021-15721,39.74018353,-104.9568399,5/16/2021 20:47,20:47,6,0,0,2500 BLK E COLFAX AVE & N COLUMBINE ST,1,3,0,0,1,4,0,0,30,0,0,0,0,0,2,2,13
,2021-15722,39.66978803,-105.079896,5/28/2021 20:17,20:17,12,0,0,000 BLK W VASSAR AVE & S BROADWAY ST,1,3,0,0,1,1,0,0,25,0,0,0,0,0,4,2,13
,2021-15723,39.78346312,-105.0112166,5/28/2021 15:24,15:24,12,0,0,N QUEBEC ST & I-70 EB ENT RAMP,1,1,0,0,1,3,0,1,35,0,0,0,0,0,2,2,14
,2021-15724,39.73869352,-104.8846499,5/28/2021 14:54,14:54,3,0,0,N YOSEMITE ST & E 14TH AVE,1,1,0,0,1,5,0,0,20,0,0,0,0,0,4,2,13
,2021-15725,39.73525353,-104.9929299,5/28/2021 19:16,19:16,8,0,0,N DELAWARE ST & W 12TH AVE,1,1,0,0,1,1,0,0,25,0,0,0,0,0,4,2,13
,2021-15726,39.72889353,-105.0028299,5/28/2021 8:51,8:51,3,0,0,N MARIPOSA ST & W 8TH AVE,1,1,1,0,1,1,0,0,25,0,0,0,0,0,4,2,13
,2021-15727,39.70137354,-104.9874399,5/29/2021 0:53,0:53,5,0,0,I-25 NB & S BROADWAY ST,1,3,0,0,3,4,0,0,60,0,0,0,0,0,1,2,1
,2021-15728,39.70039754,-105.0250714,5/29/2021 13:14,13:14,12,0,0,S FEDERAL BLVD & W KENTUCKY AVE,1,1,1,0,1,4,0,0,40,0,0,0,0,0,2,2,13
,2021-15729,39.72272353,-104.9038299,5/28/2021 16:43,16:43,12,0,0,500 BLK N QUEBEC ST & E 6TH AVE,1,1,0,0,1,3,0,0,30,0,0,0,0,0,4,2,7
,2021-15730,39.70475353,-104.8659599,5/28/2021 12:59,12:59,1,0,0,600 BLK S HAVANA ST & S GALENA WAY,1,1,0,0,1,2,0,0,40,0,0,0,0,0,2,2,7
,2021-15731,39.65923355,-105.0433799,5/28/2021 11:55,11:55,3,0,0,W DARTMOUTH AVE & S RALEIGH ST,1,1,0,0,1,1,0,0,30,0,0,0,0,1,4,2,13
,2021-15732,39.78010353,-104.9895499,5/28/2021 12:30,12:30,12,0,0,I-25 SB EXIT RAMP & I-70 EB ENT [GORE PT],1,1,1,0,1,8,0,0,35,0,0,0,0,1,1,2,13
,2021-15733,39.76115353,-105.0047499,5/28/2021 12:10,12:10,12,0,0,I-25 SB & 20TH ST,1,1,0,0,1,4,0,0,55,0,0,0,0,0,1,2,3
,2021-15734,39.78235352,-104.8658099,5/28/2021 13:45,13:45,5,0,0,N HAVANA ST & E 47TH AVE,1,1,0,0,3,4,0,0,40,0,0,0,0,0,4,1,7
,2021-15735,39.61760356,-105.0919199,5/28/2021 14:00,14:00,1,0,0,5800 S WADSWORTH BLVD & W CRESTLINE AVE,1,1,0,0,1,1,0,0,35,0,0,0,0,0,4,2,8
,2021-15778,39.78087352,-104.9347099,2/16/2021 15:40,15:40,6,0,0,4511 BLK  E 46TH AVE & N DAHLIA ST,1,1,0,0,1,4,0,0,30,0,0,0,0,0,4,2,13
,2021-15781,39.75848353,-105.0299199,5/28/2021 15:41,15:41,3,0,0,W 29TH AVE & N IRVING ST,1,1,0,0,1,1,0,0,30,0,0,0,0,1,4,3,13
,2021-15782,39.7980115,-104.6524964,5/25/2021 17:33,17:33,1,0,0,E 56TH AVE & N TOWER RD,1,1,0,0,1,1,0,0,45,0,0,0,0,0,4,2,13
,2021-15783,39.72172353,-104.9985699,4/30/2021 23:12,23:12,6,0,0,300 BLK N SANTA FE DR & W 3RD AVE,1,3,0,0,1,4,0,0,35,0,0,0,0,0,4,3,16
,2021-15784,39.77727352,-104.8827699,5/27/2021 7:00,7:00,12,0,0,I-70 WB & N CENTRAL PARK BLVD,1,1,0,0,1,4,0,0,65,0,0,0,0,1,1,4,13
,2021-15785,39.72569354,-105.0252499,5/9/2021 23:57,23:57,12,0,2,N FEDERAL BLVD & W 6TH AVE WB RAMPS,1,3,0,0,1,1,0,0,35,0,1,0,0,2,2,2,5
,2021-15786,39.76094353,-105.0043199,5/27/2021 10:56,10:56,12,0,0,I-25 NB & 20TH ST,1,1,0,0,1,4,0,0,55,0,0,0,0,0,1,3,1
,2021-15788,39.72508354,-105.0324699,5/27/2021 16:50,16:50,15,0,0,W 6TH AVE & N KNOX CT,1,1,1,0,1,4,0,0,65,0,0,0,0,0,2,4,3
,2021-15789,39.74000353,-104.9672199,5/28/2021 19:30,19:30,3,0,0,N GILPIN ST & E COLFAX AVE,1,1,0,1,1,1,0,0,30,0,0,0,0,0,2,2,16
,2021-15792,39.74033353,-105.0393199,5/14/2021 16:39,16:39,3,0,0,N PERRY ST & W COLFAX AVE,1,1,0,0,1,1,0,0,35,0,0,0,0,0,2,3,3
,2021-15793,39.67730354,-105.0532599,5/26/2021 19:07,19:07,5,0,0,2100 BLK S SHERIDAN BLVD & W HARVEY PL,1,1,0,0,1,4,0,0,35,0,0,0,0,0,2,3,13
,2021-15794,39.75361353,-105.0251399,5/27/2021 8:40,8:40,3,0,0,W 25TH AVE & N FEDERAL BLVD,1,1,1,0,1,1,0,0,25,0,0,0,0,1,2,2,13
,2021-15795,39.72745604,-105.0532752,5/29/2021 21:04,21:04,12,0,0,W 6TH AVE & N SHERIDAN BLVD,1,4,0,0,1,4,0,0,55,0,0,0,0,0,2,3,13
,2021-15797,39.72096253,-104.9522933,5/25/2021 19:00,19:00,10,0,0,N LINCOLN AVE & E 3RD AVE,1,2,0,0,1,1,0,0,30,0,0,0,0,0,4,2,8
,2021-15798,39.74293353,-105.0247599,3/26/2021 11:53,11:53,3,0,0,1600 BLK N FEDERAL BLVD & 17TH AVE,1,1,1,0,1,2,0,0,35,0,0,0,0,0,2,2,13
,2021-15799,39.78041351,-104.79141,5/27/2021 13:42,13:42,5,0,0,4500 BLK PENA BLVD OB & N GREEN VALLEY RANCH BLVD,1,1,0,0,1,4,0,0,65,0,0,0,0,0,4,2,14
,2021-15800,39.78422353,-105.0251799,5/26/2021 16:14,16:14,12,0,0,I-70 EB & N FEDERAL BLVD,1,1,1,0,1,4,0,0,65,0,0,0,0,1,1,3,1
,2021-15801,39.70187354,-104.9879199,5/24/2021 15:08,15:08,12,0,1,I-25 SB & S BROADWAY,1,1,2,0,1,4,0,0,65,0,0,0,0,3,1,3,13
,2021-15802,39.63323354,-104.9063099,5/23/2021 5:37,5:37,12,0,0,I-225 SB & I-25 NB / SB SPLIT [GORE PT],11,1,0,0,1,4,0,0,55,0,0,0,0,0,1,4,1
,2021-15803,39.77713352,-104.8829699,5/25/2021 16:23,16:23,12,0,0,I-70 EB & N CENTRAL PARK BLVD,1,1,0,0,1,4,0,0,55,0,0,0,0,0,1,4,16
,2021-15804,39.74378892,-104.9034489,3/16/2021 8:46,8:46,5,0,1,N QUEBEC ST / QUINCE ST ALLEY & E 17TH AVE,11,1,0,0,3,1,0,0,30,0,0,0,0,3,4,2,14
,2021-15805,39.71116354,-105.0532399,5/23/2021 11:29,11:29,12,0,0,300 BLK S SHERIDAN BLVD & W NEVADA PL,1,1,1,0,1,4,0,0,35,0,0,0,0,0,2,4,16
,2021-15806,39.7859083,-104.8300762,5/25/2021 14:44,14:44,9,0,0,E 42ND & N CROWN BLVD,1,1,0,0,1,1,0,0,,0,0,0,0,0,4,1,16
,2021-15807,39.75146353,-104.9979599,5/29/2021 0:24,0:24,11,0,1,BLAKE ST & 17TH ST,1,3,0,0,1,1,0,0,25,0,1,0,0,2,4,1,13
,2021-15808,39.77832353,-104.9792299,5/23/2021 18:16,18:16,12,0,0,N WASHINGTON ST & E 45TH AVE,1,1,0,0,1,4,0,0,35,0,0,0,0,0,4,3,13
,2021-15809,39.69128354,-105.0297099,5/21/2021 23:24,23:24,3,0,1,S IRVING ST & W ARKANSAS AVE,1,3,0,0,1,1,0,0,25,0,0,0,0,2,4,3,14
,2021-15810,39.66561354,-105.0256199,5/29/2021 4:35,4:35,5,0,0,S FEDERAL BLVD & 2775  BLK,1,2,0,0,2,7,0,0,40,0,0,0,0,0,4,4,2
,2021-15811,39.7065553,-104.979255,5/22/2021 16:28,16:28,12,0,0,I-25 SB & S WASHINGTON ST,1,1,0,0,1,4,0,0,65,0,0,0,0,0,1,3,13
,2021-15812,39.71149353,-104.9425499,5/27/2021 8:34,8:34,12,0,0,S JACKSON ST & E ALAMEDA AVE,1,1,0,0,1,3,0,0,30,0,0,0,0,0,4,3,3
,2021-15813,39.63808354,-104.88512,2/19/2021 12:51,12:51,12,0,0,S YOSEMITE ST & E RADCLIFF AVE,1,1,0,0,1,1,0,0,40,0,0,0,0,0,4,3,7
,2021-15814,39.72551353,-105.0133499,5/27/2021 15:50,15:50,12,0,0,I-25 SB & W 6TH AVE,1,1,0,0,1,4,0,0,55,0,0,0,0,0,1,3,13
,2021-15815,39.71120354,-104.9988899,5/25/2021 6:52,6:52,15,0,0,I-25 NB & W ALAMEDA AVE,1,1,0,0,1,4,0,0,65,0,0,0,1,1,1,3,14
,2021-15816,39.70715353,-104.8921499,5/28/2021 12:31,12:31,12,0,0,8300 BLK E FAIRMOUNT DR & E ALAMEDA AVE,1,1,0,0,1,4,0,0,25,0,0,0,0,1,4,3,13
,2021-15817,39.74080353,-104.9609999,5/26/2021 7:44,7:44,15,0,0,1500 BLK N GAYLORD ST & E 16TH AVE,1,1,0,0,1,4,0,0,25,0,0,0,0,1,4,3,14
,2021-15818,39.66740355,-105.0807099,3/24/2021 14:42,14:42,12,0,0,2700 BLK S WADSWORTH BLVD & E YALE AVE,1,1,0,0,1,3,0,0,40,0,0,0,0,0,2,3,7
,2021-15819,39.77867302,-104.92229,5/24/2021 17:54,17:54,12,0,0,I-70 & HOLLY ST N,1,1,0,0,1,4,0,0,65,0,0,0,0,0,1,4,3
,2021-15820,39.78026353,-104.9895499,5/28/2021 7:07,7:07,12,0,0,I-25 & I-70,1,1,0,0,1,4,0,0,55,0,0,0,0,1,1,3,7
,2021-15821,39.77845926,-104.907367,5/25/2021 12:58,12:58,12,0,0,I-70 & CENTRAL PARK BLVD N,1,1,0,0,1,4,0,0,65,0,0,0,0,1,1,3,16
,2021-15822,39.63323354,-104.9063199,5/23/2021 18:14,18:14,12,0,1,I-225 & I-25 NB,1,1,0,0,1,4,0,0,55,0,0,0,0,3,1,4,3
,2021-15823,39.77203353,-105.0532299,5/28/2021 14:58,14:58,12,0,0,SHERIDAN BLVD N & 4000 BLK N,1,1,1,0,1,4,0,0,35,0,0,0,0,1,2,3,13
,2021-15824,39.70020354,-104.9874699,5/25/2021 18:30,18:30,12,0,0,S BROADWAY ST & W KENTUCKY AVE,1,1,0,0,1,3,0,0,30,0,0,0,0,1,4,2,3
,2021-15825,39.75072353,-104.9769299,5/26/2021 23:00,23:00,6,0,0,800 BLK E 23RD AVE & N EMERSON ST,1,3,0,0,1,4,0,0,25,0,0,0,0,0,4,5,5
,2021-15826,39.66744353,-104.8696,2/19/2021 13:15,13:15,10,0,0,10400 BLK E YALE AVE & S HAVANA ST,1,1,1,0,1,2,0,0,25,0,0,0,0,0,4,2,1
,2021-15827,39.77923353,-104.9770899,5/25/2021 18:44,18:44,15,0,0,I-70 EB ENT RAMP & WASHINGTON ST N,1,2,0,0,1,8,0,0,40,0,0,0,0,0,2,2,13
,2021-15828,39.74014352,-104.8940199,5/25/2021 16:15,16:15,12,0,0,COLFAX AVE E & ULSTER ST N,1,1,0,0,1,1,0,0,35,0,0,0,0,0,2,2,13
,2021-15829,39.72254353,-104.9862199,5/24/2021 17:15,17:15,10,0,0,N LINCOLN ST & E 4TH AVE,1,1,0,0,1,1,0,0,30,0,0,0,0,0,4,2,8
,2021-15830,39.75884629,-104.866195,5/29/2021 21:48,21:48,6,0,0,MLK BLVD E & LIMA ST N,1,3,0,0,1,4,0,0,35,0,0,0,0,0,4,3,1
,2021-15831,39.73345353,-104.9597799,5/24/2021 15:15,15:15,10,0,0,N YORK ST & E 11TH AVE,1,1,0,0,1,3,0,0,25,0,0,0,0,0,4,2,3
,2021-15832,39.73385932,-105.0212463,5/13/2021 11:50,11:50,12,0,0,1000 BLK N SANTA FE DR & W 11TH AVE,1,1,0,0,1,4,0,0,30,0,0,0,0,0,4,2,16
,2021-15833,39.8380135,-104.70132,5/30/2021 10:06,10:06,5,0,0,78TH AVE E & 24750 E 78TH AVE,11,1,1,1,2,4,0,0,45,0,0,0,0,0,4,1,3
,2021-15834,39.75131353,-105.0165199,5/21/2021 19:57,19:57,3,0,0,23RD AVE W & I-25 SB OFF RAMP,1,1,0,0,1,1,0,0,25,0,0,0,0,1,4,4,9
,2021-15835,39.71115253,-104.9875774,5/25/2021 15:45,15:45,3,0,0,W ALAMEDA AVE & S BROADWAY ST,1,1,0,0,1,1,0,0,30,0,0,0,0,0,4,2,3
,2021-15836,39.78012352,-104.9593099,5/26/2021 6:50,6:50,12,0,0,I-70 & YORK ST N,1,1,0,0,1,4,0,0,55,0,0,0,0,0,1,2,8
,2021-15837,39.68487354,-104.9828199,5/29/2021 4:25,4:25,8,0,0,LOGAN ST S & COLORADO AVE E,1,3,0,0,1,4,0,0,30,0,0,0,0,0,4,3,16
,2021-15838,39.72411353,-104.9951699,5/29/2021 10:46,10:46,3,0,0,W 5TH AVE & N FOX ST,1,1,0,0,1,1,0,0,25,0,0,0,0,1,4,2,3
,2021-15839,39.69218354,-105.0468999,5/28/2021 22:31,22:31,6,0,0,WYOMING PL W & VRAIN ST S,1,4,0,0,1,2,0,0,25,0,0,0,0,0,4,3,5
,2021-15840,39.74002353,-104.9730799,5/25/2021 15:31,15:31,11,0,0,COLFAX AVE E & DOWNING ST (RD S),1,1,0,0,1,1,0,0,35,0,1,0,0,0,2,1,4
,2021-15841,39.78191352,-104.8430399,5/25/2021 17:20,17:20,3,0,0,ALBROOK DR & 12455 E,1,1,0,0,5,7,0,0,0,1,0,0,0,0,3,2,16
,2021-15842,39.70078353,-104.9111999,5/25/2021 17:50,17:50,11,0,1,MONACO ST & 890 S,1,1,0,0,5,7,0,0,,0,1,0,0,2,3,1,3
,2021-15843,39.73869352,-104.8940199,5/25/2021 19:42,19:42,5,0,0,14TH AVE E & ULSTER ST N,1,2,0,0,3,1,0,0,30,0,0,0,0,0,4,1,5
,2021-15844,39.79101351,-104.79614,5/25/2021 14:30,14:30,6,0,0,E 53RD AVE & N MEMPHIS ST,1,1,0,0,1,4,0,0,35,0,0,0,0,1,4,2,16
,2021-15845,39.79750351,-104.8372699,5/29/2021 17:53,17:53,6,0,0,12900 BLK E RANDOLPH PL & N TUCSON ST,1,1,0,0,1,4,0,0,25,0,0,0,0,1,4,3,16
,2021-15846,39.75371353,-104.9930099,5/12/2021 15:38,15:38,6,0,0,MARKET ST & 2024 MARKET ST,1,1,0,0,5,7,0,0,10,0,0,0,0,0,3,2,14
,2021-15847,39.65948354,-104.8941099,2/19/2021 15:28,15:28,6,0,0,ULSTER ST S & DARTMOUTH AVE E,1,1,0,0,1,4,0,0,25,0,0,0,0,0,4,2,13
,2021-15848,39.69135354,-105.0531799,5/25/2021 15:27,15:27,3,0,0,SHERIDAN BLVD S & ARKANSAS AVE W,1,1,0,0,1,2,0,0,15,0,0,0,0,0,2,2,1
,2021-15849,39.77841352,-104.9035599,5/11/2021 17:59,17:59,12,0,0,QUEBEC ST N & I-70 WB ON RAMP,11,1,0,0,1,1,0,0,35,0,0,0,0,0,4,2,13
,2021-15850,39.71497354,-105.0287799,5/24/2021 23:12,23:12,6,0,0,3200 BLK W BAYAUD AVE & S HOOKER ST,1,3,0,0,1,4,0,0,,0,0,0,0,0,4,2,13
,2021-15851,39.68223354,-105.0290499,4/3/2021 4:17,4:17,6,0,3,JEWELL AVE W & HAZEL CT S,1,3,0,0,3,4,0,0,30,0,0,0,0,2,4,5,5
,2021-15852,39.73679353,-104.9527999,5/29/2021 2:54,2:54,3,0,0,E 13TH AVE & N FILLMORE ST,1,3,0,0,1,1,0,0,25,0,0,0,0,0,4,3,5
,2021-15853,39.70480354,-104.9875099,5/23/2021 15:10,15:10,12,0,0,600 BLK S BROADWAY ST & E EXPOSITION AVE,1,1,0,0,1,4,0,0,30,0,0,0,0,0,4,4,3
,2021-15854,39.73310354,-105.0301299,5/25/2021 13:56,13:56,6,0,0,10TH AVE W & 3300 BLK W,1,1,1,0,1,2,0,0,30,0,0,0,0,0,4,2,13
,2021-15855,39.71123354,-104.9971264,5/25/2021 15:00,15:00,15,0,0,ALAMEDA AVE W & SANTA FE DR S,1,1,0,0,1,1,0,0,25,0,0,0,0,0,4,2,2
,2021-15856,39.71155353,-104.9406999,5/25/2021 16:50,16:50,12,0,0,E ALAMEDA AVE & S COLORADO BLVD,1,1,0,0,1,3,0,0,30,0,0,0,0,0,4,2,3
,2021-15857,39.74015352,-104.8905399,5/25/2021 19:08,19:08,6,0,0,COLFAX AVE E & VERBENA ST N,1,1,0,0,1,4,0,0,35,0,0,0,0,0,2,2,7
,2021-15858,39.76809352,-104.9405399,5/26/2021 5:14,5:14,5,0,0,COLORADO BLVD N & 37TH AVE E,1,2,0,0,2,1,0,0,35,0,0,0,0,0,2,1,7
,2021-15859,39.7165678,-104.9925006,5/24/2021 14:14,14:14,3,0,1,3500 BLK W ELLSWORTH BLVD & N KING ST,1,1,0,0,1,5,0,0,15,0,0,0,0,1,4,2,7
,2021-15860,39.83230305,-104.9834911,5/24/2021 16:45,16:45,15,0,0,I-25 SB EXIT GORE PT TO & BROADWAY ST S,1,1,0,0,1,4,0,0,65,0,0,0,0,0,1,2,16
,2021-15861,39.73685353,-104.9752799,5/24/2021 12:00,12:00,11,0,0,OGDEN ST N & 13TH AVE E,1,1,0,0,1,3,0,0,30,0,1,0,0,0,4,1,13
,2021-15862,39.70041354,-105.0238499,5/25/2021 17:22,17:22,3,0,0,S ELIOT ST & W KENTUCKY AVE,1,1,0,0,1,1,0,0,25,0,0,0,0,0,4,2,7
,2021-15863,39.74743352,-104.9034399,5/23/2021 10:37,10:37,1,0,0,N QUEBEC ST & E MONTVIEW BLVD,1,1,0,0,1,1,0,0,35,0,0,0,0,0,4,2,5
,2021-15864,39.68999354,-104.9734099,5/27/2021 16:12,16:12,12,0,0,I-25 & DOWNING ST S,1,1,0,0,1,4,0,0,55,0,0,0,0,0,1,3,14
,2021-15865,39.75071353,-104.9677899,5/27/2021 3:35,3:35,6,0,0,23RD AVE E & 1600 BLK E,1,3,0,0,1,4,0,0,30,0,0,0,0,0,4,3,1
,2021-15866,39.74043353,-105.0139599,5/23/2021 3:22,3:22,15,0,0,I-25 & COLFAX AVE W,11,3,1,1,1,4,0,0,65,0,0,0,0,0,1,2,16
,2021-15867,39.66027354,-104.9406799,5/26/2021 15:12,15:12,12,0,0,COLORADO BLVD S & DARTMOUTH AVE RD E,1,1,0,0,1,1,0,0,40,0,0,0,0,1,2,2,3
,2021-15868,39.65308454,-104.8848559,5/26/2021 13:44,13:44,3,0,0,HAMPDEN AVE E & YOSEMITE ST S,1,1,0,0,1,1,0,0,45,0,0,0,0,0,2,2,7
,2021-15869,39.74024954,-105.1197344,5/26/2021 13:36,13:36,15,0,0,I-25 & COLFAX AVE W,1,1,1,0,1,4,0,0,65,0,0,0,0,0,1,2,3
,2021-15870,39.68437074,-104.9590188,5/26/2021 15:15,15:15,12,0,0,I-25 SB ON RAMP FROM & UNIVERSITY BLVD S,1,1,0,0,1,8,0,0,40,0,0,0,0,0,1,2,3
,2021-15871,39.76043353,-105.0040999,5/26/2021 6:29,6:29,5,0,1,19TH ST & ROCKMONT DR,1,2,0,0,2,4,0,0,30,0,0,0,0,2,4,1,7
,2021-15872,39.68935353,-104.9243999,5/26/2021 15:45,15:45,12,0,0,E FLORIDA AVE & S HUDSON ST,1,1,0,0,1,3,0,0,25,0,0,0,0,0,4,2,3
,2021-15873,39.73385932,-105.0212463,5/26/2021 13:54,13:54,3,0,1,W 11TH AVE & N GALAPEGO ST,1,1,0,0,1,1,0,0,25,0,0,0,0,2,4,2,1
,2021-15874,39.72564631,-104.9874633,5/26/2021 13:47,13:47,11,0,0,6TH AVE W & BROADWAY ST N,1,1,0,0,1,4,0,0,0,0,1,0,0,0,4,1,16
,2021-15875,39.72488353,-104.9874499,5/26/2021 15:10,15:10,10,0,0,500 BLK N BROADWAY ST & E 5TH AVE,1,1,0,0,1,1,0,0,35,0,0,0,0,0,4,2,7
,2021-15876,39.75128473,-105.0165881,5/26/2021 15:37,15:37,12,0,0,23RD AVE W & I-25,1,1,1,0,1,4,0,0,35,0,0,0,0,0,4,2,3
,2021-15877,39.71123354,-104.9971264,5/25/2021 21:47,21:47,15,0,0,SANTA FE DR S & ALAMEDA AVE W,1,4,1,0,1,3,0,0,30,0,0,0,0,0,2,2,13
,2021-15878,39.77939353,-104.9791399,5/26/2021 7:59,7:59,15,0,0,I-70 & WASHINGTON ST N,1,1,0,0,1,4,0,0,55,0,0,0,0,0,1,2,15
,2021-15879,39.69670754,-104.9929099,5/25/2021 23:51,23:51,3,0,0,PLATTE RIVER  DR S & MISSISSIPPI AVE W,1,3,0,0,1,1,0,0,30,0,0,0,0,1,2,2,13
,2021-15880,39.77113353,-104.9708099,5/26/2021 12:15,12:15,12,0,0,3800 BLK WALNUT ST & E 38TH ST,1,1,0,0,1,4,0,0,35,0,0,0,0,0,4,2,1
,2021-15990,39.78374352,-104.9666699,5/22/2021 22:15,22:15,3,0,0,48TH AVE E & BRIGHTON BLVD N,1,3,0,0,1,1,0,0,30,0,0,0,0,0,4,2,3
,2021-15991,39.74197353,-105.0145799,4/1/2021 11:39,11:39,9,0,1,I-25 & AURARIA PKWY,1,1,1,0,1,4,0,0,55,0,0,0,1,2,4,1,7
,2021-15992,39.75121353,-105.0000099,3/25/2021 17:40,17:40,3,0,0,WAZEE ST & 16TH ST,1,1,0,0,1,1,0,0,35,0,0,0,0,0,4,2,1
,2021-15993,39.72553353,-105.0131199,5/18/2021 11:53,11:53,12,0,0,I-25 & 6TH AVE W,11,1,0,1,1,4,0,0,65,0,0,0,0,0,1,3,1
,2021-15995,39.76911353,-104.9952899,5/23/2021 14:48,14:48,3,0,0,W 38TH AVE & N FOX ST,1,1,1,0,1,1,0,0,35,0,0,0,0,0,1,2,13
,2021-15996,39.75536353,-105.0126899,4/16/2021 14:24,14:24,15,0,0,I-25 & SPEER BLVD N,1,1,0,0,1,4,0,0,55,0,0,0,0,0,1,2,13
,2021-15997,39.73761354,-105.0532099,5/18/2021 13:33,13:33,15,0,0,SHERIDAN BLVD N & 14TH AVE W,11,1,1,1,1,4,0,0,35,0,0,0,0,0,2,2,13
,2021-15998,39.75174353,-104.9958599,5/23/2021 2:11,2:11,3,0,0,18TH ST & MARKET ST,11,3,0,1,1,1,0,0,30,0,0,0,0,0,4,2,5
,2021-16000,39.73684353,-104.9861199,5/17/2021 14:30,14:30,12,0,0,E 13TH AVE & N LINCOLN ST,1,1,0,0,1,3,0,0,25,0,0,0,0,0,4,3,3
,2021-16001,39.69168207,-105.122957,5/21/2021 18:57,18:57,1,0,0,FLORIDA AVE W & LIPAN ST S,1,2,1,0,1,1,0,0,30,0,0,0,0,0,4,2,3
,2021-16002,39.77158352,-104.8470199,4/27/2021 18:25,18:25,12,0,0,3900 BLK N PEORIA ST & E 39TH ST,11,1,0,1,1,4,0,0,35,0,0,0,0,0,4,3,13