id,drcog_id,latitude,longitude,crashtime,time,crashtype,numbkilled,numbinjurd,drcoglocat,rdconditin,lightngcon,roadcntgrd,weatherco,location,roaddescrp,schoolzone,constrzone,splimit,bikeinv,pedinv,sctrinv,motoinv,svrty,rdsystem,ttlvehcls,hcf
,2021-16005,39.78577216,-104.8926779,5/21/2021 16:53,16:53,6,0,0,NORTHFIELD BLVD E & YOSEMITE ST N,1,1,0,0,1,4,0,0,20,0,0,0,0,0,4,4,3
,2021-16006,39.79837473,-104.7889303,5/1/2021 18:32,18:32,12,0,0,E 56TH AVE & N PENA BLVD,1,1,0,0,1,4,0,0,40,0,0,0,0,0,4,2,16
,2021-16011,39.75847353,-105.0299199,4/17/2021 22:52,22:52,3,0,0,N IRVING ST & W 29TH AVE,1,3,0,0,1,1,0,0,35,0,0,0,0,1,4,2,1
,2021-16012,39.76923353,-104.9978899,5/11/2021 8:39,8:39,15,0,0,38TH AVE & 1000 BLK W,11,1,1,0,1,3,0,0,30,0,0,0,0,0,4,2,1
,2021-16013,39.71132353,-104.8972999,5/23/2021 14:56,14:56,12,0,0,7300 BLK E ALAMEDA AVE & S QUEBEC ST,1,1,0,0,1,3,0,0,35,0,0,0,0,1,4,2,13
,2021-16015,39.74010353,-104.9980699,5/17/2021 10:50,10:50,3,0,0,N SPEER BLVD (NB INTERSECTION) & W COLFAX AVE,1,1,0,0,1,1,0,0,35,0,0,0,0,1,2,3,8
,2021-16021,39.76801353,-104.9949599,5/18/2021 13:54,13:54,12,0,0,I-25 & PARK AVE W,11,1,0,1,1,4,0,0,65,0,0,0,0,0,1,3,13
,2021-16023,39.72926353,-104.9161399,5/11/2021 6:35,6:35,1,0,0,8TH AVE E & KRAMERIA ST N,11,1,0,0,1,1,0,0,30,0,0,0,0,0,4,2,13
,2021-16024,39.65309354,-104.9260849,5/11/2021 7:20,7:20,12,0,0,HAMPDEN AVE E & GLENCOE ST S,11,1,0,0,1,3,0,0,35,0,0,0,0,0,2,2,13
,2021-16026,39.70605353,-104.9407399,3/26/2021 20:02,20:02,12,0,0,S COLORADO BLVD & E CHERRY CREEK S DR,1,3,0,0,1,1,0,0,30,0,0,0,0,0,2,2,1
,2021-16027,39.76331353,-105.0252399,5/17/2021 14:52,14:52,12,0,0,FEDERAL BLVD N & 34TH AVE (RD E),1,1,1,0,1,3,0,0,35,0,0,0,0,1,2,4,16
,2021-16028,39.83230305,-104.9834911,5/23/2021 18:50,18:50,3,0,1,COLFAX AVE W & I-25 SB OFF RAMP,1,1,0,0,1,1,0,0,35,0,0,0,0,1,2,3,2
,2021-16029,39.71750353,-104.9939899,4/29/2021 5:18,5:18,6,0,0,ELATI ST N & IRVINGTON PL W,1,3,0,0,1,4,0,0,25,0,0,0,0,0,4,3,13
,2021-16030,39.72570554,-105.0324874,5/19/2021 7:41,7:41,12,0,0,6TH AVE W & KNOX CT N,1,1,0,0,1,4,0,0,65,0,0,0,0,0,2,5,1
,2021-16031,39.74012353,-104.9320799,5/19/2021 12:22,12:22,12,0,0,COLFAX AVE E & DAHLIA ST N,1,1,0,0,1,1,0,0,35,0,0,0,0,0,2,5,16
,2021-16034,39.72508354,-105.0324699,5/20/2021 14:31,14:31,12,0,0,6TH AVE W & KNOX CT N,1,1,1,0,1,4,0,0,65,0,0,0,0,1,2,3,13
,2021-16036,39.70181354,-105.0275099,5/22/2021 1:29,1:29,6,0,0,HAZEL CT S & ADA PL W,1,3,0,0,1,4,0,0,25,0,0,0,0,0,4,6,5
,2021-16125,39.77178353,-105.0054199,5/19/2021 15:09,15:09,3,0,0,N OSAGE ST & W 40TH AVE,1,1,1,0,1,1,0,0,25,0,0,0,0,0,4,2,16
,2021-16126,39.76731352,-104.8904499,5/21/2021 7:35,7:35,15,0,0,N CENTRAL PARK BLVD & E 36TH AVE,1,1,0,0,1,4,0,0,30,0,0,0,0,0,4,2,8
,2021-16127,39.72206353,-104.9304999,5/19/2021 7:36,7:36,6,0,0,300 BLK N EUDORA ST & E 3RD AVE,1,1,0,0,1,4,0,0,25,0,0,0,0,0,4,3,16
,2021-16128,39.72753354,-105.0491899,5/18/2021 18:15,18:15,6,0,0,WOLFF ST & 645 N,1,1,0,0,1,4,0,0,25,0,0,0,0,0,4,2,16
,2021-16129,39.72040353,-104.9021299,5/20/2021 17:49,17:49,5,0,0,7300 BLK E 2ND AVE & N QUEBEC ST,1,1,0,0,2,4,0,0,15,0,0,0,0,0,4,1,13
,2021-16130,39.78422353,-105.0251799,5/21/2021 5:03,5:03,1,0,0,FEDERAL BLVD N & I-70 EB ON RAMP,1,2,0,0,1,1,0,0,35,0,0,0,0,0,2,2,13
,2021-16131,39.66757354,-104.9217499,5/9/2021 14:45,14:45,12,0,0,5600 BLK E YALE AVE & S HOLLY ST,1,1,1,0,1,4,0,0,30,0,0,0,0,1,4,2,7
,2021-16132,39.74009468,-104.9035119,5/21/2021 18:25,18:25,12,0,0,I-70 & QUEBEC ST N,1,1,1,0,1,4,0,0,55,0,0,0,0,0,1,2,13
,2021-16133,39.73684353,-104.9873799,5/16/2021 14:40,14:40,12,0,0,E 13TH AVE & N BROADWAY ST,11,1,1,1,1,3,0,0,30,0,0,0,0,1,4,3,13
,2021-16134,39.70743391,-105.0324444,1/10/2021 14:30,14:30,2,0,1,KNOX CT S & 500 BLK S,14,1,1,7,1,5,0,0,30,1,0,0,0,2,4,2,13
,2021-16135,39.77484352,-104.8730699,5/21/2021 14:20,14:20,3,0,0,40TH AVE & 10035 E,1,1,0,0,1,2,0,0,35,0,0,0,0,0,4,2,13
,2021-16136,39.76562353,-105.0204999,5/4/2021 19:00,19:00,3,0,0,W 35TH AVE & N CLAY ST,1,1,0,0,1,1,0,0,25,0,0,0,0,0,4,2,16
,2021-16137,39.75359353,-105.0147199,5/15/2021 14:34,14:34,15,0,0,I-25 & SPEER BLVD N OFF RAMP,1,1,0,0,1,8,0,0,55,0,0,0,0,0,1,2,16
,2021-16138,39.76738452,-104.9025184,5/20/2021 19:00,19:00,10,0,1,N QUEBEC ST & E 36TH AVE,1,1,0,0,1,1,0,0,35,0,0,0,0,2,4,2,1
,2021-16139,39.72609353,-105.0000599,3/1/2021 12:56,12:56,15,0,0,KALAMATH ST & 600 BLOCK N,1,1,0,0,1,4,0,0,30,0,0,0,0,0,4,2,3
,2021-16140,39.66998354,-105.0249799,5/8/2021 18:58,18:58,12,0,1,FEDERAL BLVD S & COLLEGE AVE W,11,1,1,0,1,3,0,0,35,0,0,0,0,2,2,2,16
,2021-16141,39.76212353,-105.0334299,5/21/2021 12:29,12:29,12,0,0,3500 BLK W 32ND AVE & N LOWELL BLVD,1,1,1,0,1,4,0,0,30,0,0,0,0,0,4,2,14
,2021-16142,39.71120354,-104.9988899,5/21/2021 2:03,2:03,15,0,0,I-25 & ALAMEDA AVE W,1,3,0,0,1,4,0,0,55,0,0,0,0,0,1,2,13
,2021-16143,39.72551353,-105.0133499,5/17/2021 17:02,17:02,12,0,0,I-25 & 6TH AVE W,11,1,1,1,1,4,0,0,55,0,0,0,0,0,1,2,5
,2021-16144,39.69630354,-104.9916199,2/26/2021 15:37,15:37,15,0,0,SANTA FE DR S & MISSISSIPPI AVE W,1,1,0,0,1,4,0,1,45,0,0,0,0,0,2,2,1
,2021-16145,39.84979749,-104.6738195,5/21/2021 1:26,1:26,5,0,1,8400 PENA BLVD & 4E APPROACH,1,3,0,0,3,4,0,0,15,0,0,0,0,2,4,1,5
,2021-16146,39.76255353,-104.9498999,5/18/2021 22:50,22:50,6,0,0,STEELE ST N & MLK BLVD E,1,3,0,0,3,4,0,0,25,0,0,0,0,0,4,2,5
,2021-16147,39.71310353,-104.9128199,5/7/2021 16:28,16:28,3,0,0,S MONACO ST & E CEDAR AVE,1,1,0,0,1,2,0,0,40,0,0,0,0,0,4,2,13
,2021-16148,39.74418353,-105.0354099,4/10/2021 17:10,17:10,6,0,0,MEADE ST & 1700 BLK N,1,1,0,0,1,4,0,0,25,0,0,0,0,0,4,2,3
,2021-16149,39.65307354,-104.9182499,5/16/2021 3:23,3:23,5,0,0,I-25 NB EXIT GORE PT TO & HAMPDEN AVE E,1,3,0,0,3,4,0,0,65,0,0,0,0,0,1,1,1
,2021-16150,39.73565353,-105.0217499,5/21/2021 7:59,7:59,10,0,0,HOLDEN PL W & DECATUR ST N,1,1,0,0,1,1,0,0,25,0,0,0,0,0,4,2,1
,2021-16151,39.70219354,-105.0455699,5/21/2021 5:43,5:43,3,0,0,MORRISON RD & OHIO AVE W,1,1,1,0,1,2,0,0,35,0,0,0,0,0,4,2,16
,2021-16152,39.67029354,-104.9565299,5/20/2021 20:00,20:00,6,0,0,COLUMBINE ST S & 2500 BLK S,1,4,0,0,1,4,0,0,25,0,0,0,0,0,4,2,16
,2021-16153,39.78362951,-104.791364,5/5/2021 20:37,20:37,12,0,0,N PENA BLVD & E GVR BLVD,1,2,0,0,1,4,0,0,45,0,0,0,0,0,4,2,13
,2021-16154,39.74007353,-104.9964699,5/7/2021 18:35,18:35,12,0,0,COLFAX AVE W & GALAPAGO ST N,1,2,0,0,1,1,0,0,30,0,0,0,0,0,2,2,1
,2021-16155,39.78352353,-105.0532299,5/20/2021 23:05,23:05,5,0,0,I-70 EB ON RAMP FROM & SHERIDAN BLVD N,1,3,0,0,3,8,0,0,55,0,0,0,0,0,1,1,16
,2021-16157,39.77667652,-104.8657249,5/18/2021 17:23,17:23,15,0,0,HAVANA ST N & I-70,1,1,0,0,1,4,0,0,35,0,0,0,0,0,4,2,13
,2021-16159,39.8381535,-104.71673,5/17/2021 23:15,23:15,8,0,1,23200 E 78TH AVE & N WENATCHEE ST,1,3,0,0,1,4,0,0,35,0,0,0,0,1,4,2,7
,2021-16160,39.66931354,-104.9554699,5/6/2021 11:14,11:14,12,0,0,2600 BLK E VASSAR AVE & S FILLMORE ST,1,1,0,0,1,4,0,0,25,0,0,0,0,0,4,2,13
,2021-16161,39.68471354,-104.9594399,5/12/2021 15:41,15:41,6,0,1,I-25 SB & UNIVERSITY BLVD S,1,1,0,0,3,4,0,0,60,0,0,0,0,2,1,2,3
,2021-16162,39.74161353,-104.9597699,5/21/2021 14:49,14:49,11,0,0,16TH AVE E & YORK ST N,1,1,0,0,1,1,0,0,30,0,1,0,0,0,4,1,13
,2021-16163,39.73986353,-104.9042499,3/28/2021 15:05,15:05,15,0,0,COLFAX AVE E & QUEBEC ST N,1,1,0,0,1,3,0,0,35,0,0,0,0,0,2,2,1
,2021-16164,39.66080297,-104.9329582,5/22/2021 2:40,2:40,5,0,0,E DARTMOUTH AVE & S PARKER RD,1,3,1,0,3,4,0,0,30,0,0,0,0,0,4,1,14
,2021-16165,39.74369353,-104.9427499,5/10/2021 9:45,9:45,6,0,0,3800 BLK E 17TH AVE & N HARRISON ST,1,1,0,0,1,4,0,0,35,0,0,0,0,0,4,2,13
,2021-16166,39.71857354,-105.0057999,3/27/2021 10:30,10:30,15,0,0,I-25 SB & ALAMEDA AVE W,1,1,0,0,1,4,0,0,60,0,0,0,0,0,1,3,14
,2021-16167,39.72908353,-104.9873899,5/18/2021 14:30,14:30,12,0,1,N BROADWAY ST & E 8TH AVE,11,1,0,1,1,1,0,0,35,0,0,0,0,3,4,2,13
,2021-16168,39.77262273,-104.9740976,5/9/2021 1:00,1:00,16,0,0,WYNKOOP ST & 1660 WYNKOOP ST,1,3,1,1,5,2,0,0,,0,0,0,0,0,3,1,14
,2021-16169,39.77064702,-104.9317414,4/27/2021 19:34,19:34,15,0,0,I-70 & DAHLIA ST N,11,3,0,1,1,4,0,0,55,0,0,0,0,0,1,2,14
,2021-16170,39.72553353,-105.0131199,5/15/2021 22:03,22:03,15,0,0,I-25 & 6TH AVE W,1,2,1,0,1,4,0,0,55,0,0,0,0,0,1,2,13
,2021-16171,39.75245353,-105.0120499,3/26/2021 17:45,17:45,11,0,1,WATER ST & 700 BLK,1,1,0,0,1,2,0,0,30,0,1,0,0,3,4,1,1
,2021-16172,39.74043353,-105.0139599,5/21/2021 11:19,11:19,12,0,0,I-25 & COLFAX AVE W,1,1,1,0,1,4,0,0,65,0,0,0,0,0,1,3,1
,2021-16173,39.66746354,-104.9315999,5/18/2021 18:30,18:30,1,0,0,E YALE AVE & S DAHLIA ST,1,1,0,0,1,1,0,0,25,0,0,0,0,0,4,3,3
,2021-16174,39.79354352,-104.9034099,5/18/2021 11:38,11:38,12,0,0,N QUEBEC ST & E 53RD PL,1,1,0,0,1,1,0,0,35,0,0,0,0,0,2,2,13
,2021-16176,39.75705253,-104.9928964,5/21/2021 0:03,0:03,15,0,0,PARK AVE  W & WAZEE ST,1,3,0,0,1,1,0,0,30,0,0,0,0,0,4,2,13
,2021-16177,39.73357353,-104.9528899,5/21/2021 16:20,16:20,2,0,1,11TH AVE E & FILLMORE ST N,1,1,0,0,1,1,0,0,25,1,0,0,0,2,4,2,7
,2021-16178,39.73293353,-105.0321299,5/5/2021 16:13,16:13,1,0,1,10TH AVE W & KNOX CT N,1,1,0,0,1,1,0,0,30,0,0,0,1,3,4,2,13
,2021-16179,39.61717313,-105.0953365,5/5/2021 12:55,12:55,6,0,0,BERRY AVE W & DOVER ST S,1,1,0,0,1,4,0,0,25,0,0,0,0,0,4,2,16
,2021-16180,39.74259353,-104.9034499,5/18/2021 16:22,16:22,12,0,0,E BATAVIA OK & N QUEBEC ST,1,1,0,0,1,4,0,0,30,0,0,0,0,1,4,2,4
,2021-16181,39.85071349,-104.66726,5/14/2021 12:05,12:05,16,0,0,PENA BLVD & 8511 PENA BLVD,1,1,0,0,5,4,0,0,,0,0,0,0,0,3,1,7
,2021-16182,39.70376353,-104.9078899,5/8/2021 4:30,4:30,6,0,0,EXPOSITION AVE E & ONEIDA WY S,1,1,0,0,1,4,0,0,30,0,0,0,0,0,4,2,3
,2021-16183,39.65292154,-104.917669,5/15/2021 20:15,20:15,12,0,0,I-25 NB OFF RAMP & HAMPDEN AVE E,1,3,0,0,1,8,0,0,25,0,0,0,0,0,1,2,13
,2021-16184,39.67472053,-104.8707799,5/17/2021 16:30,16:30,12,0,0,E ILIFF AVE & S PARKER RD,1,1,0,0,1,3,0,0,30,0,0,0,0,0,2,2,16
,2021-16185,39.67846354,-104.9286799,5/23/2021 2:38,2:38,12,0,0,4800 BLK E EVANS AVE & S DAHLIA ST,11,3,0,1,1,4,0,0,40,0,0,0,0,1,4,2,7
,2021-16186,39.68568354,-104.9394499,5/17/2021 15:30,15:30,3,0,0,MEXICO AVE E & ALBION ST S,1,1,0,0,1,1,0,0,25,0,0,0,0,0,4,2,3
,2021-16187,39.74002353,-104.9721299,5/18/2021 14:26,14:26,6,0,0,COLFAX AVE E & MARION ST N,1,1,0,0,1,4,0,0,30,0,0,0,0,0,2,2,16
,2021-16188,39.67848354,-104.9989799,5/13/2021 9:01,9:01,12,0,0,900 BLK W EVANS AVE & S PLATTE RIVER DR,1,1,0,0,1,4,0,0,35,0,0,0,0,0,4,2,16
,2021-16189,39.71130353,-104.8928799,5/18/2021 8:03,8:03,12,0,0,8500 BLK E ALAMEDA AVE & E FAIRMONT DR,1,1,0,0,1,4,0,0,35,0,0,0,0,0,4,2,13
,2021-16190,39.71111353,-104.9592499,5/17/2021 14:25,14:25,8,0,0,E ALAMEDA AVE & S UNIVERSITY BLVD,11,1,0,1,1,1,0,0,30,0,0,0,0,0,4,2,13
,2021-16191,39.70294453,-104.9129359,5/13/2021 8:30,8:30,12,0,0,LEETSDALE DR & S MONACO ST,1,1,0,0,1,3,0,0,35,0,0,0,0,0,2,2,16
,2021-16192,39.69559354,-105.0069499,5/17/2021 13:29,13:29,12,0,0,MOSIER PL & 1700 BLK W,1,1,1,0,1,4,0,0,25,0,0,0,0,0,4,2,16
,2021-16193,39.73839353,-104.9730099,5/18/2021 12:31,12:31,3,0,0,E 14TH AVE & N DOWNING ST,11,1,1,1,1,1,0,0,35,0,0,0,0,1,4,2,13
,2021-16194,39.77871352,-104.9222799,5/17/2021 9:20,9:20,3,0,0,N HOLLY ST & E STAPLETON N DR,1,1,0,0,1,1,0,0,30,0,0,0,0,0,4,2,13
,2021-16195,39.69055147,-104.9453584,5/17/2021 16:30,16:30,5,0,0,3600 BLK E CEDAR AVE & S MONROE ST,1,1,0,0,3,4,0,0,30,0,0,0,0,0,4,1,13
,2021-16196,39.74893453,-104.9873749,5/18/2021 17:48,17:48,10,0,0,20TH ST & N BROADWAY ST,1,1,1,0,1,1,0,0,35,0,0,0,0,0,4,2,14
,2021-16197,39.72527841,-105.1417334,5/18/2021 13:27,13:27,12,0,0,I-25 & 6TH AVE W,11,1,0,1,1,4,0,0,55,0,0,0,0,0,1,2,7
,2021-16198,39.76340353,-104.9593999,5/8/2021 22:25,22:25,9,0,0,YORK ST N & 3300 BLK N,11,4,0,1,3,4,0,0,35,0,0,0,0,0,4,1,16
,2021-16199,39.65300354,-104.9406699,5/21/2021 17:52,17:52,12,0,0,S COLORADO BLVD & E HAMPDEN AVE,1,1,0,0,1,4,0,0,40,0,0,0,0,0,2,3,7
,2021-16200,39.74080353,-104.9633699,5/3/2021 11:00,11:00,3,0,0,RACE ST N & COLFAX AVE E,11,1,0,1,1,2,0,0,30,0,0,0,0,0,4,2,13
,2021-16201,39.71119354,-105.0086399,5/18/2021 8:54,8:54,3,0,0,ALAMEDA AVE W & RARITAN ST S,1,1,0,0,1,1,0,0,35,0,0,0,0,0,2,2,3
,2021-16202,39.70711353,-104.8853699,4/24/2021 10:10,10:10,5,0,1,ALAMEDA AVE E & XENIA ST S,1,1,0,0,2,4,0,0,35,0,0,0,1,3,4,1,16
,2021-16203,39.76094353,-105.0043199,5/17/2021 12:33,12:33,12,0,0,I-25 & 20TH ST,1,1,0,0,1,4,0,0,55,0,0,0,0,0,1,2,1
,2021-16204,39.77650353,-105.0442499,2/4/2021 9:46,9:46,15,0,0,4400 BLK W 44TH AVE & N TENNYSON ST,1,1,1,0,1,5,0,0,20,0,0,0,0,0,4,2,16
,2021-16205,39.75100353,-104.9924699,5/22/2021 19:20,19:20,6,0,0,19TH ST & 1100 BLK,1,2,0,0,1,4,0,0,30,0,0,0,0,0,4,2,13
,2021-16206,39.69756354,-104.9926999,5/18/2021 6:43,6:43,15,0,0,900 BLK S PLATTE RIVER DR & W TENNESSE AVE,1,1,0,0,1,4,0,0,45,0,0,0,0,0,2,2,13
,2021-16207,39.67845354,-104.9971499,5/23/2021 5:39,5:39,5,0,0,W  EVANS AVE & S HURON ST,11,1,0,0,3,1,0,0,35,0,0,0,0,0,4,1,2
,2021-16208,39.68948354,-105.0250499,5/17/2021 15:53,15:53,1,0,1,FEDERAL BLVD S & FLORIDA AVE W,11,1,0,1,1,1,0,0,35,0,0,0,0,2,2,2,16
,2021-16209,39.73839353,-104.9659899,5/11/2021 22:58,22:58,6,0,0,E 14TH AVE & N WILLIAMS ST,1,3,0,0,1,1,0,0,35,0,0,0,0,0,4,4,16
,2021-16210,39.74104353,-104.9430399,5/18/2021 12:35,12:35,6,0,0,JACKSON ST N & 1500 BLK N,11,1,0,0,1,4,0,0,25,0,0,0,0,0,4,2,13
,2021-16211,39.76010352,-104.8770699,4/29/2021 7:15,7:15,12,0,0,9500 BLK E MLK BLVD & N CLINTON ST,1,1,0,0,1,4,0,0,35,0,0,0,0,0,4,2,1
,2021-16212,39.72750354,-105.0251299,5/7/2021 14:44,14:44,12,0,0,FEDERAL BLVD N & 7TH AVE W,1,1,1,0,1,1,0,0,35,0,0,0,0,1,2,2,16
,2021-16213,39.68750354,-104.9593799,5/18/2021 18:15,18:15,10,0,0,E IOWA AVE & S UNIVERSITY BLVD,1,1,1,0,1,1,0,0,30,0,0,0,0,0,4,2,13
,2021-16214,39.74002353,-104.9714199,5/8/2021 2:05,2:05,3,0,0,COLFAX AVE E & MARION ST N,1,3,0,0,1,5,0,0,,0,0,0,0,0,2,2,16
,2021-16215,39.77400352,-104.8470299,5/10/2021 12:28,12:28,15,0,0,PEORIA ST N & I-70 WB OFF RAMP,1,1,0,0,1,1,0,0,35,0,0,0,0,0,4,2,13
,2021-16216,39.70577354,-105.0250899,5/9/2021 12:46,12:46,15,0,1,FEDERAL BLVD S & CENTER AVE W,11,1,1,1,1,4,0,0,35,0,0,0,0,2,2,4,16
,2021-16217,39.72093353,-104.9874399,5/1/2021 12:40,12:40,15,0,0,N BROADWAY ST & E 3RD AVE,1,1,0,0,1,1,0,0,30,0,0,0,0,0,4,2,7
,2021-16218,39.67755354,-104.9233299,5/6/2021 15:55,15:55,12,0,0,2100 BLK S HUDSON ST & E EVANS AVE,1,1,0,0,1,3,0,0,25,0,0,0,0,0,4,2,1
,2021-16219,39.74007353,-104.9929099,5/6/2021 8:40,8:40,12,0,0,COLFAX AVE W & DELAWARE ST N,1,1,0,0,1,1,0,0,30,0,0,0,0,0,2,2,14
,2021-16220,39.75679353,-104.9806299,5/17/2021 11:08,11:08,3,0,0,CHAMPA ST & 27TH ST,1,1,0,0,1,1,0,0,25,0,0,0,0,0,4,2,14
,2021-16221,39.78008352,-104.9404999,5/18/2021 17:32,17:32,12,0,0,I-70 & COLORADO BLVD N,1,2,0,0,1,4,0,0,55,0,0,0,0,1,1,2,14
,2021-16222,39.8380135,-104.70132,5/18/2021 19:59,19:59,12,0,0,25000 BLK E 78TH AVE & JACKSONS GAP,1,2,0,0,1,4,0,0,45,0,0,0,0,0,4,2,14
,2021-16223,39.67667354,-104.9675699,5/15/2021 22:59,22:59,6,0,0,WARREN AVE E & GILPIN ST S,1,4,0,0,1,4,0,0,25,0,0,0,0,0,4,2,16
,2021-16224,39.70038354,-105.0269399,5/18/2021 11:55,11:55,3,0,0,KENTUCKY AVE W & ELIOT ST,11,1,0,1,1,1,0,0,30,0,0,0,0,0,4,2,13
,2021-16225,39.72563353,-104.9874244,5/17/2021 17:30,17:30,3,0,0,N BROADWAY ST & E 6TH AVE,1,1,0,0,1,1,0,0,30,0,0,0,0,0,4,2,3
,2021-16226,39.76390353,-105.0439999,5/18/2021 12:23,12:23,3,0,0,W 33RD AVE & N TENNYSON ST,1,1,1,0,1,1,0,0,25,0,0,0,0,0,4,2,13
,2021-16227,39.63692875,-104.8899084,5/18/2021 7:40,7:40,12,0,0,I-225 NB RAMPS ON/OFF & I-70 WB,1,1,1,0,1,4,0,0,55,0,0,0,0,0,1,2,13
,2021-16228,39.72541754,-105.0252199,5/23/2021 5:47,5:47,3,0,0,N FEDERAL BLVD & W 6TH AVE EB ON RAMP,11,2,0,1,1,1,0,0,35,0,0,0,0,1,2,2,13
,2021-16229,39.65839353,-104.86195,4/1/2021 14:53,14:53,6,0,0,DARTMOUTH AVE & 10700 E,1,1,1,0,5,7,0,0,15,0,0,0,0,0,3,2,9
,2021-16230,39.67846454,-104.9315884,5/17/2021 20:35,20:35,12,0,0,E EVANS AVE & S DAHLIA ST,11,3,0,1,1,1,0,0,35,0,0,0,0,0,4,3,13
,2021-16319,39.73726353,-104.9034499,5/16/2021 22:21,22:21,10,0,0,E 13TH AVE & N QUEBEC ST,1,3,0,0,1,1,0,0,30,0,0,0,0,0,4,2,13
,2021-16320,39.75643352,-104.8952799,5/16/2021 21:46,21:46,6,0,0,E 28TH AVE & N TAMARAC ST,1,3,0,0,1,4,0,0,25,0,0,0,0,0,4,2,5
,2021-16321,39.74197353,-105.0145799,5/19/2021 15:14,15:14,12,0,0,I-25 & AURARIA PKWY,1,1,0,0,1,4,0,0,55,0,0,0,0,0,1,2,1
,2021-16323,39.72527841,-105.1417334,5/15/2021 20:50,20:50,5,0,0,I-25 & 6TH AVE W,1,3,1,0,2,4,0,0,55,0,0,0,0,0,1,2,5
,2021-16324,39.74971353,-104.9949999,5/20/2021 7:18,7:18,3,0,0,LAWRENCE ST & 17TH ST,1,1,0,0,1,1,0,0,30,0,0,0,0,0,4,2,8
,2021-16325,39.68472354,-104.9594399,5/20/2021 18:40,18:40,12,0,0,I-25 & UNIVERSITY BLVD S,1,2,0,0,1,4,0,0,60,0,0,0,0,0,1,2,3
,2021-16326,39.73681353,-104.9574299,5/20/2021 18:10,18:10,3,0,0,N COLOBINE ST & E 13TH AVE,1,1,0,7,1,1,0,0,30,0,0,0,0,1,4,2,13
,2021-16327,39.7982535,-104.67003,5/20/2021 15:34,15:34,12,0,0,E 56TH AVE & N CROWN BLVD,1,1,0,0,1,1,0,0,40,0,0,0,0,1,4,2,1
,2021-16328,39.67852354,-105.0017799,5/20/2021 11:32,11:32,1,0,0,EVANS AVE W & LIPAN ST S,1,1,0,0,1,1,0,0,30,0,0,0,0,0,4,2,13
,2021-16329,39.65302354,-104.9385899,5/18/2021 17:30,17:30,12,0,0,HAMPDEN AVE E & ASH ST S,1,1,0,0,1,3,0,0,30,0,0,0,0,0,2,2,3
,2021-16330,39.72527841,-105.1417334,1/21/2021 14:37,14:37,5,0,0,I-25 & 6TH AVE W,1,3,0,0,3,4,0,0,50,0,0,0,0,0,1,1,16
,2021-16331,39.74009468,-104.9035119,5/21/2021 17:21,17:21,12,0,0,I-70 & QUEBEC ST N,1,2,0,0,1,4,0,0,65,0,0,0,0,1,1,3,3
,2021-16332,39.71833353,-104.9633499,5/19/2021 17:40,17:40,15,0,0,2000 BLK E 1ST AVE & N RACE ST,1,1,0,0,1,4,0,0,30,0,0,0,0,0,4,2,1
,2021-16333,39.78020353,-104.9891799,5/20/2021 14:18,14:18,15,0,0,I-70 WB DISTRIBUTOR RAMP SPLIT TO & I-25 SB/NB,1,1,1,0,1,8,0,0,45,0,0,0,0,1,1,2,8
,2021-16334,39.69858354,-105.0250699,5/21/2021 20:05,20:05,3,0,0,FEDERAL BLVD S & TENNESSEE AVE W,1,1,0,0,1,1,0,0,20,0,0,0,0,0,2,2,13
,2021-16335,39.67941354,-104.9875599,5/22/2021 16:03,16:03,12,0,0,2000 BLK S BROADWAY ST & W EVANS AVE,1,1,0,0,1,3,0,0,35,0,0,0,0,0,4,2,13
,2021-16336,39.65335455,-105.0532729,5/21/2021 22:28,22:28,3,0,0,SHERIDAN BLVD S & HWY 285 WB OFF RAMP,11,3,1,0,1,1,0,0,,0,0,0,0,1,2,2,13
,2021-16337,39.86591727,-104.7150257,5/13/2021 21:41,21:41,5,0,0,GUN CLUB RD N & 78TH AVE,1,3,0,0,3,1,0,0,35,0,0,0,0,0,4,1,5
,2021-16338,39.71391354,-105.0203299,5/15/2021 0:51,0:51,6,0,0,CLAY ST S & 1688 CLAY ST S,1,3,2,0,3,4,0,0,25,0,0,0,0,0,4,2,5
,2021-16339,39.75803353,-104.9894799,5/22/2021 11:15,11:15,15,0,1,24TH ST & BLAKE ST,1,1,0,0,1,1,0,0,30,0,0,0,0,2,4,2,8
,2021-16340,39.78010353,-104.9895499,5/19/2021 14:47,14:47,12,0,0,I-25 & I-70,1,1,1,0,1,4,0,0,55,0,0,0,0,0,1,2,5
,2021-16341,39.72383353,-104.8841944,5/21/2021 23:08,23:08,5,0,0,E LOWRY BLVD & N YOSEMITE ST,1,3,0,0,3,6,0,0,20,0,0,0,0,1,4,1,5
,2021-16342,39.68748353,-104.9406399,5/19/2021 18:00,18:00,12,0,0,COLORADO BLVD S & IOWA AVE E,1,1,0,0,1,3,0,0,30,0,0,0,0,0,2,2,3
,2021-16343,39.72891353,-105.0001699,5/20/2021 14:37,14:37,15,0,0,W 8TH AVE & N KALAMATH ST,1,1,0,0,1,1,0,0,30,0,0,0,0,0,4,2,14
,2021-16344,39.71391354,-105.0179899,5/20/2021 7:12,7:12,6,0,0,100 BLK S BRYANT ST & W BAYAUD AVE,1,1,0,0,1,4,0,0,25,0,0,0,0,0,4,2,13