id,drcog_id,latitude,longitude,crashtime,time,crashtype,numbkilled,numbinjurd,drcoglocat,rdconditin,lightngcon,roadcntgrd,weatherco,location,roaddescrp,schoolzone,constrzone,splimit,bikeinv,pedinv,sctrinv,motoinv,svrty,rdsystem,ttlvehcls,hcf
,2021-16345,39.73344353,-104.9585999,5/19/2021 17:55,17:55,15,0,0,JOSEPHINE ST N & 11TH AVE E,1,1,0,0,1,1,0,0,35,0,0,0,0,0,1,2,16
,2021-16346,39.77987352,-104.9671599,5/18/2021 8:24,8:24,15,0,0,I-70 & BRIGHTON BLVD N,1,1,0,0,1,4,0,0,55,0,0,0,0,0,1,2,14
,2021-16347,39.69195353,-104.9275699,5/22/2021 5:20,5:20,6,0,0,1300 BLK S FAIRFAX ST & E LOUISIANA AVE,1,2,0,0,1,4,0,0,20,0,0,0,0,0,4,2,14
,2021-16348,39.79485351,-104.8313899,5/22/2021 16:12,16:12,2,0,1,WORCHESTER ST N & 5537 N WORCHESTER ST,1,1,0,0,1,2,0,0,25,1,0,0,0,2,4,2,14
,2021-16349,39.75259039,-104.9848982,5/21/2021 15:58,15:58,12,0,0,I-25 & PARK AVE W,1,1,1,0,1,4,0,0,55,0,0,0,0,1,1,2,3
,2021-16350,39.74017353,-104.9545099,5/22/2021 2:00,2:00,6,0,0,COLFAX AVE E & DETROIT ST N,1,3,0,0,1,4,0,0,30,0,0,0,0,0,2,2,5
,2021-16351,39.77503451,-104.809895,5/19/2021 21:22,21:22,1,0,0,E ANDREWS DR & N CHAMBERS RD,1,3,0,0,1,1,0,0,40,0,0,0,0,0,4,2,7
,2021-16352,39.66028354,-104.9376699,5/20/2021 8:17,8:17,2,0,1,DARTMOUTH AVE E & BELLAIRE ST S,1,1,0,0,1,4,0,0,25,1,0,0,0,1,4,2,13
,2021-16353,39.78850353,-105.0247699,5/21/2021 22:38,22:38,12,0,0,PKG LOT & 5060 N FEDERAL BLVD,1,3,0,0,5,7,0,0,10,0,0,0,0,0,3,2,13
,2021-16354,39.78610352,-104.9664499,5/22/2021 15:24,15:24,5,0,1,BRIGHTON BLVD N & 48TH AVE E,1,1,0,0,3,4,0,0,30,0,0,0,1,2,4,1,7
,2021-16355,39.70608354,-105.0293899,5/22/2021 1:45,1:45,5,0,0,CENTER AVE W & IRVING ST S,1,4,0,0,3,4,0,0,25,0,0,0,0,0,4,1,5
,2021-16356,39.65215355,-105.0531999,5/21/2021 22:28,22:28,12,0,1,3500 BLK S SHERIDAN BLVD & W HAMPDEN AVE S FRONTAGE RD,1,3,0,0,1,4,0,0,40,0,0,0,0,2,2,2,3
,2021-16357,39.79829351,-104.76977,5/20/2021 10:10,10:10,8,0,0,E 56TH AVE & N ARAGONNE ST,1,1,1,0,1,1,0,0,45,0,0,0,0,1,4,2,10
,2021-16358,39.71120354,-104.9988899,5/19/2021 21:20,21:20,15,0,0,I-25 NB ENT GORE PT FROM & ALAMEDA AVE W,1,3,0,0,1,8,0,0,60,0,0,0,0,0,1,2,13
,2021-16359,39.78864353,-105.0015699,5/19/2021 10:19,10:19,5,0,0,N KALAMATH ST & W 51ST AVE,1,1,0,0,3,4,0,0,30,0,0,0,1,0,4,1,3
,2021-16360,39.72551353,-105.0133499,5/20/2021 1:07,1:07,5,0,0,I-25 SB OFF RAMP TO & 6TH AVE W (WB),1,3,0,0,3,8,0,0,25,0,0,0,0,0,2,1,13
,2021-16361,39.71130353,-104.8928799,5/19/2021 0:40,0:40,5,0,0,ALAMEDA AVE E & FAIRMOUNT DR,1,3,0,0,2,4,0,0,35,0,0,0,0,0,4,1,3
,2021-16362,39.69756354,-104.9926999,5/19/2021 18:42,18:42,15,0,0,1000 BLK S PLATTE RIVER DR & W MISSISSIPPI AVE,1,3,0,0,1,3,0,0,40,0,0,0,0,0,2,2,13
,2021-16363,39.78560352,-104.8998099,5/20/2021 10:28,10:28,15,0,0,N QUEBEC ST & I-70,1,1,0,0,1,4,0,0,30,0,0,0,0,0,2,2,8
,2021-16364,39.75070353,-104.9659299,5/21/2021 14:30,14:30,3,0,0,N WILLIAMS ST & E 23RD AVE,1,1,0,0,1,1,0,0,35,0,0,0,0,0,4,2,8
,2021-16365,39.78921352,-104.9852099,5/19/2021 22:03,22:03,3,0,0,51ST AVE E & SHERMAN ST N,1,3,0,0,1,1,0,0,25,0,0,0,0,0,4,2,14
,2021-16366,39.77892352,-104.9497799,5/22/2021 1:48,1:48,3,0,0,E 45TH AVE & N STEELE ST,1,3,0,0,1,1,0,0,25,0,0,0,0,0,4,2,13
,2021-16367,39.76197353,-104.9739899,5/20/2021 7:30,7:30,6,0,0,3200 BLK CHAMPA ST & N DOWNING ST,1,1,0,0,1,4,0,0,25,0,0,0,0,0,4,2,1
,2021-16368,39.75300353,-105.0393099,5/20/2021 12:03,12:03,12,0,0,2400 BLK N PERRY ST & W 24TH AVE,1,1,1,0,1,4,0,0,25,0,0,0,0,0,4,2,13
,2021-16369,39.77724352,-104.8827699,5/20/2021 13:00,13:00,15,0,0,I-70 WB EXIT GORE PT TO & I-270 WB DIRECT CONNECT,1,1,0,0,1,4,0,0,55,0,0,0,0,0,1,2,7
,2021-16370,39.74345353,-104.9870999,5/22/2021 10:05,10:05,15,0,0,BROADWAY ST & 1700 N,1,1,0,0,1,4,0,0,30,0,0,0,0,0,4,2,13
,2021-16371,39.65308354,-104.9117899,5/20/2021 17:20,17:20,12,0,0,HAMPDEN AVE E & ONEIDA ST S,1,1,1,0,1,1,0,0,40,0,0,0,0,0,2,2,13
,2021-16372,39.69477354,-104.9806599,5/21/2021 15:58,15:58,12,0,0,E BUCHTEL BLVD & E ARIZONA AVE,1,1,0,0,1,1,0,0,35,0,0,0,0,0,4,2,5
,2021-16373,39.77582352,-104.8657299,5/19/2021 7:30,7:30,12,0,0,I-70 & HAVANA ST N,1,1,0,0,1,4,0,0,55,0,0,0,0,0,1,3,3
,2021-16374,39.75157353,-104.9873799,5/5/2021 10:30,10:30,3,0,0,BROADWAY ST N & CHAMPA ST,1,1,0,0,1,1,0,0,30,0,0,0,0,0,4,2,16
,2021-16375,39.76755353,-104.9684099,5/21/2021 11:56,11:56,15,0,0,3600 BLK N FRANKLIN ST & E 36TH AVE,1,1,0,0,1,4,0,0,20,0,0,0,0,0,4,2,13
,2021-16376,39.78238352,-104.8469999,5/21/2021 19:15,19:15,3,0,0,N PEORIA ST & E ALBROOK DR,1,1,0,0,1,1,0,0,40,0,0,0,0,1,4,2,1
,2021-16377,39.74018653,-104.9407414,5/19/2021 15:30,15:30,12,0,0,COLORADO BLVD N & COLFAX AVE E,1,1,0,0,1,3,0,0,30,0,0,0,0,0,2,3,3
,2021-16378,39.73869352,-104.8916799,4/18/2021 11:40,11:40,3,0,0,E 14TH AVE & N VALENTIA ST,1,1,0,0,1,1,0,0,30,0,0,0,0,0,4,2,1
,2021-16379,39.75104013,-104.9769462,5/19/2021 16:30,16:30,10,0,0,N CLARKSON ST & E 16TH ST,1,1,0,0,1,3,0,0,25,0,0,0,0,0,4,2,3
,2021-16380,39.71020353,-104.9593099,5/20/2021 13:06,13:06,12,0,0,300 BLK S UNIVERSITY BLVD & E ALAMEDA AVE,1,1,0,0,1,4,0,0,30,0,0,0,0,0,4,4,13
,2021-16381,39.67481354,-104.9407099,5/19/2021 14:15,14:15,12,0,0,COLORADO BLVD S & ILIFF AVE E,1,1,0,0,1,1,0,0,30,0,0,0,0,0,2,2,3
,2021-16382,39.74013353,-104.9430399,5/20/2021 10:23,10:23,12,0,0,COLFAX AVE E & JACKSON ST N,1,1,0,0,1,1,0,0,,0,0,0,0,0,2,3,3
,2021-16383,39.67071355,-105.0470499,4/27/2021 2:43,2:43,6,0,0,VASSAR AVE W & WOLFF ST S,1,4,0,0,1,4,0,0,25,0,0,0,0,0,4,2,3
,2021-16384,39.76094353,-105.0043199,5/20/2021 16:32,16:32,12,0,0,I-25 & 20TH ST,1,1,0,0,1,4,0,0,55,0,0,0,0,0,1,3,3
,2021-16385,39.73843353,-104.9848599,5/15/2021 17:50,17:50,2,0,1,14TH AVE E & SHERMAN ST N,1,1,2,0,1,1,0,0,30,1,0,0,0,2,4,2,8
,2021-16386,39.71655353,-104.9862399,5/17/2021 22:34,22:34,12,0,0,S LINCOLN ST & E ELLSWORTH AVE,11,3,0,1,1,4,0,0,30,0,0,0,0,0,4,2,16
,2021-16387,39.69317354,-105.0531799,5/16/2021 13:15,13:15,1,0,0,SHERIDAN BLVD S & LOUISIANA AVE W,1,1,0,0,1,1,0,0,30,0,0,0,0,0,2,2,3
,2021-16388,39.77282351,-104.79598,5/21/2021 17:17,17:17,1,0,0,40TH AVE E & AIRPORT WY N,1,1,0,0,1,1,0,0,40,0,0,0,0,0,4,2,3
,2021-16389,39.63567355,-105.0526699,5/7/2021 18:00,18:00,10,0,0,S ZENOBIA ST & W STANFORD AVE,1,1,0,0,1,2,0,0,25,0,0,0,0,0,4,2,16
,2021-16390,39.70190354,-104.9872199,5/8/2021 15:50,15:50,11,0,1,BROADWAY ST S & I-25 SB OFF RAMP,1,1,1,0,1,1,0,0,25,0,0,1,0,3,4,1,14
,2021-16391,39.77108352,-104.8470299,5/21/2021 19:15,19:15,12,0,1,E 39TH AVE & N PEORIA ST,1,2,0,0,1,4,0,0,35,0,0,0,1,3,4,2,14
,2021-16392,39.63427354,-104.9070899,5/21/2021 23:05,23:05,5,0,0,I-225 NB ON RAMP LOOP FROM & I-25 SB,1,3,1,0,2,8,0,0,45,0,0,0,0,0,1,1,13
,2021-16393,39.69756354,-104.9926999,5/21/2021 10:22,10:22,12,0,0,PLATTE RIVER DR S & MISSISSIPPI AVE W,1,1,0,0,1,3,0,0,35,0,0,0,0,0,2,2,13
,2021-16394,39.77107452,-104.8464169,5/4/2021 14:30,14:30,10,0,0,E 39TH AVE & N PEORIA ST,1,1,0,0,1,2,0,0,30,0,0,0,0,0,4,2,7
,2021-16395,39.77561352,-104.8657299,5/21/2021 14:45,14:45,12,0,0,I-70 & HAVANA ST N,1,1,0,0,1,4,0,0,55,0,0,0,0,0,1,2,3
,2021-16396,39.69317354,-105.0531799,5/20/2021 22:11,22:11,3,0,0,SHERIDAN BLVD S & LOUISIANA AVE W,1,3,0,0,1,1,0,0,35,0,0,0,0,0,2,2,16
,2021-16397,39.78003353,-104.9891799,5/22/2021 12:44,12:44,12,0,0,I-70 & I-25 NB,1,1,0,0,1,4,0,0,55,0,0,0,0,0,1,3,13
,2021-16398,39.62421222,-104.8898544,4/8/2021 8:45,8:45,15,0,0,I-25 & BELLEVIEW AVE E,1,1,1,0,1,4,0,0,65,0,0,0,0,0,1,2,13
,2021-16399,39.76742502,-104.9439904,5/21/2021 10:30,10:30,10,0,0,E 8TH AVE & N GARFIELD ST,1,1,0,0,1,1,0,0,30,0,0,0,0,0,4,2,13
,2021-16400,39.79823651,-104.8472674,5/21/2021 22:27,22:27,3,0,0,56TH AVE E & PEORIA ST N,1,3,0,0,1,1,0,0,25,0,0,0,0,0,4,2,7
,2021-16401,39.75071353,-104.9646999,5/21/2021 15:58,15:58,12,0,0,E 23RD AVE & N HIGH ST,1,1,0,0,1,1,0,0,35,0,0,0,0,0,4,2,1
,2021-16402,39.78019627,-104.777558,5/19/2021 17:22,17:22,10,0,0,GVR BLVD E & WALDEN ST N,1,1,0,0,1,2,0,0,20,0,0,0,1,1,4,2,13
,2021-16403,39.72557353,-104.9729099,5/6/2021 0:17,0:17,5,0,0,E 6TH AVE & N DOWNING ST,1,3,0,0,3,1,0,0,35,0,0,0,0,0,4,1,16
,2021-16404,39.75072353,-104.9769399,5/21/2021 10:34,10:34,1,0,0,E 23RD AVE & N CLARKSON ST,1,1,0,0,1,1,0,0,25,0,0,0,0,0,4,2,7
,2021-16405,39.70750353,-104.9827799,5/14/2021 1:15,1:15,5,0,0,LOGAN ST S & VIRGINIA AVE E,1,3,0,0,6,4,0,0,30,0,0,0,0,0,4,1,13
,2021-16406,39.73306354,-105.0486699,5/7/2021 1:42,1:42,6,0,0,10TH AVE W & WOLFF ST N,1,3,0,0,1,4,0,0,30,0,0,0,0,0,4,2,16
,2021-16407,39.75575353,-104.9889499,5/21/2021 12:42,12:42,10,0,0,PARK AVE W & LARIMER ST,1,1,0,0,1,1,0,0,30,0,0,0,0,0,4,2,8
,2021-16408,39.75104353,-104.9328199,5/22/2021 16:07,16:07,12,0,1,E 23RD AVE & N DEXTER ST,1,1,0,0,1,1,0,0,30,0,0,0,0,2,4,3,14
,2021-16409,39.70749353,-104.9128599,4/27/2021 8:16,8:16,12,0,0,S MONACO  ST & E VIRGINIA AVE,1,1,0,0,1,4,0,0,30,0,0,0,0,0,4,2,7
,2021-16410,39.72542354,-105.0249199,5/21/2021 20:10,20:10,15,0,0,HWY 6 EB DISTRIBUTOR RAMP ENT GORE PT TO & I-25 SB RAMP,1,3,0,0,1,8,0,0,55,0,0,0,0,0,2,2,8
,2021-16411,39.71291353,-104.9733899,5/21/2021 14:47,14:47,3,0,0,S DOWNING ST & E CEDAR AVE,1,1,0,0,1,1,0,0,25,0,0,0,0,0,4,2,3
,2021-16412,39.74018353,-104.9552299,5/21/2021 11:45,11:45,6,0,0,COLFAX AVE E & DETROIT ST N,1,1,0,0,1,4,0,0,30,0,0,0,0,0,2,2,3
,2021-16413,39.74011353,-104.9988399,5/20/2021 20:41,20:41,1,0,0,COLFAX AVE W & SPEER BLVD SB,1,2,0,0,1,1,0,0,10,0,0,0,0,0,2,2,7
,2021-16414,39.77320751,-104.8099085,5/21/2021 7:50,7:50,10,0,0,N CHAMBERS RD & E 40TH AVE,1,1,0,0,1,3,0,0,40,0,0,0,0,0,4,2,7
,2021-16415,39.65335455,-105.0532729,5/20/2021 21:50,21:50,9,0,0,HWY 285 EB ON RAMP FROM & HWY 95 SB,1,3,0,0,1,8,0,0,15,0,0,0,1,0,2,1,5
,2021-16416,39.77939353,-104.9791499,5/19/2021 12:38,12:38,5,0,0,I-70 & WASHINGTON ST N,1,1,0,0,3,4,0,0,55,0,0,0,0,0,1,1,14
,2021-16417,39.65303354,-104.9316799,5/14/2021 12:45,12:45,12,0,0,HAMPDEN AVE E & DAHLIA ST S,1,1,0,0,1,4,0,0,35,0,0,0,0,0,2,3,13
,2021-16418,39.77411351,-104.80988,5/17/2021 16:50,16:50,12,0,0,4100 BLK N CHAMBERS RD & E 40TH AVE,1,1,0,0,1,4,0,0,40,0,0,0,0,1,4,2,1
,2021-16419,39.75941038,-104.9597724,5/20/2021 21:43,21:43,12,0,0,I-70 & YORK ST N,1,3,0,0,1,4,0,0,65,0,0,0,0,0,1,2,13
,2021-16420,39.77877352,-104.8658099,5/18/2021 19:39,19:39,10,0,0,E 45TH AVE & N HAVANA ST,1,1,0,0,1,1,0,0,35,0,0,0,0,0,4,2,13
,2021-16421,39.74019553,-104.9175484,5/21/2021 14:11,14:11,6,0,0,KEARNEY ST N & COLFAX AVE E,1,1,0,6,1,4,0,0,25,0,0,0,0,0,4,2,3
,2021-16422,39.67567354,-105.0532599,5/18/2021 20:34,20:34,12,0,0,SHERIDAN BLVD S & WARREN AVE W,1,3,0,0,1,1,0,0,35,0,0,0,0,0,2,4,2
,2021-16423,39.63852355,-105.0393799,5/8/2021 16:03,16:03,8,0,0,QUINCY AVE W & NEWTON ST S,1,1,0,0,1,1,0,0,30,0,0,0,0,1,2,2,13
,2021-16425,39.63799248,-104.912672,5/18/2021 16:30,16:30,6,0,0,MONACO ST & 240 S,1,4,0,0,5,7,0,0,15,0,0,0,0,0,3,3,16
,2021-16426,39.76208353,-105.0497099,5/20/2021 13:20,13:20,6,0,0,32ND AVE W & YATES ST N,1,1,1,0,1,4,0,0,30,0,0,0,0,1,4,2,14
,2021-16427,39.77903353,-104.9912499,5/16/2021 13:05,13:05,12,0,2,I-70 EB OFF RAMP & I-25 SB,1,1,1,0,1,8,0,0,55,0,0,0,0,1,1,3,13
,2021-16428,39.77602352,-104.8710699,5/21/2021 15:05,15:05,12,0,2,I-70 & HAVANA ST N,1,1,0,0,1,4,0,0,55,0,0,0,0,2,1,3,3
,2021-16429,39.76928353,-105.0111899,5/21/2021 14:36,14:36,1,0,0,W 38TH AVE & N TEJON ST,1,1,1,0,1,1,0,0,35,0,0,0,0,0,4,2,13
,2021-16430,39.71210354,-104.9875399,5/19/2021 13:45,13:45,15,0,0,S BROADWAY ST & W BYERS PL,1,1,0,0,1,3,0,0,30,0,0,0,1,0,4,2,8
,2021-16431,39.67844354,-104.9337599,5/21/2021 8:56,8:56,12,0,0,EVANS AVE E & I-25 NB ON RAMP,1,1,1,0,1,1,0,0,35,0,0,0,0,0,4,2,13
,2021-16432,39.75342691,-104.993233,5/16/2021 14:00,14:00,6,0,0,I-25 & 20TH ST,11,1,0,1,2,4,0,0,55,0,0,0,0,0,1,2,1
,2021-16433,39.79765439,-104.7416741,5/21/2021 23:40,23:40,6,0,0,13700 BLK E RANDOLPH PL & N POTOMAC ST,1,3,0,1,1,4,0,0,25,0,0,0,0,0,4,3,2
,2021-16434,39.76445353,-104.9523999,5/21/2021 16:45,16:45,15,0,0,BRUCE RANDOLPH AVE E & ST PAUL ST,1,1,0,0,1,4,0,0,35,0,0,0,0,0,4,3,8
,2021-16435,39.72552353,-105.0131199,5/19/2021 17:29,17:29,12,0,0,6TH AVE W & I-25,1,1,1,0,1,4,0,0,55,0,0,0,0,0,2,2,1
,2021-16517,39.77879053,-104.9894089,5/10/2021 7:17,7:17,5,0,1,I-25 & I-70,1,1,1,0,3,4,0,0,65,0,0,0,0,2,1,1,1
,2021-16518,39.73842353,-104.9873999,5/10/2021 18:30,18:30,12,0,0,N BROADWAY ST & E 14TH AVE,11,1,0,1,1,3,0,0,30,0,0,0,0,0,4,2,3
,2021-16519,39.72553353,-105.0131199,5/28/2021 10:17,10:17,15,0,0,I-25 & 6TH AVE W,1,1,0,0,1,4,0,0,65,0,0,0,0,1,1,2,1
,2021-16520,39.75574753,-104.9889544,5/3/2021 13:00,13:00,15,0,0,PARK AVE W & LARIMER ST,11,1,0,1,1,1,0,0,30,0,0,0,0,1,4,2,8
,2021-16522,39.84928349,-104.67381,4/19/2021 20:52,20:52,5,0,1,PENA BLVD & 8400 BLK,10,3,1,2,5,4,0,0,35,0,0,0,0,3,3,1,14
,2021-16524,39.78560353,-105.0275699,2/23/2021 15:04,15:04,1,0,0,49TH AVE W & GROVE ST N,1,1,0,0,1,1,0,0,30,0,0,0,0,0,4,2,13
,2021-16526,39.76561352,-104.9199599,5/19/2021 16:40,16:40,3,0,0,E 35TH AVE & N IVY ST,1,1,0,0,1,1,0,0,25,0,0,0,0,1,4,2,15
,2021-16527,39.70390354,-105.0340799,5/18/2021 11:38,11:38,6,0,0,EXPOSITION AVE & 3540 W,11,1,0,0,1,4,0,0,,0,0,0,0,0,4,2,16
,2021-16528,39.79169043,-104.8893296,5/23/2021 10:50,10:50,5,0,0,14000 BLK E 51ST AVE & BOILING ST,1,1,0,0,2,4,0,0,30,0,0,0,0,0,4,1,7
,2021-16529,39.7437871,-105.1188925,5/19/2021 14:07,14:07,12,0,0,I-25 & 17TH AVE W,1,1,1,0,1,4,0,0,55,0,0,0,0,0,1,2,16
,2021-16530,39.75958353,-105.0091099,5/19/2021 15:53,15:53,6,0,0,17TH ST & CENTRAL ST,1,4,0,0,1,4,0,0,25,0,0,0,0,0,4,2,16
,2021-16531,39.77295353,-104.9754099,5/19/2021 8:21,8:21,15,0,0,38TH ST & BRIGHTON BLVD N,1,1,0,0,1,1,0,0,30,0,0,0,0,0,4,2,14
,2021-16532,39.73345353,-104.9597799,5/19/2021 11:49,11:49,3,0,0,E 11TH AVE & N YORK ST,1,1,0,0,1,1,0,0,25,0,0,0,0,0,4,2,13
,2021-16533,39.74043353,-105.0139599,5/19/2021 8:59,8:59,12,0,0,I-25 & COLFAX AVE W,1,1,1,0,1,4,0,0,55,0,0,0,0,0,1,2,3
,2021-16534,39.69274523,-104.9924773,5/17/2021 13:15,13:15,15,0,0,I-25 & SANTA FE DR S,11,1,0,1,1,4,0,0,55,0,0,0,0,0,1,2,7
,2021-16535,39.81292351,-104.76264,5/17/2021 18:24,18:24,3,0,0,E 64TH AVE & N DUNKIRK ST,11,1,0,1,1,1,0,0,30,0,0,0,0,0,4,2,13
,2021-16536,39.77843352,-104.9222799,5/19/2021 14:28,14:28,12,0,0,I-70 & HOLLY ST N,1,1,0,0,1,4,0,0,55,0,0,0,0,0,1,2,3
,2021-16537,39.77925353,-104.9804299,5/17/2021 15:00,15:00,15,0,0,I-70 EB OFF RAMP TO & WASHINGTON ST N,11,1,1,1,1,8,0,0,30,0,0,0,0,0,1,2,7
,2021-16538,39.71138353,-104.9176399,5/18/2021 19:15,19:15,10,0,0,E ALAMEDA AVE & S KEARNEY ST,1,2,0,0,1,1,0,0,35,0,0,0,0,0,4,2,13
,2021-16539,39.69384353,-104.9406199,5/18/2021 10:49,10:49,15,0,0,COLORADO BLVD S & LOUISIANA AVE E,11,1,0,1,1,3,0,0,35,0,0,0,0,0,2,2,8
,2021-16540,39.77999352,-104.9593099,5/19/2021 7:22,7:22,3,0,0,YORK ST N & I-70 EB OFF LOOP RAMP,1,1,1,0,1,1,0,0,30,0,0,0,0,0,4,2,8
,2021-16541,39.75536353,-105.0126799,5/19/2021 10:39,10:39,15,0,0,I-25 & SPEER BLVD N,1,1,0,0,1,4,0,0,55,0,0,0,0,0,1,2,3
,2021-16542,39.76198353,-104.9659499,5/22/2021 9:36,9:36,3,0,1,E MLK BLVD & N WILLIAMS ST,1,1,0,0,1,1,0,0,30,0,0,0,0,1,4,2,3
,2021-16543,39.74405353,-104.9787199,5/18/2021 23:20,23:20,6,0,0,WASHINGTON ST 1700 BLK N & E 17TH AVE,1,3,0,0,1,4,0,0,,0,0,0,0,0,4,2,16
,2021-16544,39.72551353,-105.0133499,5/19/2021 11:35,11:35,15,0,0,I-25 & 6TH AVE W,1,1,0,0,1,4,0,0,55,0,0,0,0,0,1,2,13
,2021-16545,39.78312187,-104.8470955,5/17/2021 15:29,15:29,15,0,0,I-70 & PEORIA ST N,1,1,0,0,1,4,0,0,55,0,0,0,0,0,1,2,13
,2021-16546,39.75629353,-105.0158299,5/19/2021 8:00,8:00,12,0,0,N SPEER BLVD & N ZUNI ST,1,1,0,0,1,4,0,0,30,0,0,0,0,1,4,2,13
,2021-16547,39.72570554,-105.0324874,5/19/2021 7:41,7:41,12,0,0,6TH AVE W & KNOX CT N,1,1,0,0,1,4,0,0,55,0,0,0,0,0,2,2,1
,2021-16548,39.76331353,-105.0252499,5/19/2021 13:22,13:22,12,0,0,FEDERAL BLVD N & 34TH AVE W,1,1,1,0,1,4,0,0,35,0,0,0,0,1,2,2,16
,2021-16549,39.77283851,-104.79058,5/18/2021 22:20,22:20,1,0,1,40TH AVE E & PENA BLVD N,1,3,1,0,1,1,0,0,40,0,0,0,0,3,4,2,8
,2021-16550,39.75365353,-104.9934099,5/19/2021 7:45,7:45,12,0,0,20TH ST & MARKET ST,1,1,0,0,1,1,0,0,30,0,0,0,0,0,4,2,3
,2021-16551,39.75884629,-104.866195,5/17/2021 16:14,16:14,12,0,0,E MLK BLVD & N NIAGRA,11,1,0,2,1,1,0,0,30,0,0,0,0,0,4,2,7
,2021-16552,39.67483354,-104.9188899,5/17/2021 0:30,0:30,6,0,0,5900 BLK E ILIFF AVE & S JASMINE ST,1,3,0,0,1,4,0,0,35,0,0,0,0,0,4,2,13
,2021-16553,39.74015353,-104.9127899,5/16/2021 17:38,17:38,12,0,0,COLFAX AVE E & MONACO ST N,1,1,0,0,1,1,0,0,35,0,0,0,0,0,2,2,13
,2021-16554,39.73686353,-104.9986799,5/16/2021 8:27,8:27,5,0,0,SANTA FE DR N & 13TH AVE W,1,1,0,0,3,1,0,0,30,0,0,0,0,0,4,1,5
,2021-16555,39.71046284,-105.0397206,5/16/2021 19:11,19:11,3,0,0,S PERRY ST & W NEVADA PL,1,1,0,0,1,1,0,0,20,0,0,0,0,0,4,2,13
,2021-16556,39.76084103,-105.0040802,5/17/2021 18:14,18:14,12,0,0,20TH ST & I-25 NB RAMPS,11,1,0,1,1,1,0,0,30,0,0,0,0,0,4,2,3
,2021-16557,39.73894903,-104.9467062,5/17/2021 5:57,5:57,15,0,0,COLFAX AVE & 2900 BLK E,1,1,0,0,1,4,0,0,30,0,0,0,0,0,2,2,7
,2021-16558,39.72553353,-105.0131199,5/19/2021 6:45,6:45,12,0,0,I-25 NB OFF RAMP TO & 6TH AVE W,1,1,1,0,1,8,0,0,55,0,0,0,0,0,1,2,13
,2021-16559,39.68391354,-104.9663699,5/19/2021 7:05,7:05,3,0,0,W WILLIAMS ST & E COLORADO AVE (NOT CDOT),1,1,0,0,1,1,0,0,,0,0,0,0,0,2,2,13
,2021-16560,39.78993353,-105.0532399,5/17/2021 13:26,13:26,8,0,1,SHERIDAN BLVD N & 52ND AVE W,1,1,1,0,6,4,0,0,35,0,0,0,0,1,2,2,16
,2021-16561,39.72927353,-104.9116299,5/20/2021 15:15,15:15,3,0,0,N MAGNOLIA ST & E 8TH AVE,1,1,0,0,1,1,0,0,35,0,0,0,0,0,4,2,8
,2021-16562,39.72741353,-104.9349199,5/17/2021 18:00,18:00,3,0,0,N CLERMONT ST & E 7TH AVE,11,1,0,1,1,1,0,0,25,0,0,0,0,0,4,2,3
,2021-16563,39.83560159,-104.7200153,5/19/2021 14:50,14:50,12,0,0,7600 BLK PENA BLVD OUTBOUND & TOWER RD,1,1,0,0,1,4,0,0,45,0,0,0,0,0,4,2,7
,2021-16564,39.70672812,-104.9875831,5/16/2021 20:26,20:26,5,0,1,I-25 NB & BROADWAY ST S,1,3,1,0,2,4,0,0,55,0,0,0,0,2,1,1,5
,2021-16565,39.71132353,-104.8972999,5/17/2021 8:00,8:00,12,0,0,7400 NLK E ALAMEDA AVE & S QUEBEC ST,1,1,0,0,1,4,0,0,35,0,0,0,0,0,4,2,2
,2021-16566,39.71117354,-105.0186899,5/17/2021 1:15,1:15,5,0,0,ALAMEDA AVE 2600 BLK W & S CANOSA CT,1,3,0,0,3,4,0,0,35,0,0,0,0,0,2,1,6
,2021-16567,39.73168353,-104.9124299,5/19/2021 15:30,15:30,15,0,0,E 10TH AVE & N MONACO ST,1,1,0,0,1,4,0,0,30,0,0,0,0,0,4,2,13
,2021-16568,39.77323352,-104.9412499,5/15/2021 20:57,20:57,15,0,0,COLORADO BLVD N & 40TH AVE E,1,3,0,0,1,4,0,0,,0,0,0,0,0,2,2,13
,2021-16569,39.74013353,-104.9216499,5/19/2021 14:28,14:28,15,0,0,COLFAX AVE E & IVANHOE ST N,1,1,0,0,1,4,0,0,35,0,0,0,0,0,2,2,7
,2021-16570,39.74015352,-104.8975499,5/17/2021 11:34,11:34,3,0,0,COLFAX AVE E & SPRUCE ST N,1,1,0,0,1,1,0,0,25,0,0,0,0,0,2,2,7
,2021-16571,39.75536353,-105.0126799,5/17/2021 18:02,18:02,12,0,0,I-25 & SPEER BLVD N,11,1,0,1,1,4,0,0,55,0,0,0,0,0,1,2,3
,2021-16572,39.71384353,-104.9406799,5/16/2021 20:03,20:03,5,0,0,COLORADO BLVD 100 BLK S & E CEDAR AVE,1,3,0,0,3,4,0,0,35,0,0,0,0,0,2,1,13
,2021-16573,39.79834351,-104.8532099,5/17/2021 15:57,15:57,12,0,0,11600 BLK E 56TH AVE & N PEORIA ST,11,1,0,0,1,4,0,0,35,0,0,0,0,0,4,2,13
,2021-16574,39.67299354,-104.9649599,5/14/2021 18:19,18:19,8,0,0,1900 BLOCK E WESLEY AVE & S HIGH ST,1,1,0,0,1,1,0,0,25,0,0,0,0,0,4,2,13