id,drcog_id,latitude,longitude,crashtime,time,crashtype,numbkilled,numbinjurd,drcoglocat,rdconditin,lightngcon,roadcntgrd,weatherco,location,roaddescrp,schoolzone,constrzone,splimit,bikeinv,pedinv,sctrinv,motoinv,svrty,rdsystem,ttlvehcls,hcf
,2021-16575,39.75259039,-104.9848982,5/17/2021 13:55,13:55,15,0,0,I-25 & PARK AVE W,11,1,0,1,1,4,0,0,55,0,0,0,0,0,1,2,7
,2021-16576,39.75259039,-104.9848982,5/16/2021 19:49,19:49,15,0,0,I-25 & PARK AVE W,1,1,0,0,1,4,0,0,55,0,0,0,0,0,1,2,13
,2021-16577,39.72047353,-104.9791199,5/18/2021 14:45,14:45,12,0,0,E SPEER BLVD & N WASHINGTON ST,11,1,0,1,1,3,0,0,30,0,0,0,0,0,4,2,3
,2021-16578,39.72527841,-105.1417334,5/19/2021 11:00,11:00,12,0,0,I-25 & 6TH AVE W,1,1,1,0,1,4,0,0,55,0,0,0,0,1,1,2,13
,2021-16579,39.77561352,-104.8657299,5/20/2021 16:07,16:07,12,0,0,I-70 & HAVANA ST N,1,1,0,0,1,4,0,0,55,0,0,0,0,1,1,2,4
,2021-16580,39.74019553,-104.9128009,5/17/2021 8:48,8:48,3,0,0,N MONACO ST NB & E COLFAX AVE,1,1,0,0,1,1,0,0,35,0,0,0,0,0,2,2,16
,2021-16581,39.78362951,-104.791364,5/16/2021 16:00,16:00,12,0,0,E GVR BLVD & PENA BLVD INBOUND,1,1,1,0,1,3,0,0,35,0,0,0,0,0,4,2,13
,2021-16582,39.74008752,-104.9034634,5/13/2021 13:23,13:23,3,0,1,COLFAX AVE E & QUEBEC ST N,1,1,0,0,1,1,0,0,30,0,0,0,0,2,2,2,1
,2021-16583,39.71305353,-104.9406799,5/18/2021 15:45,15:45,12,0,0,COLORADO BLVD S & CEDAR AVE E,11,1,0,1,1,1,0,0,30,0,0,0,0,0,2,2,3
,2021-16584,39.70081324,-104.9875304,5/16/2021 21:16,21:16,3,0,0,BROADWAY ST S & I-25 SB OFF RAMP,1,3,0,0,1,1,0,0,35,0,0,0,0,0,4,2,8
,2021-16585,39.91656063,-105.0162565,5/10/2021 18:00,18:00,5,0,0,ALCOTT ST N & 4900 BLK N,1,1,0,0,3,5,0,0,25,0,0,0,0,0,4,1,16
,2021-16586,39.79813351,-104.8405199,5/16/2021 19:18,19:18,5,0,0,56TH AVE 12500 BLK E & N REVERE ST,1,1,0,0,3,4,0,0,40,0,0,0,0,0,4,1,1
,2021-16587,39.75679353,-104.9806299,5/19/2021 9:00,9:00,3,0,0,27TH ST & CHAMPA ST,1,1,0,0,1,1,0,0,25,0,0,0,0,0,4,2,13
,2021-16588,39.67128354,-104.9751999,5/18/2021 13:45,13:45,3,0,0,HARVARD AVE E & 1000 BLK E,11,1,0,1,1,2,0,0,30,0,0,0,0,0,4,2,3
,2021-16589,39.77727352,-104.8827699,5/17/2021 7:05,7:05,12,0,0,I-70 WB OFF RAMP SLIP TO & CENTRAL PARK BLVD NB,1,1,0,0,1,8,0,0,30,0,0,0,0,0,4,2,13
,2021-16590,39.75717353,-105.0102099,5/17/2021 8:46,8:46,12,0,1,I-25 & 15TH ST,14,1,0,0,1,4,0,0,55,0,0,0,0,2,1,2,1
,2021-16591,39.73998353,-104.9597699,5/20/2021 14:13,14:13,6,0,1,N YORK ST & E COLFAX AVE,1,1,0,0,1,4,0,0,30,0,0,0,1,3,4,2,1
,2021-16636,39.74190553,-104.9222513,5/2/2021 21:15,21:15,12,0,0,E 16TH AVE & N GRANT ST,11,3,0,1,1,1,0,0,35,0,0,0,0,0,4,2,13
,2021-16637,39.71577354,-105.0000799,4/22/2021 23:44,23:44,3,0,2,KALAMATH ST S & ELLSWORTH AVE W,1,3,0,0,1,14,0,0,30,0,0,0,0,2,4,1,8
,2021-16638,39.68539354,-105.0297799,5/14/2021 22:45,22:45,6,0,0,IRVING ST S & MEXICO AVE W,1,5,1,0,1,4,0,0,25,0,0,0,0,0,4,2,16
,2021-16639,39.74567353,-105.0084199,4/20/2021 10:20,10:20,15,0,0,700 BLK AURARIA PKWY & 7TH ST,4,1,0,0,1,4,0,0,30,0,0,0,0,0,4,2,13
,2021-16640,39.72726353,-104.9799299,5/14/2021 8:24,8:24,2,0,1,7TH AVE E & PEARL ST N,1,1,1,0,1,1,0,0,0,1,0,0,0,2,4,2,16
,2021-16641,39.75384353,-104.9708699,5/14/2021 18:00,18:00,6,0,0,LAFAYETTE ST N & 28TH AVE E,1,1,0,0,1,4,0,0,,0,0,0,0,0,4,2,16
,2021-16642,39.72553353,-105.0131199,3/10/2021 7:40,7:40,12,0,0,I-25 & 6TH AVE W,11,1,1,1,1,4,0,0,55,0,0,0,0,0,1,2,3
,2021-16643,39.75534615,-104.9405209,3/9/2021 19:05,19:05,15,0,0,I-70 & COLORADO BLVD N,1,3,0,0,1,4,0,0,55,0,0,0,0,0,1,2,13
,2021-16644,39.74035353,-105.0252099,5/14/2021 23:30,23:30,5,0,0,COLFAX AVE W & FEDERAL BLVD N,1,3,0,0,2,1,0,0,45,0,0,0,0,0,2,1,5
,2021-16645,39.65181555,-105.0531874,3/9/2021 19:40,19:40,15,0,0,HAMPDEN AVE W & SHERIDAN BLVD S,1,3,0,0,1,4,0,0,55,0,0,0,0,0,2,1,16
,2021-16646,39.63858355,-105.0346999,3/10/2021 10:30,10:30,10,0,0,W QUINCY AVE & S LOWELL BLVD,1,1,0,0,1,1,0,0,30,0,0,0,0,0,4,2,7
,2021-16647,39.77994352,-104.9404999,3/10/2021 9:55,9:55,12,0,0,I-70 EB OFF RAMP TO & COLORADO BLVD N,1,1,0,0,1,8,0,0,55,0,0,0,0,0,1,2,13
,2021-16648,39.79805351,-104.8307299,3/10/2021 1:21,1:21,9,0,0,56TH AVE E & WORCHESTER ST N,1,3,0,0,3,4,0,0,35,0,0,0,0,0,4,1,5
,2021-16649,39.68024654,-104.9593939,5/15/2021 8:04,8:04,3,0,0,UNIVERSITY BLVD S & ASBURY AVE E,1,1,0,0,1,2,0,0,20,0,0,0,0,0,4,2,3
,2021-16650,39.8334235,-104.7718,5/15/2021 7:05,7:05,15,0,0,TOWER RD N & PENA BLVD,1,1,0,0,1,1,0,0,40,0,0,0,0,0,4,2,1
,2021-16651,39.76340352,-104.9327999,5/3/2021 14:14,14:14,5,0,0,DEXTER ST N & 3300 N DEXTER ST,11,1,0,1,3,5,0,0,10,0,0,0,0,0,4,1,13
,2021-16652,39.78425353,-105.0251799,5/14/2021 15:06,15:06,15,0,0,I-70 & FEDERAL BLVD N,1,1,0,0,1,4,0,0,55,0,0,0,0,0,1,2,16
,2021-16653,39.71120354,-104.9988899,3/10/2021 8:54,8:54,12,0,0,I-25 & ALAMEDA AVE W,1,1,0,1,1,4,0,0,55,0,0,0,0,0,1,2,1
,2021-16654,39.69582354,-105.0250499,5/8/2021 12:35,12:35,15,0,0,FEDERAL BLVD S & MISSISSIPPI AVE W,1,1,0,0,1,3,0,0,30,0,0,0,0,0,2,2,1
,2021-16655,39.70753354,-104.9876099,5/14/2021 21:08,21:08,3,0,0,S BROADWAY ST & W VIRGINIA AVE,1,3,0,0,1,1,0,0,30,0,0,0,0,0,4,2,13
,2021-16656,39.74947353,-104.9781199,5/14/2021 9:40,9:40,3,0,0,E 22ND AVE & N WASHINGTON ST,1,1,0,0,1,1,0,0,25,0,0,0,0,0,4,2,13
,2021-16657,39.68883354,-105.0451999,5/15/2021 6:30,6:30,6,0,0,UTICA ST S & IOWA AVE W,1,2,0,0,1,4,0,0,25,0,0,0,0,0,4,2,16
,2021-16658,39.69336353,-104.9128799,5/15/2021 15:10,15:10,12,0,0,1200 BLK S MONACO ST & E ARIZONA AVE,1,1,0,0,1,2,0,0,35,0,0,0,0,0,4,2,7
,2021-16659,39.72621354,-105.0518199,5/9/2021 9:07,9:07,5,0,0,6TH AVE W FRONTAGE RD N & WOLFF ST N,1,1,0,0,3,4,0,0,35,0,0,0,0,0,4,1,16
,2021-16660,39.72133354,-105.0251099,5/9/2021 6:23,6:23,5,0,0,FEDERAL BLVD N & 3RD AVE W,1,1,0,0,3,1,0,0,35,0,0,0,0,0,2,1,7
,2021-16661,39.70018353,-104.9406699,5/15/2021 15:03,15:03,12,0,0,S COLORADO BLVD & E KENTUCKY AVE,1,1,0,0,1,3,0,0,40,0,0,0,0,0,2,2,13
,2021-16662,39.74013253,-104.9861059,5/7/2021 15:37,15:37,3,0,1,E COLFAX AVE & N LINCOLN ST,1,1,0,0,1,1,0,0,35,0,0,0,0,2,2,2,13
,2021-16663,39.67757354,-104.9663999,5/8/2021 16:30,16:30,6,0,0,2100 BLK S WILLIAMS ST & E EVANS AVE,1,1,0,0,1,2,0,0,25,0,0,0,0,0,4,2,1
,2021-16664,39.69669854,-104.9918704,4/28/2021 15:15,15:15,12,0,0,SANTA FE DR S & MISSISSIPPI AVE W,1,1,0,0,1,3,0,0,45,0,0,0,0,0,2,2,16
,2021-16665,39.72926353,-104.9161399,5/15/2021 14:37,14:37,1,0,0,8TH AVE E & KRAMERIA ST N,1,1,0,0,1,1,0,0,30,0,0,0,0,0,4,2,13
,2021-16666,39.79840751,-104.7872825,5/8/2021 18:40,18:40,1,0,1,PENA BLVD & 56TH AVE E,11,1,0,1,1,1,0,0,40,0,0,0,0,2,4,2,1
,2021-16667,39.74005883,-104.9793015,5/7/2021 18:13,18:13,12,0,0,COLFAX AVE E & COLORADO BLVD N,1,1,0,0,1,1,0,0,35,0,0,0,0,0,2,2,13
,2021-16668,39.72553353,-105.0131199,4/23/2021 17:10,17:10,12,0,0,I-25 & 6TH AVE W,1,1,0,0,1,4,0,0,55,0,0,0,0,0,1,2,7
,2021-16669,39.74827353,-105.0038699,5/9/2021 2:00,2:00,5,0,0,CONNECTING RD & AURARIA PKWY,11,3,0,1,3,4,0,0,35,0,0,0,0,0,4,1,5
,2021-16670,39.77643028,-104.8741628,5/14/2021 14:42,14:42,15,0,0,I-70 & CENTRAL PARK BLVD N,1,1,0,0,1,4,0,0,55,0,0,0,0,0,1,2,13
,2021-16671,39.74130353,-104.9919799,5/14/2021 9:10,9:10,3,0,0,TREMONT PL & 14TH ST,1,1,0,0,1,1,0,0,30,0,0,0,0,0,4,2,13
,2021-16672,39.74379352,-104.8869899,5/11/2021 13:08,13:08,3,0,0,E 17TH AVE & N XANTHIA ST,1,1,0,0,1,1,0,0,25,0,0,0,0,1,4,2,16
,2021-16673,39.76074353,-104.9684099,5/4/2021 19:00,19:00,10,0,0,31ST AVE & 1600 E,1,3,0,0,1,1,0,0,25,0,0,0,0,0,4,2,13
,2021-16674,39.75512353,-105.0127099,5/15/2021 15:59,15:59,12,0,0,I-25 & SPEER BLVD N,1,1,0,0,1,4,0,0,55,0,0,0,0,0,2,2,16
,2021-16675,39.78010353,-104.9895499,5/15/2021 10:49,10:49,12,0,0,I-25 & I-70,1,1,1,0,1,4,0,0,45,0,0,0,0,0,2,2,13
,2021-16676,39.74270353,-105.0358299,5/14/2021 15:33,15:33,15,0,0,1500 BLK N MEADE ST & W 17TH AVE,1,1,0,0,1,2,0,0,25,0,0,0,0,0,4,2,16
,2021-16678,39.75259039,-104.9848982,5/12/2021 13:16,13:16,12,0,0,I-25 & PARK AVE W,1,1,0,0,1,4,0,0,55,0,0,0,0,1,1,2,13
,2021-16679,39.74295354,-105.0531999,5/12/2021 15:18,15:18,15,0,0,SHERIDAN BLVD N & 17TH AVE W,1,1,1,0,1,4,0,0,35,0,0,0,0,0,2,2,13
,2021-16680,39.66607274,-105.0814609,5/7/2021 3:55,3:55,5,0,0,WADSWORTH BLVD S & CRESTLINE AVE W,1,3,0,0,3,1,0,0,45,0,0,0,0,0,2,1,14
,2021-16683,39.68470354,-104.9650299,5/15/2021 16:18,16:18,3,0,0,BUCHTELL BLVD E & UNIVERSITY BLVD S,1,1,0,0,1,2,0,0,35,0,0,0,0,1,4,2,3
,2021-16684,39.75128353,-105.0167799,5/12/2021 11:15,11:15,5,0,0,I-25 SB EXIT RAMP GORE PT TO & 23RD AVE W,1,1,0,0,2,4,0,0,55,0,0,0,0,0,1,1,16
,2021-16685,39.72551353,-105.0133499,5/9/2021 23:17,23:17,5,0,1,I-25 & 6TH AVE W,1,3,0,0,2,8,0,0,35,0,0,0,0,2,1,1,5
,2021-16687,39.68136354,-105.0297999,5/23/2021 23:34,23:34,5,0,1,1900 BLK S IRVING ST & S JULIAN CIR,1,3,0,0,2,4,0,0,25,0,0,0,0,2,4,1,5
,2021-16689,39.72923353,-104.9304399,5/15/2021 0:06,0:06,6,0,0,E 8TH AVE & N EUDORA ST,1,3,0,0,1,4,0,0,25,0,0,0,0,0,4,2,5
,2021-16690,39.67650354,-105.0229399,5/15/2021 9:45,9:45,5,0,0,DECATUR ST S & 2209 S DECATUR ST,1,1,1,0,3,4,0,0,30,0,0,0,0,0,4,2,4
,2021-16691,39.62419354,-104.9097499,5/15/2021 12:35,12:35,12,0,0,BELLEVIEW AVE E & NIGARA ST S,1,1,1,0,1,1,0,0,35,0,0,0,0,0,2,2,13
,2021-16692,39.76194353,-105.0349299,5/5/2021 20:40,20:40,6,0,0,32ND AVE & 3600 BLK W,1,3,0,0,1,4,0,0,30,0,0,0,0,0,4,2,1
,2021-16694,39.67474353,-104.8724299,5/12/2021 17:20,17:20,12,0,0,9800 BLK E ILILF AVE & S PARKER RD,1,1,1,0,1,3,0,0,40,0,0,0,0,0,4,2,3
,2021-16695,39.66407122,-104.9328589,5/14/2021 20:24,20:24,12,0,0,S HAVANNA ST & E CORNELL AVE,1,4,1,0,1,4,0,0,40,0,0,0,0,0,2,2,14
,2021-16742,39.83948352,-104.9837799,6/3/2021 6:22,6:22,12,0,0,I 25 & MM 218 (APPROX),1,1,3,0,1,4,0,0,55,0,0,0,0,0,1,3,11
,2021-16747,39.79973676,-104.9856245,6/2/2021 17:31,17:31,12,0,0,I 25 & MM 215 (APPROX),1,1,3,0,1,4,0,0,55,0,0,0,0,0,1,2,8
,2021-16764,39.79769352,-104.9864799,6/5/2021 8:54,8:54,12,0,0,I 25 & MM 215 (APPROX),1,1,3,0,1,4,0,0,55,0,0,0,0,0,1,2,7
,2021-16773,39.80641352,-104.9828099,6/5/2021 8:01,8:01,15,0,0,I 25 & MM 215 (APPROX),1,1,3,0,1,4,0,0,,0,0,0,0,0,1,2,16
,2021-16778,39.63004355,-105.0872699,6/6/2021 20:00,20:00,12,0,0,HWY 121 & LAYTON AVE W,1,2,3,0,1,3,0,0,,0,0,0,0,0,4,2,16
,2021-16838,39.65428354,-104.8987399,5/11/2021 18:05,18:05,12,0,0,S TAMARAC DR & E GIRARD AVE,11,1,0,1,1,3,0,0,25,0,0,0,0,0,4,2,3
,2021-16839,39.65307354,-104.9182499,5/12/2021 8:31,8:31,15,0,0,I-25 NB & HAMPDEN AVE E,1,1,0,0,1,4,0,0,60,0,0,0,0,0,1,2,16
,2021-16845,39.67845554,-104.9222509,5/11/2021 17:40,17:40,12,0,0,E EVANS AVE & S HOLLY ST,11,1,0,0,1,3,0,0,30,0,0,0,0,0,4,2,16
,2021-16847,39.73332353,-104.9912399,5/14/2021 12:52,12:52,12,0,0,1700 BLK ST & 18TH ST,1,1,0,0,1,4,0,0,30,0,0,0,0,0,4,2,13
,2021-16848,39.76952353,-105.0342499,5/14/2021 12:37,12:37,6,0,0,38TH AVE W & KING ST N,1,1,1,0,1,4,0,0,35,0,0,0,0,0,4,2,16
,2021-16849,39.84979749,-104.6738195,5/16/2021 14:20,14:20,15,0,0,PENA BLVD & 8400 BLK,1,1,0,0,1,4,0,0,20,0,0,0,0,0,4,2,3
,2021-16850,39.74197353,-105.0145799,5/14/2021 11:40,11:40,12,0,1,I-25 & AURARIA PKWY,1,1,0,0,1,4,0,0,55,0,0,0,0,2,1,2,3
,2021-16851,39.74268353,-104.9127999,5/13/2021 13:40,13:40,6,0,0,1600 BLK N MONACO ST & E 17TH AVE,1,1,0,0,1,4,0,0,30,0,0,0,0,0,4,2,14
,2021-16852,39.70033354,-105.0320999,5/16/2021 2:50,2:50,12,0,0,3400 BLK W KENTUCKY AVE & S KNOX CT,1,3,0,0,1,3,0,0,35,0,0,0,0,0,4,2,13
,2021-16853,39.77667351,-104.8099,5/13/2021 13:33,13:33,3,0,0,48TH AVE E & CHAMBERS RD N,1,1,0,0,1,1,0,0,25,0,0,0,0,0,4,2,7
,2021-16854,39.75847353,-105.0252199,5/14/2021 14:11,14:11,3,0,0,FEDERAL BLVD N & 29TH AVE W,1,1,0,0,1,1,0,0,,0,0,0,0,0,2,2,16
,2021-16855,39.74001353,-104.9747799,5/15/2021 6:00,6:00,12,0,0,COLFAX AVE E & OGDEN ST N,1,1,1,0,1,1,0,0,30,0,0,0,0,1,2,2,2
,2021-16856,39.84979749,-104.6738195,5/14/2021 16:17,16:17,16,0,0,PENA BLVD & 8400 BLK,1,1,0,0,5,4,0,0,,0,0,0,0,0,3,2,7
,2021-16857,39.71120354,-104.9983799,5/14/2021 11:18,11:18,12,0,0,W ALAMEDA AVE & S KALAMATH ST,1,1,0,0,1,4,0,0,35,0,0,0,0,0,4,2,13
,2021-16858,39.79282752,-104.9863489,5/14/2021 18:16,18:16,5,0,1,53RD AVE E & 51ST DR N,1,1,0,0,3,4,0,0,25,0,0,0,0,2,4,1,7
,2021-16859,39.72030554,-105.072141,5/15/2021 18:57,18:57,15,0,0,2ND AVE W & 2900 BLK W,1,1,0,0,1,4,0,0,35,0,0,0,0,0,4,2,13
,2021-16860,39.74024954,-105.1197344,5/16/2021 3:16,3:16,5,0,0,I-25 & COLFAX AVE W,1,3,0,0,1,4,0,0,55,0,0,0,0,0,1,2,13
,2021-16861,39.72562353,-104.9848699,5/12/2021 8:00,8:00,15,0,0,E 6TH AVE & N SHERMAN,1,1,0,0,1,1,0,0,30,0,0,0,0,0,4,2,13
,2021-16862,39.74019553,-104.9128009,5/16/2021 17:31,17:31,3,0,0,E COLFAX AVE & N MONACO PKWY,1,1,0,0,1,1,0,0,35,0,0,0,0,0,2,2,13
,2021-16863,39.74486353,-104.9810699,5/11/2021 15:45,15:45,10,0,0,E 18TH AVE & N PENNSYLVANIA ST,1,1,0,1,1,1,0,0,30,0,0,0,0,0,4,2,8
,2021-16864,39.77295353,-104.9754099,5/16/2021 6:37,6:37,3,0,0,38TH ST & N BRIGHTON BLVD,1,1,0,0,1,1,0,0,30,0,0,0,0,0,2,2,3
,2021-16865,39.6282646,-104.8981009,5/12/2021 4:45,4:45,3,0,0,DTC BLVD S & UNION AVE E,1,3,1,0,1,1,0,0,30,0,0,0,0,0,4,2,13
,2021-16866,39.80146352,-104.8829499,5/15/2021 21:18,21:18,3,0,0,E 58TH AVE & N ALTON ST,1,3,1,0,1,1,0,0,20,0,0,0,0,1,4,2,2
,2021-16867,39.68947354,-105.0262099,5/13/2021 14:21,14:21,12,0,0,3000 BLK W FLORIDA AVE & S FEDERAL BLVD,1,1,0,0,1,4,0,0,30,0,0,0,0,1,4,2,13
,2021-16868,39.65307354,-104.9182499,5/12/2021 8:31,8:31,12,0,0,I-25 NB & HAMPDEN AVE E,1,1,0,0,1,4,0,0,60,0,0,0,0,0,1,2,13
,2021-16869,39.73763353,-104.9752799,5/16/2021 0:19,0:19,6,0,0,1300 BLK N OGDEN ST & E 14TH AVE,1,3,0,0,1,4,0,0,25,0,0,0,0,0,4,2,14
,2021-16870,39.71115354,-105.0238599,5/11/2021 16:20,16:20,12,0,0,W ALAMEDA AVE & S ELIOT ST,11,1,0,1,1,3,0,0,25,0,0,0,0,0,2,2,3
,2021-16871,39.80101351,-104.76478,5/13/2021 18:00,18:00,6,0,0,CEYLON ST N & 57TH PL E,1,5,0,0,1,4,0,0,,0,0,0,0,0,4,2,16
,2021-16872,39.72546693,-105.0117526,5/14/2021 6:05,6:05,5,0,0,I-25 NB OFF RAMP TO & 6TH AVE W (EB),1,2,1,0,2,8,0,0,35,0,0,0,0,0,1,1,7
,2021-16873,39.74013353,-104.9349899,5/12/2021 7:45,7:45,3,0,0,COLFAX AVE E & CLERMONT ST (RD S),1,1,0,0,1,1,0,0,25,0,0,0,0,0,2,2,7
,2021-16874,39.74992453,-104.9808252,5/12/2021 0:08,0:08,8,0,0,TREMONT PL & 15TH ST,1,3,0,0,1,3,0,0,25,0,0,0,0,0,4,2,5
,2021-16875,39.76025353,-105.0252299,5/12/2021 8:15,8:15,3,0,0,FEDERAL BLVD N & SPEER BLVD,1,1,1,0,1,1,0,0,35,0,0,0,0,0,2,2,1
,2021-16876,39.74435353,-104.9406399,5/14/2021 11:00,11:00,12,0,0,COLORADO BLVD N & 17TH AVE E,1,1,1,0,1,4,0,0,40,0,0,0,0,0,2,2,14
,2021-16877,39.72333353,-104.9546199,5/14/2021 6:18,6:18,5,0,0,DETROIT ST N & 4TH AVE E,1,1,0,0,1,4,0,0,25,0,0,0,0,0,4,1,3
,2021-16878,39.71812353,-104.9521999,5/12/2021 9:30,9:30,12,0,0,N MILLWUAKEE ST & E 1ST AVE,1,1,0,0,1,1,0,0,30,0,0,0,0,0,4,2,1
,2021-16879,39.73688353,-104.9127799,5/16/2021 13:45,13:45,12,0,0,1300 BLK N MONACO ST & E 13TH AVE,11,1,0,1,1,4,0,0,30,0,0,0,0,0,4,2,13
,2021-16880,39.71895354,-105.0300099,5/11/2021 17:30,17:30,6,0,0,IRVING ST N & 2ND AVE W,14,5,0,7,1,4,0,0,25,0,0,0,0,0,4,2,16
,2021-16881,39.73827353,-104.9383799,5/13/2021 16:35,16:35,10,0,0,E 14TH AVE & N ASH ST,1,1,0,0,1,1,0,0,30,0,0,0,0,0,4,2,8
,2021-16882,39.78377352,-104.9405099,5/14/2021 11:40,11:40,15,0,0,COLORADO BLVD N & 48TH AVE E,1,1,0,0,1,1,0,1,35,0,0,0,0,0,2,2,13
,2021-16883,39.78966351,-104.8218799,5/11/2021 14:57,14:57,3,0,0,52ND AVE E & CRYSTAL ST N,11,1,0,1,1,1,0,0,25,0,0,0,0,1,2,2,7
,2021-16884,39.65307354,-104.9159999,5/13/2021 17:27,17:27,12,0,0,HAMPDEN AVE E & LOCUST ST S,1,1,0,0,1,3,0,0,40,0,0,0,1,0,2,2,4
,2021-16885,39.6452545,-105.034646,5/15/2021 18:25,18:25,5,0,0,HAMPDEN AVE W & LOWELL BLVD S,1,1,0,0,2,4,0,0,55,0,0,0,0,0,2,1,1
,2021-16886,39.70897353,-104.8753699,5/14/2021 7:40,7:40,12,0,0,E ALAMEDA AVE & S DAYTON ST,1,1,0,0,1,4,0,0,,0,0,0,0,0,4,2,3
,2021-16887,39.65308454,-104.8848559,5/13/2021 21:41,21:41,3,0,0,HAMPDEN AVE E & YOSEMITE ST S,1,3,0,0,1,1,0,0,25,0,0,0,0,1,2,2,13
,2021-16888,39.74005883,-104.9793015,5/13/2021 20:43,20:43,6,0,0,COLFAX AVE E & COLORADO BLVD N,1,2,0,0,1,1,0,0,30,0,0,0,0,0,2,2,4
,2021-16890,39.76094353,-105.0043199,5/16/2021 18:29,18:29,5,0,0,I-25 NB ON RAMP LOOP FROM & 20TH ST,1,1,0,0,3,8,0,0,25,0,0,0,0,0,1,1,1
,2021-16891,39.63527355,-105.0823499,5/13/2021 22:50,22:50,1,0,0,WADSWORTH WY S & STANFORD AVE W,1,3,0,0,1,1,0,0,45,0,0,0,0,0,2,2,3
,2021-16892,39.65305354,-104.87014,5/14/2021 1:58,1:58,14,0,0,HAMPDEN AVE E & GALENA ST S,1,3,0,0,6,4,0,0,45,0,0,0,0,1,2,2,5
,2021-16893,39.71815354,-105.0324599,5/16/2021 6:55,6:55,3,0,0,W 1ST AVE & N KNOX CT,1,1,0,0,1,1,0,0,30,0,0,0,0,0,4,2,13
,2021-16894,39.73685353,-104.9964599,5/13/2021 23:58,23:58,12,0,0,N SPEER BLVD & W 13TH AVE,1,3,0,0,1,1,0,0,40,0,0,0,0,1,4,2,13
,2021-16895,39.76191352,-104.9257599,3/21/2021 21:30,21:30,1,0,1,N GLENCOE ST & E MLK BLVD,9,3,0,2,1,1,0,0,35,0,0,0,0,2,4,2,16
,2021-16896,39.76538652,-104.9026039,5/16/2021 10:54,10:54,1,0,0,N QUEBEC ST & E 35TH AVE,1,1,0,0,1,1,0,0,25,0,0,0,0,0,4,2,7
,2021-16897,39.65355355,-105.0454499,5/3/2021 1:13,1:13,5,0,0,HAMPDEN AVE W & SHERIDAN BLVD S,11,3,0,1,3,4,0,0,55,0,0,0,0,0,2,1,16
,2021-16898,39.79838352,-104.9033899,4/24/2021 4:08,4:08,10,0,0,N QUEBEC ST & E 56TH AVE,1,3,0,0,1,1,0,0,35,0,0,0,0,0,4,2,5
,2021-16899,39.73106353,-104.9222999,5/2/2021 0:00,0:00,5,0,0,E 9TH AVE & N HOLLY ST,1,4,0,0,4,1,0,0,25,0,0,0,0,0,4,1,16
,2021-16900,39.74197352,-104.8987299,4/8/2021 16:22,16:22,3,0,0,N SYRACUSE ST & E 16TH AVE,1,1,0,0,1,1,0,0,30,0,0,0,0,0,4,2,1
,2021-16901,39.72253353,-104.9497899,5/15/2021 18:18,18:18,3,0,0,4TH AVE E & STEELE ST N,1,1,1,0,1,1,0,0,25,0,0,0,0,0,2,2,13
,2021-16902,39.71660354,-105.0505799,5/13/2021 15:29,15:29,6,0,0,4900 BLK W ELLSWORTH AVE & N XAVIER ST,1,1,0,0,1,4,0,0,25,0,0,0,0,0,4,2,13
,2021-16903,39.77337352,-104.9081999,5/6/2021 19:13,19:13,6,0,0,SANDOWN RD E & ONEIDA ST N,1,2,0,0,1,3,0,0,30,0,0,0,0,1,4,2,1
,2021-16904,39.73360353,-104.9978699,4/29/2021 22:42,22:42,3,0,0,11TH AVE & 900 BLOCK W,1,3,3,0,1,5,0,0,25,0,0,0,0,0,4,2,1
,2021-16905,39.74693353,-104.9968699,5/14/2021 9:34,9:34,10,0,1,15TH ST & ARAPAHOE ST,1,1,0,0,1,1,0,0,30,0,0,0,0,1,4,2,8
,2021-16906,39.78003353,-104.9891799,4/26/2021 17:43,17:43,15,0,0,I-70 EB EXIT GORE PT TO & I-25 SB/NB,1,1,0,0,1,4,0,0,55,0,0,0,0,0,1,2,16
,2021-16907,39.69661354,-104.9827599,4/29/2021 15:58,15:58,12,0,0,E BUCHTEL BLVD & S LOGAN ST,1,1,0,0,1,3,0,0,30,0,0,0,0,0,4,2,14
,2021-16908,39.74064309,-105.0168603,4/18/2021 22:05,22:05,11,0,0,HWY 40 WB ON RAMP GORE PT FROM & AURARIA PKWY,1,3,0,0,1,8,0,0,30,0,1,0,0,0,2,1,13
,2021-16909,39.67845353,-104.9159499,4/10/2021 14:13,14:13,1,0,1,EVANS AVE E & LEYDEN ST S,1,1,0,0,1,1,0,0,35,0,0,0,0,3,4,2,13
,2021-16910,39.74403353,-104.9747399,5/14/2021 1:49,1:49,6,0,0,1700 FRANCISCO J & E 17TH AVE,1,3,0,0,1,4,0,0,30,0,0,0,0,0,4,2,5
,2021-16911,39.70810353,-104.9269699,5/13/2021 14:45,14:45,15,0,0,LEETSDALE DR & FOREST ST S,1,1,0,0,1,1,0,0,30,0,0,0,0,0,2,2,3
,2021-16912,39.77565353,-105.0462699,5/13/2021 11:10,11:10,6,0,0,4300 BLK N VRAIN ST & W 44TH AVE,1,1,0,0,1,4,0,0,25,0,0,0,0,0,4,2,13
,2021-16913,39.71750353,-104.9985699,5/15/2021 16:50,16:50,15,0,0,500 BLK N SANTA FE DR & W 6TH AVE,1,1,0,0,1,3,0,0,35,0,0,0,0,0,4,2,7
,2021-16914,39.77358052,-104.8378089,5/14/2021 15:45,15:45,15,0,0,I-70 WB ON RAMP LOOP & I-225 NB,1,1,1,0,1,8,0,0,55,0,0,0,0,0,1,2,7