id,drcog_id,latitude,longitude,crashtime,time,crashtype,numbkilled,numbinjurd,drcoglocat,rdconditin,lightngcon,roadcntgrd,weatherco,location,roaddescrp,schoolzone,constrzone,splimit,bikeinv,pedinv,sctrinv,motoinv,svrty,rdsystem,ttlvehcls,hcf
,2021-16915,39.75174353,-104.9958599,5/13/2021 13:30,13:30,15,0,0,18TH ST & MARKET ST,1,1,0,0,1,1,0,0,25,0,0,0,0,0,4,2,8
,2021-16916,39.70081324,-104.9875304,5/13/2021 21:36,21:36,1,0,0,BROADWAY ST S & I-25 SB ON RAMP,1,3,0,0,1,1,0,0,35,0,0,0,0,0,4,2,13
,2021-16917,39.73840353,-104.9706799,5/13/2021 14:14,14:14,15,0,0,E 14TH AVE & N LAFAYETTE ST,1,1,0,0,1,1,0,0,30,0,0,0,0,1,4,2,8
,2021-16918,39.74002353,-104.9730799,5/13/2021 14:46,14:46,12,0,0,COLFAX AVE E & DOWNING ST N,1,1,0,0,1,3,0,0,30,0,0,0,0,0,2,2,8
,2021-16919,39.77969351,-104.8260199,4/25/2021 14:00,14:00,6,0,0,14500 E ANDREWS DR & E 46TH AVE,1,1,0,0,1,4,0,0,30,0,0,0,0,0,4,2,3
,2021-16920,39.75653353,-104.9827099,4/24/2021 22:00,22:00,1,0,0,CURTIS ST & 26TH ST,1,4,0,0,1,3,0,0,25,0,0,0,0,0,4,2,16
,2021-16921,39.77691352,-104.8806699,4/24/2021 2:07,2:07,15,0,0,I-270 & I-70 EB,1,3,0,0,1,4,0,0,55,0,0,0,0,0,1,2,1
,2021-16922,39.68932353,-104.9372799,5/14/2021 9:14,9:14,6,0,0,BELLAIRE ST S & FLORIDA AVE E,1,4,0,0,1,4,0,0,25,0,0,0,0,0,4,2,13
,2021-16923,39.72840354,-105.0408599,4/28/2021 15:00,15:00,5,0,0,QUITMAN ST N & 701 N QUITMAN ST,1,1,0,0,3,5,0,0,25,0,0,0,0,0,4,1,8
,2021-16924,39.71130353,-104.8928999,4/25/2021 5:30,5:30,5,0,0,E FAIRMOUNT DR & E ALAMEDA AVE,1,2,0,0,3,4,0,0,30,0,0,0,0,0,4,1,3
,2021-16925,39.76932353,-105.0520699,4/30/2021 15:17,15:17,3,0,0,W 36TH AVE & N ZENOBIA,1,1,0,0,1,1,0,0,35,0,0,0,0,0,4,2,13
,2021-16926,39.71811353,-104.9558399,5/16/2021 15:53,15:53,11,0,1,1ST AVE E & CLAYTON LN N,1,1,0,0,1,1,0,0,0,0,0,1,0,2,4,1,16
,2021-16927,39.75445353,-104.9578499,5/11/2021 22:11,22:11,5,0,0,26TH AVE & 2458 E,1,3,1,1,2,4,0,0,35,0,0,0,0,0,4,1,16
,2021-16928,39.78058352,-104.8416999,5/13/2021 12:50,12:50,1,0,0,E 46TH AVE & E ALBROOK DR,1,1,0,0,1,1,0,0,25,0,0,0,0,1,4,2,7
,2021-16929,39.63427354,-104.9070899,5/13/2021 14:46,14:46,15,0,0,I-25 SB FLYOVER RAMP TO & I-225 NB,1,1,1,0,1,8,0,0,65,0,0,0,0,0,1,2,13
,2021-16930,39.71835353,-104.9874899,5/13/2021 16:10,16:10,12,0,0,N BROADWAY ST & E 1ST AVE,1,1,0,0,1,3,0,0,30,0,0,0,0,0,4,2,3
,2021-16931,39.77666352,-104.8470199,5/13/2021 12:24,12:24,1,0,0,N PEORIA ST & E 44TH AVE,1,1,0,0,1,1,0,0,35,0,0,0,0,0,4,2,13
,2021-16995,39.64120354,-104.88206,5/9/2021 2:44,2:44,5,0,1,I-225 & YOSEMITE ST S EXIT RAMP,11,3,0,1,3,4,0,0,65,0,0,0,0,2,1,1,5
,2021-16996,39.72289354,-105.0251099,5/11/2021 14:49,14:49,12,0,0,FEDERAL BLVD N & SHORT PL W,11,1,0,0,1,3,0,0,35,0,0,0,0,0,2,2,3
,2021-16997,39.65310354,-104.9057999,5/6/2021 6:37,6:37,12,0,0,HAMPDEN AVE E & POPLAR ST S,1,1,0,0,1,4,0,0,40,0,0,0,0,0,2,4,3
,2021-16999,39.76807353,-104.9643999,5/4/2021 4:00,4:00,6,0,0,37TH AVE E & RACE ST N,11,3,0,1,1,4,0,0,25,0,0,0,0,0,4,2,5
,2021-17000,39.71416354,-105.0396799,5/9/2021 2:08,2:08,6,0,0,100 BLOCK S PERRY ST & W CEDAR ST,11,4,0,1,1,4,0,0,25,0,0,0,0,0,4,2,5
,2021-17002,39.76287353,-104.9947699,5/9/2021 15:35,15:35,12,0,0,3300 BLK PARK AVE W & GLOBEVILLE RD,1,1,1,0,1,3,0,0,35,0,0,0,0,0,4,2,13
,2021-17003,39.70838353,-104.9616999,5/12/2021 22:37,22:37,6,0,0,400 BLK S GAYLORD ST & E VIRGINIA AVE,1,3,0,0,1,4,0,0,30,0,0,0,0,0,4,2,3
,2021-17004,39.75058353,-104.9761199,5/9/2021 19:35,19:35,6,0,0,23RD AVE E & 828 E 23RD AVE,1,2,0,0,1,4,0,0,30,0,0,0,0,1,4,2,1
,2021-17005,39.76270906,-104.8925444,1/26/2021 15:55,15:55,5,0,0,MLK BLVD E & UINTA ST N,9,1,0,2,3,1,0,0,35,0,0,0,0,1,4,1,14
,2021-17006,39.78013352,-104.9670799,5/6/2021 13:30,13:30,15,0,0,I-70 & BRIGHTON BLVD N,1,1,1,0,1,4,0,0,65,0,0,0,0,0,1,2,16
,2021-17007,39.75512353,-105.0127099,5/12/2021 10:37,10:37,15,0,0,I-25 & SPEER BLVD N,1,1,0,0,1,4,0,0,55,0,0,0,0,0,1,3,3
,2021-17008,39.72578353,-105.0100999,5/8/2021 22:08,22:08,15,0,0,6TH AVE W & I-25 NB OFF RAMP,11,3,1,1,1,4,0,0,35,0,0,0,0,0,2,2,8
,2021-17009,39.77734352,-104.8470199,5/13/2021 7:26,7:26,15,0,0,PEORIA ST N & 45TH AVE E,1,1,0,0,1,3,0,0,35,0,0,0,0,0,4,2,1
,2021-17010,39.71833353,-104.9825999,5/10/2021 14:50,14:50,3,0,0,N LOGAN ST & E 1ST AVE,1,1,0,0,1,1,0,0,25,0,0,0,0,0,4,2,3
,2021-17011,39.65181555,-105.0531874,5/9/2021 13:13,13:13,12,0,0,HAMPDEN AVE W & SHERIDAN BLVD S,11,1,0,1,1,4,0,0,65,0,0,0,0,1,2,2,1
,2021-17012,39.77400352,-104.8470299,5/6/2021 7:35,7:35,12,0,0,I-70 EB OFF RAMP SLIP TO & PEORIA ST N (SB),1,1,0,0,1,8,0,0,25,0,0,0,0,0,4,2,1
,2021-17013,39.77829352,-104.9035599,4/27/2021 9:45,9:45,3,0,0,QUEBEC ST N & I-70 EB OFF RAMP,1,1,0,0,1,1,0,0,35,0,0,0,0,0,4,2,5
,2021-17015,39.75769352,-104.9005199,5/4/2021 11:44,11:44,15,0,0,ROSLYN ST N & 29TH AVE E,1,1,1,0,1,1,0,0,30,0,0,0,0,0,4,2,16
,2021-17016,39.77286352,-104.8338199,5/10/2021 14:16,14:16,12,0,0,I-70 EB EXIT GORE PT TO & I-225 SB,11,1,0,1,1,4,0,0,55,0,0,0,0,0,1,2,13
,2021-17017,39.8360335,-104.72015,5/9/2021 14:24,14:24,12,0,0,7600 BLK PENA BLVD & MM 11,1,1,1,0,1,4,0,0,45,0,0,0,0,0,4,2,13
,2021-17018,39.79428351,-104.8312699,5/8/2021 19:16,19:16,3,0,1,E MAXWELL PL & N WORCHESTER ST,1,1,0,0,1,1,0,0,25,0,0,0,0,3,4,2,14
,2021-17019,39.77297337,-105.0439894,5/3/2021 11:49,11:49,6,0,0,TENNYSON ST N & 39TH AVE W,11,1,0,1,1,4,0,0,25,0,0,0,0,0,4,2,13
,2021-17020,39.75843134,-105.0814937,5/9/2021 12:10,12:10,3,0,0,HURON ST N & 29TH AVE W,1,1,0,1,1,1,0,0,30,0,0,0,0,0,4,2,13
,2021-17021,39.72585353,-104.9862099,5/8/2021 1:47,1:47,8,0,0,E SPEER BLVD & N LINCOLN ST,1,3,0,0,1,1,0,0,35,0,0,0,0,1,4,2,13
,2021-17022,39.76943353,-105.0311299,5/12/2021 15:47,15:47,12,0,0,3300 BLK W 38TH AVE & N IRVING ST,1,1,0,0,1,4,0,0,35,0,0,0,0,0,4,2,10
,2021-17023,39.72541754,-105.0252199,5/9/2021 22:28,22:28,3,0,0,FEDERAL BLVD N & HWY 6 WB OFF RAMP,1,3,0,0,1,1,0,0,35,0,0,0,0,0,2,2,13
,2021-17024,39.71817353,-104.9403299,4/26/2021 17:03,17:03,12,0,0,COLORADO BLVD N & 1ST AVE W,1,1,1,0,1,4,0,0,30,0,0,0,0,0,2,2,5
,2021-17025,39.69577354,-105.0015099,5/10/2021 7:02,7:02,3,0,0,1100 BLK S LIPAN ST & W MISSISSIPPI AVE,1,1,0,0,1,2,0,0,,0,0,0,0,0,4,2,13
,2021-17026,39.77420352,-104.8470299,5/9/2021 14:36,14:36,12,0,0,I-70 & PEORIA ST N,11,1,0,1,1,4,0,0,65,0,0,0,0,0,1,2,13
,2021-17027,39.68489353,-104.9034999,5/12/2021 14:12,14:12,12,0,0,E CHERRY CREEK S DR & S QUEBEC ST,1,1,0,0,1,3,0,0,35,0,0,0,0,0,4,2,3
,2021-17028,39.69164354,-104.9968499,5/10/2021 17:06,17:06,5,0,0,PLATTE RIVER DR S & HURON ST S,11,1,0,1,2,4,0,0,35,0,0,0,0,1,2,1,10
,2021-17029,39.70387354,-104.9833699,5/8/2021 7:50,7:50,6,0,0,S GRANT LOGAN ALY & E EXPOSITION AVE,1,1,0,0,1,4,0,0,30,0,0,0,0,0,4,2,13
,2021-17030,39.75881353,-105.0117199,4/27/2021 4:00,4:00,6,0,0,UMATILLA ST N & 29TH AVE W,1,1,1,0,1,4,0,0,25,0,0,0,0,0,4,2,5
,2021-17031,39.71148353,-104.9461699,5/5/2021 18:50,18:50,12,0,0,S MADISON ST & E ALAMEDA AVE,1,1,0,0,1,1,0,0,30,0,0,0,0,0,4,2,3
,2021-17032,39.75471352,-104.9128099,5/11/2021 15:02,15:02,3,0,2,26TH AVE E & MONACO ST N,11,1,0,2,1,5,0,0,25,0,0,0,0,2,4,2,7
,2021-17033,39.63076354,-104.9113499,5/10/2021 7:31,7:31,6,0,0,4500 BLK S MONACO ST & E UNION AVE,14,5,1,7,1,4,0,0,35,0,0,0,0,0,4,2,16
,2021-17034,39.74005883,-104.9793015,3/18/2021 6:04,6:04,12,0,0,COLFAX AVE E & COLORADO BLVD N,1,3,0,0,1,1,0,0,35,0,0,0,0,0,2,2,14
,2021-17035,39.78745353,-105.0252099,5/9/2021 20:21,20:21,1,0,0,N FEDERAL BLVD & W REGIS BLVD,1,3,0,0,1,1,0,0,30,0,0,0,0,0,2,2,8
,2021-17036,39.76331353,-105.0252399,5/10/2021 14:48,14:48,12,0,1,FEDERAL BLVD N & 34TH AVE (RD E),1,1,1,0,1,4,0,0,35,0,0,0,0,1,2,2,13
,2021-17037,39.65621298,-104.8846932,5/9/2021 23:29,23:29,15,0,0,I-225 & YOSEMITE ST S,1,3,0,0,1,4,0,0,65,0,0,0,0,0,1,2,13
,2021-17038,39.68225354,-105.0552199,5/9/2021 14:44,14:44,15,0,0,JEWELL AVE & 5200 BLK W,11,1,0,1,1,4,0,0,30,0,0,0,0,0,4,2,3
,2021-17039,39.66667355,-105.0532399,5/8/2021 13:54,13:54,12,0,0,SHERIDAN BLVD S & 2700 BLK S,1,1,0,0,1,4,0,0,35,0,0,0,0,0,2,2,1
,2021-17040,39.75101352,-104.9046299,5/10/2021 8:10,8:10,12,0,0,E 23RD AVE & N POPLAR ST,1,1,0,0,1,4,0,0,25,0,0,0,0,0,4,2,3
,2021-17041,39.70551354,-105.0109799,5/9/2021 10:49,10:49,10,0,0,TEJON ST S & GILL PL W,11,1,1,1,1,1,0,0,25,0,0,0,0,0,4,2,13
,2021-17042,39.66240353,-104.8877499,5/13/2021 7:22,7:22,12,0,0,S SYRACUSE WAY & S XERIC CT,1,1,0,0,1,4,0,0,30,0,0,0,0,0,4,2,13
,2021-17043,39.74001353,-104.9787299,5/9/2021 17:50,17:50,15,0,0,E COLFAX AVE & N WASHINGTON ST,11,1,0,1,1,3,0,0,30,0,0,0,0,0,2,2,5
,2021-17044,39.76552425,-104.7907644,5/12/2021 15:11,15:11,3,0,0,BUCKLEY RD N & PENA BLVD,1,1,0,0,1,1,0,0,40,0,0,0,0,0,4,2,13
,2021-17045,39.73508353,-104.9406499,5/6/2021 9:39,9:39,1,0,1,COLORADO BLVD N & 12TH AVE E,1,1,0,0,1,1,0,0,35,0,0,0,0,3,2,2,7
,2021-17046,39.67114354,-105.0250499,5/4/2021 12:10,12:10,15,0,0,FEDERAL BLVD S & HARVARD AVE W,1,1,0,0,1,4,0,0,35,0,0,0,0,0,2,2,13
,2021-17047,39.74008752,-104.9034634,5/10/2021 19:48,19:48,1,0,0,COLFAX AVE E & QUEBEC ST N,11,1,0,2,1,1,0,0,35,0,0,0,0,0,2,2,13
,2021-17048,39.72097353,-104.9594199,5/10/2021 8:11,8:11,15,0,0,N UNIVERSITY BLVD & E 3RD AVE,1,1,0,0,1,3,0,0,30,0,0,0,0,0,4,2,13
,2021-17049,39.77582352,-104.8657299,5/7/2021 15:26,15:26,12,0,0,I-70 & HAVANA ST N,1,1,0,0,1,4,0,0,55,0,0,0,0,0,2,2,16
,2021-17050,39.71121354,-105.0330499,5/9/2021 10:35,10:35,15,0,0,ALAMEDA AVE W & KNOX CT S,1,1,0,0,1,4,0,0,35,0,0,0,0,0,2,2,16
,2021-17051,39.74033353,-105.0393099,4/30/2021 17:30,17:30,3,0,0,PERRY ST N & COLFAX AVE W,1,1,0,0,1,2,0,0,25,0,0,0,0,0,4,2,13
,2021-17053,39.78199352,-104.9017299,4/25/2021 18:00,18:00,12,0,0,QUEBEC ST N & SANDCREEK RD N,1,1,1,0,1,3,0,1,35,0,0,0,0,0,2,2,1
,2021-17054,39.69036354,-105.0296999,5/10/2021 17:07,17:07,3,0,0,IRVING ST S & FLORIDA AVE W,11,1,0,1,1,2,0,0,25,0,0,0,0,0,4,2,13
,2021-17055,39.66371355,-105.0788299,5/8/2021 1:00,1:00,6,0,0,2900 BLK S WEBSTER ST & W DARTMOUTH AVE,1,3,0,0,1,4,0,0,25,0,0,0,0,0,4,2,16
,2021-17056,39.78649351,-104.8203399,5/10/2021 3:36,3:36,8,0,1,E 51ST AVE & N DEEPHAVEN CT,1,3,0,0,1,1,0,0,,0,0,0,0,2,4,2,5
,2021-17057,39.73203353,-104.9861199,5/9/2021 10:30,10:30,3,0,0,E 10TH AVE & N LINCOLN ST,1,1,1,0,1,1,0,0,30,0,0,0,0,0,4,2,2
,2021-17059,39.78346312,-105.0112166,5/8/2021 17:35,17:35,15,0,0,QUEBEC ST N & I-70 EB OFF RAMP,1,1,1,0,1,1,0,0,55,0,0,0,0,0,2,2,13
,2021-17060,39.76097713,-105.0038925,5/10/2021 2:19,2:19,5,0,1,I-25 NB ON SLIP RAMP GORE PT FROM & 20TH ST (WB),11,3,0,1,4,8,0,0,35,0,0,0,1,1,4,1,5
,2021-17061,39.78008352,-104.9404999,5/10/2021 9:32,9:32,15,0,0,I-70 & COLORADO BLVD N,11,1,1,0,1,4,0,1,65,0,0,0,0,0,1,2,13
,2021-17062,39.70096354,-105.0513299,5/10/2021 5:45,5:45,6,0,0,YATES ST S & KENTUCKY AVE W,11,4,0,1,1,4,0,0,25,0,0,0,0,0,4,2,16
,2021-17063,39.72922353,-104.9359999,5/10/2021 15:33,15:33,3,0,0,8TH AVE E & BIRCH ST N,11,1,0,1,1,1,0,0,30,0,0,0,0,1,4,2,13
,2021-17064,39.77320751,-104.8099085,5/12/2021 12:30,12:30,3,0,0,E 40TH AVE & N CHAMBERS RD,1,1,0,0,1,1,0,0,40,0,0,0,0,0,4,2,13
,2021-17065,39.6452545,-105.034646,5/12/2021 16:23,16:23,12,0,0,S LOWELL BLVD & W TUFTS AVE,1,1,1,0,1,1,0,0,30,0,0,0,0,1,4,2,3
,2021-17067,39.76319353,-105.0252299,5/10/2021 14:45,14:45,12,0,0,N FEDERAL BLVD & W 33RD AVE,11,1,0,1,1,4,0,0,35,0,0,0,0,0,2,2,1
,2021-17068,39.76736352,-104.9007999,5/9/2021 13:00,13:00,3,0,0,N ROSLYN ST & E 36TH AVE,11,1,0,0,1,1,0,0,25,0,0,0,0,0,4,2,13
,2021-17069,39.72836353,-104.9242099,4/30/2021 15:37,15:37,6,0,0,HUDSON ST N & 7TH AVE E,1,1,0,0,1,4,0,0,25,0,0,0,0,0,4,2,1
,2021-17070,39.74043353,-105.0141499,5/11/2021 12:01,12:01,3,0,0,COLFAX AVE W & I-25 SB OFF RAMP,1,1,0,0,1,1,0,0,40,0,0,0,0,0,4,2,3
,2021-17072,39.72175353,-104.9546199,5/8/2021 11:51,11:51,15,0,0,300 BLK N DETROIT ST & E 3RD AVE,1,1,0,0,1,4,0,0,25,0,0,0,0,0,4,2,13
,2021-17073,39.73659354,-105.0380999,5/11/2021 11:51,11:51,6,0,0,13TH AVE & 3800 BLK W,11,1,0,1,1,4,0,0,25,0,0,0,0,0,4,2,3
,2021-17074,39.74488353,-104.9861099,5/6/2021 11:30,11:30,10,0,0,N LINCOLN ST & E 18TH AVE,1,1,0,0,1,1,0,0,30,0,0,0,0,0,4,2,13
,2021-17077,39.72921353,-104.9394499,5/10/2021 13:06,13:06,15,0,0,E 8TH AVE & N ALBION ST,11,1,0,1,1,1,0,0,30,0,0,0,0,0,4,2,13
,2021-17078,39.75505701,-104.8808299,5/12/2021 17:19,17:19,3,0,0,E MLK BLVD & BEELER ST,1,1,0,0,1,1,0,0,,0,0,0,0,0,4,2,14
,2021-17079,39.74562352,-104.8858099,5/11/2021 7:38,7:38,3,0,0,E 19TH AVE & N XENIA ST,1,1,0,0,1,1,0,0,25,0,0,0,0,0,4,2,13
,2021-17080,39.687573,-104.9305091,5/12/2021 12:53,12:53,12,0,0,EB MLK BLVD & N EUDORA ST,1,1,0,0,1,1,0,0,35,0,0,0,0,1,4,2,16
,2021-17081,39.71734353,-104.8959799,5/11/2021 9:15,9:15,3,0,0,LOWRY BLVD E & RAMPART WY N,1,1,0,0,1,6,0,0,15,0,0,0,0,0,4,2,13
,2021-17082,39.77828352,-104.9496999,4/30/2021 17:23,17:23,5,0,0,STEELE ST N & 45TH AVE E,1,1,0,0,1,4,0,0,25,0,0,0,0,0,4,2,16
,2021-17083,39.70733353,-104.9407299,5/7/2021 12:22,12:22,1,0,0,COLORADO BLVD S & CHERRY CREEK DR NE,1,1,0,0,1,1,0,0,30,0,0,0,0,0,2,2,1
,2021-17084,39.78378353,-105.0003299,5/10/2021 17:27,17:27,14,0,0,W 48TH AVE & N KALAMATH ST,11,1,0,1,1,1,0,0,35,0,0,0,0,0,4,2,16
,2021-17085,39.68229354,-105.0203599,5/10/2021 21:52,21:52,3,0,0,JEWELL AVE W & CLAY ST S,11,3,0,2,1,1,0,0,30,0,0,0,0,0,4,2,13
,2021-17086,39.71137353,-104.9111199,5/10/2021 7:56,7:56,3,0,0,E ALAMEDA AVE & S MAGNOLIA ST,1,1,0,0,1,1,0,0,25,0,0,0,0,0,4,2,13
,2021-17087,39.76929253,-105.0253144,5/11/2021 20:42,20:42,3,0,0,FEDERAL BLVD N & 38TH AVE W,1,3,0,0,1,1,0,0,45,0,0,0,0,0,2,2,13
,2021-17088,39.71136353,-104.9199599,5/6/2021 17:04,17:04,2,0,1,JERSEY ST S & ALAMEDA AVE E,1,1,0,0,1,1,0,0,25,1,0,0,0,2,4,2,14
,2021-17089,39.67843184,-104.9333114,5/11/2021 3:37,3:37,3,0,0,EVANS AVE E & I-25 NB OFF RAMP,11,3,0,0,1,1,0,0,35,0,0,0,0,0,1,2,1
,2021-17090,39.74033353,-105.0440099,5/10/2021 21:41,21:41,12,0,0,COLFAX AVE W & TENNYSON ST N,11,3,0,1,1,1,0,0,30,0,0,0,0,0,2,2,14
,2021-17091,39.65303354,-104.9380099,5/12/2021 11:57,11:57,12,0,0,HAMPDEN AVE E & BELLAIRE ST S,1,1,1,0,1,3,0,0,35,0,0,0,0,0,2,2,13
,2021-17092,39.78922353,-105.0158399,5/11/2021 14:57,14:57,15,0,0,N ZUNI ST & W 51ST AVE,1,1,0,0,1,4,0,0,25,0,0,0,0,0,4,2,16
,2021-17093,39.68981354,-104.9734099,5/12/2021 16:17,16:17,12,0,0,I-25 SB ON RAMP FROM & DOWNING ST S,1,1,0,0,1,8,0,0,45,0,0,0,0,0,1,2,7
,2021-17094,39.67487354,-104.9722699,5/11/2021 19:05,19:05,3,0,0,E ILIFF AVE & S MARION ST,11,1,0,1,1,1,0,0,25,0,0,0,0,0,4,2,16
,2021-17095,39.73521353,-104.9009399,4/30/2021 16:30,16:30,11,0,0,ROSLYN ST N & 1100 BLK N,1,1,0,0,1,4,0,0,25,0,1,0,0,1,4,1,14
,2021-17096,39.70907354,-105.0349499,5/1/2021 12:45,12:45,10,0,0,400 BLK S LOWELL BLVD & W ALASKA PL,1,1,1,0,1,3,0,0,,0,0,0,0,0,4,2,5
,2021-17097,39.69748354,-104.9627899,5/9/2021 16:02,16:02,6,0,0,VINE ST S & MISSISSIPPI AVE E,11,1,0,1,1,4,0,0,25,0,0,0,0,0,4,2,5
,2021-17098,39.67915354,-105.0532499,5/9/2021 19:07,19:07,3,0,0,SHERIDAN BLVD S & EVANS AVE W,1,1,0,0,1,2,0,0,35,0,0,0,0,1,2,2,14
,2021-17099,39.75025353,-104.9890899,5/12/2021 6:35,6:35,3,0,0,20TH ST & CHAMPA ST,1,3,0,0,1,1,0,0,30,0,0,0,0,0,4,2,1
,2021-17100,39.77967353,-104.9791499,5/12/2021 10:51,10:51,12,0,0,I-70 & WASHINGTON ST N,1,1,0,0,1,4,0,0,65,0,0,0,0,1,1,2,13
,2021-17101,39.74000353,-104.9776299,5/11/2021 23:08,23:08,1,0,0,COLFAX AVE E & CLARKSON ST N,1,3,0,0,1,1,0,0,30,0,0,0,0,0,2,2,8
,2021-17102,39.72209354,-105.0531699,5/8/2021 13:39,13:39,12,0,0,SHERIDAN BLVD N & 3RD AVE W,1,1,0,0,1,4,0,0,30,0,0,0,0,0,2,2,5
,2021-17103,39.71478353,-104.9899599,5/4/2021 20:43,20:43,3,0,0,W BAYAUD AVE & S BANNOCK ST,1,3,0,0,1,1,0,0,25,0,0,0,0,0,4,2,5
,2021-17104,39.75822353,-104.9597499,5/7/2021 9:40,9:40,15,0,0,N YORK ST & E 29TH AVE,1,1,0,0,1,1,0,0,35,0,0,0,0,0,4,2,5
,2021-17105,39.65315355,-105.0587799,5/11/2021 8:19,8:19,12,0,0,HAMPDEN AVE SERVICE RD (NOT CDOT) & S SHERIDAN BLVD,11,1,0,0,1,4,0,0,35,0,0,0,0,0,2,2,13
,2021-17106,39.78525352,-104.8824899,5/12/2021 5:30,5:30,3,0,0,E NORTHFIELD BLVD & N CENTRAL PARK BLVD,1,1,0,0,1,1,0,0,35,0,0,0,0,0,4,2,3
,2021-17107,39.69582354,-105.0250499,5/8/2021 12:35,12:35,15,0,0,FEDERAL BLVD S & MISSISSIPPI AVE W,1,1,0,0,1,4,0,0,30,0,0,0,0,0,2,2,1
,2021-17108,39.79726452,-104.8844824,5/10/2021 9:20,9:20,3,0,0,N CENTRAL PARK BLVD & E 55TH AVE,11,3,0,1,1,1,0,0,40,0,0,0,0,0,4,2,3
,2021-17109,39.74992453,-104.9808252,5/3/2021 14:53,14:53,5,0,0,COLFAX AVE W & TREMONT PL,11,1,0,1,3,1,0,0,30,0,0,0,0,0,2,1,5
,2021-17110,39.72907353,-104.9717699,5/8/2021 12:50,12:50,3,0,0,E 8TH AVE & N MARION ST,1,1,0,0,1,1,0,0,30,0,0,0,1,1,4,2,13
,2021-17111,39.63867355,-105.0873399,5/10/2021 8:58,8:58,15,0,0,QUINCY AVE W & AMMONS ST S,1,1,0,0,1,1,0,0,40,0,0,0,0,0,4,2,7
,2021-17112,39.75536353,-105.0126799,5/12/2021 11:50,11:50,12,0,0,I-25 & SPEER BLVD N,1,1,0,0,1,4,0,0,55,0,0,0,0,1,1,2,13
,2021-17113,39.65717055,-105.0532009,5/11/2021 10:59,10:59,10,0,0,COLGATE PL W & SHERIDAN BLVD S,1,1,0,0,1,1,0,0,25,0,0,0,0,0,2,2,7
,2021-17193,39.80166352,-104.9837199,6/2/2021 7:20,7:20,12,0,0,I 25 & MM 215 (APPROX),1,1,3,0,1,4,0,0,55,0,0,0,0,0,1,2,11
,2021-17204,39.68309354,-104.9405399,4/8/2021 8:00,8:00,15,0,0,I-25 & COLORADO BLVD S,1,1,0,0,1,4,0,0,60,0,0,0,0,0,1,2,13
,2021-17205,39.67846354,-104.9418099,5/4/2021 10:29,10:29,12,0,0,EVANS AVE E & 3900 BLK E,1,1,0,0,1,2,0,0,30,0,0,0,0,0,4,3,13
,2021-17206,39.72551353,-105.0133499,5/13/2021 10:00,10:00,15,0,0,I-25 SB ENT GORE PT FROM & 6TH AVE W (EB),1,1,1,0,1,8,0,0,65,0,0,0,0,1,1,2,13
,2021-17208,39.78579351,-104.8305299,5/13/2021 11:12,11:12,6,0,0,4961 N CROWN BLVD & 4951 N CROWN BLVD,1,1,0,0,1,4,0,0,25,0,0,0,0,0,4,2,1
,2021-17209,39.79845351,-104.8660499,2/26/2021 17:45,17:45,1,0,1,56TH AVE E & HAVANA ST N,1,1,0,0,1,1,0,0,40,0,0,0,0,3,4,3,1
,2021-17210,39.72527316,-105.1406688,5/12/2021 8:15,8:15,12,0,0,HWY 6 EB EXIT GORE PT TO & FEDERAL BLVD N,1,1,1,0,1,4,0,0,65,0,0,0,0,0,2,4,13
,2021-17211,39.78014352,-104.9788199,5/13/2021 9:00,9:00,12,0,1,I-70 WB EXIT RAMP [SLIP] & WASHINGTON ST N,1,1,0,0,1,8,0,0,35,0,0,0,0,1,1,2,13
,2021-17212,39.77994352,-104.9404999,5/6/2021 15:45,15:45,12,0,0,I-70 & COLORADO BLVD N,1,1,0,0,1,4,0,0,55,0,0,0,0,0,1,3,3
,2021-17214,39.76917352,-104.9409899,5/13/2021 20:30,20:30,15,0,0,N COLORADO BLVD & E 38TH AVE,1,2,0,0,1,4,0,0,40,0,0,0,0,0,2,2,13
,2021-17215,39.74879353,-104.9733499,5/12/2021 9:47,9:47,6,0,0,2100 BLK N DOWNING ST & E 21ST ST,1,3,0,0,1,4,0,0,,0,0,0,0,0,4,2,14
,2021-17216,39.82976428,-104.692964,5/14/2021 8:12,8:12,12,0,0,24735 PENA BLVD INBOUND & JACKSON GAP ST,1,1,0,0,1,4,0,1,45,0,0,0,0,0,4,3,13
,2021-17218,39.66447354,-104.9405799,1/20/2021 11:47,11:47,5,0,0,COLORADO BLVD S & CORNELL AVE E,1,1,0,0,3,4,0,0,35,0,0,0,0,0,2,1,16
,2021-17219,39.75614352,-104.8918099,1/26/2021 12:05,12:05,3,0,0,E 28TH AVE & N VALENTIA ST,11,1,0,2,1,1,0,0,25,0,0,0,0,0,4,2,16
,2021-17220,39.73581352,-104.8849799,5/13/2021 16:59,16:59,6,0,0,YOSEMITE ST & 1205 N,1,1,0,0,5,7,0,0,,0,0,0,0,0,3,2,13
,2021-17221,39.72931353,-105.0251499,5/5/2021 11:54,11:54,3,0,0,FEDERAL BLVD N & 8TH AVE W,1,1,1,0,1,1,0,0,35,0,0,0,0,0,2,3,16
,2021-17222,39.65575355,-105.0571199,5/13/2021 10:28,10:28,6,0,0,5600 BLK W DARTMOUTH AVE & S EATON ST,1,1,0,0,1,4,0,0,25,0,0,0,0,0,4,2,3