id,drcog_id,latitude,longitude,crashtime,time,crashtype,numbkilled,numbinjurd,drcoglocat,rdconditin,lightngcon,roadcntgrd,weatherco,location,roaddescrp,schoolzone,constrzone,splimit,bikeinv,pedinv,sctrinv,motoinv,svrty,rdsystem,ttlvehcls,hcf
,2021-17224,39.78077353,-105.0064299,5/13/2021 9:43,9:43,12,0,0,4600 BLK N PECOS ST & W 46TH AVE,1,1,1,0,1,4,0,0,30,0,0,0,0,0,4,2,13
,2021-17225,39.72488353,-104.9862499,5/13/2021 11:38,11:38,10,0,0,500 BLK N LINCOLN ST & E 6TH AVE,1,1,0,0,1,2,0,0,25,0,0,0,0,0,4,2,13
,2021-17226,39.74019553,-105.0001549,5/14/2021 10:00,10:00,12,0,0,COLFAX AVE W & KALAMATH ST N,1,1,0,0,1,3,0,0,30,0,0,0,0,0,2,3,13
,2021-17227,39.73842353,-104.9873999,5/11/2021 16:30,16:30,15,0,0,N BROADWAY ST & E 14TH AVE,1,1,0,0,1,1,0,0,35,0,0,0,0,0,4,2,16
,2021-17228,39.63129354,-104.89233,5/11/2021 7:24,7:24,1,0,1,DTC BLVD S & UNION AVE E,1,1,0,0,1,1,0,0,35,0,0,0,0,2,4,2,13
,2021-17229,39.71118354,-105.0038799,5/7/2021 13:22,13:22,14,0,0,ALAMEDA AVE W & NAVAJO ST S,1,1,0,0,6,4,0,0,40,0,0,0,0,0,2,3,1
,2021-17230,39.72931353,-105.0148199,5/4/2021 14:03,14:03,12,0,0,I-25 & 8TH AVE W,1,1,0,0,1,4,0,0,55,0,0,0,0,1,1,4,16
,2021-17231,39.778176,-104.9464107,5/13/2021 13:59,13:59,3,0,1,E 13TH AVE & MADISON ST,1,1,0,0,1,1,0,0,20,0,0,0,0,0,4,2,13
,2021-17232,39.69298154,-104.9734159,5/14/2021 11:05,11:05,8,0,1,S DOWNING ST & E LOUISIANA AVE,1,1,0,0,1,1,0,0,30,0,0,0,0,2,4,2,13
,2021-17233,39.71155353,-104.9406999,5/13/2021 12:12,12:12,15,0,0,COLORADO BLVD S & ALAMEDA AVE E,1,1,0,0,1,4,0,0,30,0,0,0,0,0,2,2,13
,2021-17234,39.69635653,-104.8974019,5/12/2021 17:22,17:22,12,0,0,E MISSISSIPPI AVE & S PARKER RD,1,1,0,0,1,3,0,1,35,0,0,0,0,0,2,3,7
,2021-17235,39.73838353,-104.9587099,5/10/2021 6:20,6:20,15,0,0,2300 BLK E 14TH AVE & N JOSEPHINE ST,1,2,0,1,1,4,0,0,30,0,0,0,0,0,4,3,13
,2021-17236,39.73504353,-104.9622599,4/29/2021 7:30,7:30,6,0,0,2000 BLK E 12TH AVE & N RACE ST,1,3,0,0,1,4,0,0,25,0,0,0,0,0,4,4,14
,2021-17237,39.74005883,-104.9793015,5/11/2021 13:09,13:09,12,0,0,COLFAX AVE E & COLORADO BLVD N,11,1,0,2,1,1,0,0,35,0,0,0,0,0,2,3,13
,2021-17238,39.65050355,-105.0530099,5/13/2021 14:56,14:56,12,0,1,S SHERIDAN BLVD & W KENYON AVE,1,1,0,0,1,4,0,0,40,0,0,0,1,3,2,3,3
,2021-17239,39.63692875,-104.8899084,5/13/2021 7:30,7:30,12,0,0,I-70 & I-225 NB FLYOVER,1,1,0,0,1,4,0,0,65,0,0,0,0,0,1,2,13
,2021-17240,39.74024954,-105.1197344,5/10/2021 6:07,6:07,15,0,0,I-25 & COLFAX AVE W,1,1,0,0,1,4,0,0,65,0,0,0,0,0,2,3,13
,2021-17241,39.77705982,-104.9701395,5/4/2021 6:20,6:20,12,0,0,I-70 & BRIGHTON BLVD N,1,2,0,0,1,4,0,0,55,0,0,0,0,0,4,3,13
,2021-17242,39.65308354,-104.9141299,5/11/2021 16:59,16:59,12,0,0,HAMPDEN AVE E & MONACO ST S,11,1,1,1,1,3,0,0,40,0,0,0,0,0,2,3,3
,2021-17243,39.75385353,-104.9792499,5/12/2021 20:30,20:30,15,0,0,WELTON ST & 26TH ST,1,3,0,0,1,1,0,1,30,0,0,0,0,0,4,2,13
,2021-17244,39.70852354,-105.0250799,2/24/2021 0:10,0:10,12,0,0,W ALASKA PL & S FEDERAL BLVD,1,3,0,0,1,4,0,0,25,0,0,0,0,0,2,2,1
,2021-17245,39.71120354,-104.9988899,5/15/2021 12:57,12:57,12,0,0,I-25 & ALAMEDA AVE W,1,1,1,0,1,4,0,0,55,0,0,0,0,0,1,3,3
,2021-17246,39.77668353,-105.0404199,5/12/2021 8:40,8:40,15,0,0,QUITMAN ST N & 44TH AVE W,1,1,0,0,1,4,0,0,25,0,0,0,0,0,4,4,16
,2021-17247,39.78905351,-104.8290499,3/19/2021 5:55,5:55,6,0,0,51ST AVE E & BLACKHAWK WY N,1,2,0,0,1,4,0,0,25,0,0,0,0,0,4,3,13
,2021-17248,39.69742354,-104.9828099,5/7/2021 17:18,17:18,12,0,0,I-25 & LOGAN ST S,1,1,1,0,1,4,0,0,60,0,0,0,0,0,1,2,13
,2021-17249,39.65298654,-104.9190898,5/12/2021 20:18,20:18,1,0,0,SHERIDAN BLVD S & HWY 285 EB ON RAMP,1,3,0,0,1,1,0,0,40,0,0,0,0,0,2,2,1
,2021-17250,39.75745353,-105.0349599,5/12/2021 11:55,11:55,11,0,0,LOWELL BLVD N & 2809 N LOWELL BLVD,1,1,0,0,1,4,0,0,0,0,1,0,0,1,4,1,16
,2021-17251,39.75618185,-105.0155256,5/8/2021 20:36,20:36,15,0,1,I-25 & SPEER BLVD N,11,3,0,1,1,4,0,0,55,0,0,0,0,1,1,3,1
,2021-17252,39.72890353,-104.9975699,5/13/2021 14:40,14:40,6,0,0,800 BLK W 8TH AVE & N SANTA FE DR,1,1,0,0,1,4,0,0,30,0,0,0,0,0,4,3,16
,2021-17254,39.71130353,-104.8928799,4/1/2021 19:50,19:50,15,0,0,8300 BLK E ALAMEDA AVE & E FAIRMOUNT DR,1,3,0,0,1,4,0,0,35,0,0,0,0,1,4,2,16
,2021-17255,39.75743352,-104.8931699,5/5/2021 8:48,8:48,6,0,0,29TH PL & 8189 E,1,1,0,0,1,3,0,0,25,0,0,0,0,0,4,2,14
,2021-17256,39.72557353,-104.9729099,5/14/2021 13:38,13:38,15,0,0,6TH AVE E & DOWNING ST N,1,1,0,0,1,3,0,0,35,0,0,0,0,0,4,2,15
,2021-17257,39.69492354,-105.0390499,5/13/2021 3:32,3:32,6,0,0,PATTON CT S & ARIZONA AVE W,1,3,0,0,1,4,0,0,25,0,0,0,0,0,4,3,16
,2021-17259,39.73681353,-104.9634699,5/15/2021 17:40,17:40,15,0,0,E 13TH AVE & N RACE ST,1,1,0,0,1,1,0,0,30,0,0,0,0,0,4,5,13
,2021-17260,39.71607353,-104.9592099,5/12/2021 18:17,18:17,15,0,0,E CHERRY CREEK N DR & N UNIVERSITY BLVD,1,2,0,0,1,4,0,0,30,0,0,0,0,0,4,3,7
,2021-17261,39.66763354,-104.9097499,5/14/2021 9:48,9:48,6,0,0,E YALE AVE & S NIAGARA ST,1,1,0,0,1,4,0,0,30,0,0,0,0,0,4,4,2
,2021-17262,39.78405352,-104.9895499,5/10/2021 16:39,16:39,12,0,0,I-25 & 48TH AVE W,11,1,1,1,1,4,0,0,65,0,0,0,0,0,1,3,7
,2021-17263,39.75100559,-104.8959625,5/13/2021 11:47,11:47,3,0,0,E 23RD AVE & N GLENCOE ST,1,1,0,0,1,1,0,0,25,0,0,0,0,0,4,2,14
,2021-17264,39.67845554,-104.9222509,4/27/2021 16:36,16:36,15,0,0,E EVANS AVE & S HOLLY ST,1,1,0,0,1,3,0,0,35,0,0,0,0,0,4,2,13
,2021-17265,39.78010352,-104.9497999,5/12/2021 6:50,6:50,12,0,0,I-70 & STEELE ST N,1,2,0,0,1,4,0,0,65,0,0,0,0,0,1,4,13
,2021-17266,39.72527841,-105.1417334,5/13/2021 13:09,13:09,12,0,0,I-25 & 6TH AVE W,1,1,0,0,1,4,0,0,55,0,0,0,0,0,1,3,8
,2021-17267,39.69850354,-105.0437299,5/13/2021 20:14,20:14,6,0,0,900 BLK S TENNYSON ST & W KENTUCKY AVE,1,4,1,0,1,4,0,0,25,0,0,0,0,0,4,4,3
,2021-17268,39.75759353,-105.0346099,5/12/2021 11:55,11:55,6,0,0,LOWELL BLVD & 2800 BLK N,1,1,1,0,1,4,0,0,30,0,0,0,0,0,4,3,16
,2021-17269,39.69565353,-104.9034999,5/14/2021 19:30,19:30,15,0,0,S QUEBEC ST & E MISSISSIPPI AVE,1,3,0,0,1,4,0,0,35,0,0,0,0,0,4,2,1
,2021-17270,39.71835353,-104.9036799,5/12/2021 11:10,11:10,3,0,0,N QUEBEC ST & E 1ST AVE,1,1,0,0,1,1,0,0,35,0,0,0,0,0,4,2,13
,2021-17271,39.68561354,-104.9473699,5/9/2021 6:19,6:19,6,0,0,MEXICO AVE & 3400 BLOCK E,11,2,0,1,1,4,0,0,25,0,0,0,0,0,4,3,3
,2021-17272,39.74019553,-105.0001549,5/15/2021 13:05,13:05,1,0,0,KALAMATH ST N & COLFAX AVE W,1,1,0,0,1,1,0,0,35,0,0,0,0,0,2,2,13
,2021-17273,39.77827352,-104.9128699,5/12/2021 14:00,14:00,15,0,0,I-70 & MONACO ST N,1,1,0,0,1,4,0,0,65,0,0,0,0,0,1,2,14
,2021-17274,39.73848354,-105.0532099,5/15/2021 19:52,19:52,12,0,0,SHERIDAN BLVD N & 14TH AVE W,1,1,0,0,1,4,0,0,35,0,0,0,0,1,2,3,7
,2021-17275,39.70897353,-104.8753699,5/13/2021 8:00,8:00,12,0,0,E ALAMEDA AVE & S DAYTON ST,1,1,0,0,1,4,0,0,40,0,0,0,0,1,4,2,13
,2021-17276,39.71123354,-104.9971264,5/12/2021 12:54,12:54,12,0,0,S SANTA FE DR & W ALAMEDA AVE,1,1,0,0,1,1,0,0,35,0,0,0,0,0,4,2,3
,2021-17277,39.63866354,-104.8926699,5/12/2021 18:28,18:28,1,0,1,TAMARAC DR S & QUINCY AVE E,1,1,0,0,1,1,0,0,35,0,0,0,1,2,4,2,13
,2021-17278,39.72890353,-104.9985999,5/13/2021 3:58,3:58,3,0,0,N SANTA FE DR & W 8TH AVE,1,3,0,0,1,1,0,0,30,0,0,0,0,1,4,2,13
,2021-17279,39.74435353,-104.9406399,5/14/2021 13:29,13:29,12,0,0,COLORADO BLVD N & 17TH AVE E,1,1,0,0,1,3,0,0,30,0,0,0,0,0,2,2,13
,2021-17280,39.76654353,-104.9836299,5/13/2021 10:13,10:13,12,0,0,N BRIGHTON BLVD & 31ST ST,1,1,0,0,1,1,0,0,25,0,0,0,0,0,2,2,14
,2021-17281,39.75983352,-104.9025899,3/26/2021 13:00,13:00,6,0,0,E 38TH AVE & N QUEBEC ST,1,1,0,0,1,1,0,0,45,0,0,0,0,0,4,2,16
,2021-17282,39.73940353,-105.0404699,5/9/2021 7:00,7:00,6,0,0,1400 BLK N QUITMAN ST & W COLFAX AVE,1,1,0,0,1,4,0,0,25,0,0,0,0,0,4,3,16
,2021-17283,39.75520353,-105.0129099,5/16/2021 12:25,12:25,12,0,0,I-25 & SPEER BLVD N,1,1,0,0,1,4,0,0,65,0,0,0,0,0,1,4,7
,2021-17284,39.79119352,-104.9035799,5/14/2021 9:10,9:10,3,0,0,QUEBEC ST N & 53RD PL E,1,1,0,0,1,2,0,0,40,0,0,0,0,0,2,2,13
,2021-17285,39.73293353,-105.0263599,5/10/2021 16:08,16:08,10,0,0,W 10TH AVE & N GROVE ST,1,1,0,0,1,5,0,0,30,0,0,0,0,0,4,2,8
,2021-17286,39.64120354,-104.88207,5/12/2021 12:12,12:12,5,0,1,I-225 & YOSEMITE ST S EXIT RAMP,1,1,0,0,3,4,0,0,,0,0,0,0,1,1,1,5
,2021-17287,39.75536353,-105.0126799,5/10/2021 14:38,14:38,12,0,0,I-25 & SPEER BLVD N,11,1,0,1,1,4,0,0,55,0,0,0,0,0,1,3,3
,2021-17288,39.77107452,-104.8464169,5/14/2021 12:20,12:20,12,0,0,N PEORIA ST & E 39TH AVE,1,1,0,0,1,4,0,0,35,0,0,0,0,1,4,3,13
,2021-17289,39.74080353,-104.9634599,5/12/2021 22:36,22:36,6,0,0,1500 BLK N RACE ST & COLFAX AVE,1,4,0,0,1,4,0,0,25,0,0,0,0,0,4,2,16
,2021-17290,39.75618185,-105.0155256,5/10/2021 14:20,14:20,12,0,0,I-25 & SPEER BLVD N,11,1,0,1,1,4,0,0,65,0,0,0,0,0,1,2,13
,2021-17291,39.73869354,-105.0482299,5/5/2021 6:10,6:10,5,0,0,14TH AVE W & 4725 W 14TH AVE,1,1,0,0,2,5,0,0,30,0,0,0,0,0,4,1,5
,2021-17292,39.70933354,-104.9875899,5/12/2021 17:22,17:22,3,0,0,S BROADWAY ST & W DAKOTA ST,1,1,0,0,1,1,0,0,25,0,0,0,0,0,4,2,13
,2021-17293,39.76730352,-104.8882899,2/19/2021 9:00,9:00,5,0,0,WILLOW ST N & 36TH AVE E,1,1,0,0,1,5,0,0,25,0,0,0,0,0,4,1,14
,2021-17294,39.78003352,-104.9497999,3/3/2021 11:28,11:28,10,0,0,E 46TH AVE & N STEELE ST,1,1,0,0,1,1,0,0,25,0,0,0,0,0,4,2,5
,2021-17295,39.62410354,-104.89463,5/10/2021 16:00,16:00,10,0,0,E BELLEVIEW AVE & S ULSTER ST,11,1,0,1,1,2,0,0,25,0,0,0,0,0,4,2,3
,2021-17296,39.72563353,-104.9874244,5/13/2021 7:43,7:43,3,0,0,E 6TH AVE & N BROADWAY ST,1,1,0,0,1,1,0,0,35,0,0,0,0,0,4,2,16
,2021-17297,39.76446353,-104.9536299,5/15/2021 17:51,17:51,6,0,0,2900 BLK E BRUCE RANDOLPH AVE & N MILWAUKEE ST,1,1,0,0,1,4,0,0,35,0,0,0,0,0,4,3,2
,2021-17298,39.70897353,-104.8753699,5/11/2021 14:30,14:30,3,0,0,ALAMEDA AVE E & DAYTON ST S,11,1,0,1,1,1,0,0,25,0,0,0,0,0,4,3,3
,2021-17299,39.69673354,-105.0237399,5/10/2021 15:38,15:38,12,0,0,2900 BLK W MISSISSIPPI AVE & S FEDERAL BLVD,11,1,0,1,1,4,0,0,30,0,0,0,0,0,4,2,13
,2021-17300,39.79833351,-104.8499999,3/17/2021 11:30,11:30,6,0,0,N OSWEGO ST & E 56TH AVE,4,1,0,0,1,4,0,0,25,0,0,0,0,0,4,2,13
,2021-17301,39.77050353,-105.0158799,5/11/2021 17:15,17:15,3,0,0,N ZUNI ST & W 39TH AVE,11,1,0,0,1,1,0,0,35,0,0,0,0,1,4,3,3
,2021-17302,39.77657352,-104.8314899,5/10/2021 14:50,14:50,12,0,0,E ALBROOK DR & N CRYSTAL ST,1,1,0,0,1,3,0,0,25,0,0,0,0,0,4,2,13
,2021-17303,39.77393271,-104.8657399,5/12/2021 15:57,15:57,12,0,0,I-70 & HAVANA ST N,1,1,0,0,1,4,0,0,65,0,0,0,0,0,1,2,3
,2021-17304,39.63874355,-105.0692099,5/12/2021 23:44,23:44,5,0,0,QUINCY AVE W & SHERIDAN BLVD S,1,3,0,0,3,4,0,0,35,0,0,0,0,0,4,1,7
,2021-17305,39.74015352,-104.8905399,5/12/2021 16:45,16:45,3,0,0,COLFAX AVE E & VERBENA ST N,1,1,0,0,1,1,0,0,25,0,0,0,0,0,2,2,3
,2021-17306,39.67474353,-104.8724299,5/12/2021 16:09,16:09,12,0,0,9800 BLK E ILIFF AVE & S PARKER RD,1,1,1,0,1,3,0,0,40,0,0,0,0,0,4,2,3
,2021-17307,39.73685353,-104.9957099,5/14/2021 10:02,10:02,3,0,2,W 13TH AVE & N SPEER BLVD,1,1,1,0,1,1,0,0,30,0,0,0,0,1,4,2,13
,2021-17308,39.72557353,-104.9740699,5/10/2021 11:25,11:25,3,0,0,E 6TH AVE & N CORONA ST,11,1,0,1,1,1,0,0,30,0,0,0,0,0,4,2,13
,2021-17309,39.74561352,-104.8975499,5/13/2021 8:28,8:28,6,0,0,E 19TH AVE & N SPRUCE ST,1,1,0,0,1,4,0,0,30,0,0,0,0,0,4,2,13
,2021-17310,39.74103353,-104.9406499,5/12/2021 15:22,15:22,12,0,0,COLORADO BLVD N & COLFAX AVE E,1,1,0,0,1,3,0,0,35,0,0,0,0,0,2,2,7
,2021-17311,39.75426353,-104.9821699,5/15/2021 18:34,18:34,6,0,1,STOUT ST & 25TH ST,1,1,1,0,1,1,0,0,30,0,0,0,0,2,4,4,13
,2021-17312,39.72929353,-105.0150199,5/13/2021 7:59,7:59,12,0,1,I-25 & 8TH AVE W,1,1,1,0,1,4,0,0,55,0,0,0,1,3,1,2,3
,2021-17327,39.81740352,-104.9557599,6/1/2021 5:40,5:40,12,0,0,I 270 & MM 1 (APPROX),1,1,3,0,1,4,0,0,65,0,0,0,0,0,1,2,16
,2021-17462,39.77705982,-104.9701395,5/4/2021 6:31,6:31,12,0,0,I-70 & BRIGHTON BLVD N,1,1,0,0,1,4,0,0,55,0,0,0,0,0,1,2,13
,2021-17463,39.74259353,-104.9034499,5/3/2021 11:20,11:20,12,0,0,N QUEBEC  ST & E BATAVIA PL,11,1,0,1,1,4,0,0,30,0,0,0,0,0,4,2,3
,2021-17464,39.73838353,-104.9597699,5/4/2021 6:46,6:46,3,0,0,E 14TH AVE & N YORK ST,1,1,0,0,1,1,0,0,30,0,0,0,0,1,4,2,7
,2021-17467,39.6701698,-105.1431094,5/2/2021 18:05,18:05,5,0,0,HARVARD AVE W & JULIAN ST S,11,1,0,1,2,4,0,0,25,0,0,0,0,1,4,1,3
,2021-17468,39.70769654,-105.0532594,5/4/2021 1:17,1:17,14,0,0,SHERIDAN BLVD S & VIRGINIA AVE W,11,4,0,1,6,4,0,0,40,0,0,0,0,1,2,2,5
,2021-17469,39.75035353,-104.9819999,5/2/2021 16:15,16:15,3,0,1,GLENARM PL & PARK AVE W,1,1,0,0,1,1,0,0,30,0,0,0,0,2,4,2,13
,2021-17470,39.67756353,-104.9128999,5/3/2021 12:04,12:04,12,0,0,2100 BLK S MONACO ST & E EVANS AVE,1,1,0,0,1,3,0,0,35,0,0,0,0,0,4,2,13
,2021-17471,39.69218354,-105.0320499,5/3/2021 8:48,8:48,6,0,0,KNOX CT S & LOUISIANA AVE W,11,1,0,1,1,4,0,0,25,0,0,0,0,0,4,2,16
,2021-17472,39.74945353,-104.9953199,5/3/2021 10:40,10:40,3,0,0,17TH ST & LAWRENCE ST,11,1,0,1,1,1,0,0,30,0,0,0,0,0,4,2,7
,2021-17473,39.71126354,-105.0420499,5/2/2021 8:34,8:34,12,0,0,ALAMEDA AVE W & QUITMAN ST S,1,1,0,0,1,4,0,0,35,0,0,0,0,0,2,2,14
,2021-17474,39.83379744,-104.7420282,5/3/2021 7:22,7:22,16,0,1,PENA BLVD & MM 9,11,1,1,1,5,4,0,0,65,0,0,0,0,1,3,1,14
,2021-17475,39.89935675,-104.9402419,5/3/2021 19:29,19:29,5,0,0,I-70 & COLORADO BLVD N,11,3,0,1,2,4,0,0,65,0,0,0,0,0,1,1,2
,2021-17476,39.72910353,-104.9590199,5/2/2021 19:03,19:03,15,0,0,8TH AVE E & JOSEPHINE ST N,11,2,0,1,1,4,0,0,,0,0,0,0,0,4,1,16
,2021-17477,39.69411353,-104.9176899,5/6/2021 13:18,13:18,12,0,1,E CHERRY CREEK N DR & S KEARNEY ST,1,1,0,0,1,1,0,0,35,0,0,0,0,2,4,2,13
,2021-17478,39.75457353,-104.9922299,5/3/2021 13:40,13:40,15,0,0,MARKET ST & 21ST ST,11,1,0,1,1,3,0,0,25,0,0,0,0,0,4,2,3
,2021-17479,39.74033353,-105.0440099,5/3/2021 8:06,8:06,3,0,0,COLFAX AVE W & TENNYSON ST N,11,1,0,1,1,1,0,0,35,0,0,0,0,1,2,2,14
,2021-17480,39.75788103,-104.9966649,5/3/2021 2:00,2:00,5,0,0,PARK AVE W & DELGANY ST,11,3,0,1,6,4,0,0,35,0,0,0,0,0,4,1,5
,2021-17481,39.69673354,-105.0297299,5/2/2021 0:00,0:00,3,0,0,W MISSISSIPPI AVE & S IRVING ST,1,1,0,0,1,1,0,0,25,0,0,0,0,1,4,2,13
,2021-17482,39.77281352,-104.9395699,5/3/2021 7:44,7:44,3,0,0,40TH AVE E & 4000 BLK E,11,1,0,1,1,2,0,0,25,0,0,0,0,0,4,2,7
,2021-17483,39.78373351,-104.80397,4/15/2021 14:41,14:41,12,0,1,15800 E GVR BLVD & N KITTREGE ST,11,1,0,2,1,4,0,0,35,0,0,0,1,3,4,2,7
,2021-17484,39.77883877,-104.8246484,4/25/2021 11:04,11:04,10,0,0,N PEORIA ST & E 46TH AVE,1,1,1,0,1,1,0,0,35,0,0,0,0,0,4,2,5
,2021-17485,39.72390353,-104.8830999,4/25/2021 3:12,3:12,5,0,0,LOWRY BLVD & 8950 E,1,3,0,0,3,6,0,0,30,0,0,0,0,0,4,1,1
,2021-17486,39.61833355,-105.0912299,5/2/2021 14:33,14:33,1,0,0,WADSWORTH BLVD S & CRESTLINE AVE W,1,1,1,0,1,1,0,0,45,0,0,0,0,0,2,2,13
,2021-17487,39.77663353,-105.0252099,4/19/2021 10:05,10:05,12,0,0,FEDERAL BLVD N & 44TH AVE W,11,1,1,1,1,1,0,0,35,0,0,0,0,0,2,2,16
,2021-17488,39.8250535,-104.77478,5/2/2021 9:12,9:12,3,0,0,71ST AVE E & 18300 BLK E,1,1,0,0,1,2,0,0,25,0,0,0,0,0,4,2,3
,2021-17489,39.67845353,-104.9143799,5/3/2021 17:15,17:15,3,0,0,EVANS AVE E & 6300 BLK E,11,1,0,1,1,2,0,0,30,0,0,0,0,0,4,2,3
,2021-17490,39.72724353,-104.9990199,4/29/2021 10:30,10:30,3,0,0,7TH AVE W & SANTA FE DR N,1,1,0,0,1,1,0,0,25,0,0,0,0,0,4,2,16
,2021-17491,39.67862654,-105.0249814,5/2/2021 17:56,17:56,15,0,0,FEDERAL BLVD S & EVANS AVE W,11,1,0,1,1,1,0,0,40,0,0,0,0,0,2,2,3
,2021-17492,39.74488353,-104.9861099,5/6/2021 11:30,11:30,10,0,0,N LINCOLN ST & E 18TH AVE,1,1,0,0,1,1,0,0,25,0,0,0,0,0,4,2,13
,2021-17493,39.68939954,-104.9920549,5/3/2021 4:30,4:30,15,0,0,SANTA FE DR S & FLORIDA AVE W,11,4,0,1,1,1,0,0,45,0,0,0,0,0,2,2,16
,2021-17494,39.75238153,-104.9845849,5/2/2021 11:49,11:49,3,0,0,PARK AVE W & STOUT ST,1,1,0,0,1,1,0,0,25,0,0,0,0,0,4,2,8
,2021-17495,39.75849353,-105.0328499,5/2/2021 12:49,12:49,14,0,0,3400 BLK W 29TH AVE & N JULIAN ST,1,1,0,0,1,4,0,0,30,0,0,0,0,0,4,2,16
,2021-17496,39.72931353,-105.0139799,5/2/2021 22:10,22:10,5,0,0,N WYANDOT ST & W 8TH AVE,1,3,0,1,3,1,0,0,,0,0,0,0,1,4,1,5
,2021-17497,39.76389534,-105.0340854,4/12/2021 13:35,13:35,5,0,0,33RD AVE W & ZUNI ST N,1,1,0,0,3,5,0,0,15,0,0,0,0,0,4,1,16
,2021-17498,39.71809353,-104.9745799,5/5/2021 10:00,10:00,6,0,0,10 BLK N CORONA ST & SPEER BLVD,1,1,0,0,1,4,0,0,25,0,0,0,0,0,4,2,14
,2021-17499,39.71117054,-105.0145144,5/2/2021 20:18,20:18,3,0,1,ALAMEDA AVE W & YUMA ST S,11,3,0,1,1,1,0,0,35,0,0,0,0,2,2,2,1
,2021-17500,39.73840353,-104.9684599,5/2/2021 12:35,12:35,10,0,0,E 14TH AVE & N FRANKLIN ST,1,1,0,0,1,1,0,0,30,0,0,0,0,0,4,2,8
,2021-17501,39.77510352,-104.9222899,4/29/2021 12:10,12:10,15,0,0,E 42ND AVE & N HOLLY ST,1,1,0,0,1,3,0,0,35,0,0,0,0,0,4,2,13
,2021-17502,39.72530353,-104.9348699,5/3/2021 7:50,7:50,3,0,0,N CLERMONT ST & E 6TH ST,11,1,0,1,1,1,0,0,25,0,0,0,0,0,4,2,3
,2021-17503,39.89935675,-104.9402419,5/3/2021 11:05,11:05,5,0,0,I-70 & COLORADO BLVD N,11,1,1,1,2,4,0,0,55,0,0,0,0,1,1,1,7
,2021-17504,39.72912554,-105.1239386,5/2/2021 23:54,23:54,15,0,0,I-25 & 8TH AVE W,11,3,0,1,1,4,0,0,55,0,0,0,0,0,1,2,13
,2021-17505,39.78411351,-104.81168,5/1/2021 10:16,10:16,3,0,0,N FRASER WAY & E GATEWAY AVE,1,1,0,0,1,1,0,0,35,0,0,0,0,0,4,2,14
,2021-17506,39.73118353,-105.0251499,4/25/2021 13:17,13:17,1,0,1,FEDERAL BLVD N & 9TH AVE W,1,1,0,0,1,1,0,0,35,0,0,0,1,3,1,2,13
,2021-17507,39.70009353,-104.9078799,5/6/2021 13:15,13:15,12,0,0,LEETSDALE DR 6900 BLK & S ONEIDA ST,1,1,0,0,1,3,0,0,35,0,0,0,0,0,2,2,3
,2021-17508,39.77727352,-104.8827699,5/3/2021 14:50,14:50,3,0,0,CENTRAL PARK BLVD N & I-70 WB ON RAMP,11,1,1,1,1,1,0,0,40,0,0,0,0,0,4,2,13
,2021-17509,39.73850678,-104.9126153,5/2/2021 20:35,20:35,5,0,0,N LAFAYETTE HUMBOLDT ALY & E 14TH AVE,11,1,0,1,3,5,0,0,30,0,0,0,0,0,4,1,2
,2021-17510,39.74107353,-104.9524199,5/3/2021 11:30,11:30,5,0,0,MILWAUKEE ST N & COLFAX AVE E,11,1,0,1,2,4,0,0,30,0,0,0,0,0,4,1,3
,2021-17511,39.71337354,-105.0324499,5/7/2021 14:46,14:46,12,0,0,S KNOX CT & W CEDAR AVE,1,1,0,0,1,1,0,0,30,0,0,0,0,0,4,3,13
,2021-17512,39.72569653,-105.0001594,5/2/2021 15:47,15:47,5,0,0,KALAMATH ST N & 6TH AVE W,1,1,0,0,2,1,0,0,35,0,0,0,0,0,4,1,3
,2021-17513,39.63413354,-104.9067299,5/8/2021 12:32,12:32,12,0,0,I-25 NB & I-225 NB,1,1,0,0,1,4,0,0,65,0,0,0,0,0,1,3,16
,2021-17514,39.77994352,-104.9404999,5/6/2021 15:15,15:15,12,0,1,I-70 & COLORADO BLVD N,1,1,0,0,1,4,0,0,55,0,0,0,0,1,1,2,3
,2021-17515,39.65617355,-105.0513499,5/6/2021 14:40,14:40,12,0,0,DARTMOUTH AVE & 5100 BLK W,1,1,0,0,1,4,0,0,25,0,0,0,0,0,4,2,6
,2021-17516,39.75135353,-104.9745499,5/6/2021 12:01,12:01,6,0,0,OGDEN ST 2300 BLK N & E 23RD AVE,1,4,0,0,1,4,0,0,20,0,0,0,0,0,4,2,16
,2021-17517,39.69666354,-104.9944299,4/30/2021 16:44,16:44,12,0,0,W MISSISSIPPI AVE & S FOX ST,1,1,0,0,1,1,0,0,25,0,0,0,0,0,4,2,13
,2021-17518,39.72565154,-105.0531559,5/3/2021 7:40,7:40,3,0,0,SHERIDAN BLVD N & HWY 6 EB RAMPS,11,1,1,1,1,1,0,0,35,0,0,0,0,1,2,2,1
,2021-17519,39.73686353,-104.9706799,5/3/2021 12:20,12:20,10,0,0,13TH AVE E & LAFAYETTE ST N,11,1,0,1,1,1,0,0,30,0,0,0,0,1,4,2,8
,2021-17520,39.74009468,-104.9035119,5/6/2021 15:15,15:15,15,0,0,I-70 & QUEBEC ST N,1,1,0,0,1,8,0,0,65,0,0,0,0,0,1,2,13