id,drcog_id,latitude,longitude,crashtime,time,crashtype,numbkilled,numbinjurd,drcoglocat,rdconditin,lightngcon,roadcntgrd,weatherco,location,roaddescrp,schoolzone,constrzone,splimit,bikeinv,pedinv,sctrinv,motoinv,svrty,rdsystem,ttlvehcls,hcf
,2021-17521,39.78003352,-104.9497999,5/3/2021 14:53,14:53,15,0,0,E 46TH AVE & N STEELE ST,11,1,0,0,1,1,0,0,35,0,0,0,0,0,4,2,13
,2021-17522,39.76201353,-105.0158299,5/2/2021 13:32,13:32,12,0,0,N ZUNI ST & W 32ND AVE,1,1,0,0,1,1,0,0,30,0,0,0,0,0,4,2,3
,2021-17523,39.76928353,-104.9597299,5/6/2021 13:46,13:46,9,0,1,YORK ST N & 38TH AVE E,1,1,0,0,1,3,0,0,40,0,0,0,1,2,4,1,1
,2021-17524,39.75548352,-104.8742799,5/6/2021 13:00,13:00,6,0,0,EMPORIA ST N & 2600 BLK N,1,1,0,0,1,4,0,0,25,0,0,0,0,0,4,2,1
,2021-17525,39.74009468,-104.9035119,5/6/2021 12:46,12:46,12,0,0,I-70 & QUEBEC ST N,1,1,0,0,1,4,0,1,55,0,0,0,0,0,1,2,3
,2021-17526,39.63541354,-104.9030599,5/7/2021 18:00,18:00,15,0,0,I-225 & I-25,1,1,0,0,1,4,0,0,65,0,0,0,0,0,1,3,13
,2021-17527,39.74893453,-104.9873749,5/3/2021 0:34,0:34,5,0,0,20TH ST & N BROADWAY ST,11,3,0,1,3,1,0,0,,0,0,0,0,0,4,1,16
,2021-17528,39.74009468,-104.9035119,5/6/2021 11:44,11:44,12,0,0,I-70 & QUEBEC ST N,1,1,0,0,1,4,0,1,55,0,0,0,0,1,1,4,7
,2021-17529,39.78526352,-104.8830699,5/6/2021 13:59,13:59,10,0,0,N CENTRAL PARK BLVD & N NORTHFIELD BLVD,1,1,0,7,1,1,0,0,30,0,0,0,0,0,4,2,8
,2021-17530,39.72730353,-104.9406899,5/6/2021 15:15,15:15,1,0,0,COLORADO BLVD N & 7TH AVE E,1,1,0,0,1,1,0,0,35,0,0,0,0,0,2,2,13
,2021-17531,39.74488353,-104.9861099,5/2/2021 23:45,23:45,3,0,2,LINCOLN ST N & 18TH AVE E,11,3,1,1,1,1,0,0,35,0,0,0,0,2,4,2,8
,2021-17532,39.78003352,-104.9497999,5/3/2021 14:20,14:20,1,0,0,STEELE ST N & 46TH AVE E,11,1,0,1,1,1,0,0,35,0,0,0,0,0,4,2,13
,2021-17533,39.73635353,-105.0338899,4/29/2021 9:10,9:10,6,0,0,3550 W 13TH AVE & PRIVATE PROPERTY,1,1,0,0,5,7,0,0,,0,0,0,0,0,3,2,9
,2021-17534,39.67840354,-104.9612499,5/3/2021 18:00,18:00,12,0,0,EVANS AVE & 2300 BLK E,11,1,0,1,1,4,0,0,30,0,0,0,0,0,4,3,3
,2021-17535,39.73050253,-104.9985135,5/2/2021 22:20,22:20,6,0,0,N YUMA ST & W 9TH AVE,1,3,0,0,1,3,0,0,25,0,0,0,0,0,4,2,5
,2021-17536,39.72889353,-105.0028299,5/3/2021 14:52,14:52,3,0,0,N MARIPOSA ST & W 8TH AVE,11,1,1,1,1,1,0,0,25,0,0,0,0,0,4,2,13
,2021-17537,39.69661354,-104.9839299,3/20/2021 13:45,13:45,6,0,0,E MISSISSIPPI AVE & S GRANT ST,1,1,0,0,1,1,0,0,25,0,0,0,0,0,4,3,7
,2021-17538,39.77461352,-104.8470199,5/1/2021 9:42,9:42,15,0,0,4100 BLK N PEORIA ST & E 39TH AVE,1,1,0,0,1,4,0,0,35,0,0,0,0,0,4,2,8
,2021-17539,39.75618185,-105.0155256,5/3/2021 14:09,14:09,12,0,0,I-25 & SPEER BLVD N,11,1,1,1,1,4,0,0,65,0,0,0,0,0,1,3,7
,2021-17540,39.75620762,-104.8923163,5/4/2021 20:05,20:05,12,0,0,E 28TH AVE & N SYRACE ST,1,3,0,0,1,3,0,0,20,0,0,0,0,1,4,2,13
,2021-17542,39.71382353,-104.9803799,5/3/2021 16:00,16:00,15,0,0,PEARL ST & 100 BLK S,11,1,0,1,1,4,0,0,25,0,0,0,0,0,4,2,3
,2021-17543,39.74732353,-104.9998099,4/27/2021 13:16,13:16,6,0,0,LARIMER ST & 14TH ST,1,1,0,0,1,4,0,0,30,0,0,0,0,0,4,4,14
,2021-17544,39.69742354,-104.9828099,5/5/2021 16:26,16:26,12,0,0,I-25 & LOGAN ST S,1,1,0,0,1,4,0,0,60,0,0,0,0,0,1,3,1
,2021-17547,39.73869353,-104.9034499,5/2/2021 22:33,22:33,12,0,0,E 14TH AVE & N QUEBEC ST,11,3,0,1,1,4,0,0,35,0,0,0,0,0,4,2,13
,2021-17548,39.75586353,-104.9818499,5/5/2021 17:23,17:23,12,0,0,26TH ST & CHAMPA ST,1,1,0,0,1,1,0,0,30,0,0,0,0,0,4,3,3
,2021-17549,39.71930354,-105.0206499,5/1/2021 21:58,21:58,6,0,0,2700K W PARK PL & N CLAY ST,1,4,0,0,1,4,0,0,25,0,0,0,0,0,4,3,13
,2021-17550,39.76011353,-104.9684099,5/2/2021 11:14,11:14,6,0,0,FRANKLIN ST N & 31ST AVE E,1,1,0,0,1,4,0,0,25,0,0,0,0,0,4,2,16
,2021-17552,39.68757354,-104.9920499,5/6/2021 20:25,20:25,15,0,0,SANTA FE DR S & IOWA AVE W,1,3,0,0,1,1,0,0,55,0,0,0,0,0,2,3,8
,2021-17554,39.70145354,-104.9875199,5/4/2021 17:47,17:47,12,0,0,I-25 SB & BROADWAY ST S,1,1,1,0,1,4,0,0,65,0,0,0,0,1,1,3,3
,2021-17556,39.75638353,-104.9873799,5/3/2021 8:47,8:47,2,0,0,24TH ST & BROADWAY ST N,11,1,0,1,1,1,0,0,25,1,0,0,0,1,4,2,13
,2021-17559,39.67178385,-105.0203689,5/6/2021 3:45,3:45,6,0,0,W HARVARD AVE & S DELAWARE ST,1,4,0,0,1,4,0,0,30,0,0,0,0,0,4,3,2
,2021-17560,39.73561353,-104.8952299,5/6/2021 1:38,1:38,6,0,0,12TH AVE E & TAMARAC ST N,1,3,0,0,1,1,0,0,25,0,0,0,0,0,4,3,6
,2021-17561,39.75924353,-105.0080799,5/3/2021 21:18,21:18,3,0,0,17TH ST & CENTRAL ST,11,3,0,1,1,1,0,0,25,0,0,0,0,0,4,2,8
,2021-17562,39.71835353,-104.9874899,5/2/2021 20:52,20:52,3,0,0,N BROADWAY ST & E 1ST AVE,11,3,0,1,1,1,0,0,25,0,0,0,0,0,4,2,3
,2021-17563,39.68028354,-104.9652099,5/4/2021 9:02,9:02,2,0,1,HIGH ST S & ASBURY AVE E,1,1,0,0,1,1,0,0,0,1,0,0,0,2,4,2,16
,2021-17564,39.72254353,-104.9862199,5/5/2021 7:13,7:13,12,0,0,E 4TH AVE & N LINCOLN ST,1,1,0,0,1,1,0,0,30,0,0,0,0,0,4,3,13
,2021-17565,39.72930353,-105.0198599,4/30/2021 13:01,13:01,3,0,0,CANOSA CT N & 8TH AVE W,1,1,0,0,1,1,0,0,30,0,0,0,0,0,4,3,16
,2021-17566,39.74138353,-104.9406499,5/6/2021 16:12,16:12,12,0,0,COLORADO BLVD N & 16TH AVE E,1,1,0,0,1,1,0,0,35,0,0,0,0,0,2,3,13
,2021-17567,39.74001353,-104.9816999,5/4/2021 20:35,20:35,12,0,0,COLFAX AVE E & LOGAN ST,1,3,0,0,1,4,0,0,,0,0,0,0,0,2,3,14
,2021-17568,39.79581351,-104.8298699,4/30/2021 4:33,4:33,6,0,0,XANADU ST N & XAPARY WY N,1,3,0,0,1,4,0,0,25,0,0,0,0,1,4,4,5
,2021-17570,39.71115354,-104.9863599,4/22/2021 18:04,18:04,3,0,0,S LINCOLN ST & E ALAMEDA AVE,1,1,0,0,1,1,0,0,30,0,0,0,0,0,4,3,1
,2021-17571,39.67843354,-104.9339699,5/4/2021 7:43,7:43,15,0,0,EVANS AVE E & I-25 SB ON RAMP,1,1,0,0,1,1,0,0,35,0,0,0,0,0,4,2,13
,2021-17572,39.75472352,-104.9033899,5/5/2021 20:00,20:00,5,0,0,QUEBEC ST N & 2800 BLK N,1,3,0,0,3,4,0,0,35,0,0,0,0,1,4,1,14
,2021-17573,39.72813353,-104.9940199,5/4/2021 13:18,13:18,15,0,0,700 BLK N ELATI ST & W 7TH AVE,1,1,1,0,1,4,0,0,25,0,0,0,0,0,4,2,16
,2021-17577,39.72361354,-105.0251799,5/1/2021 20:05,20:05,12,0,0,FEDERAL BLVD N & VIRGINIA AVE (RD W),1,3,1,0,1,3,0,0,35,0,0,0,0,0,2,3,5
,2021-17578,39.77713352,-104.8829699,5/2/2021 2:57,2:57,15,0,0,I-70 & CENTRAL PARK BLVD N,1,3,1,0,1,4,0,0,65,0,0,0,0,0,1,3,1
,2021-17581,39.67669354,-104.9734499,5/6/2021 18:01,18:01,3,0,0,E WARREN AVE & S DOWNING ST,1,1,0,0,1,1,0,0,30,0,0,0,0,1,4,3,13
,2021-17667,39.64226355,-105.0307199,4/24/2021 23:09,23:09,5,0,0,W OXFORD AVE & S JULIAN WAY,1,3,3,0,3,4,0,0,25,0,0,0,0,0,4,1,9
,2021-17706,39.82518502,-104.9816053,4/17/2021 2:37,2:37,12,0,0,COLFAX AVE W & I-25 NB OFF RAMP,1,3,0,0,1,1,0,0,35,0,0,0,0,0,2,2,13
,2021-17709,39.76194852,-104.9406604,5/6/2021 7:03,7:03,1,0,0,MLK BLVD E & COLORADO BLVD N,1,1,0,0,1,1,0,0,35,0,0,0,0,0,2,2,3
,2021-17710,39.74027353,-105.0001499,5/6/2021 7:43,7:43,12,0,1,1500 BLK N KALAMATH ST & E COLFAX AVE,1,1,0,0,1,4,0,0,30,0,0,0,0,3,4,2,1
,2021-17711,39.77582352,-104.8657299,5/5/2021 23:07,23:07,9,0,1,I-70 WB OFF RAMP TO & HAVANA ST N,1,3,0,0,2,8,0,0,40,0,0,0,0,3,2,1,16
,2021-17712,39.70888004,-104.9863869,4/21/2021 16:30,16:30,12,0,0,I-25 & LINCOLN ST S,11,1,0,0,1,4,0,0,65,0,0,0,0,0,1,2,13
,2021-17714,39.70039754,-105.0250714,5/5/2021 20:34,20:34,12,0,0,FEDERAL BLVD S & KENTUCKY AVE W,1,3,0,0,1,4,0,0,30,0,0,0,0,0,2,2,10
,2021-17715,39.78380352,-104.9479099,4/12/2021 15:40,15:40,15,0,0,N VASQUEZ BLVD & E 48TH AVE,1,1,0,0,1,4,0,0,45,0,0,0,0,0,2,2,13
,2021-17716,39.74002353,-104.9730799,4/19/2021 15:46,15:46,10,0,0,N DOWNING ST & E COLFAX AVE,11,1,0,1,1,1,0,0,35,0,0,0,0,0,2,2,14
,2021-17717,39.68576354,-105.0153799,4/18/2021 0:06,0:06,6,0,0,ZUNI ST S & MEXICO AVE W,1,3,0,0,1,4,0,0,30,0,0,0,0,0,4,2,16
,2021-17718,39.71246353,-104.8927899,5/5/2021 8:44,8:44,6,0,0,8100 BLK E FAIRMOUNT DR & E ALAMEDA AVE,1,1,1,0,1,4,0,0,35,0,0,0,0,0,4,2,16
,2021-17719,39.72541754,-105.0252199,4/18/2021 1:53,1:53,12,0,0,FEDERAL BLVD N & HWY 6 WB RAMPS,1,3,0,0,1,1,0,0,35,0,0,0,0,0,2,2,16
,2021-17720,39.73940353,-105.0381399,5/5/2021 15:00,15:00,6,0,0,OSCEOLA ST N & COLFAX AVE W,1,1,1,0,1,4,0,0,25,0,0,0,0,0,4,2,16
,2021-17721,39.74035353,-105.0252099,4/4/2021 17:41,17:41,2,0,1,HWY 40 WB ON RAMP EXIT GORE PT FROM & HWY 287 SB,1,1,1,0,1,8,0,0,0,1,0,0,0,3,2,2,16
,2021-17722,39.71966353,-104.8907999,5/6/2021 6:44,6:44,15,0,0,8100 BLK E LOWRY BLVD & UNITA WAY,1,1,0,0,1,4,0,0,35,0,0,0,0,0,4,2,16
,2021-17723,39.71155353,-104.9406999,4/6/2021 22:05,22:05,15,0,0,COLORADO BLVD S & ALAMEDA AVE E,11,3,0,0,1,1,0,0,35,0,0,0,0,0,2,2,13
,2021-17724,39.89935675,-104.9402419,5/6/2021 7:23,7:23,12,0,0,I-70 & COLORADO BLVD N,1,1,0,0,1,4,0,0,65,0,0,0,0,0,1,2,13
,2021-17725,39.73124353,-104.9873899,5/6/2021 8:00,8:00,15,0,0,BROADWAY ST N & 900 BLK N,1,1,0,0,1,4,0,0,30,0,0,0,0,0,4,2,14
,2021-17726,39.86159653,-105.0107389,4/27/2021 9:44,9:44,6,0,0,W 91ST PL & N TEJON ST,1,1,0,0,1,4,0,0,25,0,0,0,0,0,4,2,14
,2021-17727,39.72527841,-105.1417334,5/6/2021 18:40,18:40,12,0,0,I-25 & 6TH AVE W,1,1,0,0,1,4,0,0,65,0,0,0,0,0,1,2,7
,2021-17728,39.71119354,-104.9988899,4/21/2021 17:19,17:19,12,0,0,I-25 NB ENT GORE PT FROM & SANTA FE DR,11,1,1,2,1,8,0,0,65,0,0,0,0,0,1,2,1
,2021-17729,39.69675254,-105.0250579,5/6/2021 1:06,1:06,1,0,0,FEDERAL BLVD S & MISSISSIPPI AVE W,1,3,0,0,1,1,0,0,40,0,0,0,0,1,2,2,7
,2021-17730,39.70758354,-105.0250799,5/5/2021 20:02,20:02,12,0,0,FEDERAL BLVD S & VIRGINIA AVE W,1,1,0,0,1,3,0,0,40,0,0,0,0,0,2,2,1
,2021-17731,39.72927353,-104.9155899,5/6/2021 6:05,6:05,12,0,0,6200 BLK E 8TH AVE & N LEYDEN ST,1,1,0,0,1,3,0,0,30,0,0,0,0,0,4,2,3
,2021-17732,39.68293354,-104.9405399,5/5/2021 17:30,17:30,12,0,0,I-25 SB & COLORADO BLVD S,1,1,0,0,1,4,0,0,65,0,0,0,0,0,1,2,3
,2021-17733,39.74004353,-104.9835699,5/5/2021 12:30,12:30,15,0,0,COLFAX AVE E & GRANT ST N,1,1,0,0,1,4,0,0,30,0,0,0,0,0,2,2,14
,2021-17734,39.68822142,-104.8987698,5/6/2021 7:57,7:57,1,0,0,SYRACUSE ST S & UNION AVE E,1,1,0,0,1,1,0,0,30,0,0,0,0,0,4,2,13
,2021-17735,39.76918353,-104.9733399,5/5/2021 18:28,18:28,15,0,0,WALNUT ST & N DOWNING ST,1,1,1,0,1,1,0,0,25,0,0,0,0,0,4,2,8
,2021-17736,39.73841353,-104.9775999,5/5/2021 9:49,9:49,3,0,0,E 14TH AVE & N CLARKSON ST,1,1,0,0,1,1,0,0,25,0,0,0,0,1,4,2,14
,2021-17737,39.72730353,-104.9406899,5/6/2021 5:46,5:46,1,0,0,COLORADO BLVD N & 7TH AVE E,1,2,0,0,1,1,0,0,35,0,0,0,0,0,2,2,13
,2021-17738,39.72561553,-104.9407909,5/5/2021 9:55,9:55,3,0,0,COLORADO BLVD N & 6TH AVE E,1,1,0,0,1,1,0,0,35,0,0,0,0,1,2,2,13
,2021-17739,39.77804052,-104.8471054,5/5/2021 17:27,17:27,1,0,0,PEORIA ST N & 45TH AVE E,1,1,0,0,1,1,0,0,30,0,0,0,0,0,4,2,13
,2021-17740,39.76801353,-104.9949599,5/6/2021 4:57,4:57,15,0,0,I-25 & PARK AVE W,1,2,0,0,1,4,0,0,65,0,0,0,0,0,1,2,14
,2021-17741,39.77753353,-105.0415799,5/5/2021 21:45,21:45,6,0,0,4400 BLK N RALEIGH ST & W 45TH AVE,1,3,0,0,1,4,0,0,25,0,0,0,0,0,4,2,5
,2021-17742,39.72260353,-104.9825899,5/5/2021 13:30,13:30,3,0,0,E SPEER BLVD & N LOGAN ST,11,1,0,1,1,1,0,0,30,0,0,0,0,0,4,2,3
,2021-17743,39.80921351,-104.76265,5/6/2021 8:40,8:40,15,0,0,N DUNKIRK ST & E 62ND AVE,1,1,0,0,1,4,0,0,30,0,0,0,0,1,4,2,1
,2021-17744,39.71029354,-105.0532499,5/5/2021 16:42,16:42,1,0,0,SHERIDAN BLVD S & NEVADA PL W,1,1,1,0,1,1,0,0,35,0,0,0,0,1,2,2,7
,2021-17745,39.74635353,-105.0251999,5/5/2021 14:09,14:09,12,0,0,FEDERAL BLVD N & 19TH AVE W,1,1,0,0,1,3,0,0,35,0,0,0,0,0,2,2,8
,2021-17746,39.68485354,-104.9734099,5/5/2021 11:50,11:50,6,0,0,DOWNING ST S & MEXICO AVE E,1,1,0,0,3,4,0,0,30,0,0,0,0,0,4,2,16
,2021-17747,39.74280353,-104.9721199,5/5/2021 18:00,18:00,3,0,0,N MARION ST & PARK AVE,1,1,0,0,1,1,0,0,35,0,0,0,0,0,4,2,3
,2021-17748,39.74013253,-104.9873794,5/5/2021 13:30,13:30,12,0,0,N BROADWAY ST & E COLFAX AVE,1,1,1,0,1,1,0,0,30,0,0,0,0,0,4,2,1
,2021-17749,39.76859353,-105.0357899,1/27/2021 18:10,18:10,6,0,0,MEADE ST N & 37TH AVE W,1,1,1,0,1,4,0,0,25,0,0,0,0,0,4,2,16
,2021-17750,39.74005883,-104.9793015,4/20/2021 22:56,22:56,1,0,0,COLFAX AVE E & COLORADO BLVD N,1,3,0,0,1,1,0,0,35,0,0,0,0,0,2,2,14
,2021-17751,39.72374354,-105.0394399,4/25/2021 15:34,15:34,3,0,0,PERRY ST N & 400 BLK N,1,1,0,0,1,2,0,0,25,0,0,0,0,1,4,2,1
,2021-17752,39.69537354,-105.0126399,5/3/2021 14:43,14:43,6,0,0,1100 BLK S TEJON ST & W MISSISSIPPI AVE,11,1,1,1,1,4,0,0,25,0,0,0,0,0,4,2,13
,2021-17753,39.68999354,-104.9734099,5/6/2021 17:46,17:46,12,0,1,I-25 & DOWNING ST S,1,1,0,0,1,4,0,0,60,0,0,0,0,3,1,2,3
,2021-17754,39.69537354,-105.0126399,5/5/2021 17:31,17:31,12,0,0,1100 BLK S TEJON ST & E MISSISSIPPI AVE,1,1,0,0,1,2,0,0,25,0,0,0,0,0,4,2,3
,2021-17755,39.71113353,-104.9827699,5/5/2021 14:30,14:30,3,0,0,LOGAN ST S & ALAMEDA AVE E,1,1,0,0,1,2,0,0,,0,0,0,0,0,4,2,3
,2021-17756,39.79827351,-104.8754499,5/5/2021 22:50,22:50,1,0,0,N DALLAS ST & E 56TH AVE,1,3,0,0,1,1,0,0,45,0,0,0,0,0,4,2,13
,2021-17757,39.76005352,-104.8676999,5/5/2021 12:47,12:47,8,0,0,E MLK BLVD & N GENEVA CT,1,1,0,0,1,1,0,0,10,0,0,0,0,0,4,2,13
,2021-17758,39.67850354,-104.9734199,5/5/2021 15:15,15:15,12,0,0,S DOWNING ST & E EVANS AVE,1,1,0,0,1,3,0,0,25,0,0,0,0,0,4,2,3
,2021-17759,39.76115353,-105.0047499,5/5/2021 14:02,14:02,12,0,0,I-25 & 20TH ST,11,1,0,0,1,4,0,0,55,0,0,0,0,0,1,2,3
,2021-17760,39.76094353,-105.0043199,5/5/2021 22:10,22:10,12,0,0,20TH ST & I-25 NB ON RAMP,1,3,1,0,1,3,0,0,30,0,0,0,0,0,4,2,3
,2021-17761,39.74006353,-104.9916499,4/20/2021 21:00,21:00,11,0,1,COLFAX AVE W & COURT PL,1,3,0,0,1,1,0,0,0,0,0,1,0,3,2,2,16
,2021-17762,39.67662354,-104.9593799,5/5/2021 14:05,14:05,10,0,0,S UNIVERSITY BLVD & E WARREN AVE,1,1,0,0,1,1,0,0,35,0,0,0,0,1,4,2,1
,2021-17763,39.78367353,-105.0532299,5/5/2021 12:37,12:37,15,0,0,I-70 & SHERIDAN BLVD N,1,1,0,0,1,4,0,0,65,0,0,0,0,1,1,2,13
,2021-17764,39.72891353,-104.9917099,5/5/2021 14:42,14:42,12,0,0,300 BLK W 8TH AVE & N DELAWARE ST,1,1,1,0,1,4,0,0,30,0,0,0,0,0,4,2,13
,2021-17765,39.74742352,-104.9127999,5/4/2021 7:45,7:45,3,0,0,E MONTVIEW BLVD & N MONACO ST,1,1,0,0,1,1,0,0,30,0,0,0,0,0,4,2,7
,2021-17766,39.69591353,-104.9031199,5/4/2021 19:00,19:00,12,0,0,1050 S QUEBEC ST & 1050 BLK S,1,1,0,0,1,7,0,0,,0,0,0,0,0,4,2,3
,2021-17767,39.78313353,-105.0064099,5/4/2021 11:24,11:24,15,0,0,I-70 & PECOS ST N,1,1,0,0,1,4,0,0,65,0,0,0,0,0,1,2,13
,2021-17768,39.75700353,-104.9873499,5/4/2021 17:30,17:30,3,0,0,BROADWAY ST N & LARIMER ST,1,1,0,0,1,1,0,0,25,0,0,0,0,0,4,2,3
,2021-17769,39.79630788,-104.8894594,5/4/2021 14:59,14:59,3,0,3,13TH AVE E & WABASH AVE N,1,1,0,0,1,1,0,0,25,0,0,0,0,2,4,2,3
,2021-17770,39.71118353,-104.9293099,5/3/2021 16:53,16:53,12,0,0,E ALAMEDA AVE & S ELM ST,11,1,0,1,1,4,0,0,30,0,0,0,0,1,4,2,13
,2021-17771,39.68848354,-104.9874999,5/5/2021 2:58,2:58,5,0,0,BROADWAY ST S & 1568 BROADWAY ST S,11,3,0,0,6,4,0,0,35,0,0,0,0,0,4,1,1
,2021-17772,39.77582352,-104.8657299,5/4/2021 16:25,16:25,12,0,0,I-70 & HAVANA ST N,1,1,0,0,1,4,0,1,65,0,0,0,0,0,1,2,3
,2021-17773,39.72646353,-104.9902699,5/6/2021 14:32,14:32,12,0,0,600 BLK N BANNOCK ST & W 7TH AVE,1,1,1,0,1,4,0,0,30,0,0,0,0,0,4,2,13
,2021-17774,39.75679353,-104.9806399,4/25/2021 20:25,20:25,3,0,0,27TH ST & CHAMPA ST,1,3,0,0,1,1,0,0,30,0,0,0,0,0,4,2,1
,2021-17775,39.73513353,-104.9775899,5/5/2021 8:17,8:17,6,0,0,N CLARKSON ST & E 12TH AVE,1,1,0,0,1,1,0,0,25,0,0,0,0,0,4,2,14
,2021-17776,39.72096353,-104.9582399,5/4/2021 12:08,12:08,6,0,0,200 BLK N JOSEPHINE ST & E 3RD AVE,1,1,0,0,1,4,0,0,,0,0,0,0,0,4,2,14
,2021-17777,39.67956354,-105.0250299,5/4/2021 12:00,12:00,10,0,0,FEDERAL BLVD S & EVANS AVE W,1,1,0,0,1,2,0,0,35,0,0,0,0,0,2,2,7
,2021-17778,39.77727352,-104.8827699,5/5/2021 8:19,8:19,12,0,0,I-70 & CENTRAL PARK BLVD N,1,1,0,0,1,4,0,0,65,0,0,0,0,0,1,2,3
,2021-17779,39.75103903,-104.9745493,5/5/2021 9:55,9:55,3,0,0,E 9TH ST & N OGDEN ST,1,1,0,0,1,1,0,0,25,0,0,0,0,0,4,2,13
,2021-17780,39.75629353,-105.0158299,5/4/2021 15:07,15:07,1,0,0,N SPEER BLVD & N ZUNI ST,1,1,0,0,1,1,0,0,35,0,0,0,0,1,4,2,8
,2021-17781,39.82518502,-104.9816053,5/4/2021 12:15,12:15,12,0,0,I-25 NB & 6TH AVE W,1,1,1,0,1,4,0,0,55,0,0,0,0,1,1,2,1
,2021-17782,39.73514353,-104.9798599,3/23/2021 15:35,15:35,6,0,0,PEARL ST N & 12TH AVE E,1,1,0,0,1,4,0,0,30,0,0,0,0,0,4,2,13
,2021-17783,39.74617353,-104.9810699,5/5/2021 20:29,20:29,12,0,0,E 19TH AVE & N PENNSYLVANIA  ST,1,3,0,0,1,4,0,0,35,0,0,0,0,0,4,2,5
,2021-17784,39.78051352,-104.9404899,5/4/2021 21:30,21:30,3,0,0,COLORADO BLVD N & I-70 WB OFF RAMP,1,3,0,0,1,1,0,0,35,0,0,0,0,0,2,2,3
,2021-17785,39.76994353,-104.9993999,5/5/2021 9:47,9:47,6,0,0,JASON ST N & 3800 BLK N,1,1,1,0,1,4,0,0,25,0,0,0,0,0,4,2,16
,2021-17786,39.77288352,-104.9406289,5/5/2021 7:11,7:11,15,0,0,COLORADO BLVD N & 40TH AVE E,1,1,1,0,1,4,0,0,35,0,0,0,0,0,2,2,16
,2021-17787,39.74395353,-105.0236599,4/30/2021 16:09,16:09,5,0,1,MILE HIGH STADIUM W CIR & W DICK CONNER AVE,1,1,1,0,3,1,0,0,30,0,0,0,0,3,4,1,13
,2021-17788,39.74002353,-104.9592799,5/5/2021 22:33,22:33,12,0,1,COLFAX AVE E & JOSEPHINE ST N,1,3,0,0,1,3,0,0,35,0,0,0,0,3,2,2,5
,2021-17789,39.68471354,-104.9504499,5/5/2021 15:30,15:30,12,0,0,I-25 SB & STEELE ST S,1,1,0,0,1,4,0,0,60,0,0,0,0,0,1,2,3
,2021-17790,39.65350353,-104.8684,5/5/2021 9:59,9:59,12,0,0,HAMPDEN AVE E & GALENA ST S,1,1,0,0,1,3,0,0,40,0,0,0,0,0,2,2,13
,2021-17791,39.68293354,-104.9405399,5/4/2021 19:30,19:30,12,0,0,I-25 SB EXIT GORE PT TO & COLORADO BLVD S,1,1,0,0,1,4,0,0,65,0,0,0,0,0,1,2,3
,2021-17792,39.79105353,-105.0111499,5/4/2021 17:18,17:18,6,0,0,N TEJON ST & W 52ND AVE,1,1,0,0,1,4,0,0,25,0,0,0,0,0,4,2,3
,2021-17793,39.74198353,-104.9547599,5/4/2021 8:30,8:30,12,0,0,E 16TH AVE & N DETROIT ST,1,1,0,0,1,4,0,0,20,0,0,0,0,0,4,2,2
,2021-17794,39.72170353,-104.8998099,5/5/2021 7:28,7:28,5,0,0,RAMPART WY N & 5TH AVE E,1,1,0,0,3,3,0,0,25,0,0,0,0,0,4,1,16
,2021-17795,39.74738353,-104.9406299,4/29/2021 15:43,15:43,1,0,3,COLORADO BLVD N & MONTVIEW BLVD E,1,1,0,0,1,1,0,0,35,0,0,0,0,2,2,2,8
,2021-17796,39.75261353,-104.9921299,5/3/2021 12:15,12:15,15,0,0,20TH ST & LARIMER ST,11,1,0,1,1,4,0,0,30,0,0,0,0,0,4,2,13
,2021-17797,39.6242121,-104.8898591,5/4/2021 15:30,15:30,12,0,0,DTC BLVD & E BELLEVIEW AVE,1,1,0,0,1,3,0,0,25,0,0,0,0,0,4,2,3
,2021-17798,39.75105353,-104.9828599,4/29/2021 14:09,14:09,3,0,0,PARK AVE W & WELTON ST,1,1,0,6,1,5,0,0,,0,0,0,0,1,4,2,1
,2021-17799,39.78098384,-104.8017138,5/3/2021 23:21,23:21,5,0,0,N KITTREDGE ST & E ANDREWS WY,11,3,0,1,3,4,0,0,30,0,0,0,0,0,4,1,5
,2021-17800,39.72542354,-105.0249199,4/22/2021 6:40,6:40,15,0,0,HWY 6 WB EXIT GORE PT TO & FEDERAL BLVD,1,1,0,0,1,4,0,0,45,0,0,0,0,0,2,2,3
,2021-17801,39.68430349,-104.9463521,5/4/2021 8:12,8:12,12,0,0,I-70 EB EXIT GORE PT TO & I-25 SB,1,1,1,0,1,4,0,0,55,0,0,0,0,0,1,2,13
,2021-17802,39.71129353,-104.9128499,4/26/2021 17:30,17:30,12,0,0,E ALAMEDA AVE & S MONACO ST,1,1,0,0,1,3,0,0,25,0,0,0,0,0,4,2,13
,2021-17803,39.67846353,-104.9238899,5/4/2021 13:50,13:50,14,0,0,E EVANS AVE & S HUDSON ST,1,1,0,0,1,1,0,0,35,0,0,0,0,0,4,2,13
,2021-17804,39.77656353,-105.0462799,5/4/2021 15:44,15:44,3,0,0,W 44TH AVE & N VRAIN ST,1,1,0,0,1,1,0,0,25,0,0,0,0,1,4,2,8
,2021-17805,39.76062353,-104.9843999,5/4/2021 14:44,14:44,3,0,0,WALNUT ST & 2700 BLK,1,1,0,0,1,2,0,0,25,0,0,0,0,0,4,2,13
,2021-17806,39.77987352,-104.9671599,5/4/2021 7:20,7:20,12,0,0,I-70 & BRIGHTON BLVD N,1,1,0,0,1,4,0,0,65,0,0,0,0,0,1,2,14
,2021-17807,39.78022353,-105.0222499,5/4/2021 9:40,9:40,6,0,0,46TH AVE W & ELM CT N,1,1,1,0,1,4,0,0,30,0,0,0,0,0,4,2,16