id,drcog_id,latitude,longitude,crashtime,time,crashtype,numbkilled,numbinjurd,drcoglocat,rdconditin,lightngcon,roadcntgrd,weatherco,location,roaddescrp,schoolzone,constrzone,splimit,bikeinv,pedinv,sctrinv,motoinv,svrty,rdsystem,ttlvehcls,hcf
,2021-17808,39.76738452,-104.9025184,4/28/2021 17:15,17:15,12,0,0,N QUEBEC ST & E 36TH AVE,1,1,0,0,1,1,0,0,35,0,0,0,0,0,4,2,1
,2021-17809,39.78362051,-104.7722075,5/4/2021 5:09,5:09,3,0,0,E GVR BLVD & N TOWER RD,11,2,0,0,1,1,0,0,45,0,0,0,0,0,4,2,13
,2021-17810,39.77829352,-104.9034199,5/4/2021 12:30,12:30,15,0,0,QUEBEC ST N & I-70,1,1,1,0,1,4,0,0,40,0,0,0,0,0,4,2,13
,2021-17811,39.79687351,-104.81254,5/4/2021 13:37,13:37,16,0,0,ROBINS DR E & FAIRPLAY ST N,1,1,0,0,1,4,0,0,0,0,1,0,0,0,4,1,16
,2021-17812,39.77830353,-104.9905499,5/3/2021 18:29,18:29,5,0,0,I-70 EB OFF RAMP ENT GORE PT TO & I-25 SB,11,1,1,1,3,8,0,0,65,0,0,0,0,0,1,1,7
,2021-17813,39.69751354,-104.9768099,5/3/2021 17:01,17:01,6,0,0,1000 BLK S EMERSON ST & E TENNESSEE AVE,11,1,0,1,1,4,0,0,25,0,0,0,0,0,4,2,13
,2021-17814,39.76380352,-104.9222799,5/4/2021 12:22,12:22,12,0,0,E 33RD AVE & N HOLLY ST,1,1,0,0,1,1,0,0,25,0,0,0,0,0,4,2,10
,2021-17815,39.75293353,-104.9925899,5/4/2021 6:05,6:05,1,0,0,20TH ST & LARIMER ST,1,1,0,0,1,1,0,0,30,0,0,0,0,1,4,2,13
,2021-17816,39.75837352,-104.9175699,5/4/2021 8:00,8:00,6,0,0,29TH AVE E & JASMINE ST N,1,1,0,0,1,4,0,0,25,0,0,0,0,1,4,2,4
,2021-17817,39.75099552,-104.9034319,5/3/2021 16:58,16:58,3,0,0,23RD AVE E & QUEBEC ST N,11,1,0,1,1,1,0,0,35,0,0,0,0,1,4,2,13
,2021-17818,39.70137354,-104.9874399,4/25/2021 3:32,3:32,1,0,1,BROADWAY ST S & I-25 SB ON RAMP,1,3,0,0,1,1,0,0,35,0,0,0,0,2,4,2,5
,2021-17819,39.71117353,-104.9923899,4/28/2021 17:10,17:10,5,0,0,ALAMEDA AVE W & CHEROKEE ST S,1,1,0,0,1,3,0,1,25,0,0,0,0,0,4,1,16
,2021-17820,39.79767351,-104.8449999,5/2/2021 18:05,18:05,6,0,0,RANDOLPH PL E & QUENTIN ST N,1,1,0,0,1,4,0,0,25,0,0,0,0,0,4,2,13
,2021-17821,39.75518353,-104.9809699,4/30/2021 18:14,18:14,3,0,0,26TH ST & STOUT ST,1,2,0,0,1,1,0,0,20,0,0,0,0,0,4,2,13
,2021-17822,39.68981354,-104.9734099,5/3/2021 16:30,16:30,12,0,0,I-25 & DOWNING ST S,11,1,0,1,1,4,0,0,65,0,0,0,0,0,1,2,3
,2021-17823,39.72974353,-104.9912199,5/5/2021 17:00,17:00,5,0,1,SPEER BLVD N & BANNOCK ST N,1,1,0,0,2,1,0,0,35,0,0,0,0,3,4,1,5
,2021-17824,39.82181646,-104.9991382,5/4/2021 10:35,10:35,10,0,0,8TH AVE W & SANTA FE DR N,1,1,1,0,1,1,0,0,35,0,0,0,0,0,4,2,13
,2021-17863,39.78013352,-104.9670799,3/25/2021 9:16,9:16,15,0,0,I-70 & BRIGHTON BLVD N,1,1,0,0,1,4,0,0,55,0,0,0,0,0,1,2,1
,2021-17864,39.66757354,-104.9532799,3/25/2021 8:57,8:57,12,0,0,E YALE AVE & S FILLMORE ST,1,1,0,0,1,4,0,0,25,0,0,0,0,0,4,2,13
,2021-17866,39.63623354,-104.88516,3/22/2021 10:43,10:43,15,0,0,4400 BLK S YOSEMITE  ST & E RADCLIFF AVE,11,1,0,0,1,3,0,0,35,0,0,0,0,0,4,2,13
,2021-17867,39.72560353,-104.9618999,4/2/2021 14:20,14:20,12,0,0,2100 BLK E 6TH AVE & N GAYLORD ST,1,1,0,0,1,3,0,0,30,0,0,0,0,0,4,3,8
,2021-17895,39.66770355,-105.0553799,3/22/2021 17:50,17:50,12,0,0,5300 BLK W YALE AVE & S BENTON ST,1,1,0,0,1,4,0,0,30,0,0,0,0,0,4,2,5
,2021-17897,39.69674354,-105.0132799,3/24/2021 11:05,11:05,10,0,0,2100 BLK W MISSISSIPPI AVE & S VALLEJO ST,11,1,0,0,1,2,0,0,30,0,0,0,0,0,4,2,3
,2021-17917,39.68214721,-104.9950427,4/24/2021 19:38,19:38,12,0,0,S SHERIDAN BLVD & W JEWELL AVE,1,2,1,0,1,1,0,0,45,0,0,0,0,0,2,2,8
,2021-18151,39.75423353,-104.9978699,3/23/2021 11:16,11:16,6,0,0,WYNKOOP ST & 19TH ST,1,1,0,0,1,4,0,0,30,0,0,0,0,0,4,2,13
,2021-18152,39.72097353,-104.9582399,3/22/2021 8:15,8:15,15,0,0,N JOSEPHINE ST & E 3RD AVE,1,1,0,0,1,4,0,0,30,0,0,0,0,0,4,2,13
,2021-18164,39.72590354,-105.0252334,3/25/2021 14:39,14:39,5,0,0,FEDERAL BLVD N & 6TH AVE W,1,1,1,0,1,4,0,0,35,0,0,0,0,0,2,2,13
,2021-18165,39.73982354,-105.0528199,3/20/2021 11:07,11:07,6,0,0,COLFAX AVE W & 5180 W COLFAX AVE,1,1,0,0,3,4,0,0,30,0,0,0,0,0,2,4,1
,2021-18166,39.74043353,-105.0139599,3/31/2021 7:40,7:40,12,0,1,COLFAX AVE W & I-25 SB OFF RAMP,1,1,0,0,1,1,0,0,40,0,0,0,0,3,2,4,16
,2021-18167,39.72553353,-105.0131199,3/29/2021 12:09,12:09,5,0,0,I-25 NB & 6TH AVE W,1,1,1,0,3,4,0,0,55,0,0,0,0,0,1,2,16
,2021-18192,39.74561352,-104.8987299,3/4/2021 15:55,15:55,3,0,1,N SYRACUSE ST & E 19TH AVE,11,1,0,1,1,1,0,0,20,0,0,0,0,3,4,2,4
,2021-18193,39.76928353,-105.0064499,4/9/2021 23:40,23:40,15,0,0,W 38TH AVE & N PECOS ST,1,3,0,0,1,4,0,0,35,0,0,0,0,0,4,2,5
,2021-18194,39.65680355,-105.0251799,4/9/2021 21:30,21:30,3,0,0,FEDERAL BLVD S & FLOYD AVE W,1,3,1,0,1,1,0,0,25,0,0,0,0,0,2,2,1
,2021-18195,39.68217354,-105.0018199,4/7/2021 17:00,17:00,3,0,1,PLATTE RIVER DR S & JEWELL AVE W,1,1,0,0,1,1,0,0,40,0,0,0,1,3,4,2,1
,2021-18197,39.74028353,-104.9808099,4/10/2021 5:20,5:20,10,0,0,COLFAX AVE E & PENNSYLVANIA ST N,1,3,0,0,1,5,0,0,30,0,0,0,0,0,2,2,13
,2021-18198,39.78383353,-105.0064299,4/9/2021 23:42,23:42,5,0,0,PECOS ST N & I-70 WB RAMPS,1,3,0,0,6,6,0,0,35,0,0,0,0,1,1,1,5
,2021-18201,39.75528353,-105.0124899,4/4/2021 10:07,10:07,15,0,0,I-25 & SPEER BLVD N,1,1,0,0,1,4,0,0,65,0,0,0,0,0,1,2,5
,2021-18203,39.73763353,-104.9873899,4/4/2021 14:03,14:03,12,0,0,1300 BLK N BROADWAY ST & W 13TH AVE,1,1,0,0,1,4,0,0,35,0,0,0,0,0,4,2,3
,2021-18205,39.74043353,-105.0139599,4/10/2021 16:20,16:20,12,0,0,COLFAX AVE W & I-25,1,1,0,0,1,4,0,0,35,0,0,0,0,0,2,2,13
,2021-18206,39.74013353,-104.9297899,4/11/2021 1:50,1:50,12,0,0,COLFAX AVE E & ELM ST N,1,3,0,0,1,1,0,0,35,0,0,0,0,1,2,2,3
,2021-18208,39.76115353,-105.0047499,4/10/2021 14:42,14:42,12,0,0,I-25 & 20TH ST,1,1,1,0,1,4,0,0,55,0,0,0,0,0,2,2,13
,2021-18211,39.74323353,-104.9684399,4/10/2021 0:10,0:10,8,0,0,17TH AVE E & FRANKLIN ST N,1,3,0,0,1,4,0,0,25,0,0,0,0,1,4,2,5
,2021-18212,39.70657354,-105.0076199,4/10/2021 0:05,0:05,6,0,0,500 BLK S QUIVAS ST & W VIRGINIA AVE,1,4,0,0,1,4,0,0,25,0,0,0,0,0,4,2,13
,2021-18213,39.77827352,-104.9000099,4/7/2021 18:15,18:15,15,0,0,I-70 EB EXIT GORE PT TO & QUEBEC ST S,1,1,0,0,1,4,0,0,55,0,0,0,0,0,1,2,16
,2021-18214,39.67567354,-105.0532599,4/10/2021 0:54,0:54,12,0,0,SHERIDAN BLVD S & WARREN AVE W,1,3,0,0,1,1,0,0,40,0,0,0,0,1,2,2,5
,2021-18216,39.70212354,-104.9875199,4/10/2021 13:29,13:29,12,0,0,S BROADWAY ST & E OHIO AVE,1,1,0,0,1,1,0,0,30,0,0,0,0,0,4,2,13
,2021-18218,39.76395353,-105.0369599,4/10/2021 3:55,3:55,6,0,0,3800 BLK W 33RD AVE & 3800 BLK W,1,4,0,0,1,4,0,0,25,0,0,0,0,0,4,2,8
,2021-18219,39.77841352,-104.9035599,4/10/2021 7:40,7:40,5,0,0,I-70 & QUEBEC ST N,1,1,0,0,3,4,0,0,55,0,0,0,0,0,1,1,1
,2021-18221,39.68033354,-104.9745699,4/13/2021 14:55,14:55,13,0,0,ASBURY AVE E & CORONA ST S,1,1,0,0,1,3,0,0,0,0,1,0,0,1,4,1,16
,2021-18222,39.72531354,-105.0186599,4/11/2021 15:08,15:08,12,0,0,6TH AVE W & BRYANT ST N,1,1,1,0,1,4,0,0,45,0,0,0,0,0,2,2,13
,2021-18224,39.73676353,-104.9461699,4/13/2021 13:28,13:28,8,0,0,E 13TH AVE & N MADISON ST,1,1,0,0,1,1,0,0,30,0,0,0,0,0,4,2,13
,2021-18225,39.70665354,-104.9965899,4/9/2021 15:51,15:51,12,0,0,I-25 NB & SANTA FE DR S,1,1,1,0,1,4,0,0,65,0,0,0,0,0,1,2,3
,2021-18226,39.8361135,-104.7195,4/9/2021 8:31,8:31,16,0,0,7684 N WENATCHEE ST & E 77TH AVE,1,1,0,0,5,7,0,0,10,0,0,0,0,1,3,2,9
,2021-18227,39.66758354,-104.9593699,4/9/2021 14:07,14:07,12,0,0,E YALE AVE & S UNNIVERSITY BLVD,1,1,0,0,1,3,0,0,30,0,0,0,0,0,4,2,3
,2021-18228,39.65303354,-104.9380099,4/13/2021 12:07,12:07,10,0,1,HAMPDEN AVE E & ASH ST S,1,1,1,0,1,4,0,0,35,0,0,0,0,2,2,2,8
,2021-18230,39.74813353,-105.0042499,4/13/2021 12:35,12:35,3,0,0,12TH ST & AURARIA PKWY,1,1,0,0,1,1,0,0,35,0,0,0,0,1,4,2,13
,2021-18232,39.65208076,-105.0841628,4/13/2021 11:10,11:10,12,0,0,HAMPDEN AVE W & ONEIDA WY S,1,1,0,0,1,4,0,0,40,0,0,0,0,0,2,2,1
,2021-18233,39.71123354,-104.9971264,4/13/2021 9:55,9:55,10,0,0,S SANTA FE DR & W ALAMEDA AVE,1,1,0,0,1,1,0,0,45,0,0,0,0,0,4,2,13
,2021-18234,39.71145353,-104.9381999,4/13/2021 15:10,15:10,3,0,0,4200 BLK E ALAMEDA AVE & 4200 BLK E,1,1,0,0,1,1,0,0,25,0,0,0,0,0,4,2,3
,2021-18236,39.68486354,-104.9594399,4/13/2021 14:31,14:31,12,0,0,I-25 NB OFF RAMP TO & UNIVERSITY BLVD S,1,1,0,0,1,8,0,0,60,0,0,0,0,1,1,2,13
,2021-18237,39.63274354,-104.9044899,4/11/2021 18:50,18:50,9,0,2,I-225 & I-25,1,1,1,0,2,4,0,0,65,0,0,0,0,1,1,1,1
,2021-18238,39.69657353,-104.9500099,4/13/2021 16:30,16:30,15,0,0,E MISSISSIPPI AVE & S STEELE ST,1,1,0,0,1,1,0,0,25,0,0,0,0,0,4,2,3
,2021-18240,39.65716355,-105.0532099,4/13/2021 11:52,11:52,3,0,0,SHERIDAN BLVD S & COLGATE PL W,1,1,0,0,1,1,0,0,40,0,0,0,0,0,2,2,3
,2021-18241,39.73838353,-104.9610099,4/11/2021 3:55,3:55,5,0,0,14TH AVE E & GAYLORD ST N,1,3,0,0,1,4,0,1,30,0,0,0,0,0,4,1,3
,2021-18242,39.78206352,-104.9035299,4/13/2021 6:29,6:29,15,0,0,4500 BLK N QUEBEC ST & 4500 BLK N,1,3,1,0,1,4,0,0,35,0,0,0,0,0,4,2,13
,2021-18243,39.78380352,-104.9479099,4/7/2021 22:04,22:04,9,0,0,VASQUEZ BLVD N & 48TH AVE E,1,3,0,0,1,1,0,0,35,0,0,0,0,0,4,2,5
,2021-18245,39.70896353,-104.8753799,4/11/2021 18:17,18:17,9,0,2,ALAMEDA AVE E & DAYTON ST S,1,1,0,0,2,4,0,0,35,0,0,0,0,2,4,1,5
,2021-18246,39.71115253,-104.9875774,4/13/2021 21:48,21:48,8,0,1,W ALAMEDA AVE & S BROADWAY ST,1,4,0,0,1,1,0,0,35,0,0,0,0,2,4,2,3
,2021-18247,39.77843734,-104.9223065,4/11/2021 20:55,20:55,11,0,1,I-70 & HOLLY ST N,1,2,0,0,1,4,0,0,65,0,1,0,0,2,1,1,16
,2021-18248,39.79830351,-104.8105599,4/9/2021 13:23,13:23,12,0,0,15200 E 56TH AVE & N CHAMBERS RD,1,1,0,0,1,4,0,0,40,0,0,0,0,0,4,2,13
,2021-18249,39.73832353,-104.9656799,4/12/2021 7:54,7:54,1,0,1,1800 BLK E 14TH AVE & N HIGH ST,1,1,0,0,1,4,0,0,30,0,0,0,1,3,4,2,7
,2021-18250,39.77878352,-104.8385599,4/13/2021 18:40,18:40,3,0,0,ALBROOK DR E & 13500 BLK E,1,2,0,0,1,2,0,0,25,0,0,0,0,0,4,2,1
,2021-18251,39.76538652,-104.9026039,4/13/2021 10:57,10:57,15,0,0,35TH AVE E & QUEBEC ST N,1,1,0,0,1,1,0,0,30,0,0,0,0,0,4,2,8
,2021-18252,39.72533653,-104.9127829,4/13/2021 7:56,7:56,12,0,0,E 6TH AVE & N MONACO ST,1,1,0,0,1,3,0,0,30,0,0,0,0,0,4,2,13
,2021-18253,39.78026353,-104.9895499,4/12/2021 9:19,9:19,15,0,0,I-70 WB DISTRIBUTOR RAMP TO & I-25 SB,1,1,0,0,1,8,0,0,65,0,0,0,0,0,1,2,14
,2021-18254,39.78008352,-104.9406599,4/2/2021 14:46,14:46,15,0,0,I-70 & COLORADO BLVD N,1,1,0,0,1,4,0,0,65,0,0,0,0,0,1,2,1
,2021-18255,39.77804052,-104.8471054,4/13/2021 16:28,16:28,1,0,0,PEORIA ST N & 45TH AVE E,1,1,0,0,1,2,0,0,30,0,0,0,0,1,4,2,13
,2021-18256,39.70033354,-105.0297599,4/12/2021 16:37,16:37,3,0,0,W KENTUCKY AVE & S IRVING ST,1,1,0,0,1,1,0,0,25,0,0,0,0,0,4,2,13
,2021-18257,39.73817353,-104.9974299,4/12/2021 22:20,22:20,12,0,0,1300 BLK N SPEER BLVD & W 14TH AVE,1,3,0,0,1,3,0,0,35,0,0,0,0,0,4,2,13
,2021-18258,39.74378352,-104.9034499,4/9/2021 12:52,12:52,12,0,0,N QUEBEC ST & E 17TH AVE,1,1,0,0,1,4,0,0,30,0,0,0,0,1,4,2,3
,2021-18259,39.67862654,-105.0249814,3/22/2021 15:35,15:35,5,0,0,W EVANS AVE & S FEDERAL BLVD,1,1,0,0,3,4,0,0,30,0,0,0,0,0,4,1,5
,2021-18260,39.77176352,-104.9034799,4/13/2021 15:40,15:40,15,0,0,N QUEBEC ST & E SMITH RD,1,1,1,0,1,4,0,0,35,0,0,0,0,0,4,2,13
,2021-18261,39.70383353,-104.9511899,4/13/2021 7:30,7:30,5,0,0,3000 BLK E EXPOSITION AVE & S MILWAUKEE ST,1,1,0,0,3,4,0,0,30,0,0,0,0,0,4,1,3
,2021-18262,39.74440055,-105.0105911,4/12/2021 15:10,15:10,12,0,0,1600 BLK N SPEER BLVD & AURARIA PKWY,1,1,0,0,1,4,0,0,30,0,0,0,0,0,4,2,13
,2021-18263,39.69082112,-104.9748994,2/19/2021 11:25,11:25,12,0,0,I-25 & MM 206,1,1,0,0,1,4,0,0,60,0,0,0,0,0,1,2,16
,2021-18264,39.67891354,-104.9281999,4/12/2021 11:39,11:39,16,0,0,5005 E EVANS AVE & 5005 BLK E,1,1,0,0,5,7,0,0,35,0,0,0,0,0,3,1,16
,2021-18265,39.76929253,-105.0253144,4/12/2021 21:19,21:19,12,0,0,N FEDERAL BLVD & W 38TH AVE,1,1,0,0,1,1,0,0,40,0,0,0,0,0,2,2,1
,2021-18266,39.75292353,-104.9804599,4/13/2021 8:33,8:33,10,0,0,WELTON ST & 25TH ST,1,1,0,0,1,1,0,0,30,0,0,0,0,0,4,2,14
,2021-18267,39.62378354,-104.9016999,4/13/2021 16:30,16:30,15,0,0,I-25 SB & BELLEVIEW AVE E,1,1,0,0,1,4,0,0,65,0,0,0,0,0,1,2,13
,2021-18268,39.79840751,-104.7872825,4/12/2021 16:05,16:05,15,0,0,56TH AVE E & PENA BLVD,1,1,0,0,1,3,0,0,30,0,0,0,0,0,4,2,4
,2021-18269,39.65377354,-104.8847699,4/9/2021 13:25,13:25,12,0,0,3400 BLK S YOSEMITE ST & E HAMPDEN AVE,1,1,0,0,1,4,0,0,35,0,0,0,0,1,4,2,3
,2021-18270,39.72931353,-105.0150399,4/11/2021 20:41,20:41,15,0,0,I-25 SB EXIT GORE PT TO & 8TH AVE W,1,3,0,0,1,4,0,0,65,0,0,0,0,0,1,2,16
,2021-18271,39.78362951,-104.791364,4/13/2021 7:50,7:50,12,0,0,E GVR BLVD & PENA BLVD INBOUND,1,1,0,0,1,4,0,0,40,0,0,0,0,0,4,2,13
,2021-18272,39.78026353,-104.9895499,4/6/2021 6:35,6:35,15,0,0,I-70 WB DISTRIBUTOR RAMP & WASHINGTON ST,1,1,0,0,1,8,0,0,65,0,0,0,0,0,1,2,16
,2021-18273,39.69658353,-104.8899299,4/13/2021 19:53,19:53,12,0,0,8300 BLK W MISSISSIPPI AVE & S VALENTINA ST,1,3,0,0,1,3,0,0,35,0,0,0,0,1,4,2,16
,2021-18274,39.78459996,-104.8142246,4/13/2021 3:00,3:00,6,0,0,N FONTANA ST & E GATEWAY AVE,1,3,0,0,1,4,0,0,25,0,0,0,0,0,4,2,16
,2021-18275,39.71742353,-104.9768999,4/12/2021 15:20,15:20,6,0,0,30 BLK N EMERSON ST & 30 BLK N,1,1,0,0,1,4,0,0,25,0,0,0,0,0,4,2,3
,2021-18276,39.73839353,-104.9730099,4/13/2021 10:40,10:40,6,0,0,14TH AVE E & DOWNING ST N,1,1,0,0,1,1,0,0,30,0,0,0,0,0,4,2,13
,2021-18277,39.69849853,-104.9035984,4/12/2021 13:37,13:37,15,0,0,S QUEBEC ST & LEETSDALE DR,1,1,0,0,1,1,0,0,30,0,0,0,0,0,4,2,16
,2021-18278,39.70960354,-105.0532499,4/13/2021 14:23,14:23,1,0,0,SHERIDAN BLVD S & DAKOTA AVE W,1,1,1,0,1,1,0,0,40,0,0,0,0,0,2,2,13
,2021-18304,39.72926777,-104.9131251,3/26/2021 13:45,13:45,3,0,0,E 8TH AVE & N ABLION ST,1,1,0,0,1,1,0,0,25,0,0,0,0,0,4,2,13
,2021-18306,39.74339353,-104.9234399,3/24/2021 15:56,15:56,2,0,0,17TH AVE E & HUDSON ST N,1,1,0,0,1,1,0,0,25,1,0,0,0,0,4,2,7
,2021-18307,39.77420352,-104.8470299,4/6/2021 6:15,6:15,12,0,0,I-70 & PEORIA ST N,1,2,0,0,1,4,0,0,65,0,0,0,0,0,1,2,13
,2021-18349,39.75377353,-104.9984699,2/19/2021 23:13,23:13,10,0,0,18TH ST & WYNKOOP ST,1,3,0,0,1,1,0,0,25,0,0,0,0,0,4,2,1
,2021-18350,39.72569653,-105.0070579,2/24/2021 20:52,20:52,5,0,0,FEDERAL BLVD N & HWY 6 EB ON RAMP,7,3,0,2,4,1,0,0,35,0,0,0,0,0,2,1,16
,2021-18351,39.69295353,-104.9373599,3/22/2021 15:10,15:10,12,0,0,S BELLAIRE ST & E LOUISIANA AVE,1,1,0,0,1,3,0,0,25,0,0,0,0,0,4,2,3
,2021-18353,39.72136354,-105.0087999,3/7/2021 13:57,13:57,15,0,0,I-25 SB ON RAMP FROM & HWY 6 EB DISTRIBUTOR RAMP,1,1,0,0,1,8,0,0,55,0,0,0,0,0,1,2,1
,2021-18354,39.76073353,-104.9671799,3/14/2021 12:00,12:00,6,0,0,E 31ST AVE & N GILPIN ST,9,1,0,2,1,4,0,0,25,0,0,0,0,0,4,2,14
,2021-18355,39.68662353,-104.9127899,1/21/2021 11:51,11:51,14,1,0,MONACO ST (1600 BLOCK S) & IOWA  AVE E,1,1,0,0,1,4,0,0,35,0,0,0,0,4,4,2,13
,2021-18356,39.72566353,-105.0004199,3/21/2021 0:50,0:50,5,0,0,6TH AVE W & KALAMATH ST N,1,3,0,0,3,4,0,0,45,0,0,0,0,0,2,1,5
,2021-18357,39.75479353,-105.0458899,4/24/2021 13:05,13:05,5,1,0,26TH AVE (4500 BLOCK W) & N UTICA ST,1,4,0,0,2,4,0,0,30,0,0,0,0,4,4,1,13
,2021-18358,39.70041354,-105.0481099,3/5/2021 21:05,21:05,11,1,0,MORRISON RD & W KENTUCKY AVE,1,3,1,0,1,1,0,0,30,0,1,0,0,4,4,1,3
,2021-18359,39.73080353,-105.0153399,3/16/2021 17:37,17:37,12,0,0,I-25 & 6TH AVE W,11,1,1,2,1,4,0,0,55,0,0,0,0,0,1,2,14
,2021-18360,39.78008352,-104.9406599,3/3/2021 23:44,23:44,15,0,0,I-70 & COLORADO BLVD N,1,3,0,0,1,4,0,0,65,0,0,0,0,0,4,2,1
,2021-18361,39.76696353,-104.9714799,4/13/2021 8:15,8:15,6,0,0,36TH AVE E & LAFAYETTE ST N,1,1,0,0,1,4,0,0,25,0,0,0,0,0,4,2,16
,2021-18362,39.72558354,-105.0249099,3/17/2021 19:19,19:19,15,0,0,HWY 6 WB DISTRIBUTOR RAMP TO & FEDERAL BLVD N,1,2,0,0,1,8,0,0,65,0,0,0,0,0,2,2,16
,2021-18363,39.79766352,-104.8909199,3/16/2021 12:00,12:00,6,0,0,8374 E 55TH PL & 8374 BLK E,9,1,0,0,1,4,0,0,25,0,0,0,0,0,4,2,13
,2021-18364,39.71496354,-105.0336799,3/9/2021 13:14,13:14,6,0,0,W BAYAUD AVE & S KING ST,1,1,0,0,1,4,0,0,25,0,0,0,0,0,4,2,3
,2021-18365,39.63489354,-104.8933699,3/15/2021 23:18,23:18,5,0,0,I-225 NB/EB DISTRIBUTOR RAMP TO & DTC BLVD S,8,3,0,0,3,1,0,0,45,0,0,0,0,0,4,1,16
,2021-18366,39.77106353,-105.0454199,3/13/2021 12:00,12:00,6,0,0,39TH AVE W & UTICA ST N,11,1,0,1,1,4,0,0,25,0,0,0,0,0,4,2,7
,2021-18367,39.73520276,-105.0251339,3/22/2021 9:50,9:50,12,0,0,FEDERAL BLVD N & 12TH AVE W,1,1,0,0,1,3,0,0,35,0,0,0,0,0,2,2,14
,2021-18368,39.74014353,-104.9156799,4/2/2021 11:39,11:39,12,0,0,COLFAX AVE E & KRAMERIA ST,1,1,0,0,1,3,0,0,35,0,0,0,0,0,2,2,6
,2021-18369,39.75603353,-105.0235999,3/18/2021 20:26,20:26,3,0,0,W 27TH AVE & N ELIOT ST,1,3,0,0,1,1,0,0,,0,0,0,0,0,4,2,16
,2021-18370,39.72569653,-105.0001594,3/11/2021 13:45,13:45,12,0,0,W 6TH AVE & N KALAMATH ST,1,1,0,0,1,4,0,0,35,0,0,0,0,0,4,2,16
,2021-18371,39.76807353,-104.9656299,3/19/2021 12:00,12:00,6,0,0,37TH AVE E & HIGH ST N,1,1,0,0,1,4,0,0,35,0,0,0,0,0,4,2,5
,2021-18372,39.69935354,-105.0453399,3/7/2021 7:52,7:52,6,0,0,900 BLK S UTICA ST & W KENTUCKY AVE,1,1,1,0,1,4,0,0,25,0,0,0,0,0,4,2,16
,2021-18373,39.67725354,-105.0157799,2/25/2021 21:18,21:18,8,0,1,2100 BLK S ZUNI ST & W WARREN AVE,1,3,0,0,1,4,0,0,25,0,0,0,0,3,4,2,5
,2021-18374,39.73044353,-104.9873899,4/2/2021 15:41,15:41,3,0,0,N BROADWAY ST & E 9TH ST,1,1,0,0,1,1,0,0,30,0,0,0,0,0,4,2,8
,2021-18375,39.68293354,-104.9405399,3/13/2021 23:25,23:25,5,0,0,I-25 SB OFF RAMP TO & COLORADO BLVD (SB),4,3,1,2,2,8,0,0,35,0,0,0,0,0,2,1,13
,2021-18376,39.70137354,-104.9874399,3/20/2021 12:41,12:41,1,0,0,BROADWAY ST S & I-25 SB ON RAMP,1,1,0,0,1,1,0,0,30,0,0,0,0,0,4,2,13
,2021-18377,39.74749353,-104.9781699,3/16/2021 18:22,18:22,6,0,0,N WASHINGTON ST & E 20TH AVE,9,3,0,2,1,4,0,0,30,0,0,0,0,0,4,2,7
,2021-18378,39.72636353,-104.9555299,3/8/2021 11:00,11:00,6,0,0,CLAYTON ST N & 6TH AVE E,1,1,0,0,1,4,0,0,25,0,0,0,0,0,4,2,7
,2021-18380,39.78543351,-104.79795,3/10/2021 15:30,15:30,3,0,0,E 49TH AVE & N MEMPHIS ST,1,1,0,0,1,1,0,0,35,0,0,0,0,0,4,2,1
,2021-18381,39.75598353,-105.0143899,3/18/2021 20:23,20:23,15,0,0,2600 N SPEER BLVD & 2600 BLK N,1,3,0,0,1,4,0,0,,0,0,0,0,0,4,2,16
,2021-18382,39.66768354,-105.0318799,3/9/2021 18:07,18:07,1,0,2,YALE AVE W & KNOX CT S,1,2,0,0,1,1,0,0,35,0,0,0,1,3,4,2,3
,2021-18383,39.76322353,-105.0064299,3/7/2021 17:23,17:23,6,0,0,W 33RD AVE & N PECOS ST,1,1,0,0,1,4,0,0,25,0,0,0,0,0,4,2,1
,2021-18384,39.67335354,-104.9363999,3/8/2021 12:00,12:00,6,0,0,S BIRCH ST & E WESLEY AVE,1,1,0,0,1,3,0,0,25,0,0,0,0,0,4,2,16
,2021-18385,39.77642477,-105.0440008,3/9/2021 15:17,15:17,12,0,0,4300 BLK N TENNYSON ST & W 44TH AVE,1,1,1,0,1,4,0,0,30,0,0,0,0,0,4,2,16
,2021-18386,39.71288354,-105.0088599,3/31/2021 7:30,7:30,10,0,0,CEDAR AVE W & RARITAN ST S,1,1,0,0,1,1,0,0,25,0,0,0,0,0,4,2,1
,2021-18387,39.71100353,-104.9480099,4/6/2021 14:00,14:00,12,0,0,E ALAMEDA AVE & E CHERRY CREEK S DR,1,1,0,0,1,3,0,0,25,0,0,0,0,0,4,2,14
,2021-18388,39.79103843,-104.9848099,4/2/2021 13:05,13:05,5,0,0,52ND AVE E & 3300 BLK E,1,1,1,0,3,4,0,0,30,0,0,0,0,0,4,2,14
,2021-18389,39.72555353,-104.9009799,4/7/2021 13:46,13:46,12,0,0,6TH AVE E & QUEBEC ST S,1,1,0,0,1,3,0,0,25,0,0,0,0,0,4,2,2
,2021-18390,39.76807353,-104.9948099,3/23/2021 3:10,3:10,5,0,0,I-25 NB OFF RAMP LOOP TO & PARK AVE W,1,3,1,0,2,8,0,0,,0,0,0,0,0,1,1,14
,2021-18391,39.78026353,-104.9895499,4/7/2021 16:30,16:30,15,0,0,I-25 & I-70,1,1,0,0,1,4,0,0,65,0,0,0,0,0,1,2,13