id,drcog_id,latitude,longitude,crashtime,time,crashtype,numbkilled,numbinjurd,drcoglocat,rdconditin,lightngcon,roadcntgrd,weatherco,location,roaddescrp,schoolzone,constrzone,splimit,bikeinv,pedinv,sctrinv,motoinv,svrty,rdsystem,ttlvehcls,hcf
,2021-18392,39.69309854,-105.0251164,4/7/2021 18:45,18:45,12,0,0,FEDERAL BLVD S & LOUISIANA AVE W,1,1,0,0,1,1,0,0,30,0,0,0,0,0,2,2,3
,2021-18394,39.74719353,-104.9873499,4/4/2021 13:40,13:40,2,0,1,WELTON ST & 19TH ST,1,1,0,0,1,4,0,0,0,1,0,0,0,0,4,2,16
,2021-18395,39.72253753,-104.9407774,4/7/2021 16:40,16:40,3,0,0,COLORADO BLVD N & 4TH AVE E,1,1,1,0,1,1,0,0,25,0,0,0,0,0,2,2,8
,2021-18396,39.78371351,-104.7649,4/4/2021 18:59,18:59,9,0,2,GVR BLVD E & TOWER RD N,1,2,0,0,1,3,0,0,35,0,0,0,1,3,4,1,7
,2021-18397,39.70387354,-104.9862699,4/7/2021 16:25,16:25,12,0,0,E EXPOSITION AVE & S LINCOLN ST,1,1,0,0,1,3,0,0,25,0,0,0,0,0,4,2,3
,2021-18398,39.65308354,-104.9204499,4/7/2021 22:30,22:30,15,0,0,HAMPDEN AVE E & I-25 SB OFF RAMP,1,3,0,0,1,1,0,0,35,0,0,0,0,0,2,2,13
,2021-18399,39.75419353,-104.9857399,3/30/2021 12:00,12:00,6,0,0,CURTIS ST & 24TH ST,1,1,0,0,1,4,0,0,30,0,0,0,0,0,4,2,13
,2021-18402,39.73743353,-104.9986199,3/16/2021 22:27,22:27,12,0,0,1300 BLK N SANTA FE DR & W 14TH AVE,11,3,0,0,1,4,0,0,30,0,0,0,0,1,4,2,14
,2021-18404,39.71889353,-105.0001699,4/2/2021 13:30,13:30,6,0,0,100 BLK N KALAMATH ST & W 1ST AVE,1,1,0,0,1,4,0,0,25,0,0,0,0,0,4,2,16
,2021-18405,39.74043353,-104.9881199,3/10/2021 20:33,20:33,5,0,0,COLFAX AVE W & 101 COLFAX AVE W,1,3,0,0,3,4,0,0,30,0,0,0,0,0,2,1,5
,2021-18406,39.70060353,-104.9094099,4/7/2021 15:35,15:35,12,0,0,6700 BLK LEETSDALE DR & S MONACO ST,1,1,0,0,1,4,0,0,35,0,0,0,0,1,2,2,3
,2021-18407,39.76860353,-104.9993999,4/5/2021 6:56,6:56,6,0,0,3700 BLK N JASON ST & 3700 BLK N,1,2,0,0,1,4,0,0,25,0,0,0,0,0,4,2,3
,2021-18408,39.78008352,-104.9404999,4/7/2021 12:51,12:51,15,0,0,I-70 & COLORADO BLVD N,1,1,0,0,1,4,0,0,55,0,0,0,0,0,1,2,13
,2021-18409,39.73113354,-105.0332799,4/5/2021 3:50,3:50,6,0,0,9TH AVE W & KING ST N,1,3,0,0,2,3,0,0,25,0,0,0,0,0,4,2,13
,2021-18410,39.78326353,-105.0064199,4/5/2021 5:39,5:39,5,0,2,I-70 WB EXIT GORE PT TO & PECOS ST N,1,2,1,0,3,4,0,0,65,0,0,0,0,1,2,1,14
,2021-18411,39.75884629,-104.866195,4/4/2021 15:44,15:44,5,0,0,MLK BLVD E & 3700 BLK E,1,1,0,0,2,5,0,0,25,0,0,0,0,0,4,1,5
,2021-18412,39.77053353,-105.0041899,3/13/2021 0:59,0:59,6,0,0,N NAVAJO ST & W 39TH AVE,1,3,0,0,1,4,0,0,25,0,0,0,0,0,4,2,16
,2021-18413,39.73310354,-105.0532299,3/22/2021 20:15,20:15,12,0,0,SHERIDAN BLVD N & 10TH AVE W,1,3,0,0,1,1,0,0,35,0,0,0,0,0,2,2,16
,2021-18414,39.72527841,-105.1417334,4/7/2021 12:42,12:42,12,0,0,I-25 & 6TH AVE W,1,1,0,0,1,4,0,0,55,0,0,0,0,1,1,2,3
,2021-18415,39.63413354,-104.9067299,3/23/2021 23:35,23:35,12,1,0,I-25 & MM 80,9,3,1,2,1,4,0,0,65,0,0,0,0,4,1,2,14
,2021-18416,39.73847354,-105.0451699,4/4/2021 22:47,22:47,6,0,0,W 14TH AVE & N UTICA ST,1,3,0,0,1,4,0,0,25,0,0,0,0,0,4,2,5
,2021-18417,39.74043353,-105.0141499,4/4/2021 6:17,6:17,15,0,0,I-25 & COLFAX AVE W,1,1,0,0,1,4,0,0,55,0,0,0,0,0,1,2,16
,2021-18418,39.74001353,-104.9810999,4/5/2021 21:27,21:27,11,0,1,COLFAX AVE E & PENNSYLVANIA ST N,1,3,0,0,1,1,0,0,30,0,1,0,0,3,1,1,8
,2021-18419,39.75769352,-104.8855399,3/31/2021 3:26,3:26,5,0,0,E 29TH AVE & N XENIA ST,1,3,0,0,2,6,0,0,25,0,0,0,0,0,4,1,5
,2021-18420,39.70288353,-104.9128199,4/5/2021 7:40,7:40,3,0,0,LEETSDALE DR & MONACO ST S,1,1,1,0,1,2,0,0,35,0,0,0,0,0,2,2,16
,2021-18423,39.71657353,-104.9874899,4/4/2021 23:24,23:24,6,0,0,N BROADWAY ST & E ELLSWORTH AVE,1,3,0,0,1,4,0,0,30,0,0,0,0,0,4,2,13
,2021-18425,39.76575353,-104.9684099,4/7/2021 17:52,17:52,10,0,0,FRANKLIN ST N & 35TH AVE E,1,1,0,0,1,1,0,0,35,0,0,0,0,0,4,2,8
,2021-18426,39.77288352,-104.9406289,4/2/2021 16:20,16:20,1,0,0,COLORADO BLVD N & 40TH AVE E,1,1,0,0,1,1,0,0,40,0,0,0,0,0,2,2,13
,2021-18427,39.69849853,-104.9035984,4/6/2021 11:38,11:38,15,0,0,PARKER RD S & QUEBEC ST S,1,1,0,0,1,3,0,0,35,0,0,0,0,0,2,2,13
,2021-18430,39.74139353,-104.9988299,4/9/2021 14:56,14:56,15,0,0,STOUT ST & N SPEER BLVD,1,1,0,0,1,1,0,0,30,0,0,0,0,0,4,2,8
,2021-18431,39.75548353,-104.9910399,4/6/2021 14:13,14:13,6,0,1,MARKET ST & 22ND ST,1,1,0,0,1,1,0,0,30,0,0,0,0,2,4,2,5
,2021-18432,39.71505353,-104.9406899,4/6/2021 8:57,8:57,12,0,0,LEETSDALE DR & COLORADO BLVD S,1,1,0,0,1,1,0,0,35,0,0,0,0,0,2,2,13
,2021-18433,39.77393271,-104.8657399,4/7/2021 20:04,20:04,12,0,0,I-70 & HAVANA ST N,1,3,0,0,1,4,0,0,55,0,0,0,0,1,2,2,3
,2021-18434,39.72408474,-105.0579642,4/10/2021 18:19,18:19,10,0,2,KNOX CT N & 5TH AVE W,1,1,1,0,1,4,0,0,30,0,0,0,0,2,4,2,7
,2021-18437,39.74635353,-105.0251999,4/9/2021 16:01,16:01,1,0,2,FEDERAL BLVD N & 19TH AVE W,1,1,0,0,1,1,0,1,35,0,0,0,0,2,2,2,7
,2021-18438,39.69761354,-104.9874299,4/4/2021 9:58,9:58,5,0,0,BROADWAY ST S & 1000 BLK S,1,1,0,0,3,4,0,0,30,0,0,0,0,1,4,1,3
,2021-18439,39.62421222,-104.8898544,4/23/2021 12:32,12:32,15,0,0,BELLEVIEW AVE E & MONACO ST S,1,1,1,0,1,1,0,0,40,0,0,0,0,0,2,2,13
,2021-18440,39.74410353,-104.9883499,4/9/2021 12:03,12:03,3,0,0,17TH ST & TREMONT PL,1,1,0,0,1,1,0,0,25,0,0,0,0,1,4,2,8
,2021-18441,39.77637552,-104.8469614,4/9/2021 16:10,16:10,1,0,0,PEORIA ST N & 44TH AVE E,1,1,0,0,1,2,0,0,35,0,0,0,0,1,4,2,13
,2021-18444,39.74323353,-104.9726799,4/6/2021 11:58,11:58,1,0,2,PARK AVE & E 17TH AVE,1,1,0,0,1,1,0,0,30,0,0,0,0,2,4,2,13
,2021-18446,39.74397354,-105.0531999,4/7/2021 16:35,16:35,15,0,0,SHERIDAN BLVD N & 17TH AVE W,1,1,0,0,1,4,0,0,35,0,0,0,0,0,2,2,1
,2021-18450,39.77107452,-104.8464169,4/6/2021 15:11,15:11,3,0,0,PEORIA ST N & 39TH AVE E,1,1,0,0,1,1,0,0,30,0,0,0,0,0,4,2,13
,2021-18454,39.70019354,-104.9733899,4/5/2021 12:00,12:00,6,0,0,1100 BLK E KENTUCKY BLVD & S DOWNING ST,1,1,0,0,1,5,0,0,25,0,0,0,0,0,4,2,1
,2021-18457,39.78098352,-104.8470099,4/9/2021 16:32,16:32,1,0,0,PEORIA ST N & 46TH AVE (RD W),1,1,0,0,1,1,0,0,40,0,0,0,0,1,4,2,13
,2021-18458,39.72650353,-105.0001599,4/5/2021 8:08,8:08,10,0,0,600 BLK N KALAMATH ST & W 6TH AVE,1,1,0,0,1,1,0,0,30,0,0,0,0,0,4,2,13
,2021-18459,39.77727352,-104.8827699,4/6/2021 13:00,13:00,12,0,0,I-70 & CENTRAL PARK BLVD N,1,1,0,0,1,4,0,0,65,0,0,0,0,0,1,2,13
,2021-18460,39.72527841,-105.1417334,4/6/2021 12:41,12:41,15,0,0,I-25 & 6TH AVE W,1,1,0,0,1,4,0,0,55,0,0,0,0,0,1,2,13
,2021-18461,39.64639355,-105.0346399,4/6/2021 11:23,11:23,9,0,1,LOWELL BLVD S & MILAN AVE W,1,1,1,0,3,4,0,0,30,0,0,0,0,2,4,1,3
,2021-18462,39.70642354,-105.0431799,4/10/2021 20:26,20:26,6,0,0,500 BLK S STUART ST & W CENTER AVE,1,2,0,0,1,4,0,0,25,0,0,0,0,0,4,2,13
,2021-18463,39.69940354,-104.9874599,4/7/2021 18:05,18:05,12,0,0,900 BLK BROADWAY ST & E KENTUCKY AVE,1,1,0,0,1,3,0,0,35,0,0,0,0,0,4,2,13
,2021-18467,39.73679353,-104.9527999,4/6/2021 12:39,12:39,10,0,0,E 13TH AVE & N FILLMORE ST,1,1,0,0,1,1,0,0,35,0,0,0,0,0,4,2,14
,2021-18471,39.74019553,-105.0001549,4/4/2021 13:31,13:31,3,0,0,KALAMATH ST N & COLFAX AVE W,1,1,0,0,1,14,0,0,30,0,0,0,0,0,4,1,1
,2021-18473,39.72563353,-104.9874244,4/5/2021 9:32,9:32,15,0,0,6TH AVE W & BROADWAY ST N,1,1,0,0,1,4,0,0,35,0,0,0,0,0,4,2,13
,2021-18475,39.67845353,-104.9173699,4/6/2021 12:03,12:03,1,0,0,6200 BLK E EVANS AVE & S LEYDEN ST,1,1,1,0,1,2,0,0,35,0,0,0,0,0,4,2,13
,2021-18476,39.78013352,-104.9670799,4/6/2021 11:25,11:25,15,0,0,I-70 & BRIGHTON BLVD N,1,1,1,0,1,4,0,1,55,0,0,0,0,0,1,2,1
,2021-18477,39.71120354,-104.9991199,4/6/2021 13:03,13:03,12,0,0,I-25 SB & ALAMEDA AVE W,1,1,0,0,1,4,0,0,55,0,0,0,0,0,1,2,13
,2021-18479,39.72623353,-104.9406899,4/4/2021 1:11,1:11,12,0,0,COLORADO BLVD N & 600 BLK N,1,3,0,0,1,4,0,0,35,0,0,0,0,1,2,2,5
,2021-18480,39.74065353,-104.9120699,2/3/2021 18:10,18:10,12,0,0,1500 BLK N MONACO ST & E COLFAX AVE,1,1,0,0,1,1,0,0,35,0,0,0,0,0,4,2,14
,2021-18481,39.68309354,-104.9405399,4/10/2021 10:04,10:04,15,0,0,I-25 & COLORADO BLVD S,1,1,0,0,1,4,0,0,60,0,0,0,0,0,1,2,1
,2021-18482,39.75064353,-104.9799099,4/4/2021 15:10,15:10,3,0,0,TREMONT PL & 24TH ST,1,1,0,0,1,1,0,0,30,0,0,0,0,0,4,2,13
,2021-18483,39.72551353,-105.0133499,2/10/2021 8:45,8:45,12,0,0,HWY 6 EB EXIT GORE PT TO (NEW CONFIG) & I-25 SB/NB RAMPS,9,1,0,2,1,4,0,0,65,0,0,0,0,0,2,2,1
,2021-18484,39.73826353,-104.9711699,4/10/2021 20:30,20:30,6,0,0,1340 E 14TH AVE & LAFAYETTE,1,4,0,0,1,4,0,0,30,0,0,0,0,0,4,2,5
,2021-18485,39.63827354,-104.8947799,4/10/2021 17:56,17:56,1,0,0,QUNCY AVE E & TAMARAC ST S,1,1,1,0,1,1,0,0,35,0,0,0,0,0,4,2,14
,2021-18486,39.72527316,-105.1406688,4/8/2021 15:22,15:22,15,0,0,HWY 6 EB & I-25 SB OFF RAMP LOOP GORE PT,1,1,0,0,1,4,0,0,55,0,0,0,0,0,2,2,7
,2021-18487,39.74033353,-105.0369699,4/9/2021 17:36,17:36,12,0,0,COLFAX AVE W & NEWTON ST N,1,1,0,0,1,3,0,0,35,0,0,0,0,0,2,2,3
,2021-18488,39.79765439,-104.7416741,4/10/2021 2:15,2:15,6,0,0,TUSCON ST N & RANDOLPH PL E,1,3,0,0,1,4,0,0,,0,0,0,0,0,4,2,16
,2021-18489,39.67664354,-104.9316399,2/5/2021 3:37,3:37,5,0,0,S DAHLIA ST & E WARREN AVE,1,4,0,0,4,1,0,0,25,0,0,0,0,0,4,1,5
,2021-18490,39.70337353,-104.9126799,2/10/2021 11:51,11:51,12,0,0,700 BLK S MONACO ST & LEETSDALE DR,1,1,1,0,1,3,0,0,35,0,0,0,0,0,4,2,14
,2021-18491,39.68519354,-104.9405999,2/4/2021 17:27,17:27,12,0,0,COLORADO BLVD S & MEXICO AVE E,1,1,0,0,1,4,0,0,35,0,0,0,0,0,2,2,14
,2021-18492,39.73508353,-104.9406499,4/4/2021 15:02,15:02,1,0,0,E 12TH AVE & N COLORADO BLVD,1,1,0,0,1,1,0,0,35,0,0,0,0,0,2,2,1
,2021-18493,39.74001353,-104.9823199,4/10/2021 18:19,18:19,3,0,0,COLFAX AVE E & LOGAN ST N,1,1,0,0,1,1,0,0,30,0,0,0,0,0,2,2,13
,2021-18518,39.63144355,-105.0253899,4/6/2021 19:00,19:00,1,0,0,FEDERAL BLVD S & UNION AVE W,11,2,3,0,1,1,0,0,35,0,0,0,0,0,2,2,16
,2021-18548,39.65303354,-104.9374299,3/29/2021 11:59,11:59,12,0,0,HAMPDEN AVE E & BELLAIRE ST S,1,1,1,0,1,3,0,0,35,0,0,0,0,0,2,3,16
,2021-18549,39.77841352,-104.9035599,3/22/2021 17:23,17:23,15,0,0,I-70 & QUEBEC ST N,1,1,0,0,1,4,0,0,55,0,0,0,0,1,1,2,13
,2021-18558,39.75601353,-105.0251399,4/11/2021 1:46,1:46,12,0,0,FEDERAL BLVD N & 27TH AVE W,1,4,0,0,1,4,0,0,,0,0,0,0,0,2,2,13
,2021-18570,39.76929253,-105.0253144,2/13/2021 18:51,18:51,12,0,0,W 38TH AVE & N FEDERAL BLVD,9,3,0,2,1,1,0,0,35,0,0,0,0,0,2,2,13
,2021-18571,39.76325353,-104.9733299,4/10/2021 21:43,21:43,10,0,0,E 33RD AVE & N DOWNING ST,1,3,0,0,1,1,0,0,30,0,0,0,0,0,4,2,13
,2021-18572,39.74032353,-105.0334099,4/11/2021 1:53,1:53,12,0,0,COLFAX AVE W & KING ST N,1,3,0,0,1,3,0,0,35,0,0,0,0,0,2,2,16
,2021-18573,39.72843353,-105.0001699,4/7/2021 10:55,10:55,8,0,0,N KALAMATH ST & W 8TH AVE,1,1,0,0,1,1,0,0,30,0,0,0,0,0,4,2,8
,2021-18574,39.75724353,-105.0252699,2/8/2021 17:38,17:38,12,0,0,FEDERAL BLVD N & 28TH AVE W,1,4,0,0,1,4,0,0,35,0,0,0,0,0,2,2,1
,2021-18575,39.66774354,-104.9866399,3/23/2021 16:07,16:07,6,0,0,0 BLK E YALE AVE & S BROADWAY ST,11,1,1,0,1,4,0,0,30,0,0,0,0,0,4,2,5
,2021-18576,39.72013353,-104.9950699,2/8/2021 9:32,9:32,6,0,0,200 BLK N FOX ST & W 3RD AVE,1,1,0,0,1,4,0,0,25,0,0,0,0,0,4,2,16
,2021-18577,39.72472354,-105.0532499,3/23/2021 8:22,8:22,15,0,0,W 6TH AVE & N SHERIDAN BLVD,1,1,0,0,1,4,0,0,65,0,0,0,0,0,4,2,5
,2021-18578,39.77713352,-104.8829699,3/7/2021 18:47,18:47,12,0,1,I-70 & CENTRAL PARK BLVD N,1,3,0,0,1,4,0,0,65,0,0,0,0,3,1,2,1
,2021-18579,39.69672354,-105.0086999,3/24/2021 13:00,13:00,12,0,0,S RARITAN ST & W MISSISSIPPI AVE,1,1,0,0,1,1,0,0,25,0,0,0,0,0,4,2,14
,2021-18580,39.74744052,-104.8917252,3/19/2021 4:16,4:16,5,0,0,5400 BLK E MONTVIEW AVE & 5400 BLK E,1,3,0,0,3,4,0,0,35,0,0,0,0,0,4,1,5
,2021-18581,39.72727353,-104.9823499,3/22/2021 15:00,15:00,10,0,0,E 7TH AVE & N LOGAN ST,1,1,0,0,1,1,0,0,25,0,0,0,0,0,4,2,3
,2021-18582,39.77883877,-104.8246484,4/14/2021 0:08,0:08,3,0,0,E 46TH AVE & N GRANBY WAY,1,3,0,0,1,1,0,0,25,0,0,0,0,0,4,2,3
,2021-18583,39.67681354,-105.0156799,2/17/2021 20:00,20:00,3,0,0,S ZUNI ST & W WARREN AVE,4,3,0,2,1,1,0,0,25,0,0,0,0,0,4,2,16
,2021-18584,39.69021353,-104.9406299,4/11/2021 0:57,0:57,15,0,0,COLORADO BLVD S & FLORIDA AVE E,1,3,0,0,1,4,0,0,35,0,0,0,0,0,2,2,1
,2021-18585,39.72569653,-105.0070579,4/14/2021 7:14,7:14,3,0,0,FEDERAL BLVD N & HWY 6 EB OFF RAMP,1,1,0,0,1,1,0,0,35,0,0,0,0,0,2,2,14
,2021-18586,39.70642354,-104.9967799,4/10/2021 22:26,22:26,12,0,0,I-25 & SANTA FE DR S,1,3,1,0,1,4,0,0,55,0,0,0,0,1,1,2,13
,2021-18587,39.76828353,-104.9762399,4/14/2021 7:08,7:08,10,0,0,BLAKE ST & 35TH ST,1,1,0,0,1,4,0,0,30,0,0,0,0,0,4,2,13
,2021-18588,39.68228054,-105.0531784,2/19/2021 10:51,10:51,12,0,0,SHERIDAN BLVD S & JEWELL AVE W,1,1,1,0,1,3,0,0,40,0,0,0,0,0,2,2,3
,2021-18589,39.74406353,-104.9835799,3/11/2021 22:46,22:46,3,0,0,GRANT ST N & 17TH AVE E,1,1,0,0,1,2,0,0,30,0,0,0,0,0,4,2,3
,2021-18590,39.78010353,-104.9895499,4/7/2021 11:13,11:13,12,0,0,I-70 EB EXIT GORE PT TO & I-25 SB/NB RAMPS,1,1,0,0,1,4,0,0,65,0,0,0,0,1,1,2,13
,2021-18591,39.74014353,-104.9790099,3/5/2021 20:30,20:30,6,0,0,COLFAX AVE E & 629 E COLFAX AVE,1,3,0,0,1,4,0,0,30,0,0,0,0,0,2,2,13
,2021-18592,39.79837352,-104.8843799,4/5/2021 17:26,17:26,11,0,1,CENTRAL PARK BLVD N & 56TH AVE E,1,1,0,0,1,1,0,0,35,0,1,0,0,2,4,1,7
,2021-18593,39.69670754,-104.9929099,4/5/2021 11:55,11:55,15,0,0,PLATTE RIVER DR S & MISSISSIPPI AVE W,1,1,0,0,1,1,0,0,45,0,0,0,0,1,2,2,8
,2021-18594,39.77967353,-104.9791499,2/23/2021 8:52,8:52,15,0,0,I-70 & WASHINGTON ST N,1,1,0,0,1,4,0,0,55,0,0,0,0,0,2,2,14
,2021-18595,39.77831352,-104.9222799,2/26/2021 20:44,20:44,12,0,0,I-70 & HOLLY ST N,1,3,0,0,1,4,0,0,55,0,0,0,0,0,1,2,3
,2021-18596,39.77286352,-104.8338199,4/5/2021 14:44,14:44,12,0,0,I-70 EB EXIT GORE PT TO & I-225 SB,1,1,0,0,1,4,0,0,65,0,0,0,0,1,1,2,13
,2021-18597,39.78939353,-105.0189799,3/20/2021 3:00,3:00,6,0,0,5100 BLK N BRYANT ST & W 52ND AVE,1,3,0,0,1,4,0,0,25,0,0,0,0,0,4,2,1
,2021-18598,39.74378353,-104.9500399,4/5/2021 16:54,16:54,6,0,0,N STEELE ST & E 17TH AVE,1,1,0,0,1,4,0,0,35,0,0,0,0,0,4,2,14
,2021-18599,39.77957952,-104.8471054,4/5/2021 9:50,9:50,1,0,0,N PEORIA ST & E 46TH AVE,1,1,0,0,1,1,0,0,40,0,0,0,0,0,4,2,13
,2021-18600,39.74018353,-104.9574199,3/24/2021 12:10,12:10,12,0,0,COLFAX AVE E & COLUMBINE ST N,1,1,0,0,1,1,0,0,35,0,0,0,0,0,2,2,13
,2021-18601,39.78238352,-104.8469999,3/18/2021 6:55,6:55,15,0,0,N PEORIA ST & E 47TH AVE,1,1,0,0,1,3,0,0,30,0,0,0,0,0,4,2,1
,2021-18602,39.73167353,-104.9081399,4/5/2021 10:10,10:10,3,0,0,N ONEIDA ST & E 10TH AVE,1,1,0,0,1,1,0,0,25,0,0,0,0,0,4,2,7
,2021-18603,39.76807353,-104.9948099,3/25/2021 7:15,7:15,15,0,0,I-25 & PARK AVE W,1,1,0,0,1,4,0,0,65,0,0,0,0,0,1,2,13
,2021-18604,39.77987352,-104.9671599,3/6/2021 20:53,20:53,5,0,0,I-70 EB ON RAMP FROM & BRIGHTON BLVD N,1,3,0,0,3,8,0,0,25,0,0,0,0,0,1,1,9
,2021-18605,39.72575354,-105.0351099,3/23/2021 16:17,16:17,12,0,0,W 6TH AVE FR (NOT CDOT) & N LOWELL BLVD,1,1,0,0,1,3,0,0,30,0,0,0,0,0,4,2,1
,2021-18606,39.77420352,-104.8470299,4/5/2021 15:47,15:47,12,0,0,I-70 & PEORIA ST N,1,1,0,0,1,4,0,0,65,0,0,0,0,0,1,2,13
,2021-18607,39.68293354,-104.9405399,4/5/2021 17:30,17:30,12,0,0,I-25 SB EXIT GORE PT TO & COLORADO BLVD SB,1,1,0,0,1,4,0,0,65,0,0,0,0,0,2,2,3
,2021-18608,39.74325353,-104.9775299,4/5/2021 16:40,16:40,10,0,0,17TH AVE E & CLARKSON ST N,1,1,0,0,1,1,0,0,30,0,0,0,0,0,4,2,13
,2021-18609,39.74220353,-104.9874099,4/5/2021 14:58,14:58,10,0,0,BROADWAY ST N & CLEVELAND PL,1,1,0,0,1,1,0,0,30,0,0,0,0,0,4,2,13
,2021-18610,39.67845554,-104.9222509,4/5/2021 14:45,14:45,15,0,0,E EVANS AVE & S HOLLY ST,1,1,0,0,1,3,0,0,35,0,0,0,0,0,4,2,3
,2021-18611,39.77108351,-104.74522,3/30/2021 6:25,6:25,6,0,0,E 40TH AVE & N LISBON ST,4,2,0,2,1,4,0,0,25,0,0,0,0,0,4,2,13
,2021-18612,39.74013353,-104.9441499,2/27/2021 12:50,12:50,6,0,0,COLFAX AVE E & GARFIELD ST N,1,1,0,0,1,4,0,0,30,0,0,0,0,0,2,2,7
,2021-18613,39.72465354,-105.0334999,4/4/2021 22:28,22:28,5,0,0,500 BLK N KING ST & W 6TH AVE,1,4,0,0,4,4,0,0,25,0,0,0,0,0,4,1,5
,2021-18614,39.69839354,-104.9593199,4/5/2021 16:30,16:30,1,0,0,S UNIVERSITY BLVD & E TENNESSEE AVE,1,1,0,0,1,1,0,0,30,0,0,0,0,0,4,2,3
,2021-18615,39.77286352,-104.8338299,3/27/2021 4:35,4:35,15,0,0,I-70 EB ON RAMP FROM & I-25 NB RAMP SLIP,1,3,0,0,1,8,0,0,55,0,0,0,0,0,1,2,1
,2021-18616,39.76927353,-105.0240599,4/5/2021 16:29,16:29,12,0,0,2900 BLK W 38TH AVE & N FEDERAL BLVD,1,1,1,0,1,4,0,0,15,0,0,0,0,0,4,2,13
,2021-18617,39.76084103,-105.0040802,3/27/2021 12:30,12:30,12,0,0,20TH ST & I-25 NB ON RAMP,1,1,0,0,1,1,0,0,30,0,0,0,0,0,4,2,4
,2021-18618,39.77703352,-104.8800199,4/4/2021 12:02,12:02,12,0,0,I-70 WB ENT GORE PT FROM & CENTRAL PARK BLVD,1,1,0,0,1,4,0,0,65,0,0,0,0,0,1,2,4
,2021-18619,39.76962352,-104.8470199,4/5/2021 11:50,11:50,12,0,0,N PEORIA ST & E 38TH AVE,1,1,1,0,1,4,0,0,40,0,0,0,0,0,4,2,13
,2021-18620,39.68949354,-105.0203699,4/3/2021 7:25,7:25,3,0,0,W FLORIDA AVE & S CLAY ST,1,1,1,0,1,1,0,0,30,0,0,0,0,0,4,2,1
,2021-18637,39.78348352,-104.9003899,4/5/2021 11:20,11:20,15,0,0,QUEBEC ST S & I-270 WB RAMPS,1,1,0,0,1,1,0,0,40,0,0,0,0,0,4,2,3
,2021-18639,39.71652354,-105.0472399,2/28/2021 0:41,0:41,6,0,0,4700 BLK W ELLSWORTH AVE & N WOLFF ST,1,3,1,0,1,4,0,0,25,0,0,0,0,0,4,2,3
,2021-18644,39.80555351,-104.77218,4/5/2021 19:28,19:28,10,0,0,N TOWER RD & E 60TH AVE,1,2,0,0,1,1,0,0,45,0,0,0,1,1,4,2,7
,2021-18645,39.74000353,-104.9776299,3/5/2021 14:15,14:15,12,0,0,COLFAX AVE E & CLARKSON ST N,1,1,0,0,1,3,0,0,30,0,0,0,0,0,2,2,16
,2021-18646,39.78542352,-104.8931899,4/5/2021 10:30,10:30,10,0,0,E NORTHFIELD BLVD & N UINTA ST,1,1,0,0,1,1,0,0,40,0,0,0,0,0,4,2,13
,2021-18647,39.62387354,-104.8993199,4/5/2021 19:00,19:00,12,0,0,S SYRACUSE ST & E BELLEVIEW AVE,1,1,0,0,1,3,0,0,25,0,0,0,0,0,4,2,3
,2021-18648,39.72142353,-104.9035299,3/2/2021 7:39,7:39,3,0,0,E 3RD AVE & N QUEBEC ST,1,1,0,0,1,1,0,0,30,0,0,0,0,0,4,2,14
,2021-18649,39.77029353,-104.9719099,4/5/2021 21:00,21:00,1,0,0,WALNUT ST & N MARION ST,1,3,0,0,1,1,0,0,25,0,0,0,0,0,4,2,7
,2021-18651,39.75868333,-105.0078119,2/28/2021 16:39,16:39,12,0,0,I-25 NB OFF RAMP TO & 17TH ST,1,1,0,0,1,8,0,0,30,0,0,0,0,0,4,2,16
,2021-18652,39.74733024,-105.008077,2/27/2021 21:25,21:25,5,0,0,SPEER BLVD N & CHOPPER CIR,1,3,0,0,3,4,0,0,35,0,0,0,0,0,4,1,5
,2021-18653,39.71111353,-104.9803699,3/1/2021 14:50,14:50,12,0,0,E ALAMEDA AVE & S PEARL ST,1,1,0,0,1,3,0,0,30,0,0,0,0,0,4,2,16
,2021-18667,39.72093353,-104.9874399,3/25/2021 11:27,11:27,3,0,0,3RD AVE E & BROADWAY ST N,1,1,0,0,1,1,0,0,35,0,0,0,0,1,4,2,3
,2021-18672,39.68167354,-105.0415499,2/15/2021 6:00,6:00,5,0,0,1937 S QUITMAN ST & PRIVATE PROPERTY,9,2,0,0,3,4,0,0,25,0,0,0,0,0,4,1,13
,2021-18675,39.78003353,-104.9891799,3/25/2021 14:15,14:15,12,0,0,I-25 & I-70,1,1,0,0,1,4,0,0,45,0,0,0,0,0,1,2,13
,2021-18677,39.74745352,-104.8846499,3/25/2021 14:05,14:05,15,0,0,N CENTRAL PARK BLVD & E MONTVIEW BLVD,1,1,0,0,1,3,0,0,30,0,0,0,0,0,4,2,4
,2021-18679,39.72551353,-105.0133499,3/10/2021 17:36,17:36,15,0,0,I-25 & 6TH AVE W,1,1,0,0,1,4,0,0,65,0,0,0,0,0,1,2,1
,2021-18680,39.73345353,-104.8986499,2/19/2021 22:00,22:00,1,0,0,SYRACUSE ST N & 11TH AVE E,1,3,0,0,1,2,0,0,30,0,0,0,0,0,4,2,16
,2021-18681,39.65308454,-104.8848559,4/5/2021 22:53,22:53,12,0,0,S YOSEMITE ST & E HAMPDEN AVE,1,3,1,0,1,1,0,0,35,0,0,0,0,0,2,2,13