id,drcog_id,latitude,longitude,crashtime,time,crashtype,numbkilled,numbinjurd,drcoglocat,rdconditin,lightngcon,roadcntgrd,weatherco,location,roaddescrp,schoolzone,constrzone,splimit,bikeinv,pedinv,sctrinv,motoinv,svrty,rdsystem,ttlvehcls,hcf
,2021-18684,39.74005883,-104.9793015,3/1/2021 15:50,15:50,15,0,0,COLFAX AVE E & COLORADO BLVD N,1,1,0,0,1,1,0,0,35,0,0,0,0,0,2,2,13
,2021-18685,39.67845554,-104.9222509,3/3/2021 16:03,16:03,3,0,0,HOLLY ST S & EVANS AVE E,1,1,1,0,1,2,0,0,35,0,0,0,0,0,4,2,13
,2021-18686,39.79110353,-105.0251799,4/6/2021 7:20,7:20,12,0,0,FEDERAL BLVD N & 52ND AVE W,1,1,0,0,1,1,0,0,35,0,0,0,0,0,2,2,3
,2021-18687,39.78461352,-104.8720799,4/6/2021 5:30,5:30,6,0,0,4800 BLK N FLORENCE ST & E 47TH AVE,1,3,0,0,1,2,0,0,25,0,0,0,0,0,4,2,2
,2021-18689,39.77961351,-104.80489,2/26/2021 17:02,17:02,6,0,2,BOLLING DR E & JOPLIN ST N,11,1,0,0,1,4,0,0,,0,0,0,0,2,4,1,16
,2021-18690,39.74139353,-104.9988299,2/26/2021 20:28,20:28,3,0,0,SPEER BLVD N & STOUT ST,1,3,0,0,1,14,0,0,15,0,0,0,0,0,4,1,1
,2021-18692,39.72743354,-105.0340099,3/9/2021 2:00,2:00,6,0,0,3500 BLK W 7TH AVE & N LOWELL BLVD,1,4,0,0,1,4,0,0,25,0,0,0,0,0,4,2,14
,2021-18693,39.75361353,-104.9824899,4/6/2021 7:30,7:30,16,0,0,STOUT ST & 2432 STOUT ST,11,1,1,0,1,3,0,0,0,1,1,0,0,1,4,1,16
,2021-18694,39.76193052,-104.9027344,3/5/2021 9:54,9:54,5,0,0,MLK BLVD E & QUEBEC ST N,4,1,0,0,6,4,0,0,30,0,0,0,0,0,4,1,16
,2021-18695,39.78003353,-104.9891799,3/11/2021 7:20,7:20,15,0,0,I-70 & I-25,1,1,1,0,1,4,0,0,65,0,0,0,0,0,1,2,13
,2021-18696,39.77420352,-104.8470299,4/6/2021 7:35,7:35,12,0,0,I-70 & PEORIA ST N,1,1,1,0,1,4,0,0,55,0,0,0,0,0,1,2,13
,2021-18709,39.69669854,-104.9918704,3/5/2021 15:55,15:55,1,0,0,W MISSISSIPPI AVE & S SANTA FE DR,1,1,0,0,1,1,0,0,30,0,0,0,0,0,4,2,14
,2021-18710,39.73298353,-105.0251499,3/1/2021 23:25,23:25,15,0,0,FEDERAL BLVD N & 10TH AVE W,1,3,0,0,1,4,0,0,35,0,0,0,0,0,2,2,14
,2021-18711,39.75877353,-104.9868199,3/9/2021 9:15,9:15,6,0,0,2500 BLK WALNUT ST & 26TH ST,1,1,0,0,1,4,0,0,30,0,0,0,0,0,4,2,3
,2021-18712,39.68293354,-104.9405399,2/20/2021 0:30,0:30,12,0,0,I-25 & COLORADO BLVD S,1,3,0,0,1,4,0,0,60,0,0,0,0,0,1,2,13
,2021-18714,39.65307354,-104.9182499,3/21/2021 4:40,4:40,5,0,1,I-25 & HAMPDEN AVE E,1,3,1,0,3,4,0,0,65,0,0,0,0,2,1,1,5
,2021-18716,39.77727352,-104.8827799,2/21/2021 18:40,18:40,12,0,0,I-70 WB OFF RAMP TO & CENTRAL PARK BLVD N,1,4,0,0,1,8,0,0,55,0,0,0,0,0,1,2,3
,2021-18717,39.77468351,-104.73786,3/13/2021 6:00,6:00,6,0,0,41ST PL E & 21517 E 41ST PL,4,1,1,2,1,4,0,0,25,0,0,0,0,0,4,2,13
,2021-18718,39.74011353,-104.9587899,3/30/2021 19:42,19:42,3,0,1,COLFAX AVE E & JOSEPHINE ST N,1,3,0,0,1,1,0,0,35,0,0,0,0,3,2,2,14
,2021-18719,39.74013253,-104.9873794,2/26/2021 0:13,0:13,3,0,1,N BROADWAY ST & W COLFAX AVE,1,3,0,0,1,1,0,0,30,0,0,0,0,1,4,2,9
,2021-18722,39.73200354,-105.0416399,4/9/2021 8:15,8:15,6,0,0,900 BLK N RALEIGH ST & W 10TH AVE,1,1,1,0,1,4,0,0,25,0,0,0,0,0,4,2,3
,2021-18723,39.74893453,-104.9873749,2/26/2021 17:00,17:00,15,0,0,20TH ST & N BROADWAY ST,1,1,0,0,1,1,0,0,30,0,0,0,0,0,4,2,7
,2021-18724,39.65308454,-104.8848559,3/29/2021 14:02,14:02,15,0,0,HAMPDEN AVE E & YOSEMITE ST S,1,1,0,0,1,3,0,0,45,0,0,0,0,0,2,2,13
,2021-18725,39.74032353,-105.0334099,2/26/2021 14:25,14:25,3,0,0,COLFAX AVE W & KING ST N,11,1,0,0,1,1,0,0,,0,0,0,0,0,2,2,16
,2021-18726,39.67845353,-104.9104999,3/31/2021 15:15,15:15,15,0,0,6500 BLK E EVANS AVE & S MONACO ST,1,1,0,0,1,3,0,0,35,0,0,0,0,0,4,2,13
,2021-18727,39.70642354,-104.9967799,4/2/2021 23:25,23:25,9,0,0,I-25 & SANTA FE DR S,1,4,0,0,1,4,0,0,60,0,0,0,0,0,1,1,16
,2021-18728,39.71116354,-105.0191499,3/12/2021 20:00,20:00,12,0,0,ALAMEDA AVE W & CANOSA CT S,1,3,1,0,1,4,0,0,,0,0,0,0,0,2,2,16
,2021-18729,39.78312187,-104.8470955,3/18/2021 3:18,3:18,5,0,0,I-70 & PEORIA ST N,11,3,0,0,3,4,0,0,55,0,0,0,0,0,1,1,13
,2021-18730,39.67769354,-105.0250399,3/18/2021 21:28,21:28,11,0,1,FEDERAL BLVD S & EVANS AVE W,1,3,0,0,1,4,0,0,0,0,1,0,0,3,2,1,16
,2021-18731,39.75118353,-105.0393099,4/6/2021 1:24,1:24,6,0,0,N PERRY ST & W 23RD AVE,1,3,0,0,1,4,0,0,25,0,0,0,0,0,4,2,16
,2021-18732,39.75361353,-105.0260399,3/24/2021 10:30,10:30,6,0,0,3000 BLK W 25TH AVE & N GROVE ST,1,1,1,0,1,4,0,0,25,0,0,0,0,0,4,2,16
,2021-18733,39.77400352,-104.8470299,3/16/2021 7:00,7:00,15,0,0,I-70 & PEORIA ST N,4,1,0,0,1,4,0,0,65,0,0,0,0,0,1,2,14
,2021-18734,39.76115353,-105.0047499,3/11/2021 15:35,15:35,15,0,0,I-25 & 20TH ST,1,1,0,0,1,4,0,0,65,0,0,0,0,0,1,2,16
,2021-18735,39.75760353,-104.9720299,3/25/2021 22:37,22:37,5,0,0,2800 BLK N MARION ST & 2800 BLK N,1,3,0,0,2,4,0,1,25,0,0,0,0,0,4,1,5
,2021-18736,39.75174353,-104.9958599,2/24/2021 23:50,23:50,3,0,0,18TH ST & MARKET ST,9,3,0,2,1,1,0,0,30,0,0,0,0,1,4,2,13
,2021-18737,39.77288352,-104.9406289,3/27/2021 3:01,3:01,12,0,0,COLORADO BLVD N & 40TH AVE E,1,3,0,0,1,1,0,0,35,0,0,0,0,0,2,2,14
,2021-18738,39.77483351,-104.75339,3/24/2021 17:20,17:20,12,0,0,42ND AVE E & HIMALAYA RD N,1,1,0,0,1,1,0,0,25,0,0,0,0,0,4,2,16
,2021-18739,39.70665354,-104.9965899,2/25/2021 21:27,21:27,5,0,0,I-25 SB OFF RAMP TO & SANTA FE DR S,4,3,1,0,3,8,0,0,45,0,0,0,0,0,1,2,1
,2021-18740,39.74558353,-104.9951399,3/24/2021 10:56,10:56,6,0,0,15TH ST & CHAMPA ST,1,1,0,0,1,4,0,0,25,0,0,0,0,0,4,2,14
,2021-18741,39.72412353,-104.9985699,4/10/2021 17:47,17:47,3,0,0,W 5TH AVE & N SANTA FE DR,1,1,0,0,1,1,0,0,25,0,0,0,0,0,4,2,13
,2021-18742,39.77582352,-104.8657299,3/25/2021 6:25,6:25,12,0,0,I-70 & HAVANA ST N,1,2,0,0,1,4,0,1,65,0,0,0,0,1,1,2,1
,2021-18743,39.76028352,-104.8901799,3/19/2021 15:30,15:30,15,0,0,CENTRAL PARK BLVD N & MLK BLVD E,1,1,0,0,1,1,0,0,35,0,0,0,0,0,4,2,1
,2021-18744,39.73726353,-104.9034499,2/21/2021 17:33,17:33,3,0,0,13TH AVE E & QUEBEC ST N,1,2,0,0,1,1,0,0,30,0,0,0,0,0,4,2,16
,2021-18745,39.67423354,-105.0250599,4/10/2021 17:16,17:16,12,0,0,FEDERAL BLVD S & ILIFF AVE W,1,1,0,0,1,1,0,0,35,0,0,0,0,0,2,2,5
,2021-18746,39.72527841,-105.1417334,4/9/2021 10:26,10:26,9,0,0,I-25 & 6TH AVE W,1,1,1,0,1,4,0,0,25,0,0,0,0,0,1,1,16
,2021-18747,39.74744352,-104.8846499,4/1/2021 20:51,20:51,3,0,0,N YOSEMITE ST & E MONTVIEW BLVD,1,3,0,0,1,1,0,0,30,0,0,0,0,1,4,2,3
,2021-18748,39.68472354,-104.9594399,4/9/2021 5:25,5:25,12,0,0,I-25 & UNIVERSITY BLVD S,1,2,0,0,1,4,0,0,65,0,0,0,0,0,1,2,13
,2021-18749,39.76115353,-105.0047499,4/9/2021 10:30,10:30,12,0,0,I-25 & 20TH ST,1,1,0,0,1,4,0,0,65,0,0,0,0,0,1,2,13
,2021-18750,39.74551353,-104.9848399,4/15/2021 17:45,17:45,12,0,0,1800 BLK N SHERMAN ST & N LINCOLN ST,4,2,0,2,1,4,0,0,35,0,0,0,0,0,4,3,1
,2021-18751,39.70199354,-104.9862599,4/9/2021 10:02,10:02,15,0,0,I-25 NB OFF RAMP TO & LINCOLN ST S,1,1,1,0,1,8,0,0,30,0,0,0,0,0,1,2,13
,2021-18752,39.67274353,-104.8752999,4/5/2021 17:00,17:00,6,0,0,2400 BLK S DAYTON WAY & E ILIFF AVE,1,1,1,0,1,4,0,0,30,0,0,0,0,0,4,3,1
,2021-18753,39.75709353,-104.9906999,4/9/2021 10:45,10:45,3,0,0,BLAKE ST & PARK AVE W,1,1,0,0,1,1,0,0,25,0,0,0,0,1,4,2,14
,2021-18754,39.76095402,-104.8975909,4/8/2021 22:27,22:27,6,0,0,17TH AVE & N SPRUCE ST,1,3,0,0,1,4,0,0,25,0,0,0,0,0,4,2,16
,2021-18755,39.73926353,-104.9161499,4/8/2021 14:13,14:13,3,0,0,KRAMERIA ST N & 14TH AVE E,1,1,0,0,1,2,0,0,25,0,0,0,0,0,4,2,3
,2021-18756,39.71181535,-105.0191703,4/3/2021 16:58,16:58,11,0,1,CANOSA CT S & ALAMEDA AVE W,1,1,1,0,1,4,0,0,25,0,1,0,0,2,4,1,5
,2021-18757,39.76735213,-104.9960765,4/7/2021 11:53,11:53,15,0,0,I-25 NB OFF RAMP LOOP GORE PT TO & PARK AVE W,1,1,0,0,1,8,0,0,65,0,0,0,0,0,1,2,1
,2021-18758,39.66761354,-104.9257499,4/9/2021 10:21,10:21,15,0,0,I-25 & YALE AVE E,1,1,0,0,1,4,0,0,60,0,0,0,0,0,2,2,7
,2021-18759,39.77400352,-104.8470199,4/9/2021 8:55,8:55,12,0,0,I-70 & PEORIA ST N,1,1,0,0,1,4,0,0,55,0,0,0,0,0,1,2,13
,2021-18760,39.75989353,-104.9870799,4/17/2021 13:20,13:20,6,0,0,BLAKE ST & 26TH ST,1,1,0,0,1,4,0,0,25,0,0,0,0,0,4,5,14
,2021-18761,39.72633353,-104.9520699,4/9/2021 8:00,8:00,6,0,0,600 BLK N MILWAUKEE ST & E 6TH AVE,1,1,0,0,1,4,0,0,25,0,0,0,0,0,4,2,14
,2021-18792,39.65311154,-104.9016329,2/20/2021 12:00,12:00,1,0,0,HAMPDEN AVE E & TAMARAC DR S,1,1,1,0,1,2,0,0,40,0,0,0,0,0,4,2,13
,2021-18806,39.79778351,-104.75371,4/4/2021 22:41,22:41,6,0,0,20100 BLK E RANDOLPH PL & N HIMLAYA RD,1,3,0,0,1,4,0,0,25,0,0,0,0,0,4,3,13
,2021-18807,39.66757354,-104.9236599,4/8/2021 12:04,12:04,15,0,0,YALE AVE E & I-25 NB RAMPS,1,1,0,0,1,4,0,0,35,0,0,0,0,0,4,2,1
,2021-18845,39.74055353,-104.9885199,2/26/2021 15:00,15:00,15,0,0,W COLFAX AVE & 15TH ST,1,1,0,0,1,1,0,0,35,0,0,0,0,0,4,2,1
,2021-18846,39.75774353,-104.9985699,3/26/2021 2:42,2:42,15,0,0,20TH ST & CHESTNUT PL,1,3,1,0,1,1,0,1,35,0,0,0,0,0,4,2,14
,2021-18847,39.78118351,-104.74233,3/17/2021 21:39,21:39,3,0,0,GVR BLVD E & MALAYA ST N,11,3,0,0,1,1,0,0,35,0,0,0,0,0,4,2,16
,2021-18850,39.71120354,-104.9983799,4/12/2021 16:30,16:30,1,0,0,W ALAMEDA AVE & S KALAMATH ST,1,1,0,0,1,1,0,0,30,0,0,0,0,0,4,4,3
,2021-18894,39.76115353,-105.0047499,4/16/2021 14:17,14:17,12,0,0,I-25 & 20TH ST,1,1,0,0,1,4,0,0,65,0,0,0,0,0,1,4,13
,2021-18895,39.69038354,-105.0250499,4/17/2021 17:52,17:52,15,0,0,14TH AVE W & 3100 BLK W,1,1,1,0,1,4,0,0,,0,0,0,0,0,4,2,16
,2021-18896,39.67845353,-104.9143799,4/8/2021 23:44,23:44,12,0,1,6300 BLK E EVANS AVE & S LEYDEN ST,1,3,0,0,1,4,0,0,35,0,0,0,0,1,4,2,5
,2021-18897,39.74004353,-104.9842099,4/9/2021 11:35,11:35,15,0,0,200 BLK E COLFAX AVE & N GRANT ST,1,1,0,0,1,4,0,0,30,0,0,0,0,0,4,2,13
,2021-18898,39.78003353,-104.9891799,4/16/2021 16:30,16:30,12,0,0,I-70 & I-25,11,1,1,0,1,4,0,0,65,0,0,0,0,1,1,3,1
,2021-18899,39.74992453,-104.9808252,4/9/2021 9:15,9:15,15,0,0,COLFAX AVE W & TREMONT PL,1,1,0,0,1,1,0,0,35,0,0,0,0,0,2,2,14
,2021-18900,39.68362353,-104.8953699,4/16/2021 23:43,23:43,6,0,1,COLORADO AVE E & TAMARAC ST S,11,3,0,2,1,4,0,0,25,0,0,0,0,1,4,4,2
,2021-18903,39.78798351,-104.8209499,3/21/2021 6:50,6:50,6,0,0,5133 N SABLE ST & 5133 BLK N,1,3,0,0,1,4,0,0,,0,0,0,0,0,4,3,16
,2021-18913,39.73683353,-104.9836099,2/23/2021 19:40,19:40,11,0,1,13TH AVE E & GRANT ST N,1,3,0,0,1,1,0,0,30,0,1,0,0,1,4,1,8
,2021-18926,39.66758354,-104.9181399,5/5/2021 15:03,15:03,12,0,0,E YALE AVE & KEARNEY ST S,1,1,1,0,1,4,0,0,35,0,0,0,0,0,4,3,3
,2021-18988,39.80033849,-104.8843294,4/6/2021 20:49,20:49,12,0,0,I-70 & CENTRAL PARK BLVD N,11,3,0,0,1,4,0,0,55,0,0,0,0,0,1,3,13
,2021-18989,39.75901353,-105.0144699,1/26/2021 10:31,10:31,6,0,0,WYANDOT ST N & 30TH AVE W,4,1,1,2,1,4,0,0,25,0,0,0,0,0,4,3,16
,2021-18990,39.61833355,-105.0912299,4/7/2021 10:15,10:15,3,0,1,WADSWORTH BLVD S & CRESTLINE AVE W,1,1,0,0,1,1,0,0,35,0,0,0,0,2,2,3,1
,2021-18991,39.68309354,-104.9405399,4/16/2021 5:40,5:40,15,0,0,I-25 & COLORADO BLVD S,4,2,0,2,1,4,0,0,60,0,0,0,0,1,1,3,16
,2021-18992,39.72950354,-105.0532299,4/15/2021 19:40,19:40,3,0,0,SHERIDAN BLVD N & 8TH AVE W,9,3,0,2,1,1,0,0,35,0,0,0,0,0,2,3,16
,2021-18993,39.75487353,-105.0440099,2/14/2021 23:42,23:42,6,0,0,26TH AVE W & TENNYSON ST N,1,3,0,0,2,3,0,0,25,0,0,0,0,3,4,3,16
,2021-18994,39.77879053,-104.9894089,4/16/2021 6:00,6:00,12,0,0,I-70 & I-25,4,2,0,2,1,4,0,0,55,0,0,0,0,0,2,3,16
,2021-18995,39.74553353,-104.9861099,4/8/2021 14:37,14:37,12,0,0,1800 BLK N LINCOLN ST & E 19TH AVE,1,1,0,0,1,3,0,0,30,0,0,0,0,1,4,3,3
,2021-18996,39.71133354,-105.0532399,2/1/2021 12:46,12:46,3,0,0,SHERIDAN BLVD S & ALAMEDA AVE W,1,1,0,0,1,1,0,0,35,0,0,0,0,1,2,3,13
,2021-18997,39.69474354,-104.9733999,4/16/2021 5:49,5:49,12,0,0,S DOWNING ST & E ARIZONA AVE,4,2,0,2,1,4,0,0,30,0,0,0,0,1,4,4,13
,2021-18998,39.77883877,-104.8246484,4/8/2021 14:34,14:34,15,0,0,TULSA CT & E46TH AVE,1,1,0,0,1,1,0,0,30,0,0,0,0,1,4,3,8
,2021-18999,39.76743352,-104.9187999,4/12/2021 10:04,10:04,6,0,0,JASMINE ST N & 36TH AVE E,1,1,0,0,1,4,0,0,25,0,0,0,0,1,4,3,3
,2021-19000,39.78312187,-104.8470955,4/9/2021 11:15,11:15,15,0,0,I-70 & PEORIA ST N,1,1,0,0,1,4,0,1,55,0,0,0,0,0,1,2,7
,2021-19001,39.71134353,-104.9128499,1/23/2021 17:32,17:32,1,0,0,ALAMEDA AVE E & MONACO ST S,1,3,0,0,1,1,0,0,30,0,0,0,0,1,4,3,13
,2021-19002,39.74012353,-104.9406499,3/12/2021 20:10,20:10,11,0,2,COLORADO BLVD N & COLFAX AVE E,1,3,0,0,1,1,0,0,0,0,1,0,0,2,2,4,16
,2021-19003,39.65350353,-104.8684,4/13/2021 6:44,6:44,14,0,0,E HAMPDEN AVE & S HAVANA ST,1,1,0,0,1,3,0,0,40,0,0,0,0,0,4,3,16
,2021-19004,39.68137354,-105.0076299,3/2/2021 22:02,22:02,6,0,0,1700 BLK W ATLANTIC PL & S RARITAN ST,1,3,0,0,1,4,0,0,25,0,0,0,0,0,4,3,13
,2021-19005,39.77417284,-105.0532414,4/9/2021 16:48,16:48,12,0,0,HWY 6 & SHERIDAN BLVD N,1,1,1,0,1,4,0,0,55,0,0,0,0,1,2,4,13
,2021-19006,39.74043353,-105.0141499,4/12/2021 12:01,12:01,12,0,0,I-25 & COLFAX AVE W,1,1,0,0,1,4,0,0,55,0,0,0,0,1,1,3,14
,2021-19007,39.67127354,-104.9863399,3/20/2021 11:05,11:05,6,0,1,S LINCOLN ST & E HARVARD AVE,1,1,0,0,1,4,0,0,25,0,0,0,0,2,4,4,5
,2021-19008,39.74004353,-104.9835699,4/11/2021 15:53,15:53,3,0,0,COLFAX AVE E & GRANT ST N,1,1,0,0,1,1,0,0,30,0,0,0,0,0,2,3,13
,2021-19009,39.77400352,-104.8470199,4/9/2021 10:45,10:45,12,0,0,I-70 & PEORIA ST N,1,1,0,0,1,4,0,1,55,0,0,0,0,1,1,3,3
,2021-19010,39.72005353,-104.8990899,4/2/2021 21:00,21:00,6,0,0,100 BLK N ROSLYN ST & E 1ST AVE,1,3,0,0,1,4,0,0,25,0,0,0,0,0,4,4,5
,2021-19011,39.77727352,-104.8827699,4/9/2021 17:59,17:59,12,0,0,I-70 & CENTRAL PARK BLVD N,1,1,0,0,1,4,0,0,55,0,0,0,0,0,1,3,13
,2021-19012,39.72931353,-105.0148199,3/27/2021 17:45,17:45,12,0,0,I-25 & 8TH AVE W,11,1,0,0,1,4,0,0,65,0,0,0,0,0,2,3,13
,2021-19013,39.77393271,-104.8657399,4/9/2021 19:08,19:08,12,0,0,I-70 & HAVANA ST N,1,1,0,0,1,4,0,0,55,0,0,0,0,1,2,3,13
,2021-19014,39.72818353,-104.9682899,4/10/2021 22:38,22:38,6,0,0,700 BLK N FRANKLIN ST & E 7TH AVE,1,4,0,0,1,4,0,0,30,0,0,0,0,0,4,3,5
,2021-19015,39.69665354,-104.9918699,3/27/2021 1:11,1:11,3,0,2,S SANTA FE DR & W MISSISSIPPI AVE,1,3,0,0,1,1,0,0,35,0,0,0,0,3,2,4,5
,2021-19016,39.72412353,-104.9928199,3/3/2021 6:30,6:30,6,0,0,400 BLK W 5TH AVE & N ELATI ST,1,5,0,0,1,4,0,0,25,0,0,0,0,0,4,3,16
,2021-19017,39.67941354,-104.9875599,4/5/2021 17:23,17:23,12,0,1,2000 BLK S BROADWAY ST & E EVANS AVE,1,1,0,0,1,4,0,0,35,0,0,0,0,2,4,3,13
,2021-19018,39.80009351,-104.7721,4/9/2021 11:45,11:45,12,0,0,5600 BLK N TOWER RD & E 56TH AVE,1,1,1,0,1,3,0,0,40,0,0,0,0,0,4,3,13
,2021-19020,39.78364751,-104.809634,3/19/2021 21:09,21:09,8,0,0,N CHAMBERS RD & E GVR BLVD,1,3,0,0,1,1,0,0,40,0,0,0,0,0,4,3,13
,2021-19021,39.70803354,-105.0420199,4/4/2021 17:05,17:05,8,0,0,W VIRGINIA AVE & S RALEIGH ST,1,1,0,0,1,1,0,0,25,0,0,0,0,1,4,3,3
,2021-19022,39.76115353,-105.0047499,4/5/2021 7:56,7:56,12,0,0,I-25 & 20TH ST,1,1,0,0,1,4,0,0,55,0,0,0,0,0,1,3,7
,2021-19023,39.76175352,-104.9035599,4/8/2021 9:03,9:03,15,0,0,QUEBEC ST N & I-70 WB OFF RAMP,1,1,1,0,1,1,0,0,35,0,0,0,0,0,2,2,7
,2021-19024,39.72098354,-105.0523699,4/10/2021 15:32,15:32,6,0,0,ZENOBIA ST N & 2ND AVE W,1,1,0,0,3,4,0,0,25,0,0,0,0,0,4,4,1
,2021-19025,39.72726353,-104.9799299,4/8/2021 9:00,9:00,3,0,0,E 7TH AVE & N PEARL ST,1,1,1,0,1,1,0,0,25,0,0,0,0,0,4,2,13
,2021-19026,39.77272352,-104.9034899,4/8/2021 10:04,10:04,12,0,0,QUEBEC ST N & SANDOWN RD E,1,1,0,0,1,1,0,0,35,0,0,0,0,0,4,2,1
,2021-19027,39.69786354,-104.9827499,4/6/2021 17:40,17:40,3,0,0,LOGAN ST S & BUCHTEL BLVD E,1,1,0,1,1,1,0,0,25,0,0,0,0,0,4,2,3
,2021-19028,39.71815354,-105.0324599,4/10/2021 19:01,19:01,8,0,0,W 1ST AVE & N KNOX CT,1,1,0,0,1,1,0,0,30,0,0,0,0,1,4,3,13
,2021-19029,39.72553353,-105.0131199,4/8/2021 19:00,19:00,12,0,0,I-25 & 6TH AVE W,1,2,0,0,1,4,0,0,55,0,0,0,0,1,1,2,13
,2021-19030,39.77994352,-104.9404999,4/8/2021 7:40,7:40,12,0,0,I-70 & COLORADO BLVD N,1,1,0,0,1,4,0,1,55,0,0,0,0,0,1,2,7
,2021-19031,39.67472053,-104.8707799,4/6/2021 15:45,15:45,12,0,0,PARKER RD S & ILIFF AVE E,1,1,0,0,1,1,0,0,30,0,0,0,0,0,2,2,3
,2021-19032,39.63233354,-104.88905,4/8/2021 8:11,8:11,12,0,0,E TEMPLE DR & S WABASH ST,1,1,0,0,1,4,0,0,35,0,0,0,0,0,4,2,13
,2021-19033,39.72560353,-104.9775499,4/9/2021 7:32,7:32,6,0,0,6TH AVE E & CLARKSON ST N,1,1,0,0,1,4,0,0,30,0,0,0,0,0,4,3,16
,2021-19034,39.69675354,-105.0156799,4/6/2021 9:40,9:40,3,0,2,MISSISSIPPI AVE W & ZUNI ST S,1,1,0,0,1,1,0,0,30,0,0,0,0,2,4,2,13
,2021-19035,39.78026353,-104.9895499,1/31/2021 2:15,2:15,12,0,0,I-25 & I-70,1,3,0,0,1,4,0,0,55,0,0,0,0,0,1,2,13
,2021-19036,39.71055353,-104.9034999,4/8/2021 9:04,9:04,12,0,0,400 BLK S QUEBEC ST & E ALAMEDA AVE,1,1,0,0,1,3,0,0,35,0,0,0,0,0,4,2,16
,2021-19037,39.75320353,-104.9622099,3/24/2021 21:33,21:33,6,0,0,2000 BLK E 25TH AVE & 2000 BLK E,1,3,0,0,1,4,0,0,25,0,0,0,0,0,4,4,1
,2021-19038,39.77845352,-104.9222799,3/31/2021 16:37,16:37,12,0,0,I-70 & HOLLY ST N,1,1,0,0,1,4,0,1,55,0,0,0,0,1,1,3,7
,2021-19039,39.71116354,-105.0532399,4/8/2021 9:46,9:46,15,0,0,SHERIDAN BLVD S & ALAMEDA AVE W,1,1,0,0,1,4,0,0,35,0,0,0,0,0,2,2,16
,2021-19040,39.74898353,-104.9801799,4/8/2021 8:21,8:21,11,0,1,COURT PL & PARK AVE W,1,1,0,0,1,1,0,0,30,0,1,0,0,2,4,1,7
,2021-19041,39.69293354,-104.9934499,4/8/2021 10:45,10:45,12,0,0,PLATTE RIVER DR S & MISSISSIPPI AVE W,1,1,0,0,1,4,0,0,45,0,0,0,0,0,2,2,13
,2021-19042,39.86662778,-104.6717006,4/7/2021 23:43,23:43,1,0,1,N GVR BLVD & PENA BLVD INBOUND,1,3,0,0,1,1,0,0,45,0,0,0,0,1,4,2,5
,2021-19043,39.63233354,-104.88905,4/8/2021 8:11,8:11,12,0,0,E TEMPLE DR & S WABASH ST,1,1,0,0,1,4,0,0,35,0,0,0,0,0,4,2,13
,2021-19044,39.70642354,-104.9967799,4/8/2021 5:16,5:16,15,0,0,I-25 SB OFF RAMP TO & HWY 85 / SANTA FE DR,1,2,0,0,1,8,0,0,65,0,0,0,0,0,1,2,13
,2021-19045,39.71886353,-104.9921399,4/8/2021 23:22,23:22,6,0,0,CHEROKEE ST N & 1ST AVE E,1,3,0,0,1,4,0,0,25,0,0,0,0,0,4,3,5
,2021-19046,39.72508354,-105.0324699,4/9/2021 7:43,7:43,12,0,0,6TH AVE W & KNOX CT N,1,1,0,0,1,4,0,0,55,0,0,0,0,1,2,3,1
,2021-19047,39.65309354,-104.9090799,4/6/2021 15:15,15:15,12,0,0,HAMPDEN AVE E & ONEIDA WY S,1,1,0,0,1,1,0,0,35,0,0,0,0,0,2,2,3
,2021-19048,39.77582352,-104.8657299,3/22/2021 6:14,6:14,15,0,0,I-70 & HAVANA ST N,7,2,0,2,1,4,0,0,55,0,0,0,0,0,1,3,1
,2021-19049,39.78312187,-104.8470955,4/8/2021 23:11,23:11,15,0,0,I-70 & PEORIA ST N,1,3,0,0,1,4,0,0,55,0,0,0,0,0,1,3,16
,2021-19050,39.73844353,-104.9929199,3/31/2021 17:40,17:40,3,0,0,14TH AVE W & DELAWARE ST N,1,1,0,0,1,1,0,0,25,0,0,0,0,0,4,2,3
,2021-19051,39.79840751,-104.7872825,4/8/2021 18:25,18:25,15,0,0,PENA BLVD & E 56TH AVE,1,1,0,0,1,4,0,0,65,0,0,0,0,0,4,2,14
,2021-19052,39.75534615,-104.9405209,2/18/2021 9:13,9:13,15,0,0,COLORADO BLVD & 3400 BLK N,11,1,0,0,1,4,0,0,35,0,0,0,0,0,4,2,16
,2021-19053,39.74465353,-104.9680899,4/7/2021 12:10,12:10,15,0,0,1600 BLK E 18TH AVE & N FRANKLIN ST,1,1,0,0,1,4,0,0,30,0,0,0,0,0,4,2,16
,2021-19054,39.72565154,-105.0531559,4/8/2021 19:31,19:31,3,0,0,SHERIDAN BLVD N & HWY 6 EB RAMPS,1,1,1,0,1,1,0,0,35,0,0,0,0,0,2,2,13
,2021-19055,39.77624352,-104.8469299,1/27/2021 16:20,16:20,12,0,0,PEORIA ST N & I-70 WB RAMPS,1,1,0,0,1,1,0,0,35,0,0,0,0,0,4,2,1
,2021-19056,39.72570353,-104.9985699,3/31/2021 15:30,15:30,12,0,0,W 6TH AVE & N SANTA FE DR,1,1,0,0,1,3,0,0,35,0,0,0,0,0,4,2,13
,2021-19057,39.74807353,-104.9775299,1/4/2021 15:00,15:00,11,0,1,20TH AVE E & 757 E 20TH AVE,1,1,0,0,1,2,0,0,15,0,0,1,0,3,4,1,13
,2021-19058,39.77611352,-104.9339299,4/7/2021 16:35,16:35,5,0,0,SMITH RD E & DAHLIA ST N,1,1,0,0,3,4,0,0,35,0,0,0,0,0,4,1,14