id,drcog_id,latitude,longitude,crashtime,time,crashtype,numbkilled,numbinjurd,drcoglocat,rdconditin,lightngcon,roadcntgrd,weatherco,location,roaddescrp,schoolzone,constrzone,splimit,bikeinv,pedinv,sctrinv,motoinv,svrty,rdsystem,ttlvehcls,hcf
,2021-19059,39.76182352,-104.9382999,3/3/2021 8:46,8:46,15,0,0,E MLK BLVD & N ASH ST,1,1,1,0,1,3,0,0,35,0,0,0,0,0,4,2,1
,2021-19060,39.67845353,-104.9187799,2/25/2021 22:54,22:54,5,0,0,E EVANS AVE & S JASMINE ST,12,3,0,0,3,4,0,0,35,0,0,0,0,0,4,1,13
,2021-19061,39.69940354,-105.0510799,4/10/2021 12:48,12:48,15,0,0,YATES ST S & MORRISON RD,1,1,0,0,1,4,0,0,25,0,0,0,0,0,4,2,16
,2021-19062,39.62411354,-104.88976,4/9/2021 15:50,15:50,3,0,0,DTC BLVD S & BELLEVIEW AVE E,1,1,0,0,1,1,0,0,40,0,0,0,0,0,4,2,7
,2021-19063,39.74055353,-104.9885199,2/26/2021 15:00,15:00,15,0,0,W COLFAX AVE & 15TH ST,1,1,0,0,1,1,0,0,35,0,0,0,0,0,2,2,1
,2021-19064,39.72558391,-105.0264701,3/25/2021 16:46,16:46,12,0,0,I-25 & 6TH AVE W,1,1,1,0,1,4,0,0,65,0,0,0,0,0,2,2,1
,2021-19065,39.66188354,-105.0165999,2/23/2021 17:30,17:30,6,0,1,CORNELL AVE W & ZUNI ST S,1,1,1,0,1,4,0,0,25,0,0,0,0,1,4,3,5
,2021-19066,39.74015353,-104.9052099,3/17/2021 10:48,10:48,12,0,0,COLFAX AVE E & POPLAR ST N,11,1,0,0,1,1,0,0,35,0,0,0,0,0,2,2,1
,2021-19070,39.78003353,-104.9891799,4/10/2021 6:48,6:48,5,0,1,I-25 & I-70,1,1,0,0,3,4,0,0,45,0,0,0,0,3,1,1,2
,2021-19071,39.9084505,-104.9198795,4/12/2021 15:55,15:55,15,0,0,I-70 & IVY ST N,1,1,0,0,1,4,0,1,55,0,0,0,0,0,1,3,3
,2021-19073,39.71120354,-104.9991199,4/12/2021 9:08,9:08,12,0,0,I-25 & ALAMEDA AVE W,1,1,0,0,1,4,0,0,55,0,0,0,0,1,1,2,3
,2021-19074,39.78380352,-104.9478999,4/10/2021 12:33,12:33,3,0,0,VASQUEZ BLVD N & 56TH AVE E,1,1,0,0,1,2,0,0,35,0,0,0,0,1,2,2,7
,2021-19077,39.77031353,-104.9788499,3/23/2021 19:15,19:15,3,0,0,35TH ST & BRIGHTON BLVD N,1,1,0,0,1,1,0,0,25,0,0,0,0,0,4,3,16
,2021-19079,39.75330247,-104.9799717,4/10/2021 15:40,15:40,12,0,0,PARK AVE W & WELTON ST,1,1,0,0,1,1,0,0,35,0,0,0,0,0,4,2,13
,2021-19082,39.76256353,-104.9548699,4/10/2021 15:34,15:34,6,0,0,CLAYTON ST N & MLK BLVD,1,1,0,0,1,4,0,0,25,0,0,0,0,0,4,2,13
,2021-19085,39.70929353,-104.9792099,3/3/2021 22:30,22:30,6,0,0,WASHINGTON ST S & DAKOTA AVE E,1,3,0,0,1,3,0,0,25,0,0,0,0,0,4,3,16
,2021-19086,39.77713352,-104.8829699,2/21/2021 12:58,12:58,15,0,0,I-70 EB & CENTRAL PARK BLVD N,1,1,0,0,1,4,0,0,55,0,0,0,0,1,1,3,1
,2021-19087,39.77286352,-104.8338199,4/13/2021 17:21,17:21,12,0,0,I-70 EB EXIT GORE PT TO & I-225 SB,1,1,0,0,1,4,0,0,55,0,0,0,0,0,1,3,16
,2021-19088,39.67112354,-104.9951799,4/9/2021 22:04,22:04,12,0,0,S SANTA FE DR & W HARVARD AVE,1,3,0,0,1,4,0,0,55,0,0,0,0,0,2,3,1
,2021-19089,39.71018353,-104.9407099,4/10/2021 10:40,10:40,12,0,0,COLORADO BLVD S & ALAMEDA AVE E,1,1,0,0,1,3,0,0,40,0,0,0,0,0,2,2,14
,2021-19090,39.65312954,-104.9130169,4/5/2021 16:01,16:01,12,0,3,HAMPDEN AVE E & MONACO PKWY S,1,1,0,0,1,1,0,0,35,0,0,0,0,2,2,4,13
,2021-19091,39.73869352,-104.8916799,4/10/2021 23:26,23:26,6,0,0,N VALENTINA ST & E 14TH AVE,1,4,0,0,1,4,0,0,25,0,0,0,0,0,4,3,13
,2021-19092,39.68489488,-104.9510035,4/18/2021 1:19,1:19,12,0,2,COLFAX AVE W & I-25 NB OFF RAMP,1,3,0,0,1,3,0,0,40,0,0,0,0,1,4,3,13
,2021-19093,39.76115353,-105.0047499,4/6/2021 15:58,15:58,12,0,0,I-25 & 20TH ST,11,1,0,1,1,4,0,0,55,0,0,0,0,0,1,3,1
,2021-19094,39.71094354,-105.0017499,3/31/2021 11:15,11:15,12,0,0,ALAMEDA AVE W & NAVAJO ST S,1,1,0,0,1,4,0,0,35,0,0,0,0,0,2,3,1
,2021-19095,39.71120354,-104.9991199,4/6/2021 12:36,12:36,12,0,0,I-25 & ALAMEDA AVE W,1,1,0,0,1,4,0,0,55,0,0,0,0,1,1,3,1
,2021-19098,39.77711352,-104.8827799,4/11/2021 18:44,18:44,12,0,0,CENTRAL PARK BLVD N & I-70 EB,1,1,0,0,1,4,0,0,35,0,0,0,0,0,4,3,14
,2021-19099,39.78058352,-104.8416999,4/10/2021 1:04,1:04,6,0,1,N TULSA CT & E 46TH AVE,1,3,0,0,1,4,0,0,25,0,0,0,0,2,4,4,2
,2021-19100,39.71116251,-104.9899984,4/11/2021 6:50,6:50,6,0,0,BLK S BANNOCK ST & W ARCHER PL,1,2,0,0,1,4,0,0,25,0,0,0,0,0,4,5,1
,2021-19102,39.79837351,-104.8613199,3/1/2021 6:35,6:35,12,0,0,E 56TH AVE & N JOLIET ST,1,1,0,0,1,4,0,0,40,0,0,0,0,0,4,4,16
,2021-19103,39.74013353,-104.9297899,4/11/2021 17:28,17:28,1,0,0,COLFAX AVE E & ELM ST N,1,1,0,0,1,1,0,0,35,0,0,0,0,0,2,2,3
,2021-19104,39.74002353,-104.9829499,4/12/2021 8:15,8:15,6,0,0,COLFAX AVE & GRANT ST,1,1,0,0,1,4,0,0,30,0,0,0,0,0,2,3,13
,2021-19105,39.76094353,-105.0043199,3/27/2021 11:08,11:08,12,0,0,I-25 & 20TH ST,1,1,0,0,1,4,0,0,55,0,0,0,0,0,1,3,13
,2021-19106,39.77829352,-104.9034199,3/9/2021 7:25,7:25,15,0,0,QUEBEC ST N & I-70 EB RAMPS,1,1,1,0,1,1,0,1,35,0,0,0,0,0,4,3,13
,2021-19107,39.63323354,-104.9063099,4/8/2021 15:50,15:50,12,0,0,I-25 & I-225 SB,1,1,0,0,1,4,0,0,65,0,0,0,0,0,1,5,3
,2021-19109,39.70021353,-104.9593199,4/13/2021 19:10,19:10,12,0,0,S UNIVERSITY BLVD & E KENTUCKY AVE,1,1,0,0,1,3,0,0,30,0,0,0,0,0,4,3,3
,2021-19110,39.67261353,-104.86821,4/15/2021 17:45,17:45,1,0,0,PARKER RD S & HARVARD AVE E,7,2,0,2,1,1,0,0,45,0,0,0,0,0,2,3,13
,2021-19111,39.73973353,-104.9656299,3/12/2021 22:44,22:44,6,0,0,COLFAX AVE E & WILLIAMS ST,1,3,0,0,1,4,0,0,35,0,0,0,0,0,2,3,16
,2021-19113,39.69293354,-104.9934499,4/7/2021 8:57,8:57,15,0,0,PLATTE RIVER DR S & MISSISSIPPI AVE W,1,1,0,0,1,4,0,0,45,0,0,0,0,0,2,2,3
,2021-19117,39.70387353,-104.9034899,4/14/2021 18:47,18:47,3,0,0,S QUEBEC ST & E EXPOSITION AVE,1,2,0,0,1,1,0,0,25,0,0,0,0,0,4,3,2
,2021-19118,39.63427354,-104.9070899,4/8/2021 11:07,11:07,12,0,0,I-25 & I-225,1,1,0,0,1,4,0,0,55,0,0,0,0,0,1,2,13
,2021-19119,39.75388353,-104.9733499,3/19/2021 15:31,15:31,12,0,0,2500 BLK N DOWNING ST & E 26TH AVE,1,1,0,0,1,4,0,0,30,0,0,0,0,0,4,3,1
,2021-19123,39.69665354,-104.9929399,3/9/2021 15:10,15:10,15,0,0,PLATTE RIVER DR S & MISSISSIPPI AVE W,1,1,0,0,1,4,0,0,40,0,0,0,0,1,2,2,1
,2021-19126,39.73645352,-104.8846599,3/24/2021 8:30,8:30,6,0,0,1200 BLK N YOSEMITE ST & 13TH AVE,1,1,0,0,1,4,0,0,35,0,0,0,0,0,4,3,1
,2021-19128,39.70113354,-104.9827799,4/17/2021 12:34,12:34,12,0,0,800 BLK S LOGAN ST & E OHIO AVE,1,1,0,0,1,4,0,0,30,0,0,0,0,0,4,3,7
,2021-19129,39.65117354,-104.8848099,4/8/2021 12:08,12:08,12,0,0,S YOSEMITE ST & E JEFFERSON AVE,1,1,0,0,1,4,0,0,35,0,0,0,0,0,4,3,13
,2021-19130,39.69313354,-105.0448799,4/14/2021 19:58,19:58,15,0,0,S UTICA ST & W LOUISIANA AVE,1,3,0,0,1,1,0,0,35,0,0,0,0,0,4,4,13
,2021-19131,39.74016353,-104.9512699,4/8/2021 14:33,14:33,3,0,0,COLFAX AVE E & ST PAUL ST (RD N),1,1,0,0,1,1,0,0,25,0,0,0,0,1,2,2,13
,2021-19133,39.67472053,-104.8707799,4/8/2021 8:30,8:30,12,0,0,E ILIFF AVE & S PARKER RD,1,1,0,0,1,4,0,0,35,0,0,0,0,0,4,4,16
,2021-19134,39.74960353,-105.0003499,4/14/2021 14:45,14:45,14,0,1,BLAKE ST & 15TH ST,1,1,0,0,1,1,0,0,35,0,0,0,0,2,4,3,5
,2021-19135,39.71111353,-104.9645799,4/18/2021 15:38,15:38,12,0,0,1900 BLK E ALAMEDA AVE & S RACE ST,1,1,1,0,1,4,0,0,30,0,0,0,0,0,4,3,1
,2021-19137,39.77987352,-104.9671599,4/12/2021 13:48,13:48,12,0,0,I-70 EB & BRIGHTON BLVD N,1,1,0,0,1,4,0,0,55,0,0,0,0,0,1,3,3
,2021-19138,39.70040354,-105.0461499,3/11/2021 21:19,21:19,6,0,0,4500 BLK W KENTUCKY AVE & S TENNYSON ST,1,3,0,0,1,4,0,0,25,0,0,0,0,0,4,4,15
,2021-19139,39.74007353,-104.9952599,4/7/2021 21:45,21:45,15,0,2,COLFAX AVE W & FOX ST N,1,3,1,6,1,4,0,0,30,0,0,0,0,2,2,3,5
,2021-19140,39.77780351,-104.8241099,4/14/2021 19:36,19:36,6,0,1,14500 BLK E ANDREWS DR & N DURHAM CT,1,3,0,0,1,4,0,0,25,0,0,0,0,2,4,3,5
,2021-19141,39.67956354,-105.0250299,4/8/2021 12:03,12:03,10,0,0,FEDERAL BLVD S & EVANS AVE W,1,1,0,0,1,2,0,0,30,0,0,0,0,0,2,2,13
,2021-19144,39.75823353,-104.9684099,4/8/2021 12:21,12:21,15,0,0,E 29TH AVE & N FRANKLIN ST,1,1,0,0,1,4,0,0,25,0,0,0,0,0,4,2,13
,2021-19145,39.65304354,-104.9281699,4/8/2021 13:00,13:00,15,0,0,HAMPDEN AVE E & FAIRFAX ST S,1,1,0,0,1,1,0,0,35,0,0,0,0,0,2,2,3
,2021-19146,39.76256353,-104.9536399,4/8/2021 12:36,12:36,15,0,0,FILLMORE ST N & 33RD AVE E,1,1,0,0,1,4,0,0,25,0,0,0,0,0,4,2,8
,2021-19147,39.6941694,-104.9405556,4/7/2021 13:14,13:14,12,0,0,S COLORADO BLVD & E BAYAUD AVE,1,1,0,0,1,4,0,0,30,0,0,0,0,0,4,2,13
,2021-19149,39.73286353,-104.9597899,4/7/2021 9:02,9:02,12,0,0,1000 BLK N YORK ST & E 10TH AVE,1,1,0,0,1,4,0,0,25,0,0,0,0,0,4,2,14
,2021-19151,39.77400352,-104.8470199,4/6/2021 23:25,23:25,12,0,0,I-70 & PEORIA ST N,1,3,1,0,1,4,0,0,55,0,0,0,0,1,1,2,13
,2021-19152,39.76921351,-104.76077,4/8/2021 16:40,16:40,1,0,0,38TH AVE E & ENSENADA ST N,1,1,0,0,1,1,0,0,30,0,0,0,0,1,4,2,7
,2021-19153,39.78438353,-105.0251799,4/8/2021 11:45,11:45,15,0,0,I-70 & FEDERAL BLVD N,1,1,1,0,1,4,0,0,55,0,0,0,0,0,1,2,13
,2021-19154,39.77939353,-104.9791499,4/7/2021 5:45,5:45,1,0,0,WASHINGTON ST N & I-70 EB ON RAMP,1,4,0,0,1,1,0,0,30,0,0,0,0,0,4,2,16
,2021-19155,39.78346312,-105.0112166,4/8/2021 13:56,13:56,1,0,0,FEDERAL BLVD N & I-70 EB ON RAMP,1,1,0,0,1,1,0,0,40,0,0,0,0,0,2,2,13
,2021-19156,39.79805351,-104.8293999,4/7/2021 0:05,0:05,15,0,0,13600 BLK E 56TH AVE & N POTOMAC WAY,1,3,0,0,1,4,0,0,45,0,0,0,0,0,4,2,1
,2021-19157,39.77667351,-104.8099,4/7/2021 17:17,17:17,12,0,0,N CHAMBERS RD & E 46TH AVE,1,1,0,0,1,4,0,0,40,0,0,0,0,0,4,2,13
,2021-19158,39.75104353,-104.9328199,4/7/2021 11:40,11:40,12,0,0,23RD AVE E & DEXTER ST N,1,1,0,0,1,1,0,0,35,0,0,0,0,0,4,2,4
,2021-19159,39.71870353,-104.9755399,4/7/2021 7:12,7:12,15,0,0,800 BLK E SPEER BLVD & N CLARKSON ST,1,1,0,0,1,4,0,0,30,0,0,0,0,0,4,2,16
,2021-19160,39.73047353,-104.9406799,4/8/2021 13:01,13:01,12,0,0,COLORADO BLVD N & 9TH AVE (RD E),1,1,0,1,1,3,0,0,35,0,0,0,0,0,2,2,13
,2021-19161,39.72570554,-105.0324874,4/7/2021 8:20,8:20,12,0,0,6TH AVE W & KNOX CT N,1,1,1,0,1,4,0,0,55,0,0,0,0,1,2,2,13
,2021-19162,39.75931353,-104.9936899,4/7/2021 13:52,13:52,15,0,0,PARK AVE W & WEWATTA ST,1,1,1,0,1,4,0,0,35,0,0,0,0,0,4,2,14
,2021-19163,39.69128354,-105.0273799,4/7/2021 9:37,9:37,6,0,0,ARKANSAS AVE W & FEDERAL BLVD S,1,1,0,0,1,4,0,0,25,0,0,0,0,0,4,2,16
,2021-19164,39.65304354,-104.87565,3/8/2021 18:38,18:38,11,0,1,HAMPDEN AVE E & DAYTON ST S,1,3,0,0,1,1,0,0,45,0,1,0,0,3,2,1,7
,2021-19165,39.78622083,-104.9002277,4/7/2021 14:36,14:36,12,0,0,QUEBEC ST N & I-70,1,1,0,0,1,4,0,0,25,0,0,0,0,1,4,2,16
,2021-19166,39.71113353,-104.9827699,4/7/2021 9:19,9:19,15,0,0,E ALAMEDA AVE & S LOGAN ST,1,1,0,0,1,3,0,0,30,0,0,0,0,0,4,2,13
,2021-19167,39.76115353,-105.0047499,4/7/2021 7:57,7:57,15,0,0,I-25 & 20TH ST,1,1,0,0,1,4,0,0,55,0,0,0,0,0,1,2,13
,2021-19168,39.74015352,-104.8928699,4/7/2021 10:31,10:31,15,0,0,COLFAX AVE E & UINTA ST N,1,1,0,0,1,4,0,0,35,0,0,0,0,0,2,2,1
,2021-19169,39.71118354,-105.0109999,4/6/2021 21:25,21:25,12,0,0,W ALAMEDA AVE & S TEJON ST,1,3,0,0,1,1,0,0,35,0,0,0,0,0,2,2,3
,2021-19170,39.75241353,-104.9967399,4/6/2021 23:16,23:16,3,0,1,18TH ST & BLAKE ST,1,3,0,0,1,1,0,0,30,0,0,0,0,2,4,2,14
,2021-19171,39.75093353,-104.9681399,2/3/2021 17:09,17:09,15,0,0,FRANKLIN ST N & 2306 N FRANKLIN ST,1,2,0,0,1,4,0,0,25,0,0,0,0,0,4,2,1
,2021-19172,39.75128353,-105.0167799,4/7/2021 8:32,8:32,12,0,0,I-25 & 23RD AVE W,1,1,0,0,1,4,0,0,55,0,0,0,0,0,1,2,13
,2021-19173,39.71118353,-104.9199399,4/6/2021 18:30,18:30,3,0,0,ALAMEDA AVE E & JERSEY ST S,11,1,0,1,1,1,0,0,25,0,0,0,0,0,4,2,3
,2021-19174,39.73985354,-105.0512499,4/8/2021 15:00,15:00,16,0,0,14736 N YATES  ST & PRIVATE PROPERTY,1,1,0,0,5,7,0,0,,0,0,0,0,0,3,1,7
,2021-19175,39.76005352,-104.8676999,4/7/2021 17:51,17:51,15,0,0,MLK BLVD E & GENEVA CT N,1,1,0,0,1,4,0,0,40,0,0,0,0,0,4,2,8
,2021-19176,39.72931353,-105.0150399,4/7/2021 16:58,16:58,15,0,0,I-25 & 8TH AVE W,1,1,0,0,1,4,0,0,55,0,0,0,0,0,1,2,7
,2021-19177,39.76568353,-104.9950429,4/7/2021 7:57,7:57,12,0,0,PARK AVE W & N GLOBEVILLE RD,1,1,0,0,1,1,0,0,35,0,0,0,0,0,4,2,3
,2021-19178,39.72148354,-105.0438399,3/28/2021 1:56,1:56,6,0,0,300 BLK N TENNYSON ST & W 4TH AVE,1,4,0,0,1,4,0,0,25,0,0,0,0,0,4,2,5
,2021-19179,39.78624353,-105.0064099,4/11/2021 8:15,8:15,3,0,0,N PECOS ST & W 50TH AVE,1,1,0,0,1,1,0,0,25,0,0,0,0,0,4,2,7
,2021-19181,39.74008753,-104.9034589,4/1/2021 17:30,17:30,12,0,0,I-25 & COLFAX AVE E,1,1,1,0,1,4,0,0,55,0,0,0,0,0,1,2,1
,2021-19182,39.68485354,-104.9594399,3/9/2021 20:10,20:10,15,0,0,I-25 NB ENT GORE PT FROM & UNIVERSITY BLVD S,1,3,0,0,1,8,0,0,30,0,0,0,0,0,4,2,14
,2021-19183,39.75128353,-105.0167799,2/25/2021 0:22,0:22,15,0,0,I-25 & 23RD AVE W,9,3,0,2,1,4,0,0,65,0,0,0,0,0,1,2,1
,2021-19184,39.74013353,-104.9034499,4/2/2021 17:07,17:07,12,0,0,COLFAX AVE E & QUEBEC ST N,1,1,0,0,1,1,0,0,35,0,0,0,0,0,2,2,14
,2021-19185,39.75512711,-105.0000479,4/4/2021 2:35,2:35,10,0,0,N SPEER ST & WEWATTA ST,1,3,0,0,1,3,0,0,35,0,0,0,0,0,4,2,13
,2021-19186,39.73855353,-104.9570999,2/25/2021 17:45,17:45,5,0,0,COLUMBINE ST N & 1400 BLK,1,2,0,0,2,3,0,0,35,0,0,0,0,0,4,1,16
,2021-19187,39.72093353,-104.9843799,3/8/2021 11:20,11:20,6,0,0,200 BLK E 3RD AVE & N SHERMAN ST,1,5,0,0,1,4,0,0,25,0,0,0,0,0,4,2,16
,2021-19188,39.73384353,-104.9848499,1/6/2021 15:20,15:20,3,0,0,E 11TH AVE & N SHERMAN ST,1,1,0,0,1,1,0,0,25,0,0,0,0,0,4,2,5
,2021-19189,39.74060353,-104.9422099,3/8/2021 9:00,9:00,5,0,0,HARRISON ST N & 1515 N HARRISON ST,1,1,1,0,3,5,0,0,20,0,0,0,0,0,4,1,16
,2021-19190,39.75480353,-104.9901599,4/7/2021 8:40,8:40,3,0,0,22ND ST & LARIMER ST,1,1,0,0,1,1,0,0,30,0,0,0,0,0,4,2,13
,2021-19198,39.77702352,-104.8829699,2/6/2021 20:03,20:03,5,0,0,I-270 & CENTRAL PARK BLVD N,1,3,1,0,3,4,0,1,55,0,0,0,0,0,1,1,1
,2021-19209,39.78010353,-104.9895499,4/12/2021 8:43,8:43,12,0,0,I-70 EB & I-25,1,1,0,0,1,4,0,0,65,0,0,0,0,0,1,2,14
,2021-19210,39.73940353,-105.0381399,4/11/2021 11:12,11:12,6,0,0,OSCEOLA ST N & 14TH AVE W,1,1,0,0,1,4,0,0,25,0,0,0,0,0,4,2,16
,2021-19220,39.77642352,-104.8314899,4/11/2021 12:55,12:55,5,0,0,CORNISH WY N & ALBROOK DR E,1,1,0,0,4,1,0,0,15,0,0,0,0,0,4,1,3
,2021-19221,39.76193052,-104.9027344,4/12/2021 7:43,7:43,8,0,0,E MLK BLVD & N QUEBEC ST,1,1,0,0,1,1,0,0,30,0,0,0,0,0,4,2,3
,2021-19223,39.79817351,-104.8449899,4/12/2021 8:00,8:00,12,0,0,E 56TH AVE & N QUENTIN ST,1,1,0,0,1,4,0,0,40,0,0,0,0,1,4,2,3
,2021-19224,39.74016353,-104.9518099,4/11/2021 19:10,19:10,11,0,0,MILWAUKEE ST N & COLFAX AVE W,1,2,1,0,1,4,0,0,0,0,1,0,0,1,4,1,16
,2021-19225,39.78326353,-105.0064199,4/12/2021 9:05,9:05,5,0,0,I-70 WB EXIT GORE PT TO & PECOS ST N,1,1,0,0,2,8,0,0,55,0,0,0,0,0,1,1,14
,2021-19226,39.72549854,-105.0394624,4/12/2021 15:29,15:29,8,0,0,E 6TH AVE & M PERRY ST,1,1,0,0,1,1,0,0,25,0,0,0,0,1,4,2,13
,2021-19227,39.77780351,-104.8241099,4/11/2021 14:51,14:51,6,0,0,14500 BLK E ANDREWS DR & 14500 BLK E,1,1,0,0,1,4,0,0,30,0,0,0,0,0,4,2,7
,2021-19228,39.68486354,-104.9594399,4/11/2021 23:15,23:15,15,0,0,I-25 & UNIVERSITY BLVD S,1,3,0,0,1,4,0,0,60,0,0,0,0,0,1,2,7
,2021-19229,39.62740834,-104.9112196,4/11/2021 20:06,20:06,1,0,0,S MONACO ST & E UNION AVE,1,3,0,0,1,1,0,0,35,0,0,0,0,0,4,2,3
,2021-19230,39.74027353,-104.9880999,4/10/2021 19:10,19:10,12,0,0,CHEYENNE PL & W COLFAX AVE,1,1,0,0,1,4,0,0,35,0,0,0,0,0,4,2,5
,2021-19231,39.76084103,-105.0040802,4/12/2021 1:27,1:27,5,0,1,20TH ST & I-25 NB RAMPS,1,4,0,0,3,1,0,0,35,0,0,0,0,2,4,1,5
,2021-19232,39.72645353,-104.9874199,2/26/2021 17:59,17:59,15,0,0,BROADWAY ST N & 600 BLK N,1,2,0,0,1,4,0,0,35,0,0,0,0,0,4,2,16
,2021-19233,39.71246353,-104.8927899,4/12/2021 5:35,5:35,6,0,1,8100 BLK E FAIRMONT DR & E ALAMEDA AVE,1,4,0,0,1,4,0,0,30,0,0,0,0,2,4,2,16
,2021-19234,39.75112353,-105.0318499,4/11/2021 11:05,11:05,6,0,0,23RD AVE W & KING ST N,1,1,1,0,1,4,0,0,30,0,0,0,0,0,4,2,13
,2021-19235,39.74033353,-105.0381299,2/13/2021 10:20,10:20,12,0,0,COLFAX AVE W & OSCEOLA ST N,1,1,0,0,1,4,0,0,35,0,0,0,0,0,2,2,5
,2021-19236,39.75425027,-104.9804394,4/11/2021 23:18,23:18,3,0,0,CALIFORNIA ST & PARK AVE W,1,3,0,0,1,1,0,0,35,0,0,0,0,0,4,2,3
,2021-19238,39.65309354,-104.9090799,4/12/2021 9:28,9:28,1,0,0,HAMPDEN AVE E & ONEIDA WY S,1,1,0,0,1,1,0,0,40,0,0,0,0,0,2,2,13
,2021-19239,39.68957354,-104.9859599,4/11/2021 21:51,21:51,6,0,0,105 E FLORIDA AVE & S LINCOLN ST,1,3,0,0,1,4,0,0,25,0,0,0,0,0,4,2,1
,2021-19240,39.73688353,-104.9822899,4/11/2021 10:46,10:46,3,0,0,N LOGAN ST & E 13TH AVE,1,1,0,0,1,1,0,0,30,0,0,0,0,0,4,2,3
,2021-19241,39.75906353,-104.9932499,4/16/2021 15:23,15:23,15,0,0,1700 BLK PARK AVE W & WEWATTA ST,11,1,1,0,1,4,0,0,30,0,0,0,0,0,4,2,14
,2021-19242,39.74122353,-105.0449999,4/5/2021 4:00,4:00,6,0,0,1540 N UTICA ST & 1540 BLK N,1,3,0,0,1,4,0,0,25,0,0,0,0,0,4,2,14
,2021-19243,39.70383354,-104.9825699,4/13/2021 7:00,7:00,6,0,0,LOGAN ST S & EXPOSITION AVE E,1,1,0,0,1,4,0,0,30,0,0,0,0,0,4,2,16
,2021-19244,39.71120354,-104.9997299,2/26/2021 9:00,9:00,12,0,0,I-25 & ALAMEDA AVE W,1,1,1,0,1,4,0,0,55,0,0,0,0,0,1,2,13
,2021-19245,39.74849353,-105.0032099,4/11/2021 11:07,11:07,10,0,0,N SPEER BLVD & BLAKE ST,1,1,0,0,1,1,0,0,30,0,0,0,0,0,4,2,8
,2021-19246,39.74015352,-104.8975499,4/14/2021 6:19,6:19,5,0,0,COLFAX AVE E & SPRUCE ST N,1,1,0,0,2,1,0,0,35,0,0,0,0,0,2,1,16
,2021-19247,39.74374353,-104.9406399,3/25/2021 17:34,17:34,12,0,0,COLORADO BLVD N & 17TH AVE E,1,1,0,0,1,3,0,0,35,0,0,0,0,1,2,2,5
,2021-19248,39.68210812,-105.1234549,4/15/2021 19:28,19:28,3,0,0,DEPEW ST S & JEWELL AVE W,9,4,1,2,1,2,0,0,25,0,0,0,0,0,4,2,13
,2021-19249,39.67856354,-104.9876809,4/17/2021 20:37,20:37,12,0,0,BROADWAY ST S & EVANS AVE E,1,3,0,0,1,1,0,0,35,0,0,0,0,0,4,2,1
,2021-19250,39.65699353,-104.86641,4/4/2021 18:20,18:20,12,0,0,S HAVANA ST & E GIRARD AVE,1,2,0,7,1,1,0,0,35,0,0,0,0,0,4,2,13
,2021-19251,39.62834354,-104.9040499,4/8/2021 7:35,7:35,12,0,0,I-25 & UNION AVE E,1,1,1,0,1,4,0,0,65,0,0,0,0,0,1,2,13
,2021-19252,39.72529773,-105.013083,4/11/2021 22:40,22:40,15,0,0,I-25 NB ON RAMP LOOP FROM & HWY 6 EB,1,3,1,0,1,8,0,0,45,0,0,0,0,0,1,2,14
,2021-19253,39.76731352,-104.8904499,3/27/2021 10:06,10:06,15,0,0,36TH AVE E & CENTRAL PARK BLVD N,1,1,0,0,1,1,0,0,30,0,0,0,0,1,4,2,13
,2021-19254,39.65305354,-104.88141,4/14/2021 14:47,14:47,12,0,0,HAMPDEN AVE E & AKRON ST S,1,1,0,0,1,1,0,0,45,0,0,0,0,0,2,2,3
,2021-19255,39.74478353,-104.9891999,2/28/2021 14:30,14:30,11,0,1,17TH ST & GLENARM PL,1,1,0,0,1,1,0,0,0,0,0,1,0,3,4,1,16
,2021-19256,39.77539782,-105.0250824,4/15/2021 15:41,15:41,15,0,0,FEDERAL BLVD & 4300 BLK N,7,1,0,2,1,4,0,0,35,0,0,0,0,0,2,2,16
,2021-19257,39.77503451,-104.809895,4/3/2021 11:40,11:40,12,0,0,CHAMBERS RD N & ANDREWS DR E,1,1,0,0,1,1,0,0,40,0,0,0,0,1,4,2,16
,2021-19258,39.75976353,-104.9970499,4/14/2021 13:45,13:45,6,0,0,HURON ST N & 29TH AVE W,1,1,0,0,1,3,0,0,35,0,0,0,0,0,4,2,16
,2021-19259,39.72565154,-105.0531559,4/8/2021 19:20,19:20,12,0,0,HWY 6 EB ON RAMP SLIP FROM & SHERIDAN BLVD N,1,2,0,0,1,8,0,0,25,0,0,0,0,1,2,2,13
,2021-19260,39.77967353,-104.9791499,4/12/2021 13:22,13:22,15,0,0,I-70 WB ON RAMP FROM & WASHINGTON ST N,1,1,0,0,1,8,0,0,45,0,0,0,0,0,1,2,13
,2021-19261,39.71137353,-104.9054399,3/26/2021 21:00,21:00,12,0,0,7200 BLK E ALAMEDA AVE & S QUEBEC ST,1,3,0,0,1,3,0,0,35,0,0,0,0,0,4,2,13
,2021-19262,39.77286352,-104.8338199,4/18/2021 3:49,3:49,9,0,1,I-70 EB OFF RAMP ENT GORE PT TO & I-225 SB,1,3,1,0,2,8,0,0,55,0,0,0,0,3,1,1,2
,2021-19263,39.78010353,-104.9895499,4/14/2021 14:02,14:02,15,0,0,I-70 EB ON RAMP LOOP FROM & I-25 SB,1,1,0,0,1,8,0,0,45,0,0,0,0,0,1,2,13