id,drcog_id,latitude,longitude,crashtime,time,crashtype,numbkilled,numbinjurd,drcoglocat,rdconditin,lightngcon,roadcntgrd,weatherco,location,roaddescrp,schoolzone,constrzone,splimit,bikeinv,pedinv,sctrinv,motoinv,svrty,rdsystem,ttlvehcls,hcf
,2021-19264,39.77420352,-104.8470299,3/10/2021 11:35,11:35,3,0,0,PEORIA ST N & I-70 WB OFF RAMP,1,1,0,0,1,1,0,0,40,0,0,0,0,1,4,2,13
,2021-19265,39.74002353,-104.9730899,3/25/2021 7:00,7:00,15,0,0,COLFAX AVE E & DOWNING ST N,1,1,0,0,1,1,0,0,25,0,0,0,0,0,2,2,16
,2021-19266,39.68658354,-104.9406599,4/17/2021 15:02,15:02,15,0,0,1600 BLK S COLORADO BLVD & E IOWA AVE,1,1,0,0,1,3,0,0,35,0,0,0,0,0,4,2,1
,2021-19267,39.76939353,-105.0299599,4/15/2021 14:35,14:35,12,0,0,W 38TH AVE & N IRVING ST,11,1,0,2,1,1,0,0,35,0,0,0,0,0,4,2,3
,2021-19268,39.64070354,-104.9086799,4/15/2021 12:41,12:41,3,0,0,S ONEIDA ST & E PRINCETON AVE,1,1,0,0,1,1,0,0,30,0,0,0,0,0,4,2,13
,2021-19269,39.63870354,-104.9000699,4/15/2021 6:50,6:50,3,0,0,7700 BLK E QUINCY AVE & S SYRACUSE ST,1,1,0,0,1,2,0,0,25,0,0,0,0,0,4,2,13
,2021-19270,39.77358052,-104.8378089,4/15/2021 3:10,3:10,12,0,2,I-70 WB ON RAMP LOOP & I-225 NB,1,3,1,0,1,8,0,0,55,0,0,0,0,1,1,2,13
,2021-19271,39.69279354,-104.9515299,4/15/2021 13:28,13:28,5,0,0,1301 S ST PAUL ST & 1301 BLK S,1,1,0,0,3,4,0,0,25,0,0,0,0,0,4,1,3
,2021-19272,39.72649353,-104.9888599,4/15/2021 9:01,9:01,2,0,0,ACOMA ST N & 6TH AVE W,1,1,0,0,1,1,0,0,0,1,0,0,0,0,4,2,16
,2021-19273,39.72133353,-104.9170899,4/15/2021 6:13,6:13,15,0,0,N KEARNEY ST & E 3RD AVE,1,2,0,0,1,4,0,0,25,0,0,0,0,0,4,2,13
,2021-19274,39.75931353,-104.9936899,4/15/2021 7:36,7:36,5,0,0,PARK AVE W & WEWATTA ST,1,1,1,0,3,4,0,0,30,0,0,0,0,0,4,1,14
,2021-19275,39.74824153,-104.9864389,4/10/2021 18:47,18:47,3,0,0,20TH ST & WELTON ST,1,2,0,0,1,1,0,0,35,0,0,0,0,0,4,2,14
,2021-19277,39.78098352,-104.8470099,4/15/2021 16:20,16:20,1,0,0,PEORIA ST N & ALBROOK DR E,9,1,0,2,1,2,0,0,35,0,0,0,0,0,4,2,13
,2021-19278,39.77793353,-105.0314699,4/15/2021 12:05,12:05,5,0,0,4500 BLK N JULIAN ST & E SCOTT PL,1,1,1,0,3,4,0,0,25,0,0,0,0,0,4,1,3
,2021-19279,39.72536353,-105.0070899,4/15/2021 9:35,9:35,15,0,0,W 6TH AVE (NOT CDOT) & N QUIVAS ST,1,1,0,0,1,4,0,0,65,0,0,0,0,0,4,2,8
,2021-19280,39.77731351,-104.73802,4/15/2021 16:22,16:22,5,0,0,44TH AVE E & 21541 E 44TH AVE,1,1,0,1,3,4,0,0,25,0,0,0,0,0,4,1,5
,2021-19281,39.70737253,-104.9406514,4/15/2021 16:30,16:30,1,0,0,E VIRGINIA AVE & S COLORADO BLVD,7,1,0,2,1,1,0,0,25,0,0,0,0,0,4,2,13
,2021-19282,39.75170353,-104.9837299,4/14/2021 16:15,16:15,15,0,0,PARK AVE W & CALIFORNIA ST,1,1,0,0,1,1,0,0,35,0,0,0,0,0,4,2,13
,2021-19283,39.74005883,-104.9793015,4/15/2021 15:15,15:15,12,0,0,COLFAX AVE E & COLORADO BLVD N,11,1,0,2,1,1,0,0,35,0,0,0,0,0,2,2,1
,2021-19284,39.74483353,-104.9747699,4/15/2021 15:53,15:53,12,0,0,E 18TH AVE & PARK AVE,11,1,1,2,1,3,0,0,30,0,0,0,0,0,4,2,1
,2021-19285,39.7787545,-104.8704253,4/15/2021 15:40,15:40,12,0,0,E 45TH AVE & N BRIGHTON BLVD,11,5,0,0,1,1,0,0,35,0,0,0,0,0,4,2,8
,2021-19286,39.73998353,-104.9634599,4/14/2021 13:45,13:45,6,0,0,COLFAX AVE E & RACE ST N,1,1,0,0,1,1,0,0,35,0,0,0,0,0,2,2,13
,2021-19287,39.75788103,-104.9966649,4/3/2021 16:30,16:30,5,0,0,PARK AVE W & DELGANY ST,1,1,0,0,3,1,0,0,35,0,0,0,0,0,4,1,13
,2021-19288,39.74015353,-104.9127899,4/15/2021 9:49,9:49,3,0,0,COLFAX AVE E & MONACO ST NB,1,1,0,0,1,1,0,0,30,0,0,0,0,0,2,2,13
,2021-19289,39.71166624,-104.9997731,4/14/2021 22:10,22:10,15,0,0,I-25 SB OFF RAMP & ALAMEDA AVE W,1,3,0,0,1,8,0,0,45,0,0,0,0,0,1,2,16
,2021-19290,39.68948354,-105.0250499,4/15/2021 14:12,14:12,3,0,0,FLORIDA AVE W & FEDERAL BLVD S,11,1,0,2,1,2,0,0,30,0,0,0,0,1,4,2,3
,2021-19291,39.76197352,-104.9034299,4/18/2021 6:51,6:51,5,0,0,MLK BLVD E & QUEBEC ST N,1,1,0,0,3,1,0,0,35,0,0,0,0,0,4,1,13
,2021-19292,39.65305354,-104.9261399,4/14/2021 16:10,16:10,12,0,0,HAMPDEN AVE E & GLENCOE ST RD N,1,1,0,0,1,1,0,0,30,0,0,0,0,0,2,2,1
,2021-19293,39.73566353,-105.0234699,4/15/2021 8:05,8:05,3,0,0,2800 BLK W HOLDEN PL & N DECATUR ST,1,1,1,0,1,2,0,0,25,0,0,0,0,0,4,2,13
,2021-19294,39.68939354,-104.9833799,4/15/2021 15:46,15:46,8,0,0,300 BLK E FLORIDA AVE & S GRANT ST,11,1,0,2,1,4,0,0,25,0,0,0,0,0,4,2,1
,2021-19295,39.68981354,-104.9734099,4/15/2021 17:05,17:05,12,0,0,I-25 & DOWNING ST,9,5,0,7,1,4,0,0,60,0,0,0,0,0,1,2,13
,2021-19296,39.69295354,-104.9593299,4/15/2021 17:29,17:29,12,0,0,S UNIVERSITY BLVD & E LOUISIANA AVE,11,1,0,2,1,3,0,0,35,0,0,0,0,0,4,2,7
,2021-19297,39.73504353,-104.9634799,4/15/2021 16:29,16:29,2,0,1,RACE ST N & 12TH AVE E,7,1,0,5,1,1,0,0,25,1,0,0,0,2,4,2,13
,2021-19298,39.77705982,-104.9701395,4/15/2021 19:20,19:20,12,0,0,I-70 & BRIGHTON BLVD,4,3,0,2,1,4,0,0,55,0,0,0,0,0,1,2,13
,2021-19299,39.68506354,-104.9594399,4/15/2021 21:32,21:32,12,0,0,UNIVERSITY BLVD S & I-25 NB RAMPS,9,3,0,2,1,1,0,0,35,0,0,0,0,0,4,2,7
,2021-19300,39.73843353,-104.9823099,4/15/2021 23:11,23:11,3,0,0,N LOGAN ST & E 14TH AVE,7,3,0,2,1,1,0,0,30,0,0,0,0,0,4,2,5
,2021-19301,39.77892352,-104.9541299,4/15/2021 19:02,19:02,3,0,0,45TH AVE E & CLAYTON ST N,9,4,0,2,1,1,0,0,25,0,0,0,0,0,4,2,7
,2021-19302,39.77288352,-104.9406289,4/15/2021 18:37,18:37,9,0,0,COLORADO BLVD N & 40TH AVE E,11,1,0,4,3,1,0,0,45,0,0,0,0,0,2,1,1
,2021-19351,39.69295354,-104.9605699,4/13/2021 15:40,15:40,3,0,0,E LOUISIANA AVE & S YORK ST,1,1,0,0,1,1,0,0,25,0,0,0,0,0,4,2,3
,2021-19353,39.71119354,-105.0006399,4/13/2021 13:18,13:18,3,0,0,ALAMEDA AVE W & PLATTE RIVER DR S,1,1,0,0,1,1,0,0,30,0,0,0,0,0,2,2,3
,2021-19354,39.69385353,-104.9453699,4/6/2021 8:50,8:50,6,0,0,1200 BLK S MONROE ST & E LOUISIANA AVE,1,1,0,0,1,4,0,0,25,0,0,0,0,0,4,2,14
,2021-19355,39.68472354,-104.9594399,4/9/2021 12:45,12:45,12,0,0,I-25 SB ON RAMP FROM & UNIVERSITY BLVD S,1,1,0,0,1,8,0,0,25,0,0,0,0,0,1,2,13
,2021-19356,39.70171354,-105.0390999,4/5/2021 8:27,8:27,6,0,0,180 BLK S PATTON CT & W KENTUCKY AVE,1,1,0,0,1,4,0,0,25,0,0,0,0,0,4,2,3
,2021-19357,39.73765353,-104.9941099,4/5/2021 9:00,9:00,6,0,0,1300 BLK N ELATI ST & W 13TH AVE,1,1,0,0,1,2,0,0,25,0,0,0,0,0,4,2,16
,2021-19358,39.8039519,-104.7720422,4/5/2021 8:25,8:25,1,0,0,GVR BLVD E & TOWER RD N,1,1,0,0,1,1,0,0,35,0,0,0,0,1,4,2,13
,2021-19359,39.70394474,-104.9950685,4/9/2021 11:42,11:42,15,0,0,I-25 NB ON RAMP FROM & SANTA FE DR S,1,1,1,0,1,8,0,0,25,0,0,0,0,0,1,2,13
,2021-19360,39.76948353,-105.0330599,4/16/2021 0:54,0:54,6,0,0,38TH AVE W & KING ST N,9,3,0,2,1,4,0,0,35,0,0,0,0,0,4,2,16
,2021-19361,39.74008752,-104.9034634,3/12/2021 20:00,20:00,12,0,0,E COLFAX AVE & N QUEBEC ST,1,2,0,0,1,1,0,0,35,0,0,0,0,0,4,2,13
,2021-19362,39.73287353,-104.9706399,3/19/2021 9:30,9:30,6,0,0,1000 BLK N LAFAYETTE ST & E 11TH AVE,11,1,0,0,1,4,0,0,25,0,0,0,0,0,4,2,13
,2021-19374,39.79032351,-104.8566299,4/16/2021 6:25,6:25,6,0,0,51ST AVE E & LIMA ST N,10,2,0,2,1,4,0,0,35,0,0,0,0,0,4,2,13
,2021-19375,39.74326353,-104.9835799,4/16/2021 6:06,6:06,3,0,0,GRANT ST N & 17TH AVE E,9,1,0,2,1,1,0,0,,0,0,0,0,0,4,2,14
,2021-19376,39.77609352,-104.9379099,4/16/2021 7:10,7:10,5,0,0,E SMITH RD & N ALBION ST,9,3,1,2,3,4,0,0,35,0,0,0,0,0,4,1,13
,2021-19377,39.72093353,-104.9963499,4/16/2021 7:50,7:50,3,0,0,W 3RD AVE & N GALAPAGO ST,7,1,0,2,1,1,0,0,25,0,0,0,0,0,4,2,8
,2021-19378,39.71496354,-105.0348899,4/16/2021 19:31,19:31,3,0,0,S LOWELL BLVD & W BAYAUD AVE,11,4,0,2,1,1,0,0,25,0,0,0,0,1,4,2,8
,2021-19379,39.76911353,-104.9952899,4/16/2021 1:31,1:31,12,0,0,W 38TH AVE & N FOX ST,7,3,1,2,1,4,0,0,35,0,0,0,0,0,1,2,5
,2021-19380,39.68224354,-105.0461299,4/16/2021 7:30,7:30,3,0,0,JEWELL AVE W & VRAIN ST S,7,1,0,2,1,1,0,0,30,0,0,0,0,0,4,2,13
,2021-19381,39.70202353,-104.9593199,3/8/2021 18:45,18:45,12,0,0,S UNIVERSITY BLVD & E OHIO AVE,1,3,0,0,1,3,0,0,30,0,0,0,0,0,4,2,16
,2021-19382,39.77825352,-104.8965999,4/16/2021 1:55,1:55,5,0,0,I-270 OVERPASS & I-70,7,3,1,2,3,4,0,0,55,0,0,0,0,0,1,1,16
,2021-19383,39.78434351,-104.8470199,4/16/2021 15:42,15:42,5,0,0,4700 BLK N PEORIA ST & E ALBROOK DR,11,1,0,1,3,4,0,0,35,0,0,0,0,0,4,1,1
,2021-19384,39.77099352,-104.838528,3/31/2021 3:31,3:31,12,0,0,E 39TH AVE & N PEORIA ST,1,1,0,0,1,4,0,0,25,0,0,0,0,0,4,2,13
,2021-19385,39.63547354,-104.8937099,4/16/2021 15:42,15:42,12,0,0,I-225 & TAMARAC ST S,2,1,1,0,1,4,0,0,55,0,0,0,0,0,1,2,14
,2021-19386,39.68855354,-105.0296099,3/30/2021 20:19,20:19,6,0,0,IRVING ST S & FLORIDA AVE W,1,3,0,0,1,4,0,0,,0,0,0,0,0,4,2,13
,2021-19387,39.79837151,-104.772212,4/16/2021 21:37,21:37,3,0,0,56TH AVE E & TOWER RD N,1,3,1,0,1,1,0,0,45,0,0,0,0,0,4,2,13
,2021-19388,39.72727353,-104.9861399,4/16/2021 13:46,13:46,12,0,0,N LINCOLN ST & E 7TH AVE,11,1,0,0,1,1,0,0,30,0,0,0,0,0,4,2,13
,2021-19389,39.73930353,-105.0051299,3/11/2021 19:35,19:35,3,0,0,OSAGE ST N & 14TH AVE W,1,3,0,0,1,1,0,0,30,0,0,0,0,0,4,2,9
,2021-19390,39.78317352,-104.8404499,4/16/2021 9:15,9:15,3,0,0,TULSA CT N & 48TH AVE E,7,1,0,2,1,1,0,0,25,0,0,0,0,0,4,2,16
,2021-19391,39.74033353,-105.0393099,3/23/2021 14:10,14:10,12,0,0,W COLFAX AVE & N PERRY ST,1,1,0,0,1,4,0,0,35,0,0,0,0,0,4,2,16
,2021-19392,39.78326353,-105.0064199,4/16/2021 12:15,12:15,15,0,0,I-70 WB & PECOS ST N,11,1,1,0,1,4,0,0,55,0,0,0,0,0,1,2,13
,2021-19393,39.78010353,-104.9895499,4/16/2021 10:11,10:11,5,0,0,I-70 EB OFF RAMP TO & I-25 SB,8,1,0,2,3,8,0,0,55,0,0,0,0,0,1,1,14
,2021-19394,39.75935353,-105.0099799,3/17/2021 20:52,20:52,6,0,0,1610 BOULDER ST & 1610 BLK,1,3,0,0,1,4,0,0,25,0,0,0,0,0,4,2,5
,2021-19395,39.72694353,-104.9480799,3/20/2021 17:05,17:05,11,0,1,7TH AVE E & ADAMS ST N,2,1,0,0,2,4,0,0,25,0,1,0,0,3,4,1,14
,2021-19396,39.75520353,-105.0134699,4/16/2021 14:24,14:24,15,0,0,I-25 & SPEER BLVD N,1,1,0,0,1,4,0,0,55,0,0,0,0,0,1,2,13
,2021-19397,39.71120354,-104.9991199,4/16/2021 8:02,8:02,12,0,0,I-25 & ALAMEDA AVE W,11,1,0,2,1,4,0,0,55,0,0,0,0,0,1,2,13
,2021-19398,39.72527841,-105.1417334,4/16/2021 12:53,12:53,12,0,0,I-25 & 6TH AVE W,11,1,0,0,1,4,0,0,45,0,0,0,0,0,1,2,13
,2021-19399,39.75884629,-104.866195,4/16/2021 10:37,10:37,3,0,0,MLK BLVD E & YORK ST N,8,1,0,0,1,1,0,0,35,0,0,0,0,0,4,2,13
,2021-19400,39.75825352,-104.9011099,3/31/2021 17:50,17:50,6,0,0,29TH PL E & 7477 E 29TH PL,1,1,0,0,1,4,0,0,15,0,0,0,0,0,4,2,7
,2021-19401,39.69669854,-104.9918704,3/30/2021 18:20,18:20,15,0,0,SANTA FE DR S & MISSISSIPPI AVE W,1,1,0,0,1,3,0,0,45,0,0,0,0,0,2,2,16
,2021-19402,39.77107452,-104.8464169,3/18/2021 16:20,16:20,12,0,0,PEORIA ST N & 39TH AVE,1,1,0,0,1,1,0,0,40,0,0,0,0,0,4,2,13
,2021-19403,39.68130354,-105.0076399,3/15/2021 1:05,1:05,6,0,0,1700 BLK OF ATLANTIC PL & 1700 BLK,9,3,2,2,1,2,0,0,25,0,0,0,0,0,4,2,14
,2021-19404,39.69301354,-104.9839599,3/29/2021 22:00,22:00,6,0,0,GRANT ST S & LOUISIANA AVE E,1,4,0,0,1,4,0,0,25,0,0,0,0,0,4,2,1
,2021-19405,39.69038354,-105.0250499,4/16/2021 17:36,17:36,12,0,0,FEDERAL BLVD S & FLORIDA AVE W,1,1,0,0,1,4,0,0,35,0,0,0,0,0,2,2,13
,2021-19406,39.69111354,-104.9960399,4/16/2021 13:20,13:20,12,0,0,1400 BLK S PLATTE RIVER DR & W FLORIDA AVE,11,1,0,0,1,4,0,0,25,0,0,0,0,0,4,2,13
,2021-19407,39.74153353,-105.0314899,4/6/2021 7:59,7:59,6,0,0,1500 BLK N JULIAN ST & W COLFAX AVE,1,1,0,0,1,4,0,0,25,0,0,0,0,0,4,2,16
,2021-19408,39.71817353,-104.9632899,4/16/2021 13:10,13:10,15,0,0,1800 BLK E 1ST AVE & N HIGH ST,11,1,1,0,1,4,0,0,30,0,0,0,0,0,4,2,13
,2021-19409,39.74043353,-105.0139599,4/3/2021 20:10,20:10,5,0,0,I-25 & COLFAX AVE W,1,3,0,0,1,4,0,0,55,0,0,0,0,0,1,2,13
,2021-19410,39.75478353,-104.9780399,4/10/2021 15:00,15:00,6,0,0,WELTON ST & 27TH ST,1,1,0,0,1,4,0,0,25,0,0,0,0,0,4,2,14
,2021-19411,39.77711352,-104.8827799,4/12/2021 5:55,5:55,12,0,0,I-70 & CENTRAL PARK BLVD N,1,2,0,0,1,4,0,0,55,0,0,0,0,0,1,2,1
,2021-19412,39.66770954,-104.9816594,4/17/2021 9:09,9:09,3,0,0,COLORADO BLVD S & YALE AVE RD E,1,1,0,0,1,1,0,0,35,0,0,0,0,0,2,2,13
,2021-19414,39.69635353,-104.9229899,4/16/2021 18:56,18:56,12,0,0,5500 BLK E CHERRY CREEK S DR & S HOLLY ST,11,1,0,1,1,1,0,0,25,0,0,0,0,0,4,2,7
,2021-19415,39.73203353,-105.0263499,3/30/2021 23:45,23:45,6,0,0,900 BLK N GROVE ST & W 10TH AVE,1,3,0,0,1,4,0,0,25,0,0,0,0,0,4,2,16
,2021-19416,39.65208076,-105.0841628,3/31/2021 21:55,21:55,5,0,0,3400 BLK S FENTON ST & W HAMPDEN AVE FR N (NOT CDOT),1,3,0,0,3,4,0,0,25,0,0,0,0,0,4,1,16
,2021-19417,39.74793353,-104.9860899,4/9/2021 17:34,17:34,15,0,0,20TH ST & N LINCOLN ST,1,1,1,0,1,1,0,0,30,0,0,0,0,0,4,2,1
,2021-19418,39.78312187,-104.8470955,4/17/2021 12:40,12:40,12,0,0,I-70 & PEORIA ST N,1,1,0,0,1,4,0,0,55,0,0,0,0,0,1,2,13
,2021-19419,39.78362051,-104.7722075,4/7/2021 17:30,17:30,15,0,0,E GVR BLVD & N TOWER RD,1,1,0,0,1,3,0,0,40,0,0,0,0,0,4,2,16
,2021-19420,39.72569653,-105.0001594,4/6/2021 7:26,7:26,12,0,0,W 6TH AVE & N KALAMATH ST,1,1,0,0,1,4,0,0,40,0,0,0,0,0,4,2,16
,2021-19421,39.77562352,-104.8658799,4/9/2021 19:29,19:29,12,0,0,I-70 EB & HAVANA ST N,1,1,0,0,1,4,0,0,55,0,0,0,0,0,1,2,14
,2021-19422,39.72922353,-104.9406799,4/13/2021 13:50,13:50,15,0,0,COLORADO BLVD N & 8TH AVE E,1,1,0,0,1,4,0,0,35,0,0,0,0,0,2,2,13
,2021-19423,39.70743354,-105.0323499,4/11/2021 1:29,1:29,6,0,0,500 BLK S KNOX CT & W CENTER AVE,1,3,0,0,1,4,0,0,25,0,0,0,0,0,4,2,13
,2021-19424,39.78379351,-104.8017,4/9/2021 7:30,7:30,3,0,0,E GVR BLVD & N KITTREDGE ST,1,1,0,0,1,1,0,0,35,0,0,0,0,0,4,2,1
,2021-19425,39.76075353,-104.9737499,4/2/2021 10:00,10:00,15,0,0,32ND ST & STOUT ST,1,3,0,0,1,1,0,0,25,0,0,0,0,0,4,2,5
,2021-19426,39.74561352,-104.8987299,4/17/2021 16:21,16:21,3,0,0,N SYRACUSE ST & E 19TH AVE,1,1,0,0,1,1,0,0,20,0,0,0,0,0,4,2,14
,2021-19427,39.74000353,-104.9764699,4/17/2021 11:06,11:06,1,0,2,COLFAX AVE E & EMERSON ST N,1,1,0,0,1,1,0,0,30,0,0,0,0,2,2,2,13
,2021-19428,39.67309354,-104.9232799,4/7/2021 7:03,7:03,10,0,0,COLORADO BLVD S & DICKENSON PL E,1,1,0,0,1,2,0,0,40,0,0,0,0,0,2,2,1
,2021-19429,39.70748353,-104.9593199,4/17/2021 12:30,12:30,12,0,0,S UNIVERSITY BLVD & E VIRGINIA AVE,1,1,1,0,1,3,0,0,35,0,0,0,0,0,4,2,13
,2021-19430,39.78362951,-104.791364,4/17/2021 14:30,14:30,12,0,0,E GVR BLVD & PEAN BLVD INBOUND,1,1,0,0,1,3,0,0,40,0,0,0,0,1,4,2,3
,2021-19431,39.68486354,-104.9594399,4/17/2021 2:42,2:42,5,0,0,I-25 & UNIVERSITY BLVD S,1,3,0,0,2,4,0,0,60,0,0,0,0,1,1,1,1
,2021-19432,39.74015353,-104.9127899,4/17/2021 10:01,10:01,3,0,0,COLFAX AVE E & MONACO ST NB,1,1,0,0,1,1,0,0,35,0,0,0,0,1,2,2,8
,2021-19433,39.66992353,-104.87395,4/17/2021 15:49,15:49,1,0,0,DAYTON WY S & HARVARD AVE E,1,1,0,0,1,2,0,0,30,0,0,0,0,0,4,2,13
,2021-19434,39.66748354,-104.9254699,4/17/2021 11:07,11:07,15,0,0,I-25 & YALE AVE E,1,1,0,0,1,4,0,0,55,0,0,0,0,0,1,2,1
,2021-19435,39.76620353,-104.9729699,4/16/2021 23:28,23:28,5,0,0,DOWNING ST N & 3550 N DOWNING ST,9,3,0,2,5,7,0,0,,0,0,0,0,0,3,1,1
,2021-19483,39.72816635,-104.9734776,4/12/2021 7:30,7:30,5,1,0,CORONA DOWNING ALY & 700 BLK N,1,1,0,0,2,4,0,0,15,0,0,0,0,4,4,1,14
,2021-19484,39.77106352,-104.9498799,2/26/2021 23:11,23:11,5,0,0,E 39TH AVE & N STEELE ST,4,3,0,0,3,4,0,0,35,0,0,0,0,0,4,1,16
,2021-19485,39.77582352,-104.8657299,3/24/2021 6:05,6:05,12,0,0,HAVANA ST N & I-70 EB ON RAMP,11,4,0,2,1,1,0,0,35,0,0,0,0,0,4,2,16
,2021-19487,39.67844354,-104.9366799,4/16/2021 8:07,8:07,12,0,0,E EVANS AVE & S BRICH ST,7,1,0,2,1,4,0,0,30,0,0,0,0,0,4,2,13
,2021-19531,39.75931353,-104.9936899,4/7/2021 2:26,2:26,5,1,0,PARK AVE & WEWATTA ST,1,3,0,0,3,3,0,0,35,0,0,0,0,4,4,1,5
,2021-19567,39.80193352,-104.9859899,5/15/2021 11:11,11:11,12,0,0,I-25 SB & E 58TH AVE,1,1,3,0,1,1,0,0,55,0,0,0,0,0,2,2,14
,2021-19624,39.65564355,-105.0531999,4/8/2021 16:18,16:18,14,0,0,SHERIDAN BLVD S & DARTMOUTH AVE E,1,1,0,0,6,4,0,0,35,0,0,0,0,0,2,4,2
,2021-19625,39.72515353,-105.0070899,4/9/2021 9:30,9:30,6,0,0,500 BLK N QUIVAS ST & W 6TH AVE,1,1,0,0,1,4,0,0,30,0,0,0,0,0,4,4,16
,2021-19626,39.78009352,-104.9128699,4/16/2021 5:51,5:51,10,0,0,MONACO ST N & 4600 BLK N,9,3,0,2,1,2,0,0,25,0,0,0,0,0,4,2,13
,2021-19627,39.74652353,-104.9222699,4/11/2021 1:54,1:54,6,0,1,1900 BLK N HOLLY ST & 1900 BLK N,1,4,0,0,1,4,0,0,25,0,0,0,0,2,4,3,3
,2021-19628,39.75035353,-104.9819999,4/12/2021 11:30,11:30,3,0,0,PARK AVE W & GLENARM PL,1,1,0,0,1,1,0,0,30,0,0,0,0,0,4,2,13
,2021-19754,39.74015353,-105.0052299,4/7/2021 23:08,23:08,3,0,1,COLFAX AVE W & OSAGE ST N,1,3,0,0,1,1,0,0,35,0,0,0,0,1,2,2,13
,2021-19755,39.76571353,-105.0346199,4/7/2021 14:16,14:16,6,0,0,LOWELL BLVD N & 35TH AVE W,1,1,0,0,1,4,0,0,30,0,0,0,0,0,4,3,13
,2021-19756,39.72891353,-105.0001699,4/11/2021 23:50,23:50,3,0,0,8TH AVE W & KALAMATH ST N,1,3,0,0,1,1,0,0,35,0,0,0,0,0,4,3,5
,2021-19794,39.73919353,-104.9405699,3/26/2021 10:57,10:57,12,0,0,COLORADO BLVD N & COLFAX AVE E,1,1,0,0,1,3,0,0,35,0,0,0,0,0,2,2,5
,2021-19835,39.68953454,-105.0532909,5/7/2021 8:00,8:00,15,0,0,SHERIDAN BLVD S & FLORIDA AVE W,1,1,0,0,1,1,0,0,40,0,0,0,0,0,2,2,13
,2021-19888,39.69294421,-105.1262591,5/13/2021 12:52,12:52,3,0,0,S SHERIDAN BLVD & W LOUISIANA AVE,1,1,0,0,1,1,0,0,30,0,0,0,0,0,2,2,16
,2021-19926,39.77855352,-104.9405199,4/22/2021 6:37,6:37,5,0,0,COLORADO BLVD N & 4400 BLK N,4,1,1,0,3,4,0,0,40,0,0,0,0,1,2,1,14
,2021-19956,39.78948351,-104.8455199,4/21/2021 12:00,12:00,6,0,0,12261 E 51ST AVE & N PEORIA ST,9,2,0,0,1,4,0,0,25,0,0,0,0,0,4,2,1
,2021-19991,39.73852451,-105.053126,5/6/2021 15:03,15:03,3,0,0,SHERIDAN BLVD S & 1400 BLK S,1,1,0,0,1,2,0,0,40,0,0,0,0,0,2,2,13
,2021-20035,39.74378352,-104.9034499,4/21/2021 16:45,16:45,12,0,0,N QUEBEC ST & E 17TH AVE,9,1,0,2,1,1,0,0,35,0,0,0,0,0,4,2,1
,2021-20037,39.63413354,-104.9067299,4/22/2021 15:45,15:45,12,0,0,I-25 & I-225 NB,1,1,0,0,1,4,0,0,65,0,0,0,0,0,1,2,3
,2021-20038,39.76094353,-105.0043199,4/22/2021 6:25,6:25,5,0,0,I-25 & 20TH ST,11,2,1,0,3,4,0,0,65,0,0,0,0,1,1,2,13
,2021-20042,39.71607353,-104.9592099,4/21/2021 16:20,16:20,1,0,0,S UNIVERSITY BLVD & E CHERRY CREEK N DR,9,1,0,2,1,1,0,0,25,0,0,0,0,0,4,2,8
,2021-20044,39.66047354,-105.0104299,4/22/2021 14:54,14:54,1,0,0,DARTMOUTH AVE W & TEJON ST S,1,1,1,0,1,1,0,0,35,0,0,0,0,0,4,2,7
,2021-20045,39.79437351,-104.8146899,4/22/2021 14:02,14:02,11,0,1,ELKHART ST N & MAXWELL PL E,1,1,0,0,1,1,0,0,25,0,1,0,0,2,4,1,7
,2021-20046,39.78834353,-105.0251899,4/22/2021 14:54,14:54,12,0,0,FEDERAL BLVD N & 50TH AVE W,1,1,1,0,1,3,0,0,35,0,0,0,0,1,2,2,3
,2021-20047,39.73683353,-104.9848499,4/21/2021 16:00,16:00,12,0,0,N SHERMAN ST & E 13TH AVE,11,1,0,2,1,3,0,0,25,0,0,0,0,0,4,2,3
,2021-20048,39.74480353,-104.9647499,3/18/2021 14:00,14:00,3,0,0,N HIGH ST & E 18TH AVE,1,1,0,0,1,1,0,0,25,0,0,0,0,1,4,2,16
,2021-20049,39.78346312,-105.0112166,4/22/2021 6:10,6:10,5,0,0,QUEBEC ST N & I-70 EB ON RAMP SLIP,11,2,1,0,3,4,0,0,35,0,0,0,0,0,4,2,13
,2021-20050,39.72527841,-105.1417334,4/22/2021 13:56,13:56,12,0,0,I-25 & 6TH AVE W,1,1,1,0,1,4,0,0,65,0,0,0,0,1,1,2,7
,2021-20051,39.65307354,-104.9184399,4/22/2021 8:24,8:24,12,0,0,I-25 SB ON RAMP SLIP FROM & HAMPDEN AVE E,1,1,1,0,1,8,0,0,40,0,0,0,0,1,1,2,14
,2021-20055,39.67843354,-104.9339699,4/22/2021 7:45,7:45,12,0,0,I-25 & EVANS AVE E,11,1,0,0,1,4,0,0,65,0,0,0,0,1,1,2,14
,2021-20056,39.75835429,-104.9820871,4/16/2021 12:18,12:18,12,0,0,2200 BLK N BROADWAY & ARAPAHOE ST,4,1,0,0,1,4,0,0,30,0,0,0,0,0,4,2,8
,2021-20057,39.8367635,-104.70089,4/18/2021 22:33,22:33,16,0,0,24530 E 78TH AVE & 24530 BLK,1,3,0,0,5,7,0,0,15,0,0,0,0,0,3,1,16