id,drcog_id,latitude,longitude,crashtime,time,crashtype,numbkilled,numbinjurd,drcoglocat,rdconditin,lightngcon,roadcntgrd,weatherco,location,roaddescrp,schoolzone,constrzone,splimit,bikeinv,pedinv,sctrinv,motoinv,svrty,rdsystem,ttlvehcls,hcf
,2021-20058,39.72551353,-105.0133499,3/30/2021 18:30,18:30,15,0,0,I-25 & 6TH AVE W,1,1,0,0,1,4,0,0,55,0,0,0,0,0,1,2,16
,2021-20059,39.77282351,-104.79598,4/21/2021 13:15,13:15,12,0,0,N AIRPORT WY & E 40TH AVE,9,1,0,2,1,1,0,0,35,0,0,0,0,0,4,2,1
,2021-20060,39.77663353,-105.0252099,3/29/2021 18:48,18:48,12,0,0,44TH AVE W & N FEDERAL BLVD,1,1,0,0,1,1,0,0,,0,0,0,0,0,2,2,13
,2021-20061,39.72623353,-104.9406899,4/22/2021 13:20,13:20,6,0,0,COLORADO BLVD N & 600 BLK N,1,1,0,0,1,2,0,0,35,0,0,0,0,0,2,2,3
,2021-20062,39.77892352,-104.9497799,4/19/2021 17:41,17:41,3,0,0,N STEELE ST & E 45TH AVE,11,1,0,2,1,1,0,0,25,0,0,0,0,1,4,2,13
,2021-20063,39.63930354,-104.88511,4/22/2021 6:13,6:13,5,0,0,I-225 & YOSEMITE ST S,11,1,0,0,2,4,0,0,65,0,0,0,0,1,1,1,14
,2021-20064,39.73685353,-104.9941199,4/22/2021 13:55,13:55,15,0,0,500 BLK W 13TH AVE & 500 BLK W,1,1,1,0,1,4,0,0,30,0,0,0,0,0,4,2,16
,2021-20065,39.70385353,-104.9146999,4/22/2021 13:15,13:15,3,0,0,LEETSDALE DR & EXPOSITION AVE E,1,1,1,7,1,1,0,0,35,0,0,0,0,1,2,2,4
,2021-20066,39.75536353,-105.0126799,4/19/2021 9:47,9:47,12,0,0,I-25 & SPEER BLVD N,11,1,0,1,1,4,0,0,65,0,0,0,0,1,1,2,7
,2021-20068,39.76446353,-104.9498999,4/19/2021 14:47,14:47,1,0,0,STEELE ST N & BRUCE RANDOLPH AVE E,9,1,0,2,1,1,0,0,30,0,0,0,0,0,4,2,14
,2021-20069,39.73539353,-104.9807099,3/22/2021 12:50,12:50,6,0,0,PENNSYLVANIA ST N & 13TH AVE E,1,1,0,0,1,4,0,0,30,0,0,0,0,0,4,2,13
,2021-20070,39.68863354,-105.0203699,3/26/2021 23:30,23:30,11,0,1,CLAY ST S & 1500 BLK,1,3,0,0,3,4,0,0,25,0,1,0,0,3,4,1,16
,2021-20071,39.77385352,-104.9497999,4/22/2021 15:30,15:30,12,0,0,N STEELE ST & E 41ST AVE,1,1,0,0,1,4,0,0,35,0,0,0,0,0,4,2,13
,2021-20072,39.76465683,-104.9791758,4/21/2021 15:00,15:00,12,0,0,PARK AVE W & WALNUT ST,1,1,0,0,1,3,0,0,25,0,0,0,0,0,4,2,3
,2021-20073,39.81940044,-104.9828907,4/19/2021 9:48,9:48,12,0,0,I-25 & 23RD RD W,11,1,0,1,1,4,0,0,65,0,0,0,0,0,1,2,14
,2021-20074,39.72413353,-104.9874699,4/19/2021 10:38,10:38,15,0,0,E 5TH AVE & N BROADWAY ST,1,1,0,0,1,3,0,0,30,0,0,0,0,0,4,2,13
,2021-20075,39.74018353,-104.9568399,4/21/2021 16:30,16:30,15,0,0,COLFAX AVE E & ELIZABETH ST N,11,1,0,2,1,4,0,0,30,0,0,0,0,0,2,2,3
,2021-20076,39.63413354,-104.9067299,3/27/2021 2:06,2:06,9,0,1,I-25 NB OFF RAMP EXIT GORE PT TO & I-225 NB ON RAMP Y CONNECTION,1,3,0,0,2,8,0,0,60,0,0,0,0,3,1,1,5
,2021-20077,39.69558353,-104.9222899,4/18/2021 14:30,14:30,12,0,0,E CHERRY CREEK N ALY & S HOLLY ST,1,1,0,0,1,1,0,0,30,0,0,0,0,0,4,2,16
,2021-20078,39.73685353,-104.9941099,4/19/2021 16:24,16:24,10,0,0,W 13TH AVE & N ELATI ST,11,1,0,2,1,1,0,0,35,0,0,0,0,0,4,2,7
,2021-20079,39.72527841,-105.1417334,4/22/2021 13:44,13:44,15,0,0,I-25 & 6TH AVE W,1,1,0,0,1,4,0,0,65,0,0,0,0,0,1,2,13
,2021-20080,39.77667351,-104.8099,3/19/2021 22:39,22:39,12,0,0,N CHAMBERS RD & E 46TH AVE,1,3,0,0,1,1,0,0,40,0,0,0,0,0,4,2,14
,2021-20081,39.67834354,-104.9933799,4/19/2021 20:19,20:19,5,0,1,SANTA FE DR S & EVANS AVE W,9,1,0,2,3,1,0,0,30,0,0,0,0,2,2,1,13
,2021-20082,39.77099352,-104.838528,4/18/2021 21:48,21:48,15,0,0,39TH AVE E & GRAPE ST N,1,3,0,0,1,4,0,0,25,0,0,0,0,0,4,2,13
,2021-20083,39.76115353,-105.0047499,4/21/2021 16:59,16:59,12,0,0,I-25 & 20TH ST,11,1,0,2,1,4,0,0,55,0,0,0,0,0,1,2,13
,2021-20084,39.73514353,-104.9562799,4/18/2021 21:35,21:35,3,0,0,12TH ST E & ELIZABETH ST N,1,3,0,0,1,1,0,0,30,0,0,0,0,0,4,2,13
,2021-20085,39.71120354,-104.9991199,4/19/2021 5:20,5:20,15,0,0,I-25 & ALAMEDA AVE W,1,4,0,0,1,4,0,0,65,0,0,0,0,0,4,2,16
,2021-20086,39.76188353,-104.9905799,4/18/2021 7:24,7:24,15,0,0,2500 BLK WEWATT WY & DEGANY ST,1,1,0,0,1,4,0,0,25,0,0,0,0,0,4,2,13
,2021-20087,39.75522353,-104.9931299,4/18/2021 20:00,20:00,11,0,1,BLAKE ST & 21ST ST,1,2,0,0,1,4,0,0,,0,1,0,0,2,4,1,16
,2021-20088,39.78562353,-105.0415799,4/18/2021 8:17,8:17,6,0,0,4200 BLK W 49TH AVE & 4200 BLK W,1,2,0,0,1,4,0,0,25,0,0,0,0,0,4,2,3
,2021-20089,39.81824351,-104.77201,4/18/2021 19:03,19:03,1,0,0,TOWER RD N & HIGH POINT BLVD,1,3,0,0,1,1,0,0,45,0,0,0,0,0,4,2,13
,2021-20090,39.78320352,-104.9592499,4/17/2021 12:33,12:33,5,0,0,YORK ST N & YORK LN N,1,1,0,0,2,4,0,0,25,0,0,0,0,0,4,2,16
,2021-20091,39.67865354,-105.0127599,4/17/2021 9:07,9:07,1,0,0,2100 BLK W EVANS AVE & S TEJON ST,1,1,0,0,1,2,0,0,30,0,0,0,0,0,4,2,13
,2021-20092,39.74321353,-104.9622199,4/18/2021 16:10,16:10,12,0,0,2100 BLK E 17TH AVE & N GAYLORD ST,1,1,0,0,1,4,0,0,30,0,0,0,0,0,4,2,13
,2021-20093,39.78260803,-104.9985394,4/19/2021 17:45,17:45,12,0,0,I-70 WB & HAVANA ST N,11,1,0,2,1,4,0,0,55,0,0,0,0,0,1,2,3
,2021-20094,39.74163353,-104.9721499,4/18/2021 16:52,16:52,3,0,0,MARION ST N & 16TH AVE E,1,1,0,0,1,1,0,0,25,0,0,0,0,0,4,2,3
,2021-20095,39.63145354,-104.9111799,4/16/2021 15:11,15:11,3,0,0,MONACO ST S & UNION AVE E,1,1,0,0,1,2,0,0,10,0,0,0,0,0,4,2,2
,2021-20096,39.70849354,-105.0250799,4/17/2021 11:36,11:36,12,0,0,FEDERAL BLVD S & DAKOTA AVE W,1,1,0,0,1,4,0,0,35,0,0,0,0,0,2,2,13
,2021-20097,39.72010353,-104.9000199,4/19/2021 8:31,8:31,5,0,0,E 1ST PL & N ROSLYN ST,11,1,0,0,3,3,0,0,25,0,0,0,0,0,4,1,16
,2021-20098,39.77994351,-104.79987,4/18/2021 21:30,21:30,6,0,0,47TH PL E & LAREDO ST N,1,3,0,0,1,3,0,0,25,0,0,0,0,0,4,2,16
,2021-20099,39.77967353,-104.9791499,4/16/2021 13:30,13:30,15,0,0,I-70 WB & WASHINGTON ST N,7,1,0,0,1,4,0,0,65,0,0,0,0,0,1,2,1
,2021-20100,39.75120353,-105.0252199,4/15/2021 15:45,15:45,15,0,0,23RD AVE W & FEDERAL BLVD N,4,1,0,2,1,1,0,0,,0,0,0,0,0,1,2,16
,2021-20101,39.72541754,-105.0252199,4/19/2021 10:59,10:59,3,0,0,FEDERAL BLVD N & HWY 6 EB OFF RAMP,11,1,0,1,1,1,0,0,35,0,0,0,0,0,2,2,13
,2021-20102,39.73846353,-105.0001199,4/16/2021 16:50,16:50,12,0,0,N KALAMATH ST & W 14TH AVE,1,1,0,0,1,3,0,0,35,0,0,0,0,0,4,2,16
,2021-20103,39.76945353,-105.0381499,4/19/2021 15:02,15:02,12,0,0,N OSCEOLA ST & W 38TH AVE,11,1,0,1,1,1,0,0,25,0,0,0,0,0,4,2,13
,2021-20104,39.74322353,-104.9659699,4/17/2021 10:26,10:26,6,0,0,17TH AVE E & HIGH ST N,1,1,0,0,1,4,0,0,,0,0,0,0,0,4,2,16
,2021-20105,39.77785352,-104.8355999,4/10/2021 2:44,2:44,6,0,0,N ATCHISON WY & E ALBROOK DR,1,3,0,0,1,4,0,0,25,0,0,0,0,0,4,2,14
,2021-20106,39.71622594,-104.9453686,4/18/2021 1:00,1:00,6,0,0,00 BLK OF S MEADE ST & E ELLSWORTH AVE,1,4,0,0,1,4,0,0,25,0,0,0,0,0,4,2,13
,2021-20107,39.74321353,-104.9622199,4/18/2021 16:10,16:10,12,0,0,2100 BLK E 17TH AVE & N GAYLORD ST,1,1,0,0,1,4,0,0,30,0,0,0,0,0,4,4,13
,2021-20108,39.76109353,-104.9837999,4/18/2021 13:00,13:00,3,0,0,28TH ST & WALNUT ST,1,1,1,0,1,1,0,0,30,0,0,0,0,1,4,2,13
,2021-20109,39.87088912,-104.7149793,4/13/2021 0:30,0:30,5,0,0,PENA BLVD & GUN CLUB RD,1,3,1,0,3,4,0,0,,0,0,0,0,0,4,1,2
,2021-20110,39.75481353,-105.0268099,4/21/2021 16:31,16:31,3,0,0,26TH AVE W & GROVE ST N,11,1,0,4,1,1,0,0,25,0,0,0,0,0,4,2,16
,2021-20111,39.76074353,-104.9597499,4/17/2021 15:13,15:13,3,0,0,E 31ST AVE & N YORK ST,1,1,0,0,1,1,0,0,30,0,0,0,0,0,4,2,13
,2021-20112,39.77293353,-105.0252199,1/25/2021 17:28,17:28,12,0,0,FEDERAL BLVD N & 41ST AVE W,1,3,0,0,1,4,0,0,35,0,0,0,0,0,2,2,16
,2021-20113,39.75838352,-104.9123799,4/18/2021 16:01,16:01,12,0,0,E 29TH AVE & N MONACO ST,1,1,0,0,1,4,0,0,30,0,0,0,0,0,4,2,1
,2021-20138,39.69673354,-105.0203499,4/6/2021 16:01,16:01,3,0,0,W MISSISSIPPI AVE & S CLAY ST,11,1,0,1,1,1,0,0,25,0,0,0,0,0,4,2,13
,2021-20139,39.70107353,-104.9105499,2/5/2021 2:16,2:16,12,0,0,LEETSDALE DR & S NIAGARA ST,1,3,1,0,1,3,0,0,35,0,0,0,0,0,4,2,13
,2021-20140,39.74000653,-104.9873794,4/14/2021 20:39,20:39,12,0,0,COLFAX AVE E & BROADWAY ST N,1,3,1,0,1,3,0,0,30,0,0,0,0,0,2,2,14
,2021-20141,39.83661657,-104.6678954,4/16/2021 7:22,7:22,5,0,0,75TH AVE E & HARRY COMBS PKWY,9,1,0,2,3,1,0,0,45,0,0,0,0,0,4,1,13
,2021-20142,39.73998353,-104.9597699,4/14/2021 16:22,16:22,12,0,0,YORK ST N & COLFAX AVE E,1,1,0,0,1,1,0,0,35,0,0,0,0,0,2,2,13
,2021-20143,39.76115353,-105.0047499,4/15/2021 16:14,16:14,12,0,0,I-25 & 20TH ST,11,1,0,2,1,4,0,0,55,0,0,0,0,0,1,2,13
,2021-20144,39.69658353,-104.8917199,4/15/2021 7:59,7:59,15,0,0,E MISSISSIPPI AVE & S VALENTIA ST,1,1,0,0,1,4,0,0,30,0,0,0,0,0,4,2,13
,2021-20163,39.81824351,-104.77201,4/21/2021 14:00,14:00,5,0,0,TOWER RD N & 67TH AVE E,9,1,0,2,6,1,0,0,35,0,0,0,0,0,4,1,13
,2021-20165,39.75433353,-104.9942599,4/20/2021 18:00,18:00,12,0,0,20TH ST & BLAKE ST,1,1,0,0,1,1,0,0,25,0,0,0,0,0,4,2,4
,2021-20166,39.72931353,-105.0150399,4/21/2021 12:54,12:54,15,0,0,I-25 & 8TH AVE W,1,1,0,0,1,4,0,0,65,0,0,0,0,0,1,2,7
,2021-20167,39.69296354,-104.9733999,4/19/2021 14:40,14:40,12,0,0,S DOWNING ST & E LOUISIANA AVE,11,1,0,1,1,3,0,0,30,0,0,0,0,0,4,2,3
,2021-20168,39.77797352,-104.9222799,4/19/2021 8:55,8:55,15,0,0,HOLLY ST N & STAPLETON DR SE,1,1,0,0,1,1,0,0,25,0,0,0,0,0,4,2,13
,2021-20169,39.75078353,-104.9849099,4/21/2021 10:16,10:16,12,0,0,22ND ST & CALIFORNIA ST,1,1,0,0,1,1,0,0,25,0,0,0,0,0,4,2,14
,2021-20170,39.91915628,-105.0050976,4/21/2021 14:41,14:41,15,0,0,38TH AVE W & PECOS ST N,1,1,0,1,1,1,0,0,35,0,0,0,0,0,4,2,7
,2021-20171,39.71111353,-104.9592499,4/20/2021 18:30,18:30,12,0,0,S UNIVERSITY BLVD & E ALAMEDA AVE,1,1,0,0,1,3,0,0,25,0,0,0,0,0,4,2,16
,2021-20172,39.63427354,-104.9070899,4/21/2021 15:00,15:00,9,0,0,I-25 & I-225,1,1,0,0,1,4,0,0,65,0,0,0,0,0,1,2,10
,2021-20173,39.68437354,-105.0531799,4/21/2021 4:50,4:50,3,0,1,SHERIDAN BLVD S & MEXICO AVE W,1,3,1,0,1,1,0,0,25,0,0,0,0,2,2,2,3
,2021-20175,39.73763353,-104.9694299,4/19/2021 14:41,14:41,6,0,0,HUMBOLDT ST N & 1300 BLK N,1,2,0,1,1,4,0,0,25,0,0,0,0,0,4,2,5
,2021-20176,39.78170351,-104.75865,4/20/2021 21:52,21:52,6,0,0,19793 E 47TH AVE & N FLANDERS WAY,1,3,1,0,1,4,0,0,30,0,0,0,0,0,4,2,16
,2021-20177,39.76054404,-104.9659414,4/21/2021 10:27,10:27,3,0,0,34TH AVE E & WILLIAMS ST N,1,1,0,0,1,1,0,0,25,0,0,0,0,0,4,2,7
,2021-20178,39.74495353,-104.9406299,4/7/2021 8:25,8:25,10,0,0,COLORADO BLVD N & 18TH AVE E,1,1,0,0,1,1,0,0,40,0,0,0,0,0,2,2,1
,2021-20179,39.65117354,-104.8848099,4/6/2021 14:30,14:30,12,0,0,S YOSEMITE ST & E JEFFERSON AVE,1,1,0,0,1,3,0,0,30,0,0,0,0,0,4,2,16
,2021-20180,39.76798353,-105.0064399,4/21/2021 8:30,8:30,6,0,0,3600 BLK N PECOS ST & W 37TH AVE,1,1,0,0,1,4,0,0,25,0,0,0,0,0,4,2,16
,2021-20181,39.69666354,-104.9944299,4/6/2021 16:10,16:10,12,0,0,S FOX ST & W MISSISSIPPI AVE,1,1,0,0,1,1,0,0,25,0,0,0,0,0,4,2,5
,2021-20182,39.72931353,-105.0148199,4/21/2021 13:44,13:44,12,0,0,I-25 & 8TH AVE W,1,1,0,0,1,4,0,0,55,0,0,0,0,0,1,2,3
,2021-20183,39.72533653,-104.9127829,4/20/2021 17:15,17:15,15,0,0,N MONACO ST & E 6TH AVE,1,1,0,0,1,3,0,0,30,0,0,0,0,0,4,2,3
,2021-20184,39.73527353,-104.9842099,4/21/2021 13:07,13:07,6,0,0,200 BLK E 12TH AVE & N SHERMAN ST,1,1,0,0,1,4,0,0,25,0,0,0,0,0,4,2,14
,2021-20185,39.77420352,-104.8470299,4/21/2021 8:37,8:37,1,0,0,PEORIA ST N & I-70 WB ON RAMP,1,1,0,0,1,1,0,0,35,0,0,0,0,0,4,2,1
,2021-20186,39.73830353,-104.9803699,4/16/2021 23:57,23:57,15,0,0,14TH AVE E & PENNSYLVANIA ST N,1,3,0,2,1,4,0,0,30,0,0,0,0,0,4,2,9
,2021-20187,39.78010353,-104.9895499,4/21/2021 5:35,5:35,15,0,0,I-25 & I-70 EB,1,2,0,0,1,4,0,0,65,0,0,0,0,0,1,2,16
,2021-20188,39.72923353,-104.9316099,4/21/2021 8:32,8:32,3,0,0,8TH AVE E & DAHLIA ST N,1,1,0,0,1,1,0,0,25,0,0,0,0,0,4,2,7
,2021-20189,39.69151354,-105.0299499,4/22/2021 20:14,20:14,5,0,0,3301 W ARKANSAS AVE & 3301 BLK W,1,2,0,0,2,3,0,0,30,0,0,0,0,1,4,1,10
,2021-20190,39.76397353,-105.0346099,4/21/2021 9:20,9:20,12,0,0,N LOWELL BLVD & W 33RD AVE,1,1,0,0,1,3,0,0,30,0,0,0,0,0,4,2,13
,2021-20191,39.72488353,-104.9862499,4/21/2021 7:50,7:50,15,0,0,500 BLK N LINCOLN ST & E 5TH AVE,1,1,0,0,1,4,0,0,30,0,0,0,0,0,4,2,13
,2021-20192,39.70267354,-105.0275199,4/13/2021 3:30,3:30,6,0,0,750 BLK S HAZEL CT & W OHIO AVE,1,3,0,0,1,4,0,0,25,0,0,0,0,0,4,2,5
,2021-20193,39.68999354,-104.9734099,4/15/2021 16:59,16:59,12,0,0,I-25 & DOWNING ST,7,1,0,2,1,4,0,0,55,0,0,0,0,0,1,2,7
,2021-20194,39.76197352,-104.9034299,4/20/2021 16:00,16:00,3,0,0,N QUEBEC ST & E MLK BLVD,1,1,0,0,1,1,0,0,30,0,0,0,0,0,4,2,3
,2021-20195,39.73683353,-104.9836099,4/20/2021 14:30,14:30,10,0,0,13TH AVE E & GRANT ST N,1,1,0,0,1,1,0,0,25,0,0,0,0,0,4,2,3
,2021-20196,39.71115253,-104.9875774,4/22/2021 18:15,18:15,3,0,2,S BROADWAY ST & E ALAMEDA AVE,1,1,0,0,1,1,0,0,30,0,0,0,0,2,4,2,3
,2021-20197,39.78438353,-105.0251799,4/22/2021 9:25,9:25,3,0,0,FEDERAL BLVD N & I-70 EB OFF RAMP,1,1,0,0,1,1,0,0,35,0,0,0,0,0,2,2,1
,2021-20198,39.72527841,-105.1417334,4/22/2021 16:58,16:58,12,0,0,I-25 & 6TH AVE W,1,1,0,0,1,4,0,0,30,0,0,0,0,0,1,2,13
,2021-20199,39.73527353,-104.9861099,4/22/2021 12:21,12:21,12,0,0,N LINCOLN ST & E 12TH AVE,1,1,0,0,1,3,0,0,35,0,0,0,0,0,4,2,13
,2021-20200,39.71132353,-104.9365499,4/22/2021 8:59,8:59,10,0,0,ALAMEDA AVE E & LEETSDALE DR,1,1,0,0,1,2,0,0,30,0,0,0,0,0,4,2,8
,2021-20201,39.74033353,-105.0404799,4/22/2021 12:15,12:15,10,0,0,COLFAX AVE W & QUITMAN ST N,1,1,1,0,1,1,0,0,35,0,0,0,0,0,2,2,3
,2021-20202,39.75131353,-105.0165199,4/20/2021 14:17,14:17,12,0,0,I-25 & 23RD AVE W,1,1,1,0,1,4,0,0,55,0,0,0,0,0,1,2,13
,2021-20203,39.75336353,-104.9919199,4/19/2021 1:18,1:18,12,0,0,2000 BLK LARIMER ST & 21ST ST,1,3,0,0,1,4,0,0,25,0,0,0,0,0,4,2,3
,2021-20204,39.75410353,-104.9928199,4/22/2021 20:14,20:14,6,0,0,2000 BLK MARKET ST & 2000 BLK,1,3,0,0,1,4,0,0,30,0,0,0,0,0,4,2,13
,2021-20205,39.72527841,-105.1417334,4/22/2021 10:31,10:31,5,0,0,I-25 & 6TH AVE W,1,1,0,0,3,4,0,0,65,0,0,0,0,0,1,1,14
,2021-20206,39.77176352,-104.9034799,4/22/2021 10:45,10:45,12,0,0,N QUEBEC ST & E SMITH RD,1,1,1,0,1,3,0,0,25,0,0,0,0,0,4,2,13
,2021-20207,39.81467151,-104.7625092,4/12/2021 7:09,7:09,5,0,0,6600 BLK N DUNKIRK ST & 65TH AVE,1,2,1,0,2,4,0,1,,0,0,0,0,0,4,1,5
,2021-20208,39.74000653,-104.9873794,4/6/2021 18:37,18:37,5,0,0,COLFAX AVE E & BROADWAY ST N,11,2,0,1,3,4,0,0,35,0,0,0,0,0,2,1,14
,2021-20209,39.69507353,-104.9405299,4/5/2021 1:26,1:26,3,0,1,COLORADO BLVD S & MISSISSIPPI AVE E,1,3,0,0,1,2,0,0,35,0,0,0,1,3,2,2,5
,2021-20210,39.74754353,-104.9822999,4/19/2021 17:30,17:30,6,0,0,20TH AVE E & LOGAN ST N,1,3,0,0,1,3,0,0,25,0,0,0,0,0,4,2,16
,2021-20212,39.70605353,-104.9407399,4/17/2021 19:35,19:35,8,0,0,E CHERRY CREEK S DR & S COLORADO BLVD,1,1,0,0,1,1,0,0,,0,0,0,0,0,4,2,16
,2021-20213,39.68498354,-105.0250899,3/20/2021 23:40,23:40,12,0,0,FEDERAL BLVD S & COLORADO AVE RD W,1,3,1,0,1,1,0,0,40,0,0,0,0,0,2,2,4
,2021-20214,39.68568354,-104.9406799,4/19/2021 16:15,16:15,12,0,0,COLORADO BLVD S & MEXICO AVE E,1,1,0,0,1,1,0,0,30,0,0,0,0,0,2,2,3
,2021-20215,39.72553353,-105.0131199,4/6/2021 17:45,17:45,15,0,0,I-25 NB ON RAMP ENT GORE PT FROM & HWY 6 EB,1,1,0,0,1,8,0,0,55,0,0,0,0,0,1,2,13
,2021-20216,39.75441353,-104.9873699,4/17/2021 1:07,1:07,12,0,0,N BROADWAY ST & PARK AVEW,1,3,0,0,1,3,0,0,30,0,0,0,0,0,4,2,14
,2021-20217,39.76731352,-104.8904499,4/20/2021 3:41,3:41,5,0,0,N CENTRAL PARK BLVD & E 36TH AVE,4,3,0,2,2,4,0,0,40,0,0,0,0,0,4,1,5
,2021-20218,39.73685353,-104.9957099,4/20/2021 8:06,8:06,3,0,0,13TH AVE W & SPEER BLVD N,4,1,0,1,1,1,0,0,35,0,0,0,0,0,4,2,13
,2021-20219,39.75246349,-105.0073485,4/20/2021 6:50,6:50,12,0,0,N SPEER BLVD & CHOPPER CIR,4,1,1,0,1,1,0,0,30,0,0,0,0,0,4,2,1
,2021-20220,39.71665678,-105.0744779,4/19/2021 23:26,23:26,5,0,0,BRYANT WY N & ELLSWORTH AVE W,9,4,0,2,2,4,0,0,25,0,0,0,0,0,4,1,13
,2021-20222,39.78238352,-104.8469999,4/19/2021 14:20,14:20,12,0,0,E ALBROOK DR & N PEORIA ST,1,1,0,0,1,3,0,0,25,0,0,0,0,0,4,2,13
,2021-20223,39.74018653,-104.9407414,4/20/2021 5:47,5:47,1,0,0,E COLFAX AVE & COLORADO BLVD,4,2,0,0,1,1,0,0,30,0,0,0,0,0,2,2,14
,2021-20224,39.77727352,-104.8827699,4/19/2021 20:55,20:55,15,0,0,I-70 WB & CENTRAL PARK BLVD N,4,4,0,2,1,4,0,0,55,0,0,0,0,0,1,2,7
,2021-20225,39.69816594,-105.0113732,4/19/2021 20:30,20:30,6,0,0,2300 BLK W TENNESSEE AVE & S ZUNI ST,9,3,0,2,1,4,0,0,25,0,0,0,0,0,4,2,13
,2021-20226,39.78631351,-104.8470399,4/19/2021 21:28,21:28,12,0,0,N PEORIA ST & E 49TH AVE,9,3,0,2,1,3,0,0,35,0,0,0,0,0,4,2,13
,2021-20227,39.75512353,-105.0127099,4/3/2021 14:29,14:29,12,0,0,I-25 & SPEER BLVD N,1,1,0,0,1,4,0,0,55,0,0,0,0,0,1,2,16
,2021-20228,39.73761354,-105.0532099,4/19/2021 20:33,20:33,12,0,0,1300 BLK N SHERIDAN BLVD & W 14TH AVE,9,3,0,2,1,4,0,0,35,0,0,0,0,0,2,2,7
,2021-20229,39.69080354,-105.0250499,4/19/2021 21:17,21:17,12,0,0,S FEDERAL BLVD & W ARKANSAS AVE,9,3,0,2,1,3,0,0,35,0,0,0,0,0,2,2,13
,2021-20230,39.66500354,-105.0298799,4/20/2021 5:14,5:14,3,0,0,S IRVING ST & W AMHERST AVE,4,4,1,0,1,1,0,0,25,0,0,0,0,1,4,2,3
,2021-20231,39.6571464,-105.0004561,4/3/2021 15:35,15:35,5,0,0,STUART ST N & HWY 6 FRONTAGE RD,1,1,0,0,3,4,0,0,25,0,0,0,0,0,4,2,16
,2021-20232,39.74585353,-104.9930799,4/19/2021 17:38,17:38,12,0,0,STOUT ST & 16TH ST,11,1,0,2,1,3,0,0,30,0,0,0,0,0,4,2,5
,2021-20233,39.72569653,-105.0001594,4/20/2021 7:45,7:45,3,0,0,N KALAMATH ST & W 6TH AVE,11,1,0,0,1,1,0,0,30,0,0,0,0,1,4,2,1
,2021-20234,39.66559354,-104.9315399,4/15/2021 20:11,20:11,6,0,0,2800 BLK S DAHLIA ST & E BATES AVE,7,4,0,2,1,4,0,0,25,0,0,0,0,0,4,2,16
,2021-20235,39.63957354,-104.8851,4/6/2021 13:00,13:00,12,0,0,I-225 & YOSEMITE ST S,1,1,0,0,1,4,0,0,65,0,0,0,0,0,1,2,5
,2021-20296,39.78622083,-104.9002277,4/17/2021 1:01,1:01,10,0,0,QUEBEC ST & 36TH AVE E,11,3,0,2,1,1,0,0,35,0,0,0,0,0,4,2,8
,2021-20297,39.74742352,-104.9127999,4/16/2021 11:10,11:10,3,0,0,E MONTVIEW BLVD & N MONACO ST,11,1,0,2,1,1,0,0,30,0,0,0,0,0,4,2,13
,2021-20298,39.68221354,-104.9405799,4/10/2021 13:07,13:07,12,0,0,COLORADO BLVD S & I-25 OVERPASS,1,1,0,0,1,4,0,0,40,0,0,0,0,0,2,3,13
,2021-20299,39.72590354,-105.0252334,4/11/2021 17:43,17:43,12,0,0,HWY 6 WB OFF RAMP TO & FEDERAL BLVD N,1,1,0,0,1,8,0,0,15,0,0,0,0,0,2,2,14
,2021-20300,39.73686353,-104.9986799,4/17/2021 19:55,19:55,3,0,0,N SANTA FE DR & W 13TH AVE,1,3,0,0,1,1,0,0,35,0,0,0,0,1,4,2,8
,2021-20301,39.69309354,-105.0290899,4/3/2021 18:25,18:25,6,0,0,3200 BLK W LOUISIANA AVE & S HOOKER ST,1,1,0,0,1,2,0,0,25,0,0,0,0,0,4,2,13
,2021-20302,39.75482353,-105.0205199,4/21/2021 16:36,16:36,3,0,0,N CLAY ST & W 26TH AVE,11,1,0,4,1,1,0,0,25,0,0,0,0,1,4,2,8
,2021-20304,39.71120354,-104.9991199,4/20/2021 7:29,7:29,15,0,0,I-25 & ALAMEDA AVE W,7,1,0,0,1,4,0,0,65,0,0,0,0,0,1,2,7
,2021-20310,39.65307354,-104.9182499,4/20/2021 8:32,8:32,12,0,0,I-25 & HAMPDEN AVE E,4,1,0,0,1,4,0,0,65,0,0,0,0,0,1,2,13
,2021-20312,39.73284353,-104.9774899,4/12/2021 20:00,20:00,6,0,0,CLARKSON ST N & 11TH AVE E,1,1,0,0,1,4,0,0,25,0,0,0,0,0,4,5,14
,2021-20313,39.69634354,-104.9933299,4/19/2021 22:05,22:05,10,0,0,500 W MISSISSIPPI AVE & S FOX ST,9,3,0,2,1,3,0,0,30,0,0,0,0,1,4,2,7
,2021-20314,39.73843353,-104.9861099,4/20/2021 10:25,10:25,3,0,0,E 14TH AVE & N LINCOLN ST,4,1,0,0,1,1,0,0,30,0,0,0,0,1,4,2,13
,2021-20315,39.77967353,-104.9791499,4/20/2021 7:45,7:45,12,0,0,I-70 WB DISTRIBUTOR RAMP FROM & WASHINGTON ST N,4,1,1,0,1,8,0,0,45,0,0,0,0,0,1,2,13
,2021-20316,39.77804052,-104.8471054,4/20/2021 11:10,11:10,15,0,0,N PEORIA ST & E 45TH AVE,1,1,0,0,1,4,0,0,35,0,0,0,0,0,4,2,8