id,drcog_id,latitude,longitude,crashtime,time,crashtype,numbkilled,numbinjurd,drcoglocat,rdconditin,lightngcon,roadcntgrd,weatherco,location,roaddescrp,schoolzone,constrzone,splimit,bikeinv,pedinv,sctrinv,motoinv,svrty,rdsystem,ttlvehcls,hcf
,2021-20317,39.77997652,-104.9781199,4/20/2021 9:45,9:45,12,0,0,I-70 WB EXIT RAMP & WASHINGTON ST N,11,1,1,0,1,8,0,0,35,0,0,0,0,0,1,2,7
,2021-20318,39.69294354,-104.9652099,4/30/2021 8:33,8:33,12,0,1,E LOUISIANA AVE & S HIGH ST,1,1,0,0,1,4,0,0,25,0,0,0,0,2,4,3,13
,2021-20319,39.73847353,-105.0322599,5/1/2021 17:26,17:26,6,0,0,N KNOX CT & W 14TH AVE,1,1,0,0,1,4,0,0,25,0,0,0,0,0,4,3,16
,2021-20320,39.65307354,-104.9182499,4/20/2021 8:32,8:32,12,0,0,I-25 & HAMPDEN AVE E,7,1,0,0,1,4,0,0,65,0,0,0,0,0,1,2,3
,2021-20321,39.74034354,-105.0463299,4/20/2021 7:16,7:16,12,0,0,COLFAX AVE W & VRAIN ST N,4,1,0,0,1,1,0,0,30,0,0,0,0,0,2,2,13
,2021-20322,39.73202353,-104.9816299,4/20/2021 9:15,9:15,12,0,0,400 BLK E 10TH AVE & N LOGAN ST,11,1,0,0,1,5,0,0,25,0,0,0,0,0,4,2,3
,2021-20323,39.67841354,-104.9508199,4/20/2021 8:20,8:20,3,0,0,S ST PAUL ST & E EVANS AVE,4,1,0,0,1,1,0,0,35,0,0,0,0,0,4,2,16
,2021-20324,39.79840751,-104.7872825,4/20/2021 7:25,7:25,1,0,0,56TH AVE E & PENA BLVD,4,1,0,0,1,1,0,0,40,0,0,0,0,0,4,2,13
,2021-20325,39.75197352,-104.9210999,4/20/2021 9:21,9:21,6,0,0,2300 BLK N IVANHOE ST & E 25TH AVE,4,1,0,0,1,3,0,0,25,0,0,0,0,0,4,2,14
,2021-20326,39.73686553,-104.9957269,4/20/2021 9:22,9:22,3,0,0,N SPEER BLVD & W 13TH AVE,8,1,0,2,1,1,0,0,35,0,0,0,0,1,4,2,14
,2021-20327,39.76832353,-104.9949599,4/19/2021 15:37,15:37,12,0,0,I-25 & PARK AVE W,11,1,0,2,1,4,0,0,65,0,0,0,0,0,1,3,5
,2021-20328,39.73839353,-104.9659899,4/27/2021 21:54,21:54,3,0,0,14TH AVE E & WILLIAMS ST N,1,3,0,1,1,1,0,0,35,0,0,0,0,1,4,3,3
,2021-20329,39.77831352,-104.9222799,4/20/2021 10:49,10:49,15,0,0,I-70 & HOLLY ST N,11,1,0,0,1,4,0,0,65,0,0,0,0,0,1,2,1
,2021-20330,39.8340925,-104.7719825,4/30/2021 7:24,7:24,15,0,0,PENA BLVD & TOWER RD N,1,1,0,0,1,4,0,0,65,0,0,0,0,1,4,2,13
,2021-20331,39.74011353,-104.9988399,4/23/2021 18:45,18:45,15,0,0,COLFAX AVE W & SPEER BLVD NB,1,2,0,0,1,1,0,0,35,0,0,0,0,0,2,3,3
,2021-20332,39.68309354,-104.9405399,4/30/2021 11:25,11:25,12,0,0,I-25 & COLORADO BLVD S,1,1,0,0,1,4,0,0,65,0,0,0,0,1,1,3,7
,2021-20333,39.75128353,-105.0167799,4/30/2021 21:14,21:14,12,0,0,I-25 & 23RD AVE W,1,3,0,0,1,4,0,0,55,0,0,0,0,0,4,3,16
,2021-20334,39.66748354,-104.9254699,4/20/2021 9:41,9:41,15,0,0,I-25 & YALE AVE E,7,1,0,0,1,4,0,0,65,0,0,0,0,0,1,2,7
,2021-20335,39.76736352,-104.8996299,5/1/2021 12:16,12:16,12,0,0,7800 BLK E 36TH AVE & 7600 E,1,1,0,0,1,1,0,0,35,0,0,0,0,1,4,3,13
,2021-20336,39.68930954,-104.9407324,4/20/2021 10:51,10:51,3,0,0,COLORADO BLVD S & FLORIDA AVE E,1,1,0,0,1,1,0,0,35,0,0,0,0,0,2,2,8
,2021-20337,39.73687052,-105.0046007,5/2/2021 9:47,9:47,3,0,0,N SPEER BLVD SB & W 13TH AVE,1,1,0,0,1,1,0,0,35,0,0,0,0,1,4,3,8
,2021-20338,39.69839354,-104.9593199,4/28/2021 16:00,16:00,12,0,0,S UNIVERSITY BLVD & E TENNESSEE AVE,1,1,0,0,1,3,0,0,30,0,0,0,0,0,4,3,3
,2021-20339,39.78346312,-105.0112166,5/1/2021 15:04,15:04,15,0,1,I-70 EB & QUEBEC ST N,1,1,0,0,1,4,0,0,55,0,0,0,0,2,1,5,1
,2021-20340,39.74033353,-105.0393099,4/20/2021 11:27,11:27,12,0,0,COLFAX AVE W & PERRY ST N,1,1,1,0,1,1,0,0,30,0,0,0,0,1,2,2,13
,2021-20341,39.70660354,-104.9827799,4/30/2021 14:21,14:21,6,0,0,500 BLK S LOGAN ST & E CENTER AVE,1,1,0,0,1,4,0,0,30,0,0,0,0,0,4,3,2
,2021-20342,39.78921352,-104.9852099,5/2/2021 0:25,0:25,6,0,0,51ST AVE E & SHERMAN ST N,1,3,0,0,1,4,0,0,25,0,0,0,0,0,4,3,5
,2021-20343,39.69317354,-105.0531799,4/27/2021 16:00,16:00,15,0,0,SHERIDAN BLVD S & LOUISIANA AVE W,1,1,1,0,1,4,0,0,35,0,0,0,0,0,1,2,3
,2021-20344,39.76075353,-104.9733299,4/6/2021 14:30,14:30,12,0,0,E 31ST AVE & N DOWNING ST,1,1,0,0,1,1,0,0,30,0,0,0,0,0,4,2,1
,2021-20345,39.63138354,-104.88521,4/27/2021 17:00,17:00,3,0,0,S YOSEMITE ST & E UNION AVE,1,1,0,0,1,1,0,0,30,0,0,0,0,0,4,2,3
,2021-20346,39.67844354,-104.9337599,4/27/2021 19:10,19:10,12,0,0,I-25 NB EXIT GORE PT TO & EVANS AVE E,11,1,0,1,1,4,0,0,65,0,0,0,0,0,1,2,3
,2021-20347,39.75133353,-104.9875699,4/7/2021 11:09,11:09,10,0,0,2100 BLK CHAMPA ST & CHAMPA ST,1,1,0,0,1,1,0,0,30,0,0,0,0,0,4,2,14
,2021-20348,39.68040354,-104.9579199,4/27/2021 15:45,15:45,15,0,0,1900 BLK S JOSEPHINE ST & 1900 BLK S,1,1,0,0,1,4,0,0,25,0,0,0,0,0,4,2,1
,2021-20349,39.75128353,-105.0167799,4/30/2021 10:05,10:05,12,0,0,I-25 & 23RD AVE W,1,1,0,0,1,4,0,0,55,0,0,0,0,1,1,3,14
,2021-20350,39.76198352,-104.9187999,4/28/2021 17:24,17:24,12,0,0,E MLK BLVD & N JASMINE ST,1,1,0,0,1,1,0,0,40,0,0,0,0,0,4,3,3
,2021-20351,39.75512353,-105.0127099,4/29/2021 15:52,15:52,12,0,0,I-25 & SPEER BLVD N,1,1,0,0,1,4,0,0,65,0,0,0,0,1,1,3,3
,2021-20352,39.73681353,-104.9672399,1/7/2021 10:26,10:26,15,0,0,E 13TH AVE & N GILPIN ST,1,1,0,0,1,4,0,0,25,0,0,0,0,0,4,2,14
,2021-20353,39.74849353,-105.0032099,4/30/2021 12:02,12:02,3,0,0,AURARIA PKWY & SPEER BLVD N,1,1,1,0,1,1,0,0,35,0,0,0,0,0,4,2,13
,2021-20354,39.67855354,-104.9828799,4/27/2021 19:54,19:54,3,0,1,E EVANS AVE & S LOGAN ST,11,3,0,1,1,1,0,0,35,0,0,0,0,3,4,2,13
,2021-20355,39.72561553,-104.9407909,4/29/2021 12:05,12:05,9,0,0,COLORADO BLVD N & 6TH AVE E,1,1,1,0,1,3,0,0,35,0,0,0,0,0,2,1,16
,2021-20356,39.71121354,-105.0330499,4/27/2021 20:17,20:17,12,0,0,ALAMEDA AVE W & KNOX CT S,11,3,0,1,1,3,0,0,35,0,0,0,0,0,2,2,3
,2021-20357,39.71815354,-105.0324599,4/27/2021 11:32,11:32,12,0,0,W 1ST AVE & N KNOX CT,1,1,0,0,1,4,0,0,30,0,0,0,0,0,4,2,3
,2021-20358,39.72926353,-104.9161399,4/29/2021 6:44,6:44,12,0,0,E 8TH AVE & N KRAMERIA ST,1,1,0,0,1,1,0,0,30,0,0,0,0,0,4,3,13
,2021-20359,39.77282351,-104.79147,4/23/2021 23:55,23:55,3,0,0,E 40TH AVE & PENA BLVD,1,3,1,0,1,1,0,0,40,0,0,0,0,0,4,2,16
,2021-20360,39.73310354,-105.0532299,4/29/2021 13:32,13:32,1,0,0,SHERIDAN BLVD N & 10TH AVE W,11,1,0,0,1,1,0,0,35,0,0,0,0,0,2,3,7
,2021-20361,39.79840751,-104.7872825,4/29/2021 6:21,6:21,12,0,0,E 56TH AVE & PENA BLVD,1,1,0,0,1,4,0,0,40,0,0,0,0,1,4,3,3
,2021-20362,39.72757353,-104.9504699,4/27/2021 8:00,8:00,6,0,0,ST PAUL ST N & 8TH AVE E,1,1,0,0,1,4,0,0,25,0,0,0,0,0,4,2,14
,2021-20363,39.70385353,-104.9216299,4/27/2021 18:23,18:23,3,0,0,S HOLLY ST & E EXPOSITION AVE,11,1,0,1,1,1,0,0,35,0,0,0,0,0,4,2,13
,2021-20364,39.68748353,-104.9406399,4/29/2021 9:23,9:23,12,0,0,COLORADO BLVD S & IOWA AVE E,1,1,0,0,1,4,0,0,35,0,0,0,0,1,2,3,3
,2021-20365,39.79837473,-104.7889303,4/27/2021 16:40,16:40,15,0,0,E 56TH AVE & N PEORIA ST,1,1,0,0,1,4,0,0,40,0,0,0,0,0,4,2,13
,2021-20366,39.71465035,-104.9453763,4/7/2021 16:45,16:45,15,0,0,00 BLK S STEELE ST & E BAYAUD AVE,1,1,0,0,1,4,0,0,30,0,0,0,0,0,4,2,1
,2021-20367,39.74491353,-104.9942499,4/27/2021 12:00,12:00,3,0,1,15TH ST & STOUT ST,1,1,0,0,1,1,0,0,25,0,0,0,0,3,4,2,16
,2021-20368,39.84979749,-104.6738195,4/27/2021 11:20,11:20,5,0,0,PENA BLVD & 8400 BLK,1,1,0,0,5,4,0,0,,0,0,0,0,0,3,1,7
,2021-20369,39.76094353,-105.0043199,4/27/2021 16:53,16:53,12,0,0,I-25 & 20TH ST,1,1,0,0,1,4,0,0,65,0,0,0,0,0,1,2,3
,2021-20370,39.76094353,-105.0043199,4/27/2021 16:53,16:53,12,0,0,I-25 & 20TH ST,1,1,0,0,1,4,0,0,55,0,0,0,0,0,1,2,3
,2021-20398,39.73044353,-104.9873899,4/24/2021 14:55,14:55,15,0,1,BROADWAY ST N & 9TH AVE E,1,1,1,0,1,4,0,0,30,0,0,0,0,2,4,2,13
,2021-20400,39.74488353,-104.9861099,4/28/2021 18:29,18:29,3,0,0,E 18TH AVE & N LINCOLN ST,1,1,1,0,1,1,0,0,30,0,0,0,0,1,4,2,3
,2021-20401,39.78560353,-105.0251799,4/28/2021 21:05,21:05,3,0,1,FEDERAL BLVD N & 49TH AVE W,1,3,0,0,1,1,0,0,35,0,0,0,0,2,2,2,5
,2021-20402,39.76415353,-105.0529999,4/29/2021 2:40,2:40,9,0,0,SHERIDAN BLVD N & 3300 BLK N,1,3,0,0,2,4,0,0,35,0,0,0,0,0,2,1,2
,2021-20403,39.75620762,-104.8923163,4/27/2021 18:40,18:40,3,0,0,E 28TH AVE & N QUEBEC ST,11,1,0,1,1,1,0,0,30,0,0,0,0,0,4,2,13
,2021-20404,39.70888004,-104.9863869,3/13/2021 19:49,19:49,12,0,0,I-25 & LINCOLN ST S,9,3,0,2,1,4,0,0,65,0,0,0,0,0,1,2,16
,2021-20405,39.77727352,-104.8827799,4/11/2021 16:18,16:18,15,0,0,I-70 & CENTRAL PARK BLVD N,1,1,0,0,1,4,0,0,55,0,0,0,0,0,1,2,13
,2021-20406,39.74355353,-104.9858899,4/10/2021 15:55,15:55,15,0,0,1700 BLK N LINCOLN ST & 18TH ST,1,1,0,0,1,4,0,0,30,0,0,0,0,0,4,2,13
,2021-20407,39.83185441,-104.6935588,4/20/2021 7:05,7:05,5,0,0,E 75TH AVE & N GUN CLUB,7,1,0,0,3,1,0,0,45,0,0,0,0,0,4,1,14
,2021-20408,39.73763353,-104.9873899,4/20/2021 16:20,16:20,6,0,0,1300 BLK N BROADWAY ST & W 14TH AVE,1,1,0,0,1,4,0,0,25,0,0,0,0,0,4,2,16
,2021-20409,39.73386353,-104.9929199,4/28/2021 21:37,21:37,3,0,0,N DELAWARE ST & W 11TH AVE,1,3,0,0,1,1,0,0,25,0,0,0,0,0,4,2,1
,2021-20410,39.74033353,-105.0387299,4/29/2021 6:10,6:10,15,0,0,COLFAX AVE W & PERRY ST N,1,1,0,0,1,4,0,0,35,0,0,0,0,0,2,2,6
,2021-20411,39.76345602,-104.894487,4/20/2021 16:46,16:46,5,0,0,E 36TH AVE & N ULSTER ST,1,1,0,0,3,4,0,0,25,0,0,0,0,1,4,1,14
,2021-20412,39.72590354,-105.0252334,4/20/2021 12:14,12:14,12,0,0,6TH AVE W & FEDERAL BLVD N,4,1,0,0,1,4,0,0,55,0,0,0,0,1,2,2,7
,2021-20413,39.76814353,-104.9659399,4/28/2021 18:04,18:04,15,0,0,E 37TH AVE & N WILLIAMS ST,1,2,0,0,1,4,0,0,25,0,0,0,0,0,4,2,14
,2021-20417,39.78367353,-105.0532299,4/8/2021 12:26,12:26,12,0,0,I-70 WB & SHERIDAN BLVD N,1,1,0,0,1,4,0,0,65,0,0,0,0,0,1,2,1
,2021-20418,39.68343354,-104.9450099,1/19/2021 18:32,18:32,5,0,0,MONROE ST S & JEWELL AVE E,1,3,0,0,2,2,0,0,25,0,0,0,0,0,4,2,14
,2021-20419,39.71137353,-104.9106199,4/20/2021 9:12,9:12,15,0,0,6600 BLK E ALAMEDA AVE & S MAGNOLIA ST,4,1,0,0,1,3,0,0,35,0,0,0,0,0,4,3,13
,2021-20420,39.71119354,-105.0086399,4/20/2021 13:48,13:48,3,0,0,ALAMEDA AVE W & RARITAN ST S,1,1,0,0,1,1,0,0,25,0,0,0,0,0,2,2,7
,2021-20422,39.71119353,-104.9071299,4/28/2021 17:51,17:51,12,0,0,6900 BLK E ALAMEDA AVE & S OLIVE WAY,1,1,0,0,1,3,0,0,40,0,0,0,0,0,4,2,7
,2021-20423,39.74000653,-104.9684659,4/20/2021 18:18,18:18,1,0,0,FRANKLIN ST N & COLFAX AVE E,1,1,1,0,1,1,0,0,30,0,0,0,0,0,2,2,16
,2021-20424,39.73014353,-104.9327799,4/4/2021 23:24,23:24,6,0,0,DEXTER ST N & 800 BLK N,1,3,0,0,1,4,0,0,25,0,0,0,0,0,4,2,13
,2021-20426,39.65317355,-105.0552899,4/24/2021 2:29,2:29,5,0,1,HAMPDEN AVE W & SHERIDAN BLVD S,1,3,0,0,3,4,0,0,65,0,0,0,0,2,2,1,6
,2021-20427,39.73177354,-105.0362099,4/29/2021 3:30,3:30,6,0,0,900 BLK N MEADE ST & W 10TH AVE,1,3,1,0,1,4,0,0,25,0,0,0,0,0,4,2,1
,2021-20428,39.74055353,-104.9885199,4/24/2021 22:15,22:15,15,0,0,COLFAX AVE W & 15TH ST,1,3,0,0,1,3,0,0,35,0,0,0,0,0,2,2,16
,2021-20429,39.69299954,-104.9910762,4/22/2021 22:28,22:28,6,0,0,1300 BLK S KNOX CT & W LOUISIANA AVE,1,4,0,0,1,4,0,0,25,0,0,0,0,0,4,2,13
,2021-20430,39.79190637,-104.8407956,4/25/2021 0:53,0:53,6,0,0,5300 BLK N TULSA WY & E ELMENDORF PL,1,3,0,0,1,4,0,0,30,0,0,0,0,0,4,2,5
,2021-20431,39.89935675,-104.9402419,4/24/2021 21:58,21:58,12,0,0,COLORADO BLVD N & I-70 OVERPASS,1,3,0,0,1,4,0,0,35,0,0,0,0,1,2,2,5
,2021-20432,39.83684123,-104.7240778,4/20/2021 8:05,8:05,9,0,0,78TH AVE E & TIBET ST,7,1,1,0,3,4,0,0,45,0,0,0,0,1,4,1,14
,2021-20434,39.78344353,-105.0345699,4/24/2021 14:52,14:52,5,0,1,I-70 WB & LOWELL BLVD N,1,1,0,0,2,4,0,0,65,0,0,0,1,3,1,1,7
,2021-20436,39.72590354,-105.0252334,4/20/2021 9:27,9:27,12,0,0,6TH AVE W & FEDERAL BLVD N,7,1,0,0,1,4,0,0,65,0,0,0,0,1,2,3,1
,2021-20437,39.92722415,-104.9914356,4/23/2021 13:16,13:16,3,0,0,W 11TH & N DELAWARE ST,1,1,0,0,1,1,0,0,30,0,0,0,0,0,4,2,15
,2021-20438,39.74325757,-105.0171091,4/25/2021 0:30,0:30,5,0,0,MILE HIGH STADIUM CIR & 17TH AVE W,1,3,0,0,3,4,0,0,30,0,0,0,0,0,4,1,5
,2021-20439,39.73995353,-104.9719999,4/19/2021 18:45,18:45,11,0,1,COLFAX AVE E & DOWNING ST N,11,1,0,1,1,4,0,0,0,0,1,0,0,2,2,1,16
,2021-20440,39.77400352,-104.8470199,4/24/2021 3:40,3:40,5,0,2,I-70 EB & PEORIA ST N,1,4,0,0,3,4,0,0,65,0,0,0,0,2,1,1,2
,2021-20441,39.65307354,-104.9182499,4/24/2021 12:46,12:46,12,0,0,I-25 & HAMPDEN AVE E,1,1,0,0,1,4,0,0,65,0,0,0,0,0,1,2,13
,2021-20442,39.71815354,-105.0324599,4/25/2021 0:13,0:13,3,0,0,W 1ST AVE & N KNOX CT,1,1,0,0,1,1,0,0,35,0,0,0,0,0,4,2,13
,2021-20443,39.70039754,-105.0250714,4/19/2021 17:30,17:30,12,0,0,FEDERAL BLVD S & KENTUCKY AVE W,11,1,0,2,1,3,0,0,40,0,0,0,0,0,2,2,3
,2021-20444,39.75271353,-105.0043999,4/24/2021 3:26,3:26,5,0,0,15TH ST & WEWATTA ST,1,3,1,0,3,4,0,0,30,0,0,0,0,0,4,1,2
,2021-20445,39.73368353,-104.9752699,4/24/2021 5:04,5:04,6,0,0,OGDEN ST N & 11TH AVE E,1,2,0,0,1,3,0,0,30,0,0,0,0,0,4,2,16
,2021-20446,39.68138354,-105.0249399,4/23/2021 11:47,11:47,12,0,0,FEDERAL BLVD S & JEWELL AVE W,1,1,0,0,1,4,0,0,35,0,0,0,0,0,2,2,16
,2021-20447,39.74042353,-105.0137499,4/22/2021 0:37,0:37,5,0,0,AURARIA PKWY & I-25,4,4,1,0,2,8,0,0,40,0,0,0,0,0,1,1,9
,2021-20448,39.72985353,-104.8987599,4/23/2021 11:00,11:00,6,0,0,8TH AVE E & SYRACUSE ST N,1,1,0,0,1,4,0,0,30,0,0,0,0,0,4,2,14
,2021-20449,39.73594353,-104.9957899,4/25/2021 1:30,1:30,15,0,0,1100 BLK N SPEER BLVD & W 11TH AVE,1,3,0,0,1,4,0,0,35,0,0,0,0,0,4,2,16
,2021-20450,39.70137354,-104.9874399,4/18/2021 14:42,14:42,12,0,0,I-25 & BROADWAY ST S,1,1,0,0,1,4,0,0,65,0,0,0,0,1,1,2,5
,2021-20451,39.79064353,-105.0101799,4/23/2021 23:00,23:00,6,0,0,5100 BLK N SHOSHONE ST & W 51ST AVE,1,3,3,0,1,4,0,0,30,0,0,0,0,0,4,2,16
,2021-20452,39.71109289,-105.0691329,4/24/2021 0:27,0:27,5,0,0,I-25 & ALAMEDA AVE W,1,4,0,0,2,4,0,0,60,0,0,0,0,0,1,1,13
,2021-20453,39.73869353,-104.9081499,4/25/2021 15:24,15:24,3,0,0,E 14TH AVE & N ONEIDA ST,1,1,0,0,1,1,0,0,30,0,0,0,0,1,4,2,14
,2021-20454,39.76175352,-104.8963599,4/24/2021 13:01,13:01,3,0,0,32ND AVE E & TRENTON ST N,1,1,0,0,1,1,0,0,25,0,0,0,0,0,4,2,13
,2021-20516,39.74744353,-104.9927199,4/22/2021 9:30,9:30,15,0,0,17TH ST & CHAMPA ST,1,1,0,0,1,4,0,0,30,0,0,0,0,0,4,2,8
,2021-20517,39.77652353,-104.9801499,4/18/2021 11:00,11:00,5,0,0,PEARL ST N & 44TH AVE E,1,1,0,0,3,1,0,0,25,0,0,0,0,0,4,1,8
,2021-20518,39.73833353,-104.9692399,4/22/2021 12:31,12:31,12,0,0,1500 BLK E 14TH AVE & N FRANKLIN ST,1,1,0,0,1,4,0,0,35,0,0,0,0,0,4,2,16
,2021-20519,39.72562453,-104.9862364,4/24/2021 23:49,23:49,5,0,0,SPEER BLVD E & LINCOLN ST N,1,3,1,0,2,4,0,0,35,0,0,0,0,0,4,1,5
,2021-20520,39.74056353,-104.9946799,4/24/2021 1:35,1:35,6,0,0,1200 BLK GLENARM PL & 12TH ST,1,3,0,0,1,4,0,0,30,0,0,0,0,0,4,2,7
,2021-20521,39.74043353,-105.0139599,4/23/2021 13:30,13:30,12,0,0,I-25 & COLFAX AVE W,1,1,1,0,1,4,0,0,65,0,0,0,0,0,1,2,1
,2021-20522,39.70838354,-105.0367799,4/23/2021 7:27,7:27,5,0,0,MORRISON RD & NEWTON ST S,1,1,0,0,3,4,0,0,30,0,0,0,0,0,4,2,1
,2021-20523,39.65306654,-104.926777,4/23/2021 12:38,12:38,15,0,0,I-25 & HAMPDEN AVE E,1,1,0,0,1,4,0,0,65,0,0,0,0,0,1,2,13
,2021-20524,39.8340925,-104.7719825,4/25/2021 5:10,5:10,5,0,0,PENA BLVD & TOWER RD,1,2,0,0,3,4,0,0,65,0,0,0,0,0,4,1,7
,2021-20525,39.67814354,-105.0572399,4/19/2021 2:03,2:03,14,0,0,W GREEN MEADOWS PL & S DEPEW ST,1,4,0,0,1,1,0,0,25,0,0,0,0,0,4,2,13
,2021-20526,39.72314353,-104.9406999,4/20/2021 6:30,6:30,5,0,0,E 4TH AVE & N COLORADO BLVD,4,5,0,0,2,1,0,0,35,0,0,0,0,0,4,1,5
,2021-20527,39.72131354,-105.0420999,4/12/2021 15:29,15:29,5,0,0,W 3RD AVE & N RALEIGH ST,1,1,1,0,3,3,0,0,25,0,0,0,0,0,4,1,5
,2021-20528,39.73664353,-104.9548699,3/17/2021 8:46,8:46,6,0,0,2700 BLK E 13TH AVE & N CLAYTON ST,4,1,0,0,1,4,0,0,30,0,0,0,0,0,4,2,14
,2021-20529,39.78009352,-104.9670799,4/16/2021 5:59,5:59,5,0,0,I-70 WB & BRIGHTON BLVD N,8,1,0,2,3,4,0,0,65,0,0,0,0,0,1,1,16
,2021-20530,39.72541754,-105.0252199,4/16/2021 15:52,15:52,12,0,0,FEDERAL BLVD N & HWY 6 WB ON RAMP,1,1,1,0,1,1,0,0,35,0,0,0,0,0,2,2,13
,2021-20532,39.73559352,-104.8846699,4/24/2021 18:56,18:56,15,0,0,YOSEMITE ST N & 12TH AVE E,1,1,0,0,1,4,0,0,30,0,0,0,0,1,4,2,3
,2021-20533,39.74766353,-104.9684199,3/8/2021 18:20,18:20,6,0,0,2000 BLK N FRANKLIN ST & E 20TH AVE,1,2,0,0,1,4,0,0,20,0,0,0,0,0,4,2,14
,2021-20534,39.63281354,-104.9063999,4/24/2021 20:02,20:02,5,0,1,I-225 SB OFF RAMP TO & I-25 SB,11,2,0,0,2,8,0,0,65,0,0,0,0,1,1,1,3
,2021-20536,39.78095352,-104.8880199,4/23/2021 20:14,20:14,15,0,0,E 46TH AVE & N WILLOW ST,1,3,0,0,1,1,0,0,25,0,0,0,0,0,4,2,1
,2021-20537,39.70325354,-105.0129699,3/28/2021 6:00,6:00,5,0,0,VALLEJO ST S & 730 S VALLEJO ST,1,1,0,0,2,4,0,0,25,0,0,0,0,0,4,1,14
,2021-20538,39.65307354,-104.9184399,4/14/2021 19:30,19:30,12,0,0,I-25 SB EXIT GORE PT TO & HAMPDEN AVE E,1,1,0,0,1,4,0,0,65,0,0,0,0,0,1,2,16
,2021-20539,39.73385353,-104.9935099,4/14/2021 18:02,18:02,12,0,0,W 11TH AVE & N SPEER BLVD,1,1,0,0,1,1,0,0,30,0,0,0,0,0,4,2,14
,2021-20540,39.77957952,-104.8471054,4/24/2021 16:10,16:10,3,0,0,46TH AVE E & PEORIA ST N,1,1,0,0,1,1,0,0,35,0,0,0,0,0,4,2,13
,2021-20541,39.73293353,-105.0327099,4/19/2021 22:55,22:55,5,0,0,3450 BLK W 10TH AVE & N KNOX CT,9,3,0,2,3,4,0,0,30,0,0,0,0,0,4,1,16
,2021-20542,39.65715355,-105.0244599,4/12/2021 13:30,13:30,16,0,0,2929 W FLOYD AVE & 29259 BLK W,1,1,0,0,5,7,0,0,15,0,0,0,0,0,3,2,5
,2021-20543,39.62403774,-104.9024555,4/20/2021 7:03,7:03,15,0,0,I-25 SB OFF RAMP TO & BELLEVIEW AVE E,4,1,1,0,1,8,0,0,35,0,0,0,0,0,1,2,16
,2021-20544,39.68398354,-105.0154199,4/22/2021 12:01,12:01,12,0,0,1800 BLK S ZUNI ST & W JEWELL AVE,1,1,0,0,1,4,0,0,25,0,0,0,0,0,4,2,16
,2021-20545,39.69274523,-104.9924773,4/18/2021 4:20,4:20,5,0,0,SANTA FE DR S & ILIFF AVE W,1,3,0,0,2,4,0,0,65,0,0,0,0,1,2,2,3
,2021-20546,39.71151353,-104.9466099,4/27/2021 5:10,5:10,5,0,1,3200 BLK E CHERRY CREEK N DR & E BAYAUD AVE,1,4,0,0,3,4,0,0,30,0,0,0,0,3,4,1,16
,2021-20547,39.75023353,-104.9873799,4/23/2021 14:10,14:10,3,0,1,N BROADWAY ST & STOUT ST,14,1,0,0,1,3,0,0,30,0,0,0,0,2,4,2,13
,2021-20548,39.75190353,-105.0043499,4/27/2021 8:55,8:55,6,0,0,1400 BLK DELGANY ST & 15TH ST,1,1,0,0,1,4,0,0,25,0,0,0,0,0,4,2,13
,2021-20549,39.74197353,-105.0145799,4/21/2021 16:42,16:42,12,0,0,I-25 & AURARIA PKWY,11,1,1,2,1,4,0,0,55,0,0,0,0,1,1,2,3
,2021-20550,39.79153351,-104.8296899,4/27/2021 10:50,10:50,6,0,0,XANADU ST N & CHISON WY,1,1,0,0,1,3,0,0,25,0,0,0,0,0,4,2,7
,2021-20551,39.78313353,-105.0064099,4/27/2021 7:04,7:04,12,0,0,I-70 EB & PECOS ST N,1,1,0,0,1,4,0,0,55,0,0,0,0,0,1,2,7
,2021-20552,39.77398152,-104.8472975,4/27/2021 13:29,13:29,15,0,0,I-70 EB & CENTRAL PARK BLVD N,1,1,0,0,1,4,0,1,55,0,0,0,0,0,1,2,13
,2021-20553,39.76954353,-105.0346299,4/26/2021 17:23,17:23,1,0,0,LOWELL BLVD N & 38TH AVE W,1,1,0,0,1,4,0,0,30,0,0,0,0,0,4,2,16
,2021-20554,39.78405352,-104.9460999,4/15/2021 11:43,11:43,5,0,0,48TH AVE E & VASQUEZ BLVD,1,1,0,0,3,4,0,0,30,0,0,0,0,0,4,1,14
,2021-20555,39.75304353,-104.9854699,4/27/2021 15:56,15:56,10,0,0,CHAMPA ST & PARK AVE W,1,1,0,6,1,1,0,0,25,0,0,0,0,0,4,2,8
,2021-20556,39.70145354,-104.9875199,4/21/2021 16:40,16:40,15,0,0,I-25 & BROADWAY ST S,11,1,1,2,1,4,0,0,55,0,0,0,0,0,1,2,16
,2021-20557,39.67840354,-104.9407399,4/27/2021 10:51,10:51,1,0,0,EVANS AVE E & COLORADO BLVD S,1,1,0,0,1,2,0,0,35,0,0,0,0,0,4,2,13
,2021-20558,39.69849853,-104.9035984,4/26/2021 17:01,17:01,12,0,0,S PARKER RD & S QUEBEC ST,1,1,0,0,1,4,0,0,35,0,0,0,0,0,4,2,13
,2021-20559,39.75698353,-104.9733499,4/27/2021 15:35,15:35,12,0,0,E 28TH AVE & N DOWNING ST,1,1,0,0,1,1,0,0,30,0,0,0,0,0,4,2,4
,2021-20560,39.78036353,-105.0401599,4/12/2021 9:12,9:12,6,0,0,QUITMAN ST N & 4600 BLK N,1,1,0,0,1,4,0,0,25,0,0,0,0,0,4,2,3