id,drcog_id,latitude,longitude,crashtime,time,crashtype,numbkilled,numbinjurd,drcoglocat,rdconditin,lightngcon,roadcntgrd,weatherco,location,roaddescrp,schoolzone,constrzone,splimit,bikeinv,pedinv,sctrinv,motoinv,svrty,rdsystem,ttlvehcls,hcf
,2021-20561,39.75106353,-104.9828799,4/25/2021 1:44,1:44,6,0,0,PARK AVE W & WELTON ST,1,3,0,0,1,3,0,0,30,0,0,0,0,0,4,2,16
,2021-20562,39.65719355,-105.0297799,4/27/2021 4:30,4:30,6,0,0,3300 BLK S IRVING ST & 3300 BLK S,1,3,1,0,1,3,0,0,25,0,0,0,0,0,4,2,3
,2021-20563,39.74029353,-104.9587699,4/27/2021 10:00,10:00,12,0,0,1500 BLK N JOSEPHINE ST & E COLFAX AVE,1,1,0,0,1,4,0,0,30,0,0,0,0,1,4,2,13
,2021-20564,39.77713352,-104.8829699,4/27/2021 15:30,15:30,15,0,0,I-70 EB & CENTRAL PARK BLVD N,1,1,0,0,1,4,0,1,55,0,0,0,0,0,1,2,3
,2021-20565,39.74486353,-104.9835799,4/26/2021 16:18,16:18,3,0,0,N GRANT ST & E 18TH AVE,1,1,0,0,1,1,0,0,30,0,0,0,0,1,4,2,8
,2021-20566,39.74742353,-104.9124299,4/26/2021 14:00,14:00,10,0,0,N MONACO ST & E MONTVIEW BLVD,1,1,0,0,1,1,0,0,30,0,0,0,0,0,4,2,8
,2021-20567,39.73957353,-104.9364599,4/27/2021 12:52,12:52,6,0,0,1467 N BRICH ST & 1467 BLK N,1,1,0,0,1,4,0,0,25,0,0,0,0,0,4,2,7
,2021-20568,39.72623353,-104.9406899,4/27/2021 10:59,10:59,12,0,0,COLORADO BLVD N & 6TH AVE W,1,1,0,0,1,4,0,0,35,0,0,0,0,0,2,2,1
,2021-20569,39.67844354,-104.9337599,4/26/2021 19:25,19:25,15,0,0,I-25 NB EXIT GORE PT TO & EVANS AVE E,1,1,0,0,1,4,0,0,65,0,0,0,0,0,1,2,3
,2021-20570,39.70020354,-104.9874699,4/26/2021 16:30,16:30,1,0,0,S BROADWAY ST & W KENTUKCY AVE,1,1,0,0,1,1,0,0,30,0,0,0,0,0,4,2,3
,2021-20571,39.65181555,-105.0531874,4/26/2021 16:36,16:36,5,0,0,HAMPDEN AVE W & SHERIDAN BLVD S,1,1,0,0,3,4,0,0,55,0,0,0,0,1,2,1,10
,2021-20572,39.67844354,-104.9337599,4/26/2021 19:05,19:05,15,0,0,I-25 NB EXIT GORE PT TO & EVANS AVE E,1,1,0,0,1,4,0,0,65,0,0,0,0,0,1,2,3
,2021-20573,39.71940353,-104.9485699,4/27/2021 14:46,14:46,15,0,0,2ND AVE E & ADAMS ST N,1,1,0,0,1,4,0,0,25,0,0,0,0,0,4,2,13
,2021-20574,39.76849352,-104.8657799,4/24/2021 12:30,12:30,1,0,0,E SMITH RD & N HAVANA,1,1,0,0,1,1,0,0,40,0,0,0,0,0,4,2,16
,2021-20575,39.72892353,-104.9940299,4/22/2021 21:00,21:00,3,0,0,W 8TH AVE & N ELATI ST,1,3,0,0,1,1,0,0,30,0,0,0,0,1,4,2,13
,2021-20576,39.74033353,-105.0387299,4/27/2021 13:00,13:00,1,0,0,COLFAX AVE W & OSCEOLA ST N,1,1,1,0,1,2,0,0,35,0,0,0,0,0,2,2,13
,2021-20577,39.74084353,-104.9823199,4/25/2021 21:47,21:47,6,0,0,1500 BLK N LOGAN ST & E 16TH AVE,1,3,0,0,1,4,0,0,25,0,0,0,0,0,4,2,16
,2021-20578,39.70081324,-104.9875304,4/25/2021 16:45,16:45,1,0,0,BROADWAY ST S & I-25 SB ON RAMP,1,1,1,0,1,1,0,0,35,0,0,0,0,0,4,2,8
,2021-20579,39.79840751,-104.7872825,4/25/2021 12:30,12:30,12,0,0,E 56TH AVE & PENA BLVD INBOUND,1,1,0,0,1,4,0,0,40,0,0,0,0,0,4,2,2
,2021-20580,39.72553353,-105.0131199,4/25/2021 9:53,9:53,15,0,0,HWY 6 EB OFF RAMP ENT GORE PT TO & I-25 NB/SB,1,1,1,0,1,8,0,0,40,0,0,0,0,0,1,2,3
,2021-20581,39.65310354,-104.9047099,4/26/2021 11:57,11:57,12,0,0,E HAMPDEN AVE & S POPLAR ST,1,1,0,0,1,1,0,0,45,0,0,0,0,0,4,2,4
,2021-20582,39.77713352,-104.8829699,4/25/2021 19:26,19:26,15,0,0,I-70 & CENTRAL PARK BLVD,1,1,0,0,1,4,0,0,55,0,0,0,0,0,1,2,13
,2021-20583,39.76239353,-104.9770999,4/26/2021 17:53,17:53,6,0,0,3149 ARAPAHOE ST & 3149 BLK,1,1,0,0,1,4,0,0,30,0,0,0,0,0,4,2,1
,2021-20584,39.72561353,-104.9823499,4/24/2021 13:16,13:16,5,0,1,6TH AVE E & LOGAN ST N,1,1,0,0,2,3,0,0,30,0,0,0,0,2,4,1,8
,2021-20585,39.78346312,-105.0112166,4/26/2021 15:40,15:40,15,0,0,QUEBEC ST N & I-70 EB OFF RAMP,1,1,0,0,1,1,0,0,30,0,0,0,0,1,4,2,1
,2021-20586,39.79838352,-104.9033799,4/17/2021 17:14,17:14,1,0,0,QUEBEC ST N & 56TH AVE E,1,1,0,0,1,1,0,0,40,0,0,0,0,0,4,2,13
,2021-20587,39.68229354,-105.0203599,4/25/2021 8:56,8:56,3,0,0,W JEWELL AVE & S CLAY ST,1,1,0,0,1,1,0,0,30,0,0,0,0,0,4,2,13
,2021-20588,39.78376352,-104.9405099,4/6/2021 6:16,6:16,12,0,0,COLORADO BLVD N & 48TH AVE E,1,2,1,0,1,3,0,0,35,0,0,0,0,0,2,2,16
,2021-20589,39.76926353,-105.0174099,4/25/2021 20:59,20:59,1,0,0,W 38TH AVE & N ALCOTT ST,1,3,0,0,1,1,0,0,35,0,0,0,1,1,4,2,1
,2021-20591,39.77829352,-104.9035599,4/24/2021 12:00,12:00,15,0,0,QUEBEC ST N & I-70 WB RAMPS,1,1,1,0,1,4,0,0,40,0,0,0,0,0,4,2,13
,2021-20592,39.72411353,-104.9975399,4/26/2021 11:20,11:20,3,0,0,INCA ST N & 5TH AVE W,1,1,0,0,1,1,0,0,35,0,0,0,0,0,4,2,16
,2021-20593,39.77845352,-104.9222799,4/26/2021 7:15,7:15,12,0,0,I-70 WB & HOLLY ST N,1,1,1,0,1,4,0,1,55,0,0,0,0,0,1,2,7
,2021-20594,39.76962352,-104.8470199,4/26/2021 17:55,17:55,15,0,0,N PEORIA ST & E 38TH AVE,1,1,0,0,1,1,0,0,35,0,0,0,0,0,4,2,13
,2021-20595,39.76928353,-105.0111899,4/25/2021 19:14,19:14,11,0,1,TEJON ST N & 38TH AVE W,1,1,0,0,1,1,0,0,0,0,0,1,0,2,4,1,16
,2021-20596,39.71120354,-105.0324499,4/25/2021 17:49,17:49,12,0,0,S KNOX CT & W ALAMEDA AVE,1,1,1,0,1,4,0,0,30,0,0,0,0,0,4,2,3
,2021-20597,39.78852351,-104.8314999,4/25/2021 18:11,18:11,5,0,0,5000 BLK N XANADU ST & E 50TH AVE,1,1,0,0,3,4,0,0,25,0,0,0,0,0,4,1,5
,2021-20598,39.71040353,-104.9425499,4/26/2021 11:14,11:14,6,0,0,300 BLK S JACKSON ST & E ALAMEDA AVE,1,1,0,0,1,4,0,0,25,0,0,0,0,0,4,2,3
,2021-20599,39.72527841,-105.1417334,4/25/2021 13:47,13:47,12,0,0,I-25 & 6TH AVE W,1,1,0,0,1,4,0,0,55,0,0,0,0,0,1,2,13
,2021-20600,39.78363351,-104.78579,4/26/2021 11:50,11:50,12,0,0,16900 BLK E GVR BLVD & PENA BLVD,1,1,0,0,1,4,0,0,35,0,0,0,0,0,4,2,3
,2021-20601,39.78371351,-104.77446,4/24/2021 11:30,11:30,12,0,0,N YAMPA ST & E GVR BLVD,1,1,0,0,1,4,0,0,25,0,0,0,0,1,4,2,3
,2021-20602,39.77504351,-104.80989,4/25/2021 19:42,19:42,2,0,1,CHAMBERS RD N & ANDREWS DR E,1,2,0,0,1,1,0,0,0,1,0,0,0,3,4,2,16
,2021-20603,39.71658353,-105.0001699,4/26/2021 13:45,13:45,3,0,0,N KALAMATH ST & W ELLESWORTH AVE,1,1,0,0,1,1,0,0,30,0,0,0,0,1,4,2,4
,2021-20604,39.71120354,-104.9991199,4/26/2021 7:51,7:51,12,0,0,I-25 & ALAMEDA AVE W,1,1,0,0,1,4,0,0,55,0,0,0,0,0,1,2,14
,2021-20605,39.77939353,-104.9791499,4/20/2021 14:00,14:00,15,0,0,I-70 EB EXIT GORE PT TO & WASHINGTON ST N,1,1,0,0,1,4,0,0,55,0,0,0,0,0,1,2,13
,2021-20606,39.78197353,-105.0016799,4/25/2021 19:58,19:58,12,0,0,N LIPAN ST & W 47TH AVE,1,4,0,0,1,4,0,0,25,0,0,0,0,0,4,2,13
,2021-20607,39.76115353,-105.0047499,4/26/2021 8:24,8:24,12,0,0,I-25 & 20TH ST,1,1,0,0,1,4,0,0,55,0,0,0,0,0,1,2,3
,2021-20608,39.78356647,-104.9783059,4/12/2021 13:11,13:11,14,0,1,WASHINGTON ST & 4600 BLOCK N,1,1,0,0,1,4,0,0,35,0,0,0,0,3,4,2,3
,2021-20609,39.76051353,-105.0050099,4/25/2021 4:32,4:32,9,0,1,I-25 & 20TH ST W,1,2,1,0,2,4,0,0,55,0,0,0,0,3,1,1,1
,2021-20610,39.80367351,-104.77211,4/25/2021 13:35,13:35,5,0,0,N TOWER RD & E 59TH AVE,1,1,0,0,3,1,0,0,40,0,0,0,0,0,4,1,3
,2021-20611,39.75170353,-104.9837399,4/15/2021 5:40,5:40,3,0,1,PARK AVE W & CALIFORNIA ST,1,3,0,0,1,1,0,0,30,0,0,0,0,2,4,2,3
,2021-20612,39.75706353,-105.0100699,4/25/2021 8:25,8:25,15,0,0,I-25 & 15TH ST,1,1,0,0,1,4,0,0,65,0,0,0,0,1,1,2,3
,2021-20613,39.74008353,-105.0027999,4/24/2021 10:46,10:46,15,0,0,W COLFAX AVE & N MARIPOSA ST,1,1,0,0,1,4,0,0,30,0,0,0,0,0,2,2,3
,2021-20614,39.73501353,-104.9415499,4/9/2021 12:59,12:59,3,0,0,3900 BLK E 12TH AVE & N COLORADO BLVD,1,1,0,0,1,5,0,0,,0,0,0,0,0,4,2,5
,2021-20615,39.74373353,-104.9969599,4/26/2021 5:25,5:25,5,0,0,STOUT ST & SPEER BLVD N,1,3,0,0,2,4,0,0,25,0,0,0,0,0,4,1,13
,2021-20616,39.76017353,-104.9405799,4/26/2021 7:47,7:47,15,0,1,N COLORADO BLVD & E 30TH AVE,1,1,0,0,1,4,0,0,35,0,0,0,0,2,2,2,3
,2021-20617,39.65306354,-104.8861099,4/24/2021 12:23,12:23,12,0,0,HAMPDEN AVE E & YOSEMITE ST S,1,1,0,0,1,4,0,0,40,0,0,0,0,0,2,2,13
,2021-20618,39.77931352,-104.9034899,4/26/2021 7:15,7:15,15,0,0,QUEBEC ST N & I-70 EB OFF RAMP,1,1,1,0,1,1,0,0,25,0,0,0,0,0,2,2,7
,2021-20619,39.76115353,-105.0047499,4/12/2021 19:50,19:50,12,0,0,I-25 SB OFF RAMP TO & 20TH ST,1,3,0,0,1,8,0,0,55,0,0,0,0,0,1,2,16
,2021-20620,39.65309354,-104.9090799,4/24/2021 11:14,11:14,1,0,0,HAMPDEN AVE E & ONEIDA WY S,1,1,0,0,1,1,0,0,40,0,0,0,0,1,2,2,13
,2021-20621,39.72590354,-105.0252334,4/25/2021 16:22,16:22,15,0,0,FEDERAL BLVD N & 6TH AVE W,1,1,0,0,1,4,0,0,35,0,0,0,0,0,1,2,13
,2021-20622,39.77893352,-104.9582299,4/15/2021 19:53,19:53,3,0,0,JOSEPHINE ST N & 45TH AVE E,9,3,0,2,1,1,0,0,,0,0,0,0,0,4,2,16
,2021-20623,39.78289352,-104.8649799,4/23/2021 15:50,15:50,15,0,0,4700 BLK N HAVANA ST & E 47TH AVE,1,1,0,0,1,3,0,0,40,0,0,0,0,0,4,2,1
,2021-20624,39.69469354,-105.0265399,4/18/2021 9:10,9:10,6,0,0,ARIZONA AVE W & 3100 BLK,1,2,0,0,1,4,0,0,25,0,0,0,0,0,4,2,5
,2021-20625,39.76946352,-104.8464799,4/18/2021 4:36,4:36,5,0,0,PEORIA ST N & 3800 BLK N,1,3,1,0,6,4,0,0,35,0,0,0,0,0,4,1,3
,2021-20626,39.75597353,-104.9747299,4/23/2021 13:18,13:18,6,0,0,29TH ST & GLENARM PL,1,1,1,0,2,4,0,0,15,0,0,0,0,0,4,2,3
,2021-20627,39.75608352,-104.8980099,4/24/2021 14:00,14:00,6,0,0,SYRACUSE CT N & 28TH AVE E,1,1,0,0,1,4,0,0,25,0,0,0,0,0,4,2,3
,2021-20628,39.70733353,-104.9407299,4/23/2021 14:47,14:47,10,0,0,CHERRY CREEK DR NE & COLORADO BLVD S,1,1,0,0,1,1,0,0,35,0,0,0,0,0,2,2,3
,2021-20757,39.78652353,-105.0415699,4/2/2021 9:33,9:33,6,0,0,RALEIGH ST N & 49TH AVE W,1,1,1,0,1,4,0,0,25,0,0,0,0,0,4,2,16
,2021-20758,39.71155353,-104.9406999,4/27/2021 17:50,17:50,15,0,0,E ALAMEDA AVE & S COLORADO BLVD,1,1,0,0,1,3,0,0,25,0,0,0,0,0,2,2,3
,2021-20759,39.74032353,-105.0298499,4/20/2021 9:16,9:16,3,0,0,COLFAX AVE W & IRVING ST N,11,1,1,0,1,1,0,0,35,0,0,0,0,0,2,2,13
,2021-20761,39.73869353,-104.8964099,4/20/2021 15:14,15:14,10,0,0,14TH AVE E & TRENTON ST N,1,1,0,0,1,1,0,0,30,0,0,0,0,1,4,2,8
,2021-20762,39.68776354,-105.0203699,4/24/2021 18:02,18:02,3,0,0,CLAY ST S & IOWA AVE W,1,1,0,0,1,1,0,0,25,0,0,0,0,1,4,2,1
,2021-20763,39.76566352,-104.9405599,4/20/2021 16:37,16:37,15,0,0,E 35TH AVE & N COLORADO BLVD,1,1,0,0,1,1,0,0,35,0,0,0,0,0,2,3,14
,2021-20765,39.75709353,-104.9906999,4/16/2021 13:15,13:15,10,0,0,PARK AVE W & BLAKE ST,1,1,0,0,1,1,0,0,30,0,0,0,0,0,4,2,8
,2021-20770,39.65307354,-104.9184399,4/23/2021 14:38,14:38,9,0,0,I-25 & HAMPDEN AVE E,1,1,0,0,1,4,0,0,65,0,0,0,0,0,1,2,7
,2021-20771,39.69656353,-104.9535012,4/5/2021 13:40,13:40,10,0,0,E MISSISSIPPI AVE & S YOSEMITE WAY,1,1,0,0,1,1,0,0,30,0,0,0,0,0,4,2,16
,2021-20772,39.71027354,-105.0109799,3/25/2021 15:36,15:36,12,0,0,300 BLK S TEJON ST & W ALAMEDA AVE,1,1,1,0,1,4,0,0,25,0,0,0,0,0,4,2,13
,2021-20773,39.70294453,-104.9129359,4/30/2021 22:03,22:03,12,0,0,LEETSDALE DR & S MONACO ST,1,3,0,0,1,1,0,0,30,0,0,0,0,0,2,2,13
,2021-20798,39.70863637,-104.869841,4/18/2021 8:00,8:00,6,0,0,GALENA WY S & 10300 BLK S,1,1,0,0,1,4,0,0,35,0,0,0,0,0,4,2,5
,2021-20801,39.72891353,-105.0001699,4/28/2021 10:20,10:20,15,0,0,W 8TH AVE & N KALAMATH ST,1,1,0,0,1,3,0,0,30,0,0,0,0,0,4,2,1
,2021-20803,39.74326353,-104.9835799,4/3/2021 4:45,4:45,12,0,0,E 17TH AVE & N GRANT ST,1,3,1,0,1,1,0,0,30,0,0,0,0,0,4,2,14
,2021-20805,39.71924353,-104.9552699,4/11/2021 18:45,18:45,6,0,0,2700 BLOCK E 2ND AVE & N CLAYTON ST,1,1,0,0,1,4,0,0,25,0,0,0,0,0,4,2,3
,2021-20806,39.69205354,-104.9593299,5/1/2021 12:45,12:45,12,0,0,1300 BLK S UNIVERSITY BLVD & E LOUISIANA AVE,1,1,0,0,1,4,0,0,35,0,0,0,0,1,4,2,3
,2021-20807,39.69670754,-104.9929099,5/2/2021 2:02,2:02,3,0,0,S PLATTE RIVER DR & W MISSISSIPPI AVE,1,3,0,0,1,1,0,0,45,0,0,0,0,0,2,2,1
,2021-20808,39.74824153,-104.9864389,4/19/2021 18:01,18:01,3,0,0,20TH ST & WELTON ST,11,1,0,2,1,1,0,0,35,0,0,0,0,1,4,2,14
,2021-20809,39.71121354,-105.0336699,5/1/2021 15:07,15:07,12,0,0,W ALAMEDA AVE & S KING ST,1,1,1,0,1,4,0,0,35,0,0,0,0,1,2,2,13
,2021-20810,39.73800353,-105.0251399,5/1/2021 18:25,18:25,1,0,1,FEDERAL BLVD N & 14TH AVE W,1,1,0,1,1,1,0,0,35,0,0,0,0,2,2,2,13
,2021-20811,39.68756354,-105.0246799,4/15/2021 16:41,16:41,15,0,0,FEDERAL BLVD S & IOWA AVE W,11,1,1,2,1,4,0,0,40,0,0,0,0,0,2,2,14
,2021-20812,39.75124353,-104.9843199,5/1/2021 1:20,1:20,5,0,0,CALIFORNIA ST & 2200 BLK,1,3,0,0,2,4,0,0,50,0,0,0,0,0,4,1,8
,2021-20813,39.8340925,-104.7719825,4/30/2021 20:26,20:26,12,0,0,N TOWER RD & PENA BLVD OUTBOND,1,3,1,0,1,4,0,0,45,0,0,0,0,0,4,2,5
,2021-20814,39.69782353,-104.9015999,5/1/2021 17:22,17:22,15,0,0,PARKER RD 1000 BLK S & E MISSISSIPPI AVE,1,1,0,0,1,4,0,0,35,0,0,0,0,0,2,2,13
,2021-20815,39.74043353,-105.0139599,4/30/2021 22:44,22:44,5,0,0,COLFAX AVE W & I-25 SB OFF RAMP,1,3,0,0,3,4,0,0,40,0,0,0,0,1,2,1,13
,2021-20816,39.72932353,-105.0150499,4/2/2021 22:15,22:15,12,0,0,I-25 & 8TH AVE W,1,3,0,0,1,4,0,0,55,0,0,0,0,0,1,2,13
,2021-20817,39.77713352,-104.8829699,5/1/2021 13:35,13:35,15,0,2,I-70 EB & CENTRAL PARK BLVD N,1,1,0,0,1,4,0,1,55,0,0,0,0,3,1,2,9
,2021-20818,39.76568353,-104.9950429,4/30/2021 20:21,20:21,15,0,0,PARK AVE W & N GLOBEVILLE RD,1,3,0,0,1,4,0,0,35,0,0,0,0,0,4,2,13
,2021-20819,39.84979749,-104.6738195,5/1/2021 17:20,17:20,12,0,0,PENA BLVD & 8400 BLK,1,1,0,0,1,4,0,0,10,0,0,0,0,0,4,2,14
,2021-20820,39.77265352,-104.9029899,4/30/2021 20:24,20:24,1,0,0,QUEBEC ST N & 40TH AVE E,1,2,0,0,1,1,0,0,30,0,0,0,0,0,4,2,13
,2021-20822,39.66211354,-105.0251399,4/7/2021 18:22,18:22,12,0,0,W CORNELL AVE & S FEDERAL BLVD,1,2,0,0,1,3,0,0,25,0,0,0,0,0,2,2,1
,2021-20823,39.66820355,-105.0455099,5/2/2021 2:16,2:16,14,0,0,YALE AVE W & UTICA ST S,1,3,0,0,1,4,0,0,30,0,0,0,0,0,4,2,1
,2021-20824,39.71337354,-105.0324499,4/19/2021 21:06,21:06,5,0,0,S KNOX ST & W CEDAR AVE,9,3,0,2,2,1,0,0,25,0,0,0,0,0,4,1,3
,2021-20825,39.70123354,-105.0250699,4/19/2021 12:53,12:53,15,0,0,FEDERAL BLVD S & KENTUCKY AVE W,11,1,0,1,1,4,0,0,35,0,0,0,0,0,2,2,16
,2021-20826,39.81709121,-105.0298827,5/1/2021 13:48,13:48,15,0,0,38TH AVE W & IVRING ST N,1,1,0,0,1,4,0,0,35,0,0,0,0,0,4,2,13
,2021-20827,39.78026353,-105.0283199,5/1/2021 13:13,13:13,2,0,1,46TH AVE W & HOOKER ST N,1,1,0,0,1,1,0,0,0,1,0,0,1,2,4,2,16
,2021-20828,39.70960354,-105.0350299,5/1/2021 14:54,14:54,12,0,0,MORRISON RD & S LOWELL BLVD,1,1,0,0,1,1,0,0,35,0,0,0,0,0,4,2,13
,2021-20829,39.73188353,-104.9738099,4/18/2021 11:49,11:49,6,0,0,10TH AVE & 1100 BLOCK E,1,1,0,0,1,4,0,0,25,0,0,0,0,0,4,2,3
,2021-20830,39.78005352,-104.9582299,5/1/2021 11:07,11:07,12,0,0,E 46TH AVE & N JOSEPHINE ST,1,1,0,0,1,1,0,0,30,0,0,0,0,0,4,2,13
,2021-20831,39.71561353,-104.9768199,4/26/2021 14:30,14:30,6,0,0,EMERSON ST S & 90 BLK S,1,1,0,0,1,4,0,0,25,0,0,0,0,0,4,2,7
,2021-20832,39.77994352,-104.9406599,4/27/2021 6:30,6:30,15,0,0,I-70 EB & COLORADO BLVD N,1,1,0,0,1,4,0,0,55,0,0,0,0,0,1,2,14
,2021-20833,39.67512354,-105.0250599,4/29/2021 13:12,13:12,12,0,0,FEDERAL BLVD S & ILIFF AVE RD E,1,1,0,0,1,4,0,0,40,0,0,0,0,1,2,2,5
,2021-20834,39.77727352,-104.8827699,5/1/2021 21:15,21:15,9,0,0,I-70 WB EXIT GORE PT TO & CENTRAL PARK BLVD N,1,3,0,0,3,4,0,0,55,0,0,0,0,0,1,1,1
,2021-20835,39.72912554,-105.1239386,5/2/2021 17:02,17:02,9,0,0,I-25 & 8TH AVE W,1,1,0,0,1,4,0,0,55,0,0,0,0,1,1,2,16
,2021-20836,39.78405352,-104.9895499,5/2/2021 1:44,1:44,15,0,0,I-25 & 48TH AVE W,1,3,0,0,1,4,0,0,65,0,0,0,0,0,1,2,13
,2021-20837,39.74006353,-104.9903499,5/2/2021 2:17,2:17,3,0,0,COLFAX AVE W & 14TH ST,1,3,0,0,1,1,0,0,,0,0,0,0,1,2,2,16
,2021-20838,39.8334535,-104.692913,5/2/2021 14:20,14:20,12,0,0,PENA BLVD & JACKSON GAP,1,1,0,0,1,4,0,0,,0,0,0,0,0,4,1,16
,2021-20839,39.65510354,-104.9205399,4/7/2021 15:30,15:30,6,0,0,5600 BLK E GREENWOOD PL & S HOLLY ST,1,1,1,0,1,4,0,0,25,0,0,0,0,0,4,2,13
,2021-20840,39.75797952,-104.9033712,5/1/2021 0:13,0:13,6,0,0,29TH AVE E & CENTRAL PARK BLVD N,1,3,0,0,1,4,0,0,30,0,0,0,0,0,4,2,13
,2021-20841,39.75415353,-104.9759699,4/27/2021 19:30,19:30,5,0,0,EMERSON ST & 2547 N,11,2,0,1,3,5,0,0,15,0,0,0,0,0,4,1,16
,2021-20842,39.74411353,-104.9835799,4/29/2021 14:25,14:25,12,0,0,1700 BLK N GRANT ST & E 17TH AVE,1,1,0,0,1,4,0,0,25,0,0,0,0,0,4,2,13
,2021-20843,39.78260803,-104.9985394,5/2/2021 15:55,15:55,15,0,0,I-70 WB & MONOCO ST N,1,1,0,0,1,4,0,0,55,0,0,0,0,0,1,2,13
,2021-20844,39.70038354,-105.0437399,4/16/2021 19:48,19:48,1,0,0,W KENTUCKY AVE & S TENNYSON ST,7,4,0,2,1,1,0,0,25,0,0,0,0,0,4,2,13
,2021-20845,39.75153497,-104.9883249,5/1/2021 1:20,1:20,6,0,0,21ST ST & 1400 BLK,1,3,0,0,1,4,0,0,30,0,0,0,0,0,4,2,1
,2021-20846,39.76538652,-104.9026039,4/30/2021 10:40,10:40,3,0,0,35TH AVE E & QUEBEC ST N,1,1,0,0,1,1,0,0,,0,0,0,0,0,4,2,13
,2021-20847,39.80033849,-104.8843294,5/2/2021 5:17,5:17,15,0,0,I-70 & CENTRAL PARK BLVD N,1,1,0,0,1,4,0,0,55,0,0,0,0,0,1,2,13
,2021-20848,39.78927398,-105.0392509,4/28/2021 0:20,0:20,5,0,0,6TH AVE W & PERRY ST N,11,4,1,1,2,4,0,0,65,0,0,0,0,0,2,1,3
,2021-20849,39.70038354,-105.0424299,5/1/2021 16:35,16:35,3,0,3,W KENTUCKEY AVE & S RALEIGH ST,1,1,0,0,1,1,0,0,30,0,0,0,0,2,4,2,1
,2021-20850,39.71118354,-105.0038799,4/16/2021 12:26,12:26,3,0,0,ALAMEDA AVE W & NAVAJO ST S,11,1,0,0,1,1,0,0,25,0,0,0,0,0,2,2,16
,2021-20851,39.65698353,-104.86641,4/17/2021 18:42,18:42,1,0,0,HAVANA ST S & GIRARD AVE E,1,1,0,0,1,1,0,0,30,0,0,0,0,0,2,2,5
,2021-20852,39.76935353,-105.0503299,4/29/2021 15:39,15:39,5,0,0,38TH AVE W & YATES ST N,1,1,1,0,3,4,0,0,35,0,0,0,0,1,4,1,10
,2021-20853,39.74377353,-104.9733699,5/1/2021 19:25,19:25,1,0,0,N DOWNING ST & PARK AVE,1,1,0,0,1,1,0,0,30,0,0,0,0,0,4,2,13
,2021-20854,39.77666351,-104.8098995,5/1/2021 20:05,20:05,1,0,0,E GVR BLVD & N CHAMBERS RD,1,3,1,0,1,1,0,0,35,0,0,0,0,0,4,2,13
,2021-20855,39.74345353,-104.9659799,5/1/2021 20:00,20:00,2,0,0,WILLIAMS ST N & 1715 WILLIAMS ST N,1,2,0,0,1,5,0,0,,1,0,0,0,0,4,2,2
,2021-20856,39.73278353,-104.8947799,4/20/2021 2:37,2:37,5,0,0,8000 BLOCK E 11TH AVE & N SPRUCE CT,4,3,0,0,2,4,0,0,25,0,0,0,0,0,4,1,16
,2021-20857,39.73684353,-104.9861199,4/2/2021 14:44,14:44,11,0,1,LINCOLN ST N & 13TH AVE E,1,1,1,0,1,1,0,0,0,0,1,0,0,3,4,1,16
,2021-20858,39.73301354,-105.0416499,5/1/2021 9:40,9:40,6,0,0,N RALEIGH ST & W 10TH AVE,1,3,0,0,1,4,0,0,25,0,0,0,0,0,4,2,13
,2021-20859,39.76322353,-105.0173999,4/17/2021 18:00,18:00,6,0,0,W 33RD AVE & N ALCOTT ST,1,1,0,0,1,4,0,0,25,0,0,0,0,0,4,2,8
,2021-20860,39.77767352,-104.8475799,3/24/2021 5:55,5:55,5,0,0,PEORIA ST N & 4495 PEORIA ST N,11,1,0,2,5,7,0,0,15,0,0,0,0,0,3,1,16
,2021-20861,39.71134153,-104.9035399,4/28/2021 7:47,7:47,12,0,0,S QUEBEC ST & E ALAMEDA AVE,11,1,0,1,1,4,0,0,35,0,0,0,0,0,4,2,13
,2021-20862,39.79845351,-104.8660499,4/29/2021 7:15,7:15,1,0,0,E 56TH AVE & N HAVANNA ST,1,1,0,0,1,1,0,0,40,0,0,0,0,0,4,2,13
,2021-20863,39.64967224,-105.0439756,4/20/2021 8:06,8:06,12,0,0,KENYON AVE WB & 4600 BLK W,1,1,1,0,1,4,0,0,25,0,0,0,0,0,4,2,7
,2021-20864,39.75987352,-104.8907899,5/2/2021 7:15,7:15,3,0,0,E MLK BLVD & N CENTRAL PARK BLVD,1,1,0,0,1,1,0,0,35,0,0,0,0,0,4,2,14
,2021-20865,39.74831353,-104.9405299,4/20/2021 14:44,14:44,15,0,0,COLORADO BLVD N & MONTVIEW BLVD E,1,1,0,0,1,4,0,0,35,0,0,0,0,0,2,2,13
,2021-20866,39.76115353,-105.0047499,4/29/2021 8:20,8:20,10,0,0,20TH ST & I-25 SB OFF RAMP,1,1,1,0,1,1,0,0,25,0,0,0,0,0,4,2,13
,2021-20867,39.72553353,-105.0131199,4/29/2021 12:09,12:09,12,0,0,I-25 & 6TH AVE W,1,1,1,0,1,4,0,0,55,0,0,0,0,0,4,2,1
,2021-20868,39.73863354,-105.0436499,4/22/2021 2:30,2:30,6,0,0,TENNYSON ST N & COLFAX AVE E,11,3,0,2,1,2,0,0,25,0,0,0,0,0,4,2,5
,2021-20869,39.72223679,-104.8066478,4/28/2021 6:41,6:41,5,0,0,HELENA CT N & 5044 N HELENA CT,11,1,0,1,5,4,0,0,30,0,0,0,0,0,3,1,14