id,drcog_id,latitude,longitude,crashtime,time,crashtype,numbkilled,numbinjurd,drcoglocat,rdconditin,lightngcon,roadcntgrd,weatherco,location,roaddescrp,schoolzone,constrzone,splimit,bikeinv,pedinv,sctrinv,motoinv,svrty,rdsystem,ttlvehcls,hcf
,2021-20870,39.71496354,-105.0348899,4/29/2021 15:28,15:28,8,0,0,S LOWELL BLVD & W BAYAUD AVE,1,1,0,0,1,1,0,0,25,0,0,0,0,0,4,2,14
,2021-20871,39.76200353,-105.0300699,4/15/2021 22:28,22:28,6,0,0,32ND AVE W & IRVING ST,9,3,0,2,1,4,0,0,25,0,0,0,0,0,4,2,3
,2021-20872,39.66755354,-104.9406699,4/17/2021 12:25,12:25,12,0,0,E YALE AVE & S COLORADO BLVD,1,1,0,0,1,1,0,0,35,0,0,0,0,1,2,2,5
,2021-20873,39.68930954,-104.9407324,4/18/2021 9:40,9:40,12,0,0,S COLORADO BLVD & E FLORIDA AVE,1,1,1,0,1,1,0,0,35,0,0,0,0,0,2,2,13
,2021-20874,39.69295353,-104.9362099,4/28/2021 14:11,14:11,3,0,0,S BIRCH ST & E LOUISIANA AVE,1,1,0,0,1,1,0,0,25,0,0,0,0,0,4,2,14
,2021-20875,39.78010353,-104.9895499,4/29/2021 7:49,7:49,12,0,0,I-70 EB OFF RAMP TO & I-25 SB,1,1,1,0,1,8,0,0,55,0,0,0,0,0,1,2,1
,2021-20876,39.75277353,-104.9873999,4/29/2021 9:18,9:18,11,0,0,BROADWAY ST N & CURTIS ST,1,1,0,6,1,1,0,0,25,0,1,0,0,1,4,1,14
,2021-20877,39.73948354,-105.1841199,4/12/2021 2:56,2:56,5,0,0,HWY 40 WB ON RAMP ENT GORE PT FROM & AURARIA PKWY,1,3,0,0,2,8,0,0,40,0,0,0,0,0,2,1,13
,2021-20878,39.68208354,-105.0271599,4/25/2021 21:57,21:57,6,0,0,1900 BLOCK S HAZEL CT & S HAZEL CT,1,4,0,0,1,4,0,0,25,0,0,0,0,0,4,2,14
,2021-20879,39.73925975,-105.0212884,4/29/2021 9:48,9:48,15,0,0,MORRISON RD & 5100 BLK,1,1,1,0,1,4,0,0,30,0,0,0,0,0,4,2,7
,2021-20880,39.70078353,-104.9111999,4/28/2021 18:45,18:45,12,0,0,MONACO ST & 890 S,1,1,0,0,1,7,0,0,10,0,0,0,0,0,4,2,14
,2021-20881,39.76684353,-105.0005799,4/28/2021 2:35,2:35,5,0,0,KALAMATH ST N & 36TH AVE W,11,3,0,1,3,4,0,0,25,0,0,0,0,0,4,1,8
,2021-20882,39.74960353,-105.0003499,4/29/2021 11:20,11:20,12,0,0,BLAKE ST & 15TH ST,1,1,0,0,1,1,0,0,25,0,0,0,0,0,4,2,14
,2021-20883,39.76198353,-104.9597399,4/27/2021 21:16,21:16,3,0,0,N YORK ST & E MLK BLVD,11,4,0,1,1,1,0,0,30,0,0,0,0,0,4,2,14
,2021-20884,39.76977353,-104.9911999,4/29/2021 14:12,14:12,12,0,0,3700 BLK N GLOBEVILLE RD & PARK AVE W,1,1,1,0,1,2,0,0,30,0,0,0,0,0,4,2,13
,2021-20885,39.8039519,-104.7720422,4/23/2021 22:07,22:07,1,0,0,TOWER RD N & GVR BLVD E,1,3,0,0,1,1,0,0,40,0,0,0,0,1,4,2,13
,2021-20886,39.75120353,-105.0205099,3/26/2021 17:46,17:46,15,0,0,N CLAY ST & W 23RD AVE,1,1,0,0,1,4,0,0,,0,0,0,0,0,4,2,16
,2021-20887,39.67603353,-104.9043499,3/13/2021 20:00,20:00,12,0,0,EVANS AVE & 7200 E,9,2,1,2,5,7,0,0,,0,0,0,0,0,3,2,3
,2021-20888,39.77702352,-104.8829699,4/16/2021 4:00,4:00,5,0,0,I-270 & CENTRAL PARK BLVD N,4,3,1,2,2,4,0,0,55,0,0,0,0,0,1,1,16
,2021-20889,39.65268354,-104.86688,4/30/2021 16:39,16:39,3,0,0,HAMPDEN AVE & 10500 E,1,1,0,0,5,7,0,0,15,0,0,0,0,0,3,2,13
,2021-20890,39.71145353,-104.9381999,4/28/2021 12:20,12:20,15,0,0,4200 BLK E ALAMEDA AVE & LEETSDALE DR,1,1,1,0,1,4,0,0,40,0,0,0,0,0,4,2,13
,2021-20891,39.71465353,-104.9461599,4/28/2021 14:36,14:36,1,0,0,E BAYAUD AVE & S MADISON ST,1,1,0,0,1,1,0,0,25,0,0,0,0,0,4,2,14
,2021-20892,39.76115353,-105.0047499,4/29/2021 14:27,14:27,15,0,0,I-25 & 20TH ST,1,1,0,0,1,4,0,0,55,0,0,0,0,0,1,2,13
,2021-20893,39.67670354,-104.9875699,4/29/2021 11:44,11:44,12,0,0,S BROADWAY ST & E WARREN AVE,1,1,0,0,1,3,0,0,35,0,0,0,0,0,4,2,13
,2021-20894,39.73686553,-104.9873614,4/27/2021 22:08,22:08,12,0,0,00 E 13TH AVE & N BROADWAY ST,11,3,0,1,1,4,0,0,30,0,0,0,0,1,4,2,13
,2021-20895,39.78968428,-104.8470019,4/29/2021 16:00,16:00,6,0,0,PEORIA ST & 4701 N,1,1,0,0,1,4,0,0,20,0,0,0,0,0,4,2,13
,2021-20896,39.70897353,-104.8753699,4/28/2021 9:11,9:11,15,0,0,E ALAMEDA AVE (NOT CDOT) & S DAYTON ST,11,1,0,1,1,3,0,0,30,0,0,0,0,1,4,2,16
,2021-20897,39.62999354,-104.9054599,4/9/2021 23:15,23:15,15,0,0,I-225 SB OFF RAMP TO & I-25 SB,1,3,0,0,1,8,0,0,55,0,0,0,0,0,1,2,3
,2021-20898,39.65615355,-105.0532099,5/1/2021 12:53,12:53,1,0,0,SHERIDAN BLVD S & DARTMOUTH AVE W,1,1,0,0,1,1,0,0,30,0,0,0,0,0,2,2,13
,2021-20899,39.72527841,-105.1417334,4/28/2021 12:31,12:31,15,0,0,I-25 & 6TH AVE W,1,1,0,0,1,4,0,0,55,0,0,0,0,0,1,2,13
,2021-20900,39.78020353,-104.9891799,4/27/2021 23:30,23:30,15,0,0,I-25 & I-70,11,3,0,1,1,4,0,0,55,0,0,0,0,0,1,2,13
,2021-20901,39.67846353,-104.9225999,5/1/2021 14:25,14:25,8,0,0,5500 BLK E EVANS AVE & S HOLLY ST,1,1,0,0,1,4,0,0,35,0,0,0,0,0,4,2,7
,2021-20902,39.72590354,-105.0252334,4/19/2021 20:12,20:12,12,0,0,6TH AVE W & FEDERAL BLVD N,9,3,1,2,1,4,0,0,55,0,0,0,0,0,2,3,16
,2021-20903,39.72906353,-104.9823599,4/28/2021 10:00,10:00,10,0,0,N LOGAN ST & E 8TH AVE,1,1,0,0,1,1,0,0,25,0,0,0,0,0,4,2,14
,2021-20904,39.72533653,-104.9127829,4/28/2021 8:05,8:05,1,0,0,E 6TH AVE & N MONACO ST,11,1,0,0,1,1,0,0,30,0,0,0,0,1,4,2,13
,2021-20905,39.75158353,-104.9786999,5/1/2021 23:00,23:00,2,0,1,25TH ST & TREMONT PL,1,3,0,0,1,1,0,0,0,1,0,0,0,2,4,2,16
,2021-20906,39.64527416,-104.9137713,5/2/2021 0:27,0:27,5,0,0,I-25 & MM 201,1,3,0,0,3,4,0,0,65,0,0,0,0,0,1,1,13
,2021-20913,39.74743352,-104.9034399,4/19/2021 21:03,21:03,12,0,0,N QUEBEC ST & E MONTVIEW BLVD,9,3,0,2,1,1,0,0,35,0,0,0,0,1,4,2,13
,2021-20914,39.77290352,-104.9541399,4/20/2021 7:29,7:29,3,0,0,40TH AVE E & CLAYTON ST N,4,1,1,0,1,1,0,0,30,0,0,0,0,0,4,2,14
,2021-20915,39.72563353,-104.9850999,4/20/2021 7:15,7:15,12,0,0,E SPEER BLVD & E 6TH AVE,4,1,0,0,1,1,0,0,30,0,0,0,0,0,4,2,16
,2021-20916,39.74015353,-104.9500499,4/20/2021 6:54,6:54,12,0,0,COLFAX AVE E & STEELE ST N,4,1,0,0,1,1,0,0,30,0,0,0,0,0,2,2,7
,2021-20919,39.73345353,-104.9597799,4/19/2021 16:50,16:50,12,0,0,N YORK ST & E 11TH AVE,11,1,0,1,1,3,0,0,25,0,0,0,0,0,4,2,3
,2021-20975,39.73847354,-105.0486699,4/18/2021 18:30,18:30,6,0,0,N WOLFF ST & W 14TH AVE,1,2,0,0,1,4,0,0,25,0,0,0,0,0,4,2,2
,2021-20978,39.74011353,-104.9988399,4/29/2021 22:00,22:00,15,0,0,COLFAX AVE W & SPEER BLVD SB,1,3,0,0,1,1,0,0,30,0,0,0,0,0,2,2,13
,2021-20988,39.77615352,-104.8301599,4/30/2021 20:53,20:53,5,0,1,14400 BLK E ALBROOK DR & N DAVENPORT WAY,1,3,0,0,3,4,0,0,25,0,0,0,1,3,4,1,7
,2021-20990,39.77987352,-104.9671599,4/30/2021 17:14,17:14,15,0,0,I-70 EB & BRIGHTON BLVD N,1,1,0,0,1,4,0,0,55,0,0,0,0,0,1,2,16
,2021-20996,39.77958352,-104.8474199,4/19/2021 12:45,12:45,10,0,0,12000 BLK E 46TH AVE & N PEORIA ST,1,1,0,0,1,1,0,0,25,0,0,0,0,0,4,2,7
,2021-20999,39.73990353,-104.9820999,4/8/2021 16:42,16:42,6,0,0,COLFAX AVE E & PENNSYLVANIA ST N,1,1,0,0,1,4,0,0,30,0,0,0,0,0,2,3,5
,2021-21001,39.73803353,-104.9938999,4/29/2021 20:58,20:58,6,0,0,ELATI ST & 1370 N,1,3,0,0,1,4,0,0,25,0,0,0,0,0,4,2,13
,2021-21003,39.77026858,-104.8996366,4/30/2021 15:30,15:30,1,0,0,COLFAX AVE E & SYRACUSE ST N,1,1,0,0,1,1,0,0,35,0,0,0,0,1,2,2,13
,2021-21005,39.77829352,-104.9034199,4/26/2021 9:50,9:50,10,0,0,QUEBEC ST N & I-70 EB OFF RAMP,1,1,1,0,1,1,0,1,25,0,0,0,0,0,4,3,1
,2021-21007,39.79601351,-104.8351999,4/6/2021 9:21,9:21,6,0,0,PENSACOLA PL & 13100 BLOCK E,1,1,0,0,1,4,0,0,25,0,0,0,0,0,4,2,14
,2021-21008,39.69858354,-105.0250699,4/20/2021 15:07,15:07,15,0,0,FEDERAL BLVD S & TENNESSEE AVE W,1,1,0,0,1,4,0,0,40,0,0,0,0,0,2,2,1
,2021-21012,39.70737354,-105.0121499,4/30/2021 22:20,22:20,6,0,0,2100 BLK W VIRGINA AVE & S VALLEJO ST,1,3,0,0,1,4,0,0,25,0,0,0,0,0,4,2,5
,2021-21016,39.76227353,-104.9804999,4/7/2021 20:00,20:00,6,0,0,30TH ST & LARIMER ST,1,1,0,0,1,3,0,0,25,0,0,0,0,0,4,2,14
,2021-21019,39.72624354,-105.0526299,4/30/2021 17:25,17:25,12,0,0,HWY 6 EB ON RAMP FROM & SHERIDAN BLVD N,1,1,0,0,1,8,0,0,55,0,0,0,0,0,2,2,8
,2021-21022,39.78571351,-104.8384599,4/23/2021 22:48,22:48,3,0,1,N TITAN CT & E ANDREWS DR,1,3,0,0,1,1,0,0,25,0,0,0,0,2,4,2,9
,2021-21023,39.74379353,-104.9535799,4/26/2021 12:35,12:35,12,0,0,E 17TH AVE & N FILLMORE ST,1,1,0,0,1,3,0,0,35,0,0,0,0,1,4,3,13
,2021-21024,39.76928353,-105.0111899,4/26/2021 9:10,9:10,1,0,0,W 38TH AVE & N TEJON ST,1,1,1,0,1,1,0,0,35,0,0,0,0,0,4,2,13
,2021-21026,39.71172078,-104.9992032,4/23/2021 15:19,15:19,12,0,0,I-25 & MM 208,1,1,1,0,1,4,0,0,55,0,0,0,0,1,1,4,13
,2021-21027,39.76156153,-104.9740774,4/25/2021 3:45,3:45,6,0,0,CHAMPA ST & 3214 BLK,1,3,0,0,1,4,0,0,20,0,0,0,0,0,4,3,2
,2021-21028,39.75071353,-104.9597599,4/26/2021 19:16,19:16,12,0,0,E 23RD AVE & N YORK ST,1,1,0,0,1,1,0,0,30,0,0,0,0,1,4,3,3
,2021-21030,39.67728354,-105.0572399,4/25/2021 6:58,6:58,6,0,1,2100 BLK S DEPEW ST & W WARREN AVE,1,1,0,0,1,4,0,0,25,0,0,0,0,2,4,4,16
,2021-21032,39.72931353,-105.0148199,4/27/2021 5:45,5:45,12,0,0,I-25 & 8TH AVE W,1,2,0,0,1,4,0,0,55,0,0,0,0,0,1,3,14
,2021-21033,39.72527841,-105.1417334,4/26/2021 22:22,22:22,12,0,0,I-25 & 6TH AVE W,1,3,0,0,1,4,0,0,55,0,0,0,0,1,1,3,3
,2021-21034,39.73869352,-104.8928499,4/29/2021 6:53,6:53,3,0,0,E 14TH AVE & N UINTA ST,1,1,0,0,1,1,0,0,25,0,0,0,0,0,4,2,1
,2021-21035,39.71120354,-104.9988899,4/27/2021 11:45,11:45,12,0,0,I-25 & ALAMEDA AVE W,1,1,0,0,1,4,0,0,55,0,0,0,0,0,1,3,7
,2021-21036,39.72527841,-105.1417334,4/27/2021 11:32,11:32,12,0,0,I-25 & 6TH AVE W,1,1,0,0,1,4,0,0,55,0,0,0,0,1,1,3,7
,2021-21037,39.77420352,-104.8470299,4/25/2021 16:40,16:40,12,0,0,I-70 WB & PEORIA ST N,1,1,0,0,1,4,0,0,65,0,0,0,0,0,1,2,1
,2021-21038,39.71115253,-104.9875774,4/23/2021 21:00,21:00,15,0,0,S BROADWAY ST & E ALAMEDA AVE,1,3,0,0,1,1,0,0,30,0,0,0,0,1,4,3,3
,2021-21039,39.67855354,-104.9828799,4/29/2021 6:58,6:58,3,0,1,EVANS AVE E & LOGAN ST S,1,1,0,0,1,1,0,0,30,0,0,0,0,3,4,3,2
,2021-21041,39.74492353,-104.9337799,5/1/2021 5:11,5:11,6,0,0,E 18TH AVE & N CHERRY ST,1,1,0,0,1,4,0,0,25,0,0,0,0,0,4,3,6
,2021-21042,39.69126354,-105.0343599,4/23/2021 19:17,19:17,6,0,0,1400 S LOWELL BLVD & W ARKANSAS AVE,1,1,0,0,1,4,0,0,25,0,0,0,0,0,4,3,1
,2021-21043,39.77400352,-104.8470199,4/24/2021 12:15,12:15,12,0,0,PEORIA ST N & I-70 EB,1,1,0,0,1,4,0,0,35,0,0,0,0,0,4,3,13
,2021-21044,39.69114354,-104.9593299,4/30/2021 12:18,12:18,1,0,2,S UNIVERSITY BLVD & E ARKANSAS AVE,1,1,0,0,1,1,0,0,40,0,0,0,0,2,4,2,13
,2021-21045,39.67261353,-104.86821,4/27/2021 16:19,16:19,12,0,0,PARKER RD S & HARVARD AVE E,11,1,0,1,1,1,0,0,45,0,0,0,0,0,2,4,16
,2021-21046,39.75472152,-104.9033689,4/24/2021 8:15,8:15,15,0,0,QUEBEC ST E & 26TH ST N,1,1,0,0,1,4,0,0,35,0,0,0,0,0,2,2,13
,2021-21047,39.72361353,-104.9823599,4/24/2021 1:25,1:25,6,0,0,400 BLK N LOGAN ST & E SPEER BLVD,1,3,0,0,1,4,0,0,30,0,0,0,0,0,4,4,5
,2021-21048,39.78313353,-105.0064099,4/30/2021 16:44,16:44,12,0,0,I-70 EB & PECOS ST N,1,1,1,0,1,4,0,0,55,0,0,0,0,0,1,2,13
,2021-21049,39.78003353,-104.9891799,4/27/2021 6:47,6:47,15,0,2,I-70 EB ON RAMP CONNECTION GORE PT FROM & I-25 NB,1,2,0,0,1,8,0,0,55,0,0,0,0,2,1,4,1
,2021-21054,39.74000353,-104.9659799,4/30/2021 3:04,3:04,6,0,1,COLFAX AVE E & WILLIAMS ST N,1,3,0,0,1,4,0,0,30,0,0,0,0,2,2,2,5
,2021-21055,39.68945354,-105.0296999,4/29/2021 8:20,8:20,1,0,0,FLORIDA AVE W & IRVING ST S,1,1,0,0,1,1,0,0,30,0,0,0,0,0,4,4,13
,2021-21056,39.72551353,-105.0133499,4/24/2021 17:35,17:35,15,0,0,I-25 & 6TH AVE W,1,1,0,0,1,4,0,0,65,0,0,0,0,0,1,3,13
,2021-21057,39.77804052,-104.8471054,4/30/2021 13:00,13:00,12,0,0,N PEORIA ST & E 45TH AVE,1,1,0,0,1,4,0,0,30,0,0,0,0,0,4,2,13
,2021-21058,39.74759353,-105.0204999,4/30/2021 9:28,9:28,12,0,0,MILE HIGH STADIUM CIR & N CLAY ST,1,1,1,0,1,1,0,0,30,0,0,0,0,0,4,2,13
,2021-21059,39.77841352,-104.9035599,4/24/2021 20:12,20:12,12,0,0,I-70 WB & QUEBEC ST,1,3,0,0,1,4,0,0,55,0,0,0,0,0,1,3,13
,2021-21060,39.75023353,-104.9873799,4/29/2021 23:30,23:30,3,0,0,STOUT ST & N BROADWAY ST,1,3,0,0,1,1,0,0,25,0,0,0,0,0,4,2,16
,2021-21061,39.77640352,-104.9594099,4/22/2021 15:30,15:30,15,0,0,N YORK ST & E 43RD AVE,1,1,0,0,1,3,0,0,35,0,0,0,0,0,4,2,3
,2021-21062,39.72527841,-105.1417334,4/30/2021 11:46,11:46,12,0,0,I-25 & 6TH AVE W,1,1,0,0,1,4,0,0,55,0,0,0,0,0,1,2,13
,2021-21063,39.67852354,-105.0017799,4/27/2021 17:37,17:37,1,0,0,EVANS AVE W & LIPAN ST S,11,1,0,1,1,1,0,0,30,0,0,0,0,0,4,3,3
,2021-21064,39.70749353,-104.9128499,4/30/2021 13:37,13:37,15,0,0,500 BLK S MONACO ST & E VIRGINIA STREET,1,1,0,0,1,1,0,0,40,0,0,0,0,0,4,2,13
,2021-21065,39.67935354,-104.9550799,4/29/2021 23:52,23:52,6,0,0,2000 BLK S CLAYTON ST & E EVANS AVE,1,3,0,0,1,4,0,0,,0,0,0,0,0,4,2,16
,2021-21066,39.67855354,-104.9828799,4/29/2021 7:20,7:20,12,0,0,E EVANS AVE & S LOGAN ST,1,1,1,0,1,3,0,0,30,0,0,0,0,0,4,3,13
,2021-21068,39.76386353,-105.0300399,4/30/2021 7:05,7:05,10,0,0,N IRVING ST & W 33RD AVE,1,1,1,0,1,1,0,0,30,0,0,0,0,0,4,2,13
,2021-21070,39.71505353,-104.9406899,4/29/2021 15:45,15:45,12,0,0,LEETSDALE DR & COLORADO BLVD S,1,1,0,0,1,3,0,0,35,0,0,0,0,0,2,2,3
,2021-21071,39.77292353,-105.0252199,4/29/2021 16:54,16:54,12,0,0,FEDERAL BLVD N & 41ST AVE W,1,1,0,0,1,4,0,0,35,0,0,0,0,0,2,2,13
,2021-21072,39.70913354,-104.9823499,4/12/2021 19:21,19:21,6,0,0,LOGAN ST S & DAKOTA AVE E,1,2,0,0,1,4,0,0,30,0,0,0,0,0,4,3,1
,2021-21073,39.75937353,-105.0054699,4/29/2021 15:55,15:55,15,0,0,PLATTE ST & 1700 BLK,1,1,0,0,1,4,0,0,30,0,0,0,0,0,4,2,7
,2021-21076,39.76202353,-105.0169999,4/30/2021 13:27,13:27,10,0,0,32ND AVE W & 2400 BLK W,1,1,0,0,1,4,0,0,30,0,0,0,0,0,4,2,7
,2021-21077,39.73508353,-104.9407594,4/29/2021 23:59,23:59,1,0,0,COLORADO BLVD N & 12TH AVE (RD E),1,3,0,0,1,1,0,0,35,0,0,0,0,1,2,2,5
,2021-21079,39.73999753,-104.9718634,4/18/2021 23:07,23:07,6,0,0,COLFAX AVE E & MARION ST N,1,3,0,0,1,4,0,0,30,0,0,0,0,0,2,3,3
,2021-21080,39.72095353,-104.9406899,4/29/2021 14:28,14:28,1,0,0,COLORADO BLVD N & 3RD AVE E,1,1,0,0,1,1,0,0,35,0,0,0,0,0,2,2,3
,2021-21081,39.72775353,-104.9555399,4/29/2021 20:00,20:00,6,0,0,CLAYTON ST & 700 BLK N,1,2,0,0,1,4,0,0,25,0,0,0,0,0,4,2,13
,2021-21084,39.74191353,-105.0508899,4/30/2021 10:13,10:13,3,0,0,16TH AVE W & YATES ST N,1,1,1,0,1,1,0,0,25,0,0,0,0,0,4,2,13
,2021-21085,39.62942354,-104.89519,4/30/2021 6:52,6:52,15,0,0,S ULSTER ST & E UNION ST,1,1,0,0,1,4,0,0,40,0,0,0,0,0,4,2,5
,2021-21086,39.70766354,-105.0286699,4/30/2021 12:38,12:38,6,0,0,3200 BLK W VIRGINIA AVE & S IRVING ST,1,1,0,0,1,4,0,0,25,0,0,0,0,1,4,2,1
,2021-21087,39.70665354,-104.9965899,4/29/2021 12:34,12:34,15,0,0,HWY 85 NB EXIT GORE PT TO & I-25 NB,1,1,0,0,1,8,0,0,45,0,0,0,0,0,2,2,1
,2021-21088,39.82518502,-104.9816053,4/30/2021 11:22,11:22,12,0,0,I-25 NB EXIT GORE PT & 6TH AVE W,1,1,0,0,1,4,0,0,45,0,0,0,0,0,1,2,13
,2021-21089,39.73998353,-104.9628399,4/29/2021 21:00,21:00,15,0,0,COLFAX AVE E & RACE ST N,1,3,0,0,1,4,0,0,30,0,0,0,0,0,2,2,3
,2021-21090,39.79765351,-104.8423099,4/12/2021 8:30,8:30,5,0,0,REVERE ST N & RANDOLPH PL E,1,1,0,0,3,1,0,0,25,0,0,0,0,0,4,1,13
,2021-21092,39.73253353,-105.0251599,4/21/2021 15:05,15:05,10,0,0,FEDERAL BLVD N & 10TH AVE W,1,1,1,0,1,2,0,0,35,0,0,0,0,0,2,2,13
,2021-21093,39.75120353,-105.0252199,4/30/2021 13:35,13:35,15,0,0,FEDERAL BLVD N & 23RD AVE W,1,1,1,0,1,1,0,0,25,0,0,0,0,1,2,2,13
,2021-21094,39.75763353,-104.9862499,4/24/2021 21:15,21:15,8,0,1,LARIMER ST & 2500 BLK,1,3,0,0,1,4,0,0,25,0,0,0,1,2,4,2,1
,2021-21095,39.72935183,-104.9963968,4/29/2021 19:29,19:29,5,0,0,GALAPAGO ST N & 817 N GALAPAGO ST,1,1,0,0,3,5,0,0,,0,0,0,0,0,4,1,16
,2021-21096,39.72568754,-105.0394669,4/29/2021 19:46,19:46,12,0,0,6TH AVE W & PERRY ST N,1,1,0,0,1,4,0,0,55,0,0,0,0,1,2,2,3
,2021-21097,39.71123354,-104.9971264,4/21/2021 16:52,16:52,15,0,0,S SANTA FE DR & W ALAMEDA AVE,9,1,0,2,1,4,0,0,35,0,0,0,0,0,4,2,13
,2021-21098,39.75548353,-104.9910399,4/29/2021 10:52,10:52,12,0,0,22ND ST & MARKET ST,1,1,0,0,1,1,0,0,25,0,0,0,0,0,4,2,14
,2021-21099,39.69673354,-105.0203499,4/29/2021 11:18,11:18,3,0,0,MISSISSIPPI AVE W & CLAY ST S,1,1,0,0,1,1,0,0,25,0,0,0,0,0,4,2,7
,2021-21100,39.77845352,-104.9222799,4/29/2021 18:35,18:35,12,0,0,I-70 & HOLLY ST N,1,1,1,0,1,4,0,0,55,0,0,0,0,0,1,2,7
,2021-21101,39.77893352,-104.9021599,4/29/2021 18:04,18:04,12,0,0,I-70 WB OFF RAMP TO & QUEBEC ST N,1,1,0,0,1,8,0,0,35,0,0,0,0,0,2,2,13
,2021-21102,39.77804052,-104.8471054,4/13/2021 17:04,17:04,12,0,0,N PEORIA ST & E 45TH AVE,1,1,0,0,1,4,0,0,35,0,0,0,0,0,4,2,1
,2021-21103,39.75061353,-105.0193699,4/29/2021 22:30,22:30,6,0,0,RIVER DR W & 2500 BLK,1,3,1,0,1,4,0,0,25,0,0,0,0,0,4,2,16
,2021-21104,39.72541754,-105.0252199,4/22/2021 21:35,21:35,3,0,0,FEDERAL BLVD N & HWY 6 WB OFF RAMP,1,3,0,7,1,1,0,0,35,0,0,0,0,1,2,2,14
,2021-21105,39.80598163,-104.8749495,4/13/2021 17:15,17:15,15,0,0,E 47TH AVE & N DALLAS ST,1,1,0,0,1,3,0,0,30,0,0,0,0,0,4,2,1
,2021-21106,39.63129354,-104.89233,4/29/2021 11:16,11:16,3,0,0,E UNION AVE & S DTC BLVD,1,1,0,0,1,1,0,0,35,0,0,0,0,0,4,2,13
,2021-21107,39.8254735,-104.77188,4/29/2021 20:14,20:14,1,0,0,TOWER RD N & 71ST AVE E,1,3,0,0,1,1,0,0,45,0,0,0,0,0,4,2,13
,2021-21108,39.76568353,-104.9950429,4/21/2021 14:16,14:16,3,0,0,PARK AVE W & N GLOBEVILLE RD,1,1,1,0,1,1,0,0,35,0,0,0,0,0,4,2,13
,2021-21109,39.71658353,-104.9908499,4/19/2021 14:30,14:30,6,0,0,BANNOCK ST N & ELLSWORTH AVE W,1,1,0,0,1,3,0,0,25,0,0,0,0,0,4,3,16
,2021-21111,39.70930354,-105.0238599,4/25/2021 19:47,19:47,3,0,1,ELIOT ST S & DAKOTA AVE W,1,1,0,0,1,1,0,0,25,0,0,0,1,3,4,0,13
,2021-21113,39.68209354,-104.9651999,3/9/2021 16:45,16:45,6,0,0,S HIGH ST & E JEWELL AVE,1,1,0,0,1,1,0,0,,0,0,0,0,0,4,2,7
,2021-21114,39.77441711,-104.90316,4/30/2021 5:58,5:58,10,0,0,SMITH ROAD & FOREST,1,1,0,0,1,3,0,0,35,0,0,0,0,0,4,2,13
,2021-21115,39.68207353,-104.9128799,4/29/2021 16:35,16:35,10,0,0,E JEWELL AVE & S MONACO ST,1,1,0,0,1,3,0,0,25,0,0,0,0,0,4,2,3
,2021-21119,39.75601353,-105.0251399,4/19/2021 2:38,2:38,9,0,0,FEDERAL BLVD N & 27TH AVE W,1,3,0,0,3,1,0,0,35,0,0,0,0,0,2,1,5
,2021-21120,39.77421353,-104.9948299,4/18/2021 10:55,10:55,3,0,0,N FOX ST & W 42ND AVE,1,1,0,0,1,1,0,0,25,0,0,0,0,1,4,2,7
,2021-21121,39.78112353,-104.9886399,4/18/2021 7:15,7:15,5,0,1,I-70 WB ENT RAMP & I-25 NB,4,1,1,0,2,8,0,0,45,0,0,0,0,1,1,2,14
,2021-21122,39.72890353,-104.9985999,4/16/2021 17:01,17:01,8,0,0,W 8TH AVE & N SANTA FE DR,1,1,0,0,1,1,0,0,35,0,0,0,0,0,4,2,3
,2021-21123,39.69850354,-105.0437299,4/21/2021 18:24,18:24,1,0,0,TENNYSON ST S & KENTUCKY AVE W,11,1,0,0,1,4,0,0,25,0,0,0,0,0,4,2,1
,2021-21124,39.70849354,-105.0250799,4/17/2021 13:01,13:01,12,0,0,FEDERAL BLVD S & VIRGINIA AVE W,1,1,0,0,1,4,0,0,35,0,0,0,0,0,2,2,13
,2021-21125,39.71770353,-104.9036899,4/21/2021 10:45,10:45,12,0,0,50 BLK N QUEBEC ST & LOWRY BLVD,1,1,0,0,1,3,0,0,30,0,0,0,0,0,4,2,3
,2021-21126,39.65311354,-104.9030199,4/21/2021 18:12,18:12,15,0,0,HAMPDEN AVE E & 7500 BLK E,11,2,0,2,1,3,0,0,,0,0,0,0,0,2,2,16
,2021-21127,39.79483351,-104.76272,3/31/2021 12:00,12:00,3,0,0,N DUNKIRK ST & E MAXWELL PL,1,1,0,0,1,1,0,0,30,0,0,0,0,0,4,2,13
,2021-21128,39.78381353,-105.0111899,4/20/2021 23:40,23:40,5,0,0,W 48TH AVE & N TEJON ST,1,3,0,0,3,3,0,0,25,0,0,0,0,0,4,1,9
,2021-21129,39.76114124,-105.0069071,4/18/2021 12:00,12:00,6,0,0,1800 BLK LITTLE RAVEN & 19TH ST,1,1,0,0,1,4,0,0,25,0,0,0,0,0,4,2,14
,2021-21130,39.78622083,-104.9002277,5/12/2021 21:50,21:50,3,0,0,ILIFF AVE & QUEBEC ST,1,3,0,0,1,1,0,0,35,0,0,0,0,0,4,2,16
,2021-21132,39.74004353,-104.9835699,4/21/2021 8:58,8:58,2,0,0,COLFAX AVE E & GRANT ST N,1,1,0,0,1,1,0,0,30,1,0,0,0,1,2,2,14
,2021-21134,39.71302094,-104.9914069,3/15/2021 20:59,20:59,6,0,0,2800 BLK W CEDAR AVE & S DACATUR ST,7,4,0,0,1,4,0,0,25,0,0,0,0,0,4,2,5