id,drcog_id,latitude,longitude,crashtime,time,crashtype,numbkilled,numbinjurd,drcoglocat,rdconditin,lightngcon,roadcntgrd,weatherco,location,roaddescrp,schoolzone,constrzone,splimit,bikeinv,pedinv,sctrinv,motoinv,svrty,rdsystem,ttlvehcls,hcf
,2021-21135,39.77631352,-104.9405099,3/15/2021 23:45,23:45,5,0,1,COLORADO BLVD N & 4200 BLK N,4,3,1,0,2,4,0,1,40,0,0,0,0,2,2,2,1
,2021-21136,39.74290353,-104.9916399,3/10/2021 17:10,17:10,12,0,0,15TH ST & GLENARM PL,1,3,0,0,1,3,0,0,25,0,0,0,0,1,4,2,1
,2021-21137,39.72599954,-105.0496267,3/10/2021 17:16,17:16,12,0,1,HWY 6 WB OFF RAMP TO & HWY 95,1,2,1,0,1,8,0,0,45,0,0,0,0,1,2,2,3
,2021-21140,39.73203353,-104.9861199,4/19/2021 14:10,14:10,10,0,0,10TH AVE E & LINCOLN ST N,11,1,1,1,1,1,0,0,30,0,0,0,0,1,4,2,8
,2021-21141,39.70198382,-104.9862478,5/8/2021 1:13,1:13,5,1,3,LINCOLN ST (700 BLK S) & E OHIO AVE,1,3,0,0,2,4,0,0,35,0,0,0,0,4,4,1,1
,2021-21142,39.69650353,-104.8752999,4/21/2021 10:00,10:00,3,0,0,MISSISSIPPI AVE E & DAYTON ST S,1,1,0,0,1,1,0,0,40,0,0,0,0,1,4,3,14
,2021-21143,39.73869353,-104.9034599,4/18/2021 10:11,10:11,3,0,0,E 14TH AVE & N QUEBEC ST,1,1,0,0,1,1,0,0,30,0,0,0,0,1,4,3,5
,2021-21144,39.74014352,-104.9028799,4/16/2021 16:15,16:15,15,0,0,COLFAX AVE E & QUEBEC ST N,1,1,0,0,1,4,0,0,35,0,0,0,0,0,2,3,7
,2021-21145,39.71780353,-104.9407774,4/21/2021 15:48,15:48,12,0,0,N COLORADO BLD & E 1ST AVE,11,1,0,2,1,4,0,0,30,0,0,0,0,1,2,3,13
,2021-21146,39.69911354,-105.0137799,4/18/2021 9:53,9:53,6,0,0,900 BLK S VALLEJO ST & W KENTUCKY AVE,1,1,0,0,1,4,0,0,25,0,0,0,0,0,4,4,14
,2021-21147,39.73203353,-104.9861199,4/16/2021 15:45,15:45,12,0,0,N LINCOLN ST & E 10TH AVE,1,1,0,0,1,1,0,0,35,0,0,0,0,0,4,3,1
,2021-21148,39.73105353,-104.9339699,4/13/2021 12:00,12:00,6,0,0,N CHERRY ST & E 9TH AVE,1,1,0,0,1,4,0,0,,0,0,0,0,0,4,6,5
,2021-21149,39.68840353,-104.9406299,4/21/2021 11:53,11:53,12,0,0,COLORADO BLVD S & IOWA AVE E,1,1,1,0,1,4,0,0,35,0,0,0,0,0,2,3,3
,2021-21150,39.68585354,-105.0297699,1/16/2021 18:11,18:11,10,0,0,S IRVING ST & W MEXICO AVE,1,2,1,0,1,1,0,0,25,0,0,0,0,1,4,2,13
,2021-21151,39.78363353,-105.0439299,5/7/2021 6:01,6:01,5,1,0,I-70 & MM 271,1,2,1,0,2,4,0,0,55,0,0,0,1,4,1,2,1
,2021-21152,39.74014353,-104.9465299,4/14/2021 17:29,17:29,6,0,0,COLFAX AVE E & MADISON ST N,1,1,0,0,1,4,0,0,30,0,0,0,0,0,2,3,3
,2021-21153,39.74081353,-104.9647499,4/20/2021 13:00,13:00,6,0,0,HIGH ST N & 1500 BLK,1,1,0,0,1,4,0,0,25,0,0,0,0,0,4,3,16
,2021-21155,39.76115353,-105.0047599,4/16/2021 14:17,14:17,12,0,0,I-25 & 20TH ST,1,1,0,0,1,4,0,0,55,0,0,0,0,0,1,4,13
,2021-21156,39.69511353,-104.9222999,4/21/2021 17:35,17:35,12,0,0,S HOLLY ST & E MINNESOTA DR,9,1,0,2,1,3,0,0,25,0,0,0,0,0,4,4,3
,2021-21157,39.77415353,-105.0008699,4/19/2021 12:51,12:51,6,0,0,42ND AVE W & KALAMATH ST N,1,1,1,0,1,4,0,0,25,0,0,0,0,0,4,3,16
,2021-21158,39.78974351,-104.76388,4/28/2021 16:00,16:00,3,0,1,CEYLON ST N & DUNKIRK WY N,1,1,0,0,1,1,0,0,25,0,0,0,0,0,4,1,13
,2021-21159,39.72919353,-105.0015799,4/28/2021 14:46,14:46,6,0,0,800 BLK N LIPAN ST & W 9TH AVE,1,1,0,0,1,4,0,0,25,0,0,0,0,1,4,2,10
,2021-21160,39.70755354,-105.0014999,5/3/2021 7:43,7:43,3,0,0,W VIRGINIA AVE & S LIPAN ST,11,1,0,1,1,1,0,0,25,0,0,0,0,0,4,2,13
,2021-21162,39.74010353,-104.9980699,4/28/2021 14:54,14:54,10,0,0,N SPEER BLVD & W COLFAX AVE,1,1,0,0,1,1,0,0,30,0,0,0,0,0,2,2,13
,2021-21163,39.76962352,-104.8470199,4/28/2021 14:15,14:15,12,0,0,E 38TH AVE & N PEORIA ST,1,1,0,0,1,1,0,0,35,0,0,0,0,0,4,2,13
,2021-21164,39.65307354,-104.9184399,4/22/2021 8:43,8:43,12,0,0,I-25 & HAMPDEN AVE E,1,1,0,0,1,4,0,0,65,0,0,0,0,1,1,3,7
,2021-21165,39.68293354,-104.9405399,4/21/2021 15:12,15:12,12,0,0,I-25 & COLORADO BLVD S,11,1,0,2,1,4,0,0,55,0,0,0,0,0,1,2,1
,2021-21166,39.73209353,-105.0034499,4/28/2021 12:32,12:32,15,0,0,1200 BLK W 10TH AVE & N MARIPOSA ST,1,1,0,0,1,4,0,0,25,0,0,0,0,0,4,2,13
,2021-21167,39.74007353,-104.9952599,4/28/2021 17:13,17:13,12,0,0,COLFAX AVE W & GLENARM PL,1,1,0,0,1,1,0,0,30,0,0,0,0,1,2,2,13
,2021-21168,39.74326353,-104.9823299,4/28/2021 14:10,14:10,3,0,0,E 17TH AVE & N LOGAN ST,1,1,0,0,1,1,0,0,25,0,0,0,0,1,4,2,14
,2021-21169,39.74394353,-105.0345999,4/6/2021 22:21,22:21,3,0,0,W 17TH AVE & N LOWELL BLVD,1,3,0,0,1,1,0,0,25,0,0,0,0,0,4,2,1
,2021-21170,39.67728354,-105.0572399,4/28/2021 18:08,18:08,2,0,0,DEPEW ST S & GREEN MEADOWS DR W,1,1,0,0,1,2,0,0,0,1,0,0,0,1,4,2,16
,2021-21171,39.77107452,-104.8464169,4/25/2021 13:47,13:47,12,0,0,N PEORIA ST & E 39TH AVE,1,1,0,0,1,4,0,0,40,0,0,0,0,0,4,3,13
,2021-21172,39.79837151,-104.772212,4/22/2021 17:51,17:51,12,0,0,N TOWER RD & E 56TH ST,1,1,0,0,1,4,0,0,45,0,0,0,0,0,4,3,13
,2021-21173,39.65789198,-105.0532175,4/18/2021 8:00,8:00,14,0,2,SHERIDAN BLVD S & COLUMBIA PL W,1,1,0,0,1,4,0,0,35,0,0,0,0,3,2,3,16
,2021-21174,39.72931353,-105.0148199,4/28/2021 18:06,18:06,12,0,0,I-25 & 8TH AVE W,1,1,1,0,1,4,0,0,55,0,0,0,0,0,1,2,7
,2021-21176,39.74967353,-104.9968099,4/22/2021 10:55,10:55,6,0,0,1600 BLK LARIMER ST & 16TH ST,1,1,0,0,1,4,0,0,25,0,0,0,0,0,4,2,7
,2021-21177,39.78383353,-105.0064299,4/22/2021 10:51,10:51,12,0,0,PECOS ST N & 48TH AVE W,1,1,1,0,1,6,0,0,20,0,0,0,0,0,1,2,13
,2021-21178,39.78363089,-104.9023694,4/17/2021 9:41,9:41,12,0,0,N QUEBEC ST & SAND CREEK RD,1,1,0,0,1,4,0,0,35,0,0,0,0,0,2,2,13
,2021-21179,39.76567353,-104.9949399,4/9/2021 16:33,16:33,1,0,1,PARK AVE W & N GLOBEVILLE RD,1,1,0,0,1,1,0,0,35,0,0,0,0,3,4,3,16
,2021-21181,39.75259039,-104.9848982,5/5/2021 13:05,13:05,15,0,0,I-25 & PARK AVE W,1,1,0,0,1,4,0,0,65,0,0,0,0,0,1,2,8
,2021-21183,39.87088912,-104.7149793,5/5/2021 2:45,2:45,5,0,0,GUN CLUB RD & 78TH AVE,1,3,0,0,6,1,0,0,35,0,0,0,0,0,4,1,1
,2021-21186,39.78346312,-105.0112166,5/7/2021 17:38,17:38,12,0,0,I-70 EB & HAVANA ST N,1,1,1,0,1,4,0,0,65,0,0,0,0,0,1,2,7
,2021-21187,39.71567353,-104.9874999,5/7/2021 16:14,16:14,12,0,0,10 BLK S BROADWAY ST & E ELLSWORTH AVE,1,1,0,0,1,4,0,0,30,0,0,0,0,0,4,2,14
,2021-21188,39.71109289,-105.0691329,5/7/2021 15:23,15:23,12,0,0,I-25 & ALAMEDA AVE W,1,1,1,0,1,4,0,0,55,0,0,0,0,0,1,2,7
,2021-21190,39.62378354,-104.9016999,5/7/2021 19:28,19:28,12,0,0,I-25 & BELLEVIEW AVE E,1,2,0,0,1,4,0,0,65,0,0,0,0,1,1,2,13
,2021-21191,39.78025353,-105.0251799,4/20/2021 14:55,14:55,1,0,0,FEDERAL BLVD N & 46TH AVE W,1,1,0,0,1,1,0,0,35,0,0,0,0,0,2,2,13
,2021-21192,39.69295453,-104.9500339,5/7/2021 9:49,9:49,3,0,0,LOUISIANA AVE E & STEELE ST S,1,1,0,0,1,1,0,0,25,0,0,0,0,0,4,2,14
,2021-21193,39.75211353,-104.9782599,5/6/2021 23:00,23:00,5,0,0,TREMONT PL & 2500 BLK,1,4,0,0,3,5,0,0,10,0,0,0,0,0,4,1,16
,2021-21195,39.68950354,-105.0161599,5/7/2021 6:00,6:00,12,0,0,FLORIDA AVE & 2400 BLK W,1,1,1,0,1,3,0,0,30,0,0,0,0,0,4,2,3
,2021-21196,39.70665354,-104.9965899,5/6/2021 16:08,16:08,12,0,0,I-25 & SANTA FE DR S,1,1,1,0,1,4,0,0,55,0,0,0,0,0,1,2,7
,2021-21197,39.78533352,-104.8992899,4/13/2021 3:06,3:06,8,0,2,QUEBEC ST & 4800 BLOCK N,1,4,1,0,1,4,0,0,45,0,0,0,0,3,4,2,14
,2021-21198,39.71819353,-104.9732199,5/6/2021 18:36,18:36,3,0,0,E 1ST AVE & N DOWNING ST,1,2,0,0,1,1,0,0,30,0,0,0,0,0,4,2,13
,2021-21199,39.71801353,-104.9511799,5/7/2021 13:52,13:52,12,0,0,3000 BLK E 1ST AVE & N MILWAUKEE ST,1,1,0,0,1,4,0,0,30,0,0,0,0,0,4,2,13
,2021-21200,39.72541754,-105.0252199,5/7/2021 10:27,10:27,3,0,0,FEDERAL BLVD N & HWY 6 WB OFF RAMP,1,1,0,0,1,1,0,0,30,0,0,0,0,0,2,2,13
,2021-21201,39.82459284,-104.6751347,5/7/2021 14:20,14:20,10,0,0,24100 BLK N JACKSON GAP WAY & E 71ST AVE,1,1,0,0,1,1,0,0,25,0,0,0,0,0,4,2,1
,2021-21202,39.71134153,-104.9035399,5/7/2021 19:12,19:12,3,0,0,S QUEBEC ST & E ALAMEDA AVE,1,1,0,0,1,1,0,0,35,0,0,0,0,0,4,2,3
,2021-21203,39.68930954,-104.9407324,5/7/2021 17:02,17:02,12,0,0,S COLORADO BLVD & E FLORIDA AVE,1,1,0,0,1,1,0,0,35,0,0,0,0,0,2,2,13
,2021-21204,39.84474349,-104.6679,4/19/2021 6:33,6:33,15,0,0,8200 PENA BLVD INBOUND & DOOR #601,1,1,0,0,1,4,0,0,45,0,0,0,0,0,4,2,1
,2021-21205,39.74005883,-104.9793015,5/7/2021 7:16,7:16,12,0,0,COLFAX AVE E & COLORADO BLVD N,1,2,0,0,1,1,0,0,30,0,0,0,0,0,2,2,13
,2021-21206,39.69773075,-104.9408195,5/7/2021 11:48,11:48,12,0,0,I-25 & COLORADO BLVD S,1,1,0,0,1,4,0,0,55,0,0,0,0,0,1,2,13
,2021-21207,39.67211354,-104.9593799,5/3/2021 17:36,17:36,12,0,0,2400 BLK S UNIVERSITY BLVD & E WESLEY AVE,11,1,1,1,1,4,0,0,35,0,0,0,0,0,4,2,16
,2021-21208,39.72568754,-105.0394669,5/7/2021 13:55,13:55,15,0,2,6TH AVE W & PERRY ST N,1,1,1,0,1,4,0,0,55,0,0,0,0,2,2,2,16
,2021-21209,39.69565353,-104.9406099,5/7/2021 13:08,13:08,1,0,0,COLORADO BLVD S & ARIZONA AVE W,1,1,1,0,1,2,0,0,35,0,0,0,0,0,2,2,13
,2021-21210,39.76520352,-104.8992499,5/1/2021 10:54,10:54,5,0,0,35TH AVE E & SYRACUSE ST,1,1,0,0,3,4,0,0,35,0,0,0,0,1,4,1,1
,2021-21211,39.71106552,-104.9827219,5/7/2021 16:01,16:01,12,0,0,I-25 & LOGAN ST S,1,1,1,0,1,4,0,0,65,0,0,0,0,0,1,2,13
,2021-21212,39.74043353,-105.0139599,5/7/2021 14:48,14:48,12,0,0,I-25 & COLFAX AVE W,1,1,0,0,1,4,0,0,55,0,0,0,0,0,1,2,13
,2021-21213,39.74035353,-105.0252099,5/6/2021 23:43,23:43,5,0,0,HWY 40 EB ON RAMP FROM & FEDERAL BLVD (NB),1,3,0,0,2,8,0,0,30,0,0,0,0,1,2,1,7
,2021-21214,39.71120354,-104.9988999,4/8/2021 12:53,12:53,12,0,0,I-25 & ALAMEDA AVE W,1,1,0,0,1,4,0,0,55,0,0,0,0,0,1,2,3
,2021-21215,39.77582352,-104.8657299,5/7/2021 5:20,5:20,15,0,0,I-70 WB & HAVANA ST N,1,1,0,0,1,4,0,0,55,0,0,0,0,0,1,2,3
,2021-21216,39.75241352,-104.9207799,5/6/2021 22:30,22:30,6,0,0,IVANHOE ST N & 2370 N IVANHOE ST,1,4,0,0,1,4,0,0,25,0,0,0,0,0,4,2,5
,2021-21217,39.70041354,-105.0226799,5/6/2021 23:20,23:20,10,0,0,W KENTUCKY AVE & S DECATUR ST,1,3,0,0,1,1,0,0,25,0,0,0,0,0,4,2,7
,2021-21218,39.8340925,-104.7719825,5/2/2021 16:21,16:21,5,0,0,PENA BLVD & TOWER RD,1,1,0,0,1,4,0,0,65,0,0,0,0,0,4,2,1
,2021-21219,39.75365353,-104.9934099,5/7/2021 14:39,14:39,10,0,0,20TH ST & MARKET ST,1,1,0,0,1,3,0,0,30,0,0,0,0,0,4,2,8
,2021-21220,39.74757353,-105.0252199,5/7/2021 6:00,6:00,5,0,0,FEDERAL BLVD N & 20TH AVE W,1,1,0,0,3,1,0,0,30,0,0,0,0,0,2,2,1
,2021-21221,39.84979749,-104.6738195,5/6/2021 23:35,23:35,16,0,0,PENA BLVD & 8400 BLK,1,3,0,0,5,4,0,0,45,0,0,0,0,0,3,2,7
,2021-21222,39.74014353,-104.9138499,5/6/2021 18:55,18:55,12,0,0,COLFAX AVE E & MAGNOLIA ST N,1,5,0,1,1,1,0,0,35,0,0,0,0,0,2,2,7
,2021-21223,39.8334335,-104.6773,5/7/2021 8:24,8:24,12,0,0,26200 PENA BLVD INBOUND & MM 10,1,1,1,0,1,4,0,0,45,0,0,0,0,0,4,2,7
,2021-21224,39.76568353,-104.9950429,5/6/2021 9:40,9:40,1,0,0,PARK AVE W & N GLOBEVILLE RD,1,1,0,0,1,1,0,0,35,0,0,0,0,0,4,2,14
,2021-21225,39.78438353,-105.0251799,5/2/2021 23:14,23:14,5,0,0,I-70 WB ENT GORE PT FROM & FEDERAL BLVD N,11,3,1,1,3,4,0,0,55,0,0,0,0,0,1,1,16
,2021-21226,39.73334354,-105.0535599,5/3/2021 13:52,13:52,6,0,0,SHERIDAN BLVD & 1015 N,1,1,1,1,5,7,0,0,,0,0,0,0,0,3,2,16
,2021-21227,39.71115353,-104.9875699,5/6/2021 22:16,22:16,1,0,1,ALAMEDA AVE E & BROADWAY ST S,1,3,0,0,1,1,0,0,35,0,0,0,1,3,4,2,13
,2021-21228,39.76094353,-105.0043199,5/7/2021 11:26,11:26,12,0,0,20TH ST & I-25 NB ON RAMP,1,1,0,0,1,1,0,0,35,0,0,0,0,0,1,2,13
,2021-21230,39.65311354,-104.9030199,5/6/2021 19:29,19:29,1,0,0,HAMPDEN AVE E & POPLAR ST S,1,2,0,0,1,2,0,0,40,0,0,0,0,0,2,2,13
,2021-21231,39.77967353,-104.9791499,5/7/2021 12:54,12:54,12,0,0,I-70 & WASHINGTON ST N,1,1,0,0,1,4,0,0,55,0,0,0,0,1,1,2,1
,2021-21232,39.70729353,-104.9222499,5/7/2021 6:02,6:02,12,0,0,LEETSDALE DR & S HOLLY ST,1,1,0,0,1,3,0,0,35,0,0,0,0,1,2,2,16
,2021-21233,39.75446353,-104.9609799,5/7/2021 20:38,20:38,6,0,0,26TH AVE E & GAYLORD ST N,1,3,1,0,3,4,0,0,30,0,0,0,0,0,4,2,5
,2021-21234,39.70642354,-104.9967799,5/6/2021 15:48,15:48,12,0,0,I-25 & SANTA FE DR S,1,1,0,0,1,4,0,0,55,0,0,0,1,1,1,2,13
,2021-21235,39.74001353,-104.9747799,5/8/2021 16:15,16:15,12,0,0,COLFAX AVE E & OGDEN ST N,1,1,0,0,1,1,0,0,30,0,0,0,0,0,2,2,13
,2021-21236,39.72332353,-104.9985699,5/8/2021 3:26,3:26,6,0,0,400 BLOCK N SANTA FEE DR & W 5TH AVE,1,3,0,0,1,4,0,0,45,0,0,0,0,0,4,2,3
,2021-21237,39.71115253,-104.9899984,5/7/2021 17:16,17:16,1,0,0,ALAMEDA AVE E & BANNOCK ST S,1,1,0,0,1,1,0,0,35,0,0,0,0,0,4,2,13
,2021-21238,39.73832353,-104.9161499,5/8/2021 19:14,19:14,3,0,0,E 14TH AVE & N KRAMERIA ST,1,1,0,0,1,1,0,0,30,0,0,0,0,0,4,2,13
,2021-21239,39.69646354,-105.0527499,5/5/2021 18:00,18:00,6,0,0,SHERIDAN BLVD & 1104 S PRIVATE PARKING LOT,1,1,0,0,5,7,0,0,10,0,0,0,0,0,3,2,13
,2021-21240,39.75365353,-104.9934099,5/6/2021 17:29,17:29,1,0,0,20TH ST & MARKET ST,1,1,0,0,1,1,0,0,30,0,0,0,0,0,4,2,8
,2021-21241,39.78588351,-104.7721,5/7/2021 0:33,0:33,12,0,0,4800 BLK N TOWER RD & E GREEN VALLEY RANCH BLVD,1,3,1,0,1,4,0,0,45,0,0,0,0,0,4,2,1
,2021-21242,39.72827354,-105.0438599,5/8/2021 1:05,1:05,6,0,0,N TENNYSON ST & W 7TH AVE,1,3,0,0,1,4,0,0,30,0,0,0,0,0,4,2,2
,2021-21243,39.65846986,-104.9206583,5/7/2021 2:13,2:13,12,0,0,I-25 & MM 202,1,3,0,0,1,4,0,0,65,0,0,0,0,0,1,2,13
,2021-21244,39.71129353,-104.9128499,5/4/2021 15:45,15:45,12,0,0,6500 E ALAMEDA AVE & S MONACO  ST,1,1,0,0,1,3,0,0,35,0,0,0,0,0,4,2,3
,2021-21245,39.73828353,-104.9338399,5/8/2021 15:55,15:55,3,0,0,E 14TH AVE & N CHERRY ST,1,1,0,0,1,1,0,0,20,0,0,0,0,0,4,2,13
,2021-21246,39.74890353,-104.9873799,5/5/2021 10:12,10:12,10,0,0,600 BLK 20TH ST & 20TH ST,1,1,2,0,1,1,0,0,35,0,0,0,0,0,4,2,8
,2021-21247,39.78026353,-104.9895499,5/8/2021 16:06,16:06,12,0,0,I-70 WB OFF RAMP LOOP TO & I-25 SB,1,1,0,0,1,8,0,0,55,0,0,0,0,0,1,2,13
,2021-21248,39.69675354,-105.0156799,5/2/2021 0:00,0:00,1,0,0,W MISSISSIPPI AVE & S ZUNI ST,1,3,1,0,1,1,0,0,30,0,0,0,0,0,4,2,13
,2021-21249,39.77713352,-104.8829699,5/3/2021 11:45,11:45,3,0,0,CENTRAL PARK BLVD N & I-70 EB OFF RAMP,11,1,1,1,1,1,0,0,40,0,0,0,0,0,4,2,3
,2021-21250,39.72907353,-104.9729299,5/1/2021 21:46,21:46,12,0,0,E 8TH AVE & N DOWNING ST,1,4,0,0,1,4,0,0,30,0,0,0,0,0,4,2,13
,2021-21251,39.78345662,-105.0554393,5/3/2021 19:00,19:00,5,0,0,I-70 & MM 270.50,11,2,0,1,2,4,0,0,65,0,0,0,0,0,1,1,7
,2021-21252,39.72906353,-104.9848599,5/8/2021 7:37,7:37,3,0,0,N SHERMAN ST & E 8TH AVE,1,1,0,0,1,1,0,0,30,0,0,0,0,0,4,2,7
,2021-21253,39.77979351,-104.8230499,5/8/2021 15:25,15:25,6,0,0,14500 BLK E 47TH AVE & N DULUTH CT,1,1,0,0,1,4,0,0,25,0,0,0,0,0,4,2,16
,2021-21254,39.67408353,-104.8752999,5/7/2021 13:25,13:25,6,0,0,2300 BLK S DAYTON WAY & E ILIFF AVE,1,1,1,0,1,4,0,0,25,0,0,0,0,0,4,2,3
,2021-21255,39.78367353,-105.0532299,5/6/2021 11:08,11:08,9,0,1,I-70 WB OFF RAMP ENT GORE PT TO & SHERIDAN BLVD N,1,1,0,0,1,8,0,0,55,0,0,0,0,2,1,2,10
,2021-21256,39.67399354,-104.9734399,5/7/2021 21:42,21:42,6,0,0,2300 BLK S DOWNING ST & E WESLEY AVE,1,3,0,0,1,4,0,0,30,0,0,0,0,0,4,2,3
,2021-21257,39.78525352,-104.8824899,5/7/2021 22:17,22:17,3,0,1,NORTHFIELD BLVD E & CENTRAL PARK BLVD N,1,3,0,0,1,1,0,0,35,0,0,0,0,1,4,2,13
,2021-21258,39.72533653,-104.9127829,5/6/2021 3:23,3:23,5,0,1,MONACO ST N & 6TH AVE E,1,3,0,0,3,1,0,0,35,0,0,0,0,2,2,1,7
,2021-21260,39.75128353,-105.0167799,5/8/2021 17:27,17:27,12,0,1,I-25 & 23RD AVE W,1,1,0,0,1,4,0,0,55,0,0,0,1,2,1,2,7
,2021-21261,39.71562353,-104.9826299,5/1/2021 11:31,11:31,12,0,0,800 BLK S LOGAN ST & E OHIO AVE,1,1,0,0,1,3,0,0,30,0,0,0,0,0,4,2,13
,2021-21262,39.77337352,-104.9498099,5/8/2021 19:55,19:55,12,0,0,STEELE ST & 4000 BLK N,1,2,0,0,1,1,0,0,30,0,0,0,0,0,4,2,13
,2021-21264,39.78010353,-104.9895499,5/8/2021 15:44,15:44,12,0,0,I-25 & I-70 EB,1,1,0,0,1,4,0,0,55,0,0,0,1,1,1,2,13
,2021-21292,39.79473352,-104.9880099,6/27/2021 14:55,14:55,12,0,0,I 25 & MM 215,11,1,3,1,1,4,0,0,55,0,0,0,0,0,1,3,1
,2021-21337,39.82720352,-104.9735099,6/28/2021 7:55,7:55,15,0,0,I 270 & E 70TH AVE,1,1,3,0,1,4,0,0,55,0,0,0,0,0,1,2,11
,2021-21389,39.77838252,-104.9683894,5/25/2021 6:15,6:15,5,0,0,44TH AVE E & BRIGHTON BLVD N,1,1,0,0,2,1,0,0,30,0,0,0,0,0,4,1,14
,2021-21390,39.70023353,-104.9127999,6/9/2021 14:04,14:04,12,0,0,900 BLK S MONACO ST & E KENTUCKY AVE,1,1,3,0,1,3,0,0,35,0,0,0,0,1,4,3,1
,2021-21391,39.8254735,-104.77188,6/12/2021 22:00,22:00,1,0,2,E 71ST ST & N TOWER RD,1,3,0,0,1,1,0,0,40,0,0,0,0,2,4,2,16
,2021-21392,39.74395353,-105.0252099,5/22/2021 18:40,18:40,15,0,0,N FEDERAL BLVD & W DICK CONNOR AVE,1,1,0,0,1,1,0,0,35,0,0,0,0,0,2,2,13
,2021-21393,39.66763354,-104.9103399,6/10/2021 8:36,8:36,6,0,0,YALE AVE E & NEWPORT ST S,1,1,0,0,3,4,0,0,30,0,0,0,0,1,4,3,5
,2021-21395,39.73869352,-104.8858199,3/23/2021 10:50,10:50,3,0,0,N XENIA ST & E 14TH AVE,1,1,0,0,1,1,0,0,25,0,0,0,0,1,4,2,5
,2021-21424,39.80178352,-104.9857799,6/30/2021 6:05,6:05,3,0,0,E 58TH AVE & I 25 SB OFF RAMP,1,1,3,0,1,1,0,0,35,0,0,0,0,0,2,2,11
,2021-21512,39.72558391,-105.0264701,5/29/2021 9:12,9:12,12,0,0,I-25 & 6TH AVE W,1,1,0,0,1,4,0,0,65,0,0,0,0,0,1,3,13
,2021-21513,39.65133292,-104.9307963,6/18/2021 0:07,0:07,6,0,0,EDORA ST & 3690 N,1,3,0,0,1,4,0,0,20,0,0,0,0,1,4,3,10
,2021-21514,39.72383353,-104.8841944,5/28/2021 22:24,22:24,5,0,0,E LOWRY BLVD & N YOSEMITE ST,1,4,0,0,2,6,0,0,10,0,0,0,0,0,4,1,3
,2021-21523,39.81249352,-104.9827099,6/25/2021 14:04,14:04,12,0,0,I 25 & MM 215 (APPROX),1,1,3,0,1,4,0,0,,0,0,0,0,0,1,2,16
,2021-21540,39.82611352,-104.9690199,6/24/2021 11:20,11:20,12,0,5,I 270 & MM 0,1,1,3,0,1,4,0,0,55,0,0,0,0,3,1,3,13
,2021-21568,39.71155353,-104.9406999,6/10/2021 8:25,8:25,3,0,1,E ALAMEDA AVE & S COLORADO BLVD,1,1,0,0,1,1,0,0,35,0,0,0,0,2,2,2,10
,2021-21569,39.70930353,-104.9809299,6/23/2021 18:54,18:54,6,0,0,500 BLK E DAKOTA AVE & S PEARL ST,1,1,0,0,1,4,0,0,25,0,0,0,0,0,4,2,13
,2021-21570,39.69662354,-104.9874199,6/23/2021 19:27,19:27,8,0,0,S BROADWAY ST & E MISSISSIPPI AVE,1,1,0,0,1,1,0,0,35,0,0,0,0,0,4,2,3
,2021-21571,39.69474601,-104.9547293,6/23/2021 22:10,22:10,6,0,0,1200 BLK S SHERMAN & E ARIZONA AVE,1,3,0,0,1,4,0,0,25,0,0,0,0,0,4,2,13
,2021-21572,39.71166624,-104.9997731,6/23/2021 22:17,22:17,5,0,0,I-25 SB OFF RAMP TO & ALAMEDA AVE W,1,3,0,0,3,8,0,0,65,0,0,0,0,0,1,1,5
,2021-21573,39.72570353,-104.9985599,6/21/2021 11:50,11:50,6,0,0,SANTA FE DR N & 6TH AVE W,1,1,0,0,1,4,0,0,30,0,0,0,0,0,4,2,13
,2021-21574,39.74898353,-104.9801899,6/14/2021 21:10,21:10,11,1,0,PARK AVE W & COURT PL,1,3,0,0,1,1,0,0,30,0,1,0,0,4,4,1,1
,2021-21575,39.68947354,-105.0421499,6/24/2021 4:58,4:58,5,0,1,FLORIDA AVE W & RALEIGH ST S,1,2,0,0,3,1,0,0,30,0,0,0,0,2,4,2,16
,2021-21576,39.69671354,-105.0065799,6/23/2021 20:25,20:25,15,0,0,MISSISSIPPI AVE W & QUIVAS ST S,1,2,1,0,1,4,0,0,35,0,0,0,0,1,4,2,1
,2021-21577,39.78842738,-104.8911914,6/24/2021 15:42,15:42,1,0,0,50TH AVE E & TOWER RD N,1,1,0,0,1,1,0,0,45,0,0,0,0,0,4,2,16
,2021-21578,39.75964103,-105.0011298,6/23/2021 18:05,18:05,15,0,0,I-25 NB ON RAMP LOOP FROM & 20TH ST,1,1,1,0,1,8,0,0,30,0,0,0,0,0,4,2,1
,2021-21579,39.75022154,-105.1121535,6/23/2021 17:23,17:23,12,0,0,I-25 & 23RD AVE W,1,1,0,0,1,4,0,0,65,0,0,0,0,0,1,2,3
,2021-21580,39.77229353,-104.9745399,6/24/2021 16:06,16:06,15,0,0,38TH ST & WYNKOOP ST,1,1,0,0,1,1,0,0,30,0,0,0,0,0,4,2,7
,2021-21581,39.74919353,-104.9852899,6/18/2021 19:26,19:26,2,0,1,21ST ST & WELTON ST,1,1,0,0,1,1,0,0,0,1,0,0,0,3,4,2,16
,2021-21582,39.73859353,-105.0318799,6/13/2021 10:00,10:00,6,0,0,KNOX CT N & COLFAX AVE W,1,3,0,0,1,4,0,0,30,0,0,0,0,0,4,2,5