id,drcog_id,latitude,longitude,crashtime,time,crashtype,numbkilled,numbinjurd,drcoglocat,rdconditin,lightngcon,roadcntgrd,weatherco,location,roaddescrp,schoolzone,constrzone,splimit,bikeinv,pedinv,sctrinv,motoinv,svrty,rdsystem,ttlvehcls,hcf
,2021-21583,39.75040353,-104.9941199,4/3/2021 21:16,21:16,3,1,3,LAWRENCE ST & 18TH ST,1,3,0,0,1,1,0,0,25,0,1,0,0,4,4,2,5
,2021-21584,39.69295354,-104.9605699,6/24/2021 15:23,15:23,3,0,0,E LOUISIANA AVE & S YORK ST,1,1,0,0,1,1,0,0,25,0,0,0,0,1,4,2,13
,2021-21585,39.72931353,-105.0150399,6/23/2021 7:56,7:56,12,0,0,I-25 & 8TH AVE W,1,1,1,0,1,4,0,0,65,0,0,0,0,0,1,2,1
,2021-21586,39.62047355,-105.0628799,6/1/2021 20:15,20:15,5,0,4,5300 BLK S JAY CIR & S HARLAN WAY,1,3,0,0,3,4,0,0,25,0,0,0,0,3,4,1,14
,2021-21587,39.74015353,-104.9500499,6/24/2021 15:32,15:32,3,0,0,COLFAX AVE E & STEELE ST N,1,1,0,0,1,1,0,0,35,0,0,0,0,0,2,2,13
,2021-21588,39.74035354,-105.0520599,6/24/2021 10:15,10:15,10,0,1,COLFAX AVE W & ZENOBIA ST N,1,1,0,0,1,1,0,0,30,0,0,0,1,2,2,2,3
,2021-21590,39.74244353,-104.9747499,6/24/2021 10:44,10:44,6,0,0,1600 BLK N OGDEN ST & E 16TH AVE,1,1,0,1,1,4,0,0,,0,0,0,0,0,4,2,13
,2021-21591,39.71111353,-104.9592499,6/24/2021 15:13,15:13,1,0,0,S UNIVERSITY BLVD & E ALAMEDA AVE,1,1,1,0,1,1,0,0,35,0,0,0,0,0,4,2,1
,2021-21592,39.75196353,-105.0068399,4/11/2021 22:43,22:43,5,1,1,SPEER BLVD (2000 BLOCK N) & ELITCH CIR,1,3,0,0,3,4,0,0,35,0,0,0,0,4,4,1,16
,2021-21593,39.76761353,-104.9753499,6/23/2021 15:01,15:01,3,0,1,35TH ST & WALNUT ST,1,1,0,0,1,1,0,0,30,0,0,0,0,2,4,2,1
,2021-21594,39.76074353,-104.9597499,6/24/2021 15:53,15:53,3,0,0,E 31ST AVE & N YORK ST,1,1,0,0,1,1,0,0,30,0,0,0,0,1,4,2,8
,2021-21595,39.75071353,-104.9708699,5/30/2021 0:19,0:19,3,0,3,E 23RD AVE & N LAFAYETTE ST,11,3,0,1,1,1,0,0,25,0,0,0,0,3,4,2,1
,2021-21596,39.67844354,-104.9373999,6/24/2021 13:11,13:11,10,0,1,E EVANS AVE & S BELLAIRE ST,1,1,0,1,1,1,0,0,35,0,0,0,0,2,4,2,8
,2021-21597,39.73061353,-104.9918699,6/24/2021 7:37,7:37,6,0,0,1000 BLK N SPEER BLVD & N DELAWARE ST,1,1,0,0,1,4,0,0,30,0,0,0,0,0,4,2,13
,2021-21599,39.76114857,-105.0532414,6/23/2021 7:07,7:07,12,0,0,I-70 & SHERIDAN BLVD N,1,1,0,0,1,4,0,0,65,0,0,0,0,1,4,3,7
,2021-21600,39.73765353,-104.9810799,6/23/2021 9:08,9:08,15,0,0,PENNSYLVANIA ST & 1300 BLK N,1,1,0,0,1,4,0,0,25,0,0,0,0,0,4,2,7
,2021-21601,39.67840354,-104.9612499,6/25/2021 4:22,4:22,6,0,0,2300 BLK E EVANS AVE & S UNIVERSITY BLVD,1,3,0,0,1,4,0,0,35,0,0,0,0,0,4,3,2
,2021-21602,39.77845352,-104.9222799,6/25/2021 8:39,8:39,12,0,0,I-70 WB & HOLLY ST N,1,1,0,0,1,4,0,0,55,0,0,0,0,1,1,4,14
,2021-21603,39.68939354,-104.9874899,6/25/2021 10:31,10:31,12,0,0,E FLORIDA AVE & S BROADWAY ST,1,1,0,0,1,3,0,0,35,0,0,0,0,0,4,3,13
,2021-21605,39.78260803,-104.9985394,6/24/2021 15:22,15:22,12,0,0,I-70 WB & HAVANA ST N,1,1,0,0,1,4,0,0,55,0,0,0,0,0,1,3,7
,2021-21606,39.71138353,-104.9073399,5/3/2021 18:18,18:18,12,0,0,E ALAMEDA AVE & S ONEIDA ST,1,1,0,0,1,4,0,0,35,0,0,0,0,0,4,2,1
,2021-21607,39.75441353,-104.9405999,6/25/2021 19:36,19:36,12,0,1,COLORADO BLVD N & 26TH AVE E,1,2,0,0,1,3,0,0,35,0,0,0,0,2,2,4,14
,2021-21608,39.69670754,-104.9929099,6/26/2021 16:22,16:22,3,0,0,PLATTE RIVER DR S & MISSISSIPPI AVE W,11,1,0,1,1,1,0,0,25,0,0,0,0,1,2,3,13
,2021-21609,39.77400352,-104.8470199,6/25/2021 0:06,0:06,15,0,0,I-70 EB & PEORIA ST N,1,3,0,0,1,4,0,0,55,0,0,0,0,0,1,3,16
,2021-21611,39.71019354,-104.9965099,5/8/2021 16:35,16:35,6,0,0,300 BLOCK S SANTA FE DR & W ALAMEDA AVE,1,1,1,0,1,4,0,0,35,0,0,0,0,0,4,2,16
,2021-21612,39.67855354,-104.9828799,4/29/2021 8:31,8:31,12,0,0,E EVANS AVE & S LOGAN ST,1,1,1,0,1,3,0,0,30,0,0,0,0,0,4,2,14
,2021-21613,39.69650353,-104.8706399,4/6/2021 7:56,7:56,15,0,0,E MISSISSIPPI AVE & S FULTON ST,1,1,0,0,1,4,0,0,35,0,0,0,1,0,4,2,7
,2021-21614,39.78008352,-104.9404999,6/23/2021 6:22,6:22,15,0,0,I-70 WB & COLORADO BLVD N,1,1,0,0,1,4,0,1,65,0,0,0,0,1,1,7,14
,2021-21630,39.80222352,-104.9839099,6/24/2021 6:35,6:35,12,0,0,I 25 & E 58TH AVE,1,1,3,0,1,8,0,0,55,0,0,0,0,0,1,2,13
,2021-21855,39.70665354,-104.9965899,6/28/2021 13:01,13:01,12,0,0,I-25 & SANTA FE DR S,1,1,1,0,1,4,0,0,65,0,0,0,0,0,1,2,3
,2021-21856,39.76942353,-105.0393299,6/25/2021 12:45,12:45,2,0,0,PERRY ST N & 38TH AVE W,1,1,0,0,1,1,0,0,35,1,0,0,0,1,4,2,3
,2021-21857,39.74001353,-104.9753099,6/8/2021 22:59,22:59,11,0,0,COLFAX AVE E & OGDEN ST N,1,3,0,0,1,1,0,0,35,0,1,0,0,1,2,1,1
,2021-21858,39.78772353,-105.0247799,6/25/2021 22:00,22:00,16,0,0,5000 N FEDERAL BLVD & 5000 BLK N,11,3,3,1,5,7,0,0,10,0,0,0,0,0,3,2,16
,2021-21860,39.73687353,-104.9453499,6/3/2021 10:25,10:25,10,0,0,3535 E 13TH AVE & 3535 BLK E,1,1,0,0,1,1,0,0,30,0,0,0,0,0,4,2,13
,2021-21861,39.69286354,-104.9870699,6/16/2021 16:46,16:46,6,0,0,1300 BLK S BROADWAY ST & W LOUISIANA AVE,1,1,0,0,1,4,0,0,35,0,0,0,0,0,4,2,13
,2021-21862,39.75821353,-104.9524199,6/13/2021 0:23,0:23,5,0,0,29TH AVE E & 3000 BLK E,1,4,0,0,3,4,0,0,35,0,0,0,0,0,4,1,14
,2021-21863,39.72908353,-104.9706099,6/9/2021 19:00,19:00,6,0,0,E 8TH AVE & N LAFAYETTE ST,1,1,0,0,1,4,0,0,35,0,0,0,0,0,4,2,7
,2021-21864,39.81461351,-104.77208,6/28/2021 13:08,13:08,3,0,0,TOWER RD N & 65TH AVE E,1,1,0,0,1,1,0,0,45,0,0,0,0,1,4,2,14
,2021-21867,39.71827353,-104.9592099,6/28/2021 2:28,2:28,3,0,1,E 1ST AVE & N UNIVERSITY BLVD,1,3,0,0,1,1,0,0,30,0,0,0,0,2,4,2,1
,2021-21869,39.73828353,-104.9280599,5/14/2021 1:22,1:22,5,0,0,E 14TH AVE & N FAIRFAX ST,1,3,0,0,2,5,0,0,35,0,0,0,0,0,4,1,14
,2021-21870,39.79840751,-104.7872825,6/27/2021 6:53,6:53,12,0,0,OUTBOUND PENA BLVD & 56TH AVE,1,1,1,0,1,4,0,0,65,0,0,0,0,0,4,2,2
,2021-21871,39.77400352,-104.8470199,6/28/2021 11:36,11:36,12,0,0,I-70 & PEORIA ST,1,1,0,0,1,4,0,0,55,0,0,0,0,0,1,2,3
,2021-21872,39.69045354,-104.9928099,6/28/2021 17:38,17:38,16,0,2,411 W FLORIDA AVE & PRIVATE PROPERTY,1,1,0,0,5,7,0,0,15,0,0,0,1,3,3,1,13
,2021-21873,39.73686353,-105.0028099,6/28/2021 8:56,8:56,12,0,0,W 13TH AVE & N MARIPOSA ST,1,1,0,0,1,4,0,0,25,0,0,0,0,0,4,2,16
,2021-21874,39.72568754,-105.0394669,6/28/2021 17:14,17:14,12,0,0,6TH AVE W & PERRY ST N,1,1,0,0,1,4,0,0,55,0,0,0,0,0,2,2,4
,2021-21875,39.77987352,-104.9671599,6/27/2021 1:48,1:48,12,0,0,I-70 EB & BRIGHTON BLVD N,1,4,0,0,1,4,0,0,55,0,0,0,0,1,1,2,14
,2021-21876,39.78379351,-104.8017,6/11/2021 20:37,20:37,3,0,0,KITTREDGE ST N & GVR BLVD E,1,3,0,0,1,1,0,0,35,0,0,0,0,0,4,2,14
,2021-21877,39.75823353,-104.9696499,6/28/2021 18:58,18:58,5,0,0,E 29TH AVE & N HUMBOLDT ST,1,1,0,0,3,4,0,0,25,0,0,0,0,0,4,1,10
,2021-21878,39.65615355,-105.0532099,6/28/2021 16:14,16:14,1,0,0,SHERIDAN BLVD S & DARTMOUTH AVE W,1,1,0,0,1,1,0,0,40,0,0,0,0,0,2,2,3
,2021-21879,39.66740634,-105.2077742,6/26/2021 22:56,22:56,11,0,1,18300 W ALAMEDA PKWY & PRIVATE PROPERTY,1,3,0,0,5,7,0,0,,0,1,0,0,2,3,1,16
,2021-21880,39.72570353,-104.9985599,6/28/2021 14:40,14:40,15,0,0,N SANTA FE DR & W 6TH AVE,1,1,0,0,1,4,0,0,30,0,0,0,0,0,4,2,14
,2021-21881,39.69491354,-105.0250599,6/28/2021 16:16,16:16,12,0,0,FEDERAL BLVD S & ARIZONA AVE W,1,1,0,0,1,1,0,0,40,0,0,0,0,0,2,2,3
,2021-21882,39.76932353,-105.0299599,6/29/2021 16:15,16:15,3,0,0,3700 BLK N IRVING ST & W CLYDE PL,1,1,0,0,1,5,0,0,10,0,0,0,0,0,4,2,8
,2021-21883,39.71624353,-104.9498499,6/26/2021 11:52,11:52,3,0,1,ELLSWORTH AVE E & STEELE ST N,1,1,0,0,1,1,0,0,25,0,0,0,0,2,4,2,13
,2021-21884,39.68840354,-104.9593699,6/28/2021 12:55,12:55,12,0,0,1500 BLK S UNIVERSITY BLVD & 1500 BLK S,1,1,1,0,1,4,0,0,30,0,0,0,0,0,4,2,3
,2021-21885,39.72553353,-105.0131199,6/28/2021 3:05,3:05,15,0,0,6TH AVE W & I-25 NB,1,3,0,0,1,4,0,0,60,0,0,0,0,0,2,2,3
,2021-21886,39.72486353,-104.9558299,6/28/2021 9:53,9:53,15,0,0,500 BLK N CLAYTON ST & 500 BLK N,1,1,1,0,1,4,0,0,25,0,0,0,0,0,4,2,13
,2021-21887,39.72908053,-104.9874064,6/27/2021 19:50,19:50,10,0,0,8TH AVE E & BROADWAY ST N,1,2,0,0,1,1,0,0,30,0,0,0,0,0,4,2,13
,2021-21888,39.69669854,-104.9918704,6/26/2021 14:57,14:57,3,0,0,SANTA FE DR S & MISSISSIPPI AVE W,11,1,0,1,1,1,0,0,30,0,0,0,0,1,2,2,13
,2021-21890,39.78193352,-104.9613299,6/28/2021 2:37,2:37,6,0,0,2200 BLK E 47TH AVE & N JOSEPHINE ST,11,3,0,1,1,4,0,0,25,0,0,0,0,0,4,2,13
,2021-21891,39.69391354,-104.9924799,6/28/2021 7:25,7:25,15,0,0,SANTA FE DR S & LOUISIANA AVE W,1,1,0,0,1,4,0,0,40,0,0,0,0,0,2,2,13
,2021-21892,39.83230305,-104.9834911,6/28/2021 9:04,9:04,15,0,0,I-25 SB EXIT GORE PT TO & 6TH AVE W,1,1,0,0,1,8,0,0,55,0,0,0,0,1,1,2,14
,2021-21893,39.66631897,-105.0250984,6/28/2021 1:43,1:43,15,0,0,6TH AVE W & FEDERAL BLVD S,1,3,0,0,1,4,0,0,55,0,0,0,0,0,1,2,5
,2021-21894,39.73367353,-104.9975899,6/29/2021 12:42,12:42,3,0,0,N INCA ST & W 11TH AVE,1,1,1,0,1,1,0,0,25,0,0,0,0,0,4,2,16
,2021-21895,39.71123354,-104.9971264,6/28/2021 9:59,9:59,15,0,0,S SANTA FE DR & W ALAMEDA AVE,1,1,0,0,1,3,0,0,30,0,0,0,0,0,4,2,13
,2021-21896,39.75603353,-105.0220599,6/28/2021 23:28,23:28,10,0,0,W 27TH AVE & N DECATUR ST,1,3,0,0,1,1,0,0,25,0,0,0,0,0,4,2,13
,2021-21897,39.73838353,-104.9586799,6/29/2021 7:30,7:30,3,0,0,E 14TH AVE & N JOSEPHINE ST,1,1,0,0,1,1,0,0,30,0,0,0,0,0,4,2,14
,2021-21898,39.78010353,-104.9895499,6/28/2021 22:45,22:45,9,0,1,I-70 EB OFF RAMP EXIT GORE PT TO & I-25 SB/NB,1,3,1,0,3,8,0,0,55,0,0,0,0,2,1,1,6
,2021-21899,39.75486353,-105.0158999,6/27/2021 2:24,2:24,5,0,0,W 26TH AVE & N ZUNI ST,1,3,0,0,2,3,0,0,25,0,0,0,0,0,4,1,5
,2021-21900,39.75120353,-105.0252199,6/29/2021 10:16,10:16,3,0,0,FEDERAL BLVD N & 23RD AVE W,1,1,1,0,1,1,0,0,35,0,0,0,0,1,2,2,8
,2021-21901,39.74015353,-104.9023099,6/29/2021 8:45,8:45,1,0,0,E COLFAX AVE & N QUINCE ST,1,1,0,0,1,1,0,0,35,0,0,0,0,0,4,2,7
,2021-21902,39.67858935,-104.9936293,6/29/2021 7:54,7:54,12,0,1,SANTA FE DR S & EVANS AVE,1,1,0,0,1,4,0,0,55,0,0,0,0,3,2,2,3
,2021-21903,39.77420352,-104.8470299,6/29/2021 7:09,7:09,12,0,0,I-70 & PEORIA ST N,1,1,0,0,1,4,0,0,55,0,0,0,0,0,1,2,13
,2021-21904,39.71119754,-105.0251704,6/28/2021 16:52,16:52,12,0,0,W ALAMEDA AVE & S FEDERAL BLVD,1,1,1,1,1,4,0,0,35,0,0,0,0,0,2,2,13
,2021-21905,39.74640353,-105.0014099,6/28/2021 11:39,11:39,12,0,0,N SPEER BLVD & LARIMER ST,1,1,0,0,1,2,0,0,35,0,0,0,0,1,4,2,13
,2021-21950,39.79952353,-105.0337299,7/5/2021 12:38,12:38,15,0,0,I 76 WB ON RAMP & FEDERAL BLVD,1,1,3,0,1,4,0,0,65,0,0,0,0,0,1,2,1
,2021-21954,39.81613352,-104.9843099,7/5/2021 10:12,10:12,5,0,2,I 76 & I 25,1,1,3,0,3,4,0,0,55,0,0,0,0,1,1,2,13
,2021-21980,39.72959353,-104.9339699,5/27/2021 10:36,10:36,6,0,0,CHERRY ST N & 8TH AVE E,1,1,3,0,1,4,0,0,25,0,0,0,0,0,4,4,14
,2021-21986,39.74010353,-104.9988399,5/25/2021 14:15,14:15,12,0,0,1400 BLK N SPEER BLVD & W 14TH AVE,1,1,3,0,1,4,0,0,30,0,0,0,0,0,4,2,13
,2021-21988,39.79683351,-104.74601,5/26/2021 10:15,10:15,12,0,0,N KIRK ST & E ROBINS DR,1,1,3,0,1,3,0,0,25,0,0,0,0,0,4,2,7
,2021-21990,39.76514352,-104.8904699,5/25/2021 4:55,4:55,12,0,0,N CENTRAL PARK BLVD & E 35TH AVE,1,3,3,0,1,1,0,0,35,0,0,0,0,0,4,2,13
,2021-21994,39.75330247,-104.9799717,5/24/2021 15:34,15:34,10,0,0,17TH ST & WELTON ST,1,1,3,0,1,1,0,0,30,0,0,0,0,0,4,2,8
,2021-21995,39.72927353,-104.9127899,5/27/2021 7:14,7:14,2,0,1,8TH AVE E & MONACO ST N,1,3,3,0,1,1,0,0,30,1,0,0,0,2,4,1,11
,2021-22003,39.78198352,-104.9018399,5/26/2021 11:22,11:22,15,0,0,QUEBEC ST N & I-270 WB ON RAMP,1,1,3,0,1,8,0,0,40,0,0,0,0,0,4,2,16
,2021-22019,39.66862354,-104.9412299,6/11/2021 16:54,16:54,12,0,0,COLORADO BLVD S & YALE AVE E,1,1,0,0,1,1,0,0,40,0,0,0,0,0,2,2,13
,2021-22020,39.83379744,-104.7420282,6/24/2021 21:45,21:45,12,0,0,I-70 WB ENT GORE PT FROM & PENA BLVD,1,3,0,0,1,4,0,0,65,0,0,0,0,0,1,2,14
,2021-22021,39.76761353,-104.9753499,6/25/2021 0:40,0:40,6,0,0,WALNUT ST & 35TH ST,1,3,0,0,1,4,0,0,25,0,0,0,0,0,4,2,13
,2021-22022,39.75451353,-104.9800899,6/18/2021 14:57,14:57,1,0,0,26TH ST & CALIFORNIA ST,1,1,0,0,1,1,0,0,30,0,0,0,0,0,4,2,14
,2021-22023,39.68293354,-104.9405399,6/23/2021 12:10,12:10,15,0,0,I-25 SB OFF RAMP TO & COLORADO BLVD S,1,1,0,0,1,8,0,0,60,0,0,0,0,0,1,2,10
,2021-22024,39.77994352,-104.9406599,6/19/2021 4:29,4:29,1,0,2,COLORADO BLVD N & I-70 WB OFF RAMP,1,2,0,0,1,1,0,0,35,0,0,0,0,3,2,2,5
,2021-22025,39.70577125,-104.9936576,6/24/2021 21:57,21:57,6,0,0,500 BLK S PATTON CT & W CENTER AVE,1,3,0,0,1,4,0,0,25,0,0,0,0,1,4,2,5
,2021-22026,39.77496353,-104.9780399,6/25/2021 4:21,4:21,12,0,0,38TH ST & ARKINS CT,1,3,0,0,1,1,0,0,30,0,0,0,0,1,4,2,13
,2021-22027,39.7437871,-105.1188925,6/28/2021 8:30,8:30,15,0,0,I-25 & 17TH AVE W,1,1,0,0,1,4,0,0,65,0,0,0,0,0,1,2,16
,2021-22028,39.73758353,-104.9561799,6/19/2021 3:08,3:08,11,0,1,ELIZABETH ST N & 1300 BLK N,1,4,0,0,1,5,0,0,15,0,1,0,0,3,4,1,5
,2021-22029,39.73204353,-104.9752499,6/24/2021 21:19,21:19,11,0,1,10TH AVE E & OGDEN ST N,1,3,0,0,1,1,0,0,,0,0,1,0,2,4,1,16
,2021-22030,39.72931353,-105.0251499,6/25/2021 19:39,19:39,3,0,0,FEDERAL BLVD N & 8TH AVE W,1,1,0,0,1,1,0,0,35,0,0,0,0,0,2,2,16
,2021-22031,39.69203353,-104.9406299,6/26/2021 10:45,10:45,15,0,0,COLORADO BLVD S & ARKANSAS AVE E,1,1,0,0,1,3,0,0,35,0,0,0,0,0,2,3,1
,2021-22032,39.74009468,-104.9035119,6/25/2021 23:12,23:12,5,0,0,QUEBEC ST & I-70 EB OFF RAMP,11,3,0,1,2,1,0,0,25,0,0,0,0,0,1,1,8
,2021-22033,39.75471352,-104.9128099,6/27/2021 22:16,22:16,12,0,0,N MONACO ST & E 26TH AVE,1,3,0,1,1,1,0,0,30,0,0,0,0,0,4,2,16
,2021-22034,39.72096253,-104.9407774,6/28/2021 12:20,12:20,12,0,0,COLORADO BLVD N & 3RD AVE E,1,1,0,0,1,4,0,0,40,0,0,0,0,0,2,3,13
,2021-22035,39.74020452,-104.8975459,6/17/2021 23:54,23:54,6,0,0,N SPRUCE ST & E COLFAX AVE,1,3,0,0,1,4,0,0,,0,0,0,0,0,4,4,16
,2021-22036,39.65306654,-104.926777,6/26/2021 2:00,2:00,15,0,0,I-25 & HAMPDEN AVE E,11,3,0,1,1,4,0,0,65,0,0,0,0,0,1,2,5
,2021-22037,39.74197352,-104.8916699,5/19/2021 19:42,19:42,3,0,0,N VALENTIA ST & E 16TH AVE,1,1,0,0,1,1,0,0,25,0,0,0,0,0,4,3,7
,2021-22038,39.73233353,-104.9304499,6/26/2021 15:21,15:21,3,0,1,E HALE PKWY & N EUDORA ST,11,1,0,1,1,1,0,0,35,0,0,0,0,2,4,2,14
,2021-22039,39.63676533,-104.8908321,5/15/2021 22:09,22:09,12,0,0,I-70 EB EXIT GORE PT TO & I-225 SB,1,3,1,0,1,4,0,0,65,0,0,0,0,0,2,3,13
,2021-22040,39.78053352,-104.8423999,6/25/2021 16:55,16:55,16,0,0,12880 E ALBROOK DR & 12880 BLK E,11,1,0,1,5,7,0,0,,0,0,0,0,1,3,2,16
,2021-22041,39.75717353,-105.0102099,6/27/2021 12:05,12:05,12,0,0,I-25 & 15TH ST,1,1,0,0,1,4,0,0,55,0,0,0,0,0,1,3,7
,2021-22042,39.64962355,-105.0402999,6/23/2021 18:00,18:00,6,0,0,KENYON AVE W & KENYON AVE W,1,1,0,0,1,4,0,0,10,0,0,0,0,0,4,2,14
,2021-22043,39.73999353,-104.9647599,6/25/2021 13:10,13:10,3,0,1,COLFAX AVE E & HIGH ST N,1,1,0,0,1,1,0,0,,0,0,0,0,2,1,2,13
,2021-22045,39.70145354,-104.9875199,6/26/2021 0:55,0:55,12,0,0,BROADWAY ST S & I-25 SB ON RAMP,11,3,0,1,1,1,0,0,35,0,0,0,0,0,4,2,13
,2021-22046,39.74013353,-104.9441499,6/24/2021 18:50,18:50,5,0,0,COLFAX AVE E & GARFIELD ST N,1,1,0,0,3,1,0,0,35,0,0,0,0,0,2,1,13
,2021-22047,39.72412153,-104.9862454,6/25/2021 22:18,22:18,12,0,0,N LINCOLN ST & E 5TH AVE,11,3,0,1,1,1,0,0,30,0,0,0,0,0,4,2,13
,2021-22048,39.71597354,-105.0308699,6/9/2021 13:19,13:19,6,0,0,28 S JULIAN ST & W ELLSWORTH AVE,1,1,0,0,1,4,0,0,25,0,0,0,0,0,4,4,1
,2021-22049,39.71114354,-105.0287599,6/25/2021 20:25,20:25,3,0,0,ALAMEDA AVE W & HOOKER ST S,11,3,0,1,1,1,0,0,35,0,0,0,0,0,2,2,13
,2021-22050,39.76929253,-105.0253144,6/26/2021 15:28,15:28,1,0,0,FEDERAL BLVD N & 38TH AVE W,11,1,0,1,1,1,0,0,30,0,0,0,0,0,2,2,13
,2021-22051,39.78312187,-104.8470955,6/28/2021 16:55,16:55,12,0,0,I-70 & PEORIA ST N,1,1,0,0,1,4,0,0,55,0,0,0,0,0,2,2,13
,2021-22052,39.77713352,-104.8829699,6/29/2021 7:30,7:30,12,0,0,I-70 EB OFF RAMP TO & CENTRAL PARK BLVD N,1,1,0,0,1,8,0,0,35,0,0,0,0,0,1,4,13
,2021-22053,39.77827352,-104.9128699,6/28/2021 6:57,6:57,12,0,0,I-70 & MONACO ST N,1,1,0,0,1,4,0,1,55,0,0,0,0,1,1,4,7
,2021-22054,39.77903353,-104.9912499,6/29/2021 9:20,9:20,12,0,1,I-70 EB OFF RAMP TO & I-25 SB,1,1,1,0,1,8,0,0,55,0,0,0,0,1,1,3,14
,2021-22055,39.65308354,-104.9153399,6/29/2021 11:14,11:14,12,0,0,HAMPDEN AVE E & LOCUST ST S,1,1,0,0,1,3,0,0,40,0,0,0,0,1,2,3,16
,2021-22056,39.77544351,-104.74451,6/29/2021 7:20,7:20,6,0,0,42ND AVE E & LISBON ST N,1,1,0,0,1,4,0,0,,0,0,0,0,0,4,2,16
,2021-22057,39.71391505,-104.9899399,6/25/2021 11:22,11:22,6,0,0,000 BLK W MAPLE AVE & S BROADWAY ST,1,1,0,0,1,4,0,0,25,0,0,0,0,0,4,2,16
,2021-22058,39.78003353,-104.9891799,6/25/2021 13:38,13:38,12,0,0,I-70 EB OFF RAMP TO & I-25 SB,1,1,1,0,1,8,0,0,45,0,0,0,0,0,1,2,3
,2021-22059,39.75884629,-104.866195,6/29/2021 14:54,14:54,12,0,3,MONACO PKWY N & MLK BLVD,1,1,0,0,1,1,0,0,35,0,0,0,0,2,4,3,13
,2021-22060,39.74009468,-104.9035119,6/25/2021 7:15,7:15,12,0,0,I-70 & QUEBEC ST NB,1,1,0,0,1,4,0,1,55,0,0,0,0,1,1,2,13
,2021-22061,39.76115353,-105.0047499,6/25/2021 6:30,6:30,12,0,0,I-25 & 20TH ST,1,1,0,0,1,13,0,0,55,0,0,0,1,1,1,2,14
,2021-22062,39.71130353,-104.8928999,6/16/2021 15:11,15:11,12,0,0,E ALAMEDA AVE & E FAIRMOUNT DR,1,1,0,0,1,3,0,0,35,0,0,0,0,1,4,5,1
,2021-22063,39.78985352,-104.9594699,6/25/2021 11:35,11:35,10,0,0,YORK ST N & 5151 YORK ST N,1,1,0,0,1,4,0,0,35,0,0,0,0,0,4,2,16
,2021-22064,39.66992353,-104.87395,6/25/2021 6:10,6:10,15,0,0,DAYTON WY S & 2500 BLK,1,1,1,0,1,4,0,0,30,0,0,0,0,0,4,2,13
,2021-22065,39.78008352,-104.9404999,6/25/2021 14:45,14:45,15,0,0,I-70 & COLORADO BLVD N,1,1,0,0,1,4,0,0,55,0,0,0,0,0,1,2,13
,2021-22066,39.75847353,-105.0252199,1/30/2021 11:39,11:39,12,0,0,FEDERAL BLVD N & 29TH AVE W,1,1,0,0,1,1,0,0,35,0,0,0,0,1,2,3,13
,2021-22133,39.71624353,-104.9498499,5/28/2021 11:51,11:51,3,0,0,E ELLSWORTH AVE & N STEELE ST,1,1,3,0,1,1,0,0,30,0,0,0,0,0,4,2,13
,2021-22148,39.63137355,-105.0895899,5/27/2021 11:25,11:25,6,0,0,8100 BLK W LAYTON AVE & S WADSWORTH BLVD,1,1,3,0,1,4,0,0,25,0,0,0,0,0,4,2,16
,2021-22152,39.68822142,-104.8987698,5/27/2021 11:15,11:15,3,0,0,SYRACUSE ST S & QUINCY AVE E,1,1,3,0,1,1,0,0,30,0,0,0,0,0,4,2,16
,2021-22153,39.78290353,-105.0064099,5/27/2021 8:10,8:10,3,0,0,PECOS ST N & I-70 WB OFF RAMP,1,1,3,0,1,6,0,0,35,0,0,0,0,0,1,2,8
,2021-22157,39.74012353,-104.9406599,5/28/2021 6:52,6:52,1,0,0,COLFAX AVE E & COLORADO BLVD N,1,1,3,0,1,1,0,0,35,0,0,0,0,0,2,2,16
,2021-22169,39.71417354,-105.0299999,5/27/2021 12:09,12:09,6,0,0,IRVING ST S & CEDAR AVE W,1,1,3,0,1,4,0,0,25,0,0,0,0,0,4,2,3
,2021-22181,39.67845554,-104.9209864,5/28/2021 9:56,9:56,12,0,0,E EVANS AVE & S IVANHOE ST,1,1,3,0,1,4,0,0,35,0,0,0,0,0,4,2,16
,2021-22184,39.78375353,-105.0345599,5/27/2021 8:00,8:00,3,0,0,W 48TH AVE & N LOWELL BLVD,1,1,3,0,1,1,0,0,30,0,0,0,0,0,4,2,8
,2021-22255,39.68751354,-105.0239599,6/25/2021 21:33,21:33,12,0,0,FEDERAL BLVD S & IOWA AVE,11,3,0,1,1,4,0,0,35,0,0,0,0,0,2,2,16
,2021-22256,39.74489353,-104.9860834,6/25/2021 15:58,15:58,3,0,0,LINCOLN ST N & 18TH AVE E,11,1,1,1,1,1,0,0,30,0,0,0,0,0,4,2,13
,2021-22257,39.72561353,-104.9823499,6/26/2021 7:45,7:45,15,0,0,N LOGAN ST & E 6TH AVE,1,1,0,0,1,4,0,0,30,0,0,0,0,0,4,2,8
,2021-22258,39.74000353,-104.9665999,6/25/2021 21:00,21:00,6,0,0,COLFAX AVE E & GILPIN ST N,11,3,0,1,1,4,0,0,,0,0,0,0,0,2,2,16
,2021-22259,39.74010353,-104.9980699,6/26/2021 8:40,8:40,10,0,0,N SPEER BLVD & W COLFAX AVE,1,1,0,0,1,3,0,0,35,0,0,0,0,0,4,2,7
,2021-22260,39.74035354,-105.0520599,6/26/2021 4:50,4:50,9,0,1,COLFAX AVE W & ZENOBIA ST N,11,3,0,1,6,4,0,0,40,0,0,0,0,2,2,1,2