id,drcog_id,latitude,longitude,crashtime,time,crashtype,numbkilled,numbinjurd,drcoglocat,rdconditin,lightngcon,roadcntgrd,weatherco,location,roaddescrp,schoolzone,constrzone,splimit,bikeinv,pedinv,sctrinv,motoinv,svrty,rdsystem,ttlvehcls,hcf
,2021-22261,39.78356353,-105.0158199,6/26/2021 11:46,11:46,12,0,0,I-70 & ZUNI ST N,1,1,0,0,1,4,0,0,,0,0,0,0,0,1,2,4
,2021-22262,39.69467734,-104.9592994,6/25/2021 15:36,15:36,12,0,0,I-25 & UNIVERSITY BLVD S,11,1,0,1,1,4,0,0,55,0,0,0,0,0,4,2,13
,2021-22263,39.78438353,-105.0251799,6/23/2021 9:19,9:19,14,0,0,I-70 & FEDERAL BLVD N,1,1,0,0,1,4,0,0,55,0,0,0,0,0,1,2,9
,2021-22264,39.8971869,-104.9499966,6/25/2021 19:50,19:50,1,0,1,40TH AVE E & STEELE ST N,1,2,1,0,1,1,0,0,35,0,0,0,0,2,2,2,13
,2021-22265,39.75435353,-104.9691599,1/11/2021 18:33,18:33,6,0,0,1516 E 26TH AVE & 1516 BLK E,1,2,1,0,1,4,0,0,25,0,0,0,0,0,4,2,3
,2021-22266,39.74000353,-104.9764699,6/25/2021 22:20,22:20,11,0,1,COLFAX AVE E & EMERSON ST N,11,3,0,1,1,1,0,0,,0,1,0,0,2,2,1,16
,2021-22268,39.74617353,-104.9810699,6/4/2021 23:28,23:28,11,0,2,19TH AVE E & PENNSYLVANIA ST N,1,3,0,0,1,1,0,0,25,0,1,0,0,3,4,1,14
,2021-22269,39.69670754,-104.9929099,6/26/2021 17:26,17:26,3,0,0,PLATTE RIVER DR S & MISSISSIPPI AVE W,11,1,0,1,1,1,0,0,25,0,0,0,0,0,2,2,13
,2021-22270,39.78366565,-104.7577423,6/26/2021 3:29,3:29,5,0,1,PENA BLVD & GREEN VALLEY RANCH BLVD,1,3,1,1,3,4,0,0,55,0,0,0,0,2,4,1,16
,2021-22272,39.71874587,-104.975702,6/26/2021 15:08,15:08,12,0,0,SPEER BLVD E & GRANT ST N,11,1,0,1,1,1,0,0,35,0,0,0,0,0,4,2,4
,2021-22273,39.69660353,-104.8961799,6/23/2021 12:30,12:30,5,0,0,MISSISSIPPI AVE E & PARKER RD S,1,1,0,0,3,4,0,0,30,0,0,0,0,0,4,1,16
,2021-22274,39.69294421,-105.1262591,6/27/2021 14:10,14:10,1,0,0,FEDERAL BLVD S & LOUISIANA AVE W,1,1,0,0,1,1,0,0,40,0,0,0,0,0,2,2,7
,2021-22275,39.71028354,-105.0250799,6/27/2021 14:44,14:44,12,0,0,FEDERAL BLVD S & ALAMEDA AVE W,1,1,0,0,1,3,0,0,30,0,0,0,0,1,2,2,13
,2021-22276,39.62415355,-105.0910399,6/27/2021 6:00,6:00,3,0,1,S WADSWORTH BLVD & W BELLEVIEW AVE,1,1,0,0,1,1,0,0,45,0,0,0,0,3,2,2,7
,2021-22277,39.71835353,-104.9862299,6/27/2021 3:15,3:15,6,0,0,1ST AVE E & LINCOLN ST N,1,3,1,7,3,4,0,0,25,0,0,0,0,0,4,2,16
,2021-22278,39.74015353,-104.9127899,6/27/2021 2:50,2:50,12,0,0,COLFAX AVE E & MONACO ST SB,1,3,0,0,1,1,0,0,35,0,0,0,0,0,2,2,13
,2021-22279,39.73685353,-104.9964599,6/25/2021 23:45,23:45,10,0,0,N SPEER BLVD & W 13TH AVE,11,3,0,1,1,1,0,0,35,0,0,0,0,0,4,2,13
,2021-22280,39.69665354,-104.9929299,6/26/2021 23:47,23:47,3,0,1,PLATTE RIVER DR S & MISSISSIPPI AVE W,1,4,0,0,1,1,0,0,45,0,0,0,0,3,2,2,8
,2021-22281,39.69491354,-105.0250599,6/14/2021 16:17,16:17,12,0,0,FEDERAL BLVD S & ARIZONA AVE W,1,1,0,0,1,1,0,0,40,0,0,0,0,0,2,2,3
,2021-22282,39.70371354,-104.9874799,6/26/2021 1:03,1:03,12,0,0,0700 BLK S BROADWAY ST & W OHIO AVE,11,3,0,1,1,4,0,0,30,0,0,0,0,0,4,2,3
,2021-22283,39.73383253,-104.9873929,6/27/2021 3:10,3:10,12,0,0,11TH AVE E & BROADWAY ST N,1,3,0,0,1,1,0,0,30,0,0,0,0,0,4,2,16
,2021-22284,39.7550058,-104.9916188,6/27/2021 2:14,2:14,5,0,0,MARKET ST & 21ST ST,1,3,0,0,3,5,0,0,15,0,0,0,0,0,4,1,3
,2021-22285,39.76832353,-104.9949599,5/8/2021 23:18,23:18,12,0,0,I-25 & PARK AVE W,11,3,0,1,1,4,0,0,55,0,0,0,0,1,1,2,13
,2021-22286,39.75100353,-104.9985699,6/27/2021 2:10,2:10,6,0,0,1600 BLK BLAKE ST & 16TH ST,1,3,0,0,1,4,0,0,30,0,0,0,0,0,4,2,5
,2021-22287,39.74153353,-105.0381399,6/26/2021 2:43,2:43,15,0,0,1500 BLK N OSCEOLA ST & W COLFAX AVE,11,3,0,1,1,4,0,0,,0,0,0,0,0,4,2,13
,2021-22288,39.78381351,-104.81741,6/27/2021 16:48,16:48,6,0,0,50TH PL E & 14700 BLK E,1,1,0,0,1,2,0,0,,0,0,0,0,0,4,2,7
,2021-22289,39.65564355,-105.0531999,6/27/2021 16:55,16:55,12,0,0,SHERIDAN BLVD S & DARTMOUTH AVE W,11,1,0,1,1,4,0,0,40,0,0,0,0,0,1,2,13
,2021-22290,39.75007753,-105.0049384,6/5/2021 19:00,19:00,12,0,0,N SPEER BLVD & WEWATTA ST,1,1,0,0,1,3,0,0,35,0,0,0,0,0,4,2,3
,2021-22291,39.67035647,-104.87473,6/2/2021 23:17,23:17,6,0,0,2300 BLK S DAYTON WAY & E ILIFF AVE,1,3,1,0,1,4,0,0,30,0,0,0,0,0,4,2,14
,2021-22292,39.67915354,-105.0532499,6/7/2021 16:16,16:16,12,0,0,S SHERIDAN BLVD & W EVANS AVE,1,1,0,0,1,3,0,0,35,0,0,0,0,0,4,2,1
,2021-22293,39.77027037,-104.975429,6/26/2021 2:07,2:07,3,0,0,WAZEE ST & 19TH ST,11,3,0,1,1,1,0,0,35,0,0,0,0,0,4,2,14
,2021-22294,39.70896354,-105.0249899,5/28/2021 21:10,21:10,15,0,0,FEDERAL BLVD S & VIRGINIA AVE RD W,1,3,0,0,1,4,0,0,35,0,0,0,0,0,2,2,14
,2021-22298,39.79888352,-104.9864599,6/28/2021 7:45,7:45,12,0,0,I 25 & E 58TH AVE,1,1,3,0,1,4,0,0,55,0,0,0,0,0,1,2,1
,2021-22330,39.70733353,-104.9406899,3/19/2021 23:39,23:39,12,0,0,COLORADO BLVD S & VIRGINIA AVE E,1,3,3,0,1,1,0,0,,0,0,0,0,0,2,2,16
,2021-22360,39.72878353,-104.9410699,6/1/2021 7:05,7:05,16,0,0,785 N COLORADO BLVD & 785 BLK N,1,1,3,0,5,7,0,0,15,0,1,0,0,0,3,1,13
,2021-22383,39.74167353,-104.9823199,6/2/2021 15:30,15:30,11,0,0,16TH AVE E & LOGAN ST N,1,1,3,0,1,9,0,0,0,0,0,1,0,1,4,1,16
,2021-22449,39.81682352,-104.9779899,7/1/2021 11:28,11:28,3,0,1,WASHINGTON ST & E 66TH AVE,1,1,3,0,1,1,0,0,35,0,0,0,0,3,4,2,13
,2021-22458,39.82158352,-104.9824699,6/30/2021 14:29,14:29,12,0,1,I 25 & MM 216.5 (APPROX),1,1,3,0,1,4,0,0,65,0,0,0,1,3,1,2,3
,2021-22493,39.7259211,-105.0251463,5/26/2021 16:49,16:49,3,0,0,FEDERAL BLVD N & HWY 6 WB OFF RAMP,1,1,3,0,1,1,0,0,,0,0,0,0,0,2,1,16
,2021-22495,39.75185353,-104.9887599,5/28/2021 17:12,17:12,3,0,0,21ST ST & CURTIS ST,1,1,3,0,1,3,0,0,30,0,0,0,0,1,4,2,8
,2021-22499,39.75709353,-104.9907099,5/31/2021 15:10,15:10,10,0,0,PARK AVE W & BLAKE ST,1,1,3,0,1,1,0,0,30,0,0,0,0,1,4,2,13
,2021-22501,39.65310354,-104.8988599,5/29/2021 16:00,16:00,12,0,0,HAMPDEN AVE E & TAMARAC DR S,1,1,3,0,1,4,0,0,45,0,0,0,0,0,2,2,3
,2021-22507,39.71115253,-104.9863894,6/3/2021 5:33,5:33,3,0,1,E ALAMEDA AVE & S LINCOLN ST,1,2,3,0,1,1,0,0,30,0,0,0,0,2,4,2,12
,2021-22509,39.72730353,-104.9975599,6/3/2021 7:46,7:46,6,0,0,7TH AVE W & SANTA FE DR N,1,3,3,0,1,4,0,0,25,0,0,0,0,0,4,2,13
,2021-22513,39.70309354,-105.0460399,6/4/2021 12:28,12:28,6,0,0,700 BLK S UTICA ST & MORRISON RD,1,1,3,0,1,4,0,0,25,0,0,0,0,0,4,2,13
,2021-22515,39.74676353,-104.9918399,6/2/2021 14:35,14:35,15,0,0,17TH ST & STOUT ST,1,1,3,0,1,1,0,0,25,0,0,0,0,0,4,2,16
,2021-22523,39.65310254,-104.9305219,6/3/2021 11:59,11:59,12,0,0,HAMPDEN AVE E & EUDORA ST S,1,1,3,0,1,4,0,0,35,0,0,0,0,0,2,2,13
,2021-22524,39.79058351,-104.8195099,5/29/2021 11:00,11:00,6,0,0,SABLE ST N & 52ND AVE E,1,1,3,0,1,4,0,0,25,0,0,0,0,0,4,2,1
,2021-22526,39.72082437,-104.9087689,6/2/2021 7:14,7:14,12,0,0,3900 BLK N ONEIDA ST & N NEWPORT,1,1,3,0,1,4,0,0,15,0,0,0,0,0,4,2,11
,2021-22527,39.72727353,-104.9823599,6/3/2021 8:55,8:55,10,0,0,N LOGAN ST & N LOGAN ST,1,1,3,0,1,3,0,0,25,0,0,0,0,0,4,2,13
,2021-22528,39.74014353,-104.9465299,6/3/2021 10:14,10:14,12,0,0,COLFAX AVE E & MADISON ST N,1,1,3,0,1,4,0,0,35,0,0,0,0,0,2,2,13
,2021-22531,39.76705353,-104.9842899,6/2/2021 13:43,13:43,3,0,0,31ST ST & BRIGHTON BLVD N,1,1,3,0,1,2,0,0,25,0,0,0,0,0,4,2,16
,2021-22591,39.75185353,-104.9887599,6/1/2021 17:43,17:43,3,0,1,21ST ST & CURTIS ST,1,1,3,0,1,1,0,0,25,0,0,0,0,2,4,2,8
,2021-22592,39.74011353,-104.9988399,6/26/2021 16:06,16:06,12,0,0,COLFAX AVE W & SPEER BLVD NB,1,1,0,0,1,1,0,0,35,0,0,0,0,0,2,2,13
,2021-22593,39.78892352,-104.9315999,6/23/2021 14:14,14:14,14,0,0,E 51ST AVE & N DAHLIA ST,1,1,0,0,1,4,0,0,30,0,0,0,0,0,4,2,1
,2021-22594,39.6168994,-105.0718458,6/23/2021 17:36,17:36,12,0,0,W DORADO AVE & W GRANT RANCH BLVD,1,1,0,0,1,1,0,0,25,0,0,0,0,0,4,2,13
,2021-22595,39.65616355,-105.0532099,6/27/2021 17:06,17:06,12,0,0,SHERIDAN BLVD S & DARTMOUTH AVE W,11,1,0,1,1,1,0,0,30,0,0,0,0,0,2,2,3
,2021-22596,39.79324351,-104.8390599,6/23/2021 13:20,13:20,8,0,0,E 55TH AVE & N TULSA WY,1,1,0,0,1,1,0,0,25,0,0,0,0,0,4,2,13
,2021-22597,39.78290351,-104.7554,6/23/2021 7:05,7:05,3,0,0,E GVR BLVD & N HIMALAYA RD,1,1,0,0,1,1,0,0,35,0,0,0,0,0,4,2,1
,2021-22598,39.74013353,-104.9441499,6/23/2021 11:52,11:52,12,0,0,E COLFAX AVE & N GARFIELD ST,1,1,0,0,1,1,0,0,25,0,0,0,0,0,4,2,6
,2021-22599,39.71115354,-105.0238599,6/26/2021 17:25,17:25,12,0,0,ALAMEDA AVE W & FEDERAL BLVD S,11,1,0,1,1,1,0,0,35,0,0,0,0,0,2,2,13
,2021-22600,39.67843354,-104.9339699,6/23/2021 9:13,9:13,12,0,0,I-25 SB ON RAMP FROM & EVANS AVE E,1,1,1,0,1,8,0,0,60,0,0,0,0,1,1,2,3
,2021-22601,39.75823353,-104.9721099,6/22/2021 20:00,20:00,6,0,0,E 29TH AVE & N MARION ST,1,1,0,0,1,4,0,0,30,0,0,0,0,0,4,2,3
,2021-22602,39.76935353,-105.0509099,6/26/2021 17:48,17:48,6,0,0,W 38TH AVE & YATES ST N,1,1,0,0,1,4,0,0,30,0,0,0,0,0,4,2,3
,2021-22603,39.7399461,-104.9988134,6/23/2021 14:40,14:40,6,0,0,1500 BLK SPEER BLVD & BLAKE ST,1,1,0,0,1,1,0,0,35,0,0,0,0,0,4,2,3
,2021-22604,39.78346312,-105.0112166,6/22/2021 19:58,19:58,15,0,0,I-70 EB EXIT GORE PT TO & BRIGHTON BLVD N,1,3,0,0,1,4,0,0,65,0,0,0,0,0,1,2,13
,2021-22605,39.75100353,-104.9985699,6/22/2021 15:41,15:41,15,0,0,1600 BLK BLAKE ST & 1600 BLK,1,1,0,0,1,4,0,0,25,0,0,0,0,0,4,2,13
,2021-22606,39.73998353,-104.9597699,6/3/2021 23:55,23:55,3,0,0,COLFAX AVE E & YORK ST N,1,3,1,0,1,1,0,0,30,0,0,0,0,1,2,2,1
,2021-22607,39.76189352,-104.9057899,6/22/2021 17:40,17:40,1,0,0,MLK BLVD E & PONTIAC ST N,1,1,0,0,1,1,0,0,30,0,0,0,0,0,4,2,13
,2021-22608,39.74009468,-104.9035119,6/22/2021 13:10,13:10,10,0,0,QUEBEC ST & I-70 WB OFF RAMP,1,1,0,0,1,8,0,1,35,0,0,0,0,0,4,2,13
,2021-22609,39.74024954,-105.1197344,6/22/2021 15:34,15:34,5,0,0,I-25 & COLFAX AVE W,1,1,0,0,2,4,0,0,55,0,0,0,0,0,1,1,7
,2021-22610,39.78298352,-104.8838699,6/15/2021 8:37,8:37,6,0,0,9045 E 47TH AVE & 9045 BLK E,1,1,0,0,1,5,0,0,25,0,0,0,0,0,4,2,13
,2021-22611,39.72562353,-104.9836099,6/22/2021 3:32,3:32,8,0,0,E 6TH AVE & N GRANT ST,1,3,0,0,1,1,0,0,30,0,0,0,0,0,4,2,16
,2021-22612,39.78367353,-105.0532299,6/23/2021 7:00,7:00,5,0,0,I-70 WB & SHERIDAN BLVD N,1,1,0,0,2,4,0,0,55,0,0,0,0,0,2,1,13
,2021-22613,39.74012033,-104.9059309,6/20/2021 21:32,21:32,11,0,0,COLFAX AVE E & PONTIAC ST N,1,3,0,0,1,4,0,0,0,0,0,1,0,1,2,1,16
,2021-22614,39.71496354,-105.0336799,6/23/2021 17:11,17:11,6,0,0,W BAYAUD AVE & S KING ST,1,1,0,0,1,4,0,0,25,0,0,0,0,0,4,2,3
,2021-22615,39.73979353,-105.0054499,6/23/2021 10:00,10:00,5,0,0,OSAGE ST N & 1493 N OSAGE ST,1,1,0,0,5,4,0,0,15,0,0,0,0,0,3,1,7
,2021-22616,39.79105452,-104.9782714,6/23/2021 12:37,12:37,3,0,1,WASHINGTON ST N & 52ND AVE W,1,1,0,0,1,2,0,0,35,0,0,0,0,2,4,2,13
,2021-22617,39.77713352,-104.8829699,6/25/2021 18:21,18:21,15,0,0,I-70 EB & CENTRAL PARK BLVD N,1,1,0,0,1,4,0,0,55,0,0,0,0,0,1,2,13
,2021-22618,39.75142353,-105.0015099,4/26/2021 9:45,9:45,6,0,0,1500 BLK WYNKOOP ST & 15TH ST,1,1,0,0,1,4,0,0,25,0,0,0,0,0,4,2,14
,2021-22619,39.74695453,-104.9733394,6/27/2021 17:15,17:15,8,0,1,N DOWNING ST & WALNUT ST,11,1,1,2,1,1,0,0,30,0,0,0,0,2,4,2,16
,2021-22620,39.72551353,-105.0133499,6/13/2021 3:24,3:24,12,0,1,I-25 & 6TH AVE W,1,3,0,0,1,4,0,0,55,0,0,0,0,2,1,2,5
,2021-22621,39.70466284,-104.995444,6/20/2021 12:18,12:18,12,0,0,I-25 SB ON RAMP FROM & SANTA FE DR S,1,1,0,0,1,8,0,0,55,0,0,0,0,0,2,2,13
,2021-22622,39.73996353,-104.9536699,6/3/2021 16:00,16:00,11,0,1,COLFAX AVE E & 2816 E COLFAX AVE,1,1,1,0,1,5,0,0,15,0,1,0,0,3,4,1,13
,2021-22623,39.70385353,-104.9146999,6/22/2021 18:57,18:57,1,0,0,LEETSDALE DR & EXPOSITION AVE,1,1,0,0,1,1,0,0,,0,0,0,0,0,2,2,13
,2021-22624,39.76568353,-104.9950429,6/8/2021 8:32,8:32,1,0,0,PARK AVE W & N GLOBEVILLE RD,1,1,0,0,1,1,0,0,35,0,0,0,0,0,4,2,1
,2021-22625,39.76737352,-104.9025299,5/25/2021 17:37,17:37,10,0,1,E 36TH AVE & N QUEBEC ST,1,1,0,0,1,1,0,0,35,0,0,0,0,3,4,2,8
,2021-22626,39.75007753,-105.0049384,6/22/2021 21:55,21:55,3,0,0,SPEER BLVD N & WEWATTA ST,1,3,0,0,1,1,0,0,40,0,0,0,0,0,4,2,16
,2021-22627,39.71793353,-104.9880099,5/22/2021 15:54,15:54,6,0,0,BROADWAY ST N & 65 N BROADWAY ST,1,1,0,0,5,7,0,0,,0,0,0,0,0,3,2,13
,2021-22628,39.73760354,-105.0509399,6/12/2021 1:56,1:56,6,0,0,YATES ST N & 14TH AVE W,1,3,0,0,1,4,0,0,25,0,0,0,0,0,4,2,16
,2021-22629,39.75241353,-104.9967399,6/12/2021 3:33,3:33,3,0,0,18TH ST & BLAKE ST,1,3,0,0,1,1,0,0,25,0,0,0,0,0,4,2,5
,2021-22630,39.72718353,-104.9861399,6/12/2021 9:05,9:05,5,0,0,LINCOLN ST N & 6TH AVE E,1,1,0,0,2,4,0,0,,0,0,0,0,0,4,1,14
,2021-22631,39.72575354,-105.0351099,6/12/2021 17:23,17:23,5,0,0,N LOWELL BLVD & W 6TH AVE,1,1,1,0,2,4,0,0,25,0,0,0,0,0,4,1,16
,2021-22632,39.70145354,-104.9875299,5/28/2021 10:30,10:30,12,0,0,I-25 & BROADWAY ST S,1,1,1,0,1,4,0,0,55,0,0,0,0,1,1,2,5
,2021-22633,39.77839352,-104.8968799,6/22/2021 8:48,8:48,12,0,0,I-70 & I-270,1,1,0,0,1,4,0,0,55,0,0,0,0,0,1,2,14
,2021-22634,39.62496356,-105.1040399,5/22/2021 1:16,1:16,6,0,0,9500 BLK W BELLWOOD PL & 9550 W BELLWOOD PL,1,4,0,0,1,4,0,0,25,0,0,0,0,0,4,2,16
,2021-22635,39.74018653,-104.9407414,6/22/2021 20:44,20:44,12,0,0,COLORADO BLVD N & COLFAX AVE E,1,3,0,0,1,1,0,0,40,0,0,0,0,0,2,2,13
,2021-22636,39.78313353,-105.0064099,6/18/2021 9:15,9:15,12,0,0,I-70 & PECOS ST N,1,1,1,0,1,4,0,0,55,0,0,0,0,0,1,2,15
,2021-22637,39.73869352,-104.8905399,6/13/2021 2:04,2:04,3,0,1,E 14TH AVE & N VERBENA ST,1,3,0,0,1,1,0,0,30,0,0,0,0,2,4,2,13
,2021-22638,39.78346312,-105.0112166,6/9/2021 2:43,2:43,5,0,0,I-70 EB EXIT GORE PT TO & BRIGHTON BLVD N,1,3,0,0,3,4,0,1,55,0,0,0,0,0,1,1,13
,2021-22639,39.69311354,-105.0413799,6/11/2021 16:29,16:29,8,0,0,S QUITMAN ST & W LOUISIANA AVE,1,1,0,0,1,1,0,0,30,0,0,0,0,0,4,2,1
,2021-22640,39.77630353,-105.0522799,5/26/2021 14:46,14:46,15,0,0,5100 BLK W 44TH AVE & N SHERIDAN BLVD,1,1,1,0,1,4,0,0,30,0,0,0,0,0,2,2,16
,2021-22641,39.75436353,-104.9923699,6/6/2021 1:42,1:42,6,0,0,MARKET ST & 2090,1,3,0,0,5,7,0,0,,0,0,0,0,0,3,2,5
,2021-22642,39.74047353,-105.0349199,6/9/2021 18:00,18:00,5,0,0,COLFAX AVE W & LOWELL BLVD N,1,1,0,0,2,4,0,0,35,0,0,0,0,0,2,1,5
,2021-22645,39.67658354,-104.9997499,6/11/2021 10:00,10:00,6,0,0,WARREN AVE W & JASON ST S,1,1,0,0,1,4,0,0,25,0,0,0,0,0,4,2,13
,2021-22646,39.69111354,-104.9980299,6/21/2021 16:21,16:21,5,0,0,S PLATTE RIVER DR & S INCA ST,1,1,0,0,3,4,0,0,35,0,0,0,0,0,4,1,5
,2021-22647,39.77171353,-105.0123699,6/23/2021 9:11,9:11,5,0,0,W 40TH AVE & N UMATILLA ST,1,1,0,1,3,3,0,0,25,0,0,0,0,0,4,1,9
,2021-22648,39.72569653,-105.0001594,6/20/2021 17:02,17:02,12,0,0,N KALAMATH ST & W 6TH AVE,1,1,0,0,1,4,0,0,35,0,0,0,0,0,4,2,13
,2021-22649,39.75308353,-104.9976099,6/23/2021 9:16,9:16,1,0,0,WAZEE ST & 18TH ST,1,1,0,0,1,1,0,0,30,0,0,0,0,0,4,2,13
,2021-22650,39.77510352,-104.9222899,6/22/2021 13:25,13:25,15,0,0,42ND AVE E & HOLLY ST N,1,1,0,0,1,1,0,0,30,0,0,0,0,0,4,2,1
,2021-22651,39.72922353,-104.9349299,6/22/2021 13:11,13:11,2,0,1,CLERMONT ST N & 8TH AVE E,1,1,0,0,1,1,0,0,30,1,0,0,0,3,4,2,1
,2021-22652,39.76381352,-104.9027299,6/17/2021 17:15,17:15,12,0,0,QUEBEC ST N & 33RD AVE E,1,1,0,0,1,4,0,0,45,0,0,0,0,1,2,2,14
,2021-22653,39.75947353,-104.9597399,6/20/2021 20:30,20:30,15,0,0,N YORK ST & E 30TH AVE,1,3,0,0,1,4,0,0,30,0,0,0,0,0,4,2,14
,2021-22654,39.69297353,-104.9317099,6/15/2021 0:10,0:10,6,0,0,S DAHLIA ST & E LOUISIANA AVE,1,3,0,0,1,4,0,0,30,0,0,0,0,0,4,3,13
,2021-22655,39.68953454,-105.0532909,6/27/2021 14:33,14:33,15,0,1,SHERIDAN BLVD S & FLORIDA AVE W,1,1,0,0,1,1,0,0,40,0,0,0,0,2,1,3,1
,2021-22656,39.63574354,-104.8935099,6/22/2021 7:19,7:19,15,0,0,I-225 & TAMARAC ST S,1,1,0,0,1,4,0,0,55,0,0,0,0,0,1,3,14
,2021-22657,39.78003353,-104.9891799,6/22/2021 7:50,7:50,15,0,0,I-25 NB OFF RAMP SLIP TO & I-70,1,1,1,0,1,8,0,0,55,0,0,0,0,0,1,4,7
,2021-22658,39.65349853,-104.8685075,6/17/2021 21:08,21:08,15,0,0,HAMPDEN AVE E & GALENA ST S,1,3,0,0,1,3,0,0,45,0,0,0,0,0,2,2,13
,2021-22659,39.77841352,-104.9035599,6/18/2021 23:58,23:58,12,0,1,I-70 WB & QUEBEC ST,1,3,0,0,1,4,0,1,55,0,0,0,0,2,1,3,3
,2021-22660,39.73044353,-104.9873999,6/19/2021 5:14,5:14,12,0,0,N BROADWAY ST & W 9TH AVE,1,1,0,1,1,3,0,0,35,0,0,0,0,0,4,2,16
,2021-22661,39.76345602,-104.894487,6/21/2021 17:05,17:05,3,0,0,36TH AVE E & ULSTER ST N,1,1,0,0,1,1,0,0,35,0,0,0,0,0,4,2,13
,2021-22662,39.73821353,-104.9277799,6/17/2021 17:15,17:15,5,0,1,14TH AVE E & FAIRFAX ST N,1,1,0,0,1,1,0,0,30,0,0,0,0,2,4,1,13
,2021-22663,39.70222354,-105.0275199,6/14/2021 20:02,20:02,3,0,0,W OHIO AVE & S HAZEL CT,1,4,0,0,1,1,0,0,25,0,0,0,0,0,4,2,13
,2021-22664,39.76741387,-104.8991116,6/26/2021 15:28,15:28,12,0,0,E 36TH AVE & N QUEBEC ST,11,1,1,1,1,4,0,0,40,0,0,0,0,0,4,3,1
,2021-22665,39.78990352,-104.9581499,6/20/2021 1:19,1:19,6,0,0,YORK ST & 5160 N,1,3,0,0,5,7,0,0,15,0,0,0,0,0,3,2,14
,2021-22666,39.67891354,-105.0250399,6/15/2021 21:48,21:48,11,0,1,FEDERAL BLVD S & EVANS AVE W,1,3,0,0,1,4,0,0,0,0,1,0,0,3,2,1,16
,2021-22667,39.72890353,-104.9985999,6/25/2021 23:18,23:18,3,0,0,W 8TH AVE & N SANTA FE DR,11,3,0,1,1,1,0,0,30,0,0,0,0,1,4,2,7
,2021-22668,39.73304353,-104.8995699,5/24/2021 2:21,2:21,6,0,0,ROSEMARY ST N & 1100 BLK N,1,3,0,0,1,4,0,0,25,0,0,0,0,0,4,3,5
,2021-22669,39.78313353,-105.0064099,6/27/2021 15:24,15:24,12,0,0,I-70 EB & PECOS ST N,11,1,0,1,1,4,0,0,55,0,0,0,0,0,1,4,13
,2021-22670,39.65627355,-105.0497799,4/22/2021 20:55,20:55,9,0,1,DARTMOUTH AVE W & ZURICH CT S,1,3,0,0,1,4,0,0,30,0,0,0,1,2,4,1,14
,2021-22671,39.76926353,-105.0174099,6/25/2021 14:13,14:13,11,0,0,38TH AVE W & ALCOTT ST N,1,1,0,0,1,3,0,0,0,0,1,0,0,1,4,2,16
,2021-22672,39.82398723,-104.9648678,6/23/2021 16:44,16:44,12,0,0,I-270 & I-70,1,1,0,0,1,4,0,0,50,0,0,0,0,1,2,3,13
,2021-22673,39.74488353,-104.9874099,5/29/2021 20:08,20:08,3,0,0,N BOADWAY ST & E 18TH AVE,1,2,0,0,1,1,0,0,30,0,0,0,0,0,4,2,14
,2021-22674,39.74970353,-104.9810799,6/13/2021 17:39,17:39,1,0,0,PARK AVE & TREMONT PL,1,1,0,0,1,1,0,0,30,0,0,0,0,0,4,2,13
,2021-22675,39.76025353,-105.0252299,6/26/2021 18:14,18:14,3,0,1,FEDERAL BLVD N & SPEER BLVD N,1,1,0,0,1,1,0,0,35,0,0,0,0,2,2,3,13
,2021-22676,39.68928353,-104.9430099,6/26/2021 2:11,2:11,6,0,0,JACKSON ST S & IOWA AVE E,11,4,0,1,1,4,0,0,25,0,0,0,0,0,4,3,5
,2021-22677,39.72900353,-104.9893899,6/22/2021 2:11,2:11,12,0,0,100 BLOCK W 8TH AVE & N SPEER BLVD,1,3,0,0,1,3,0,0,30,0,0,0,0,0,4,3,5
,2021-22678,39.78013352,-104.9670799,6/25/2021 11:41,11:41,12,0,0,I-70 & BRIGHTON BLVD N,1,1,1,0,1,4,0,0,55,0,0,0,0,1,1,4,3
,2021-22679,39.76435744,-104.949985,6/17/2021 21:17,21:17,11,0,1,BRUCE RANDOLPH ST E & STEELE ST N,1,3,0,0,1,4,0,0,0,0,1,0,0,2,4,1,16
,2021-22680,39.73847353,-105.0298299,5/23/2021 0:00,0:00,6,0,0,14TH AVE W & IVRING ST N,1,3,0,0,1,4,0,0,35,0,0,0,0,1,4,4,16
,2021-22681,39.76094353,-105.0043199,6/14/2021 17:40,17:40,12,0,0,20TH ST & I-25 NB RAMPS,11,1,1,0,1,1,0,0,35,0,0,0,0,0,4,3,16
,2021-22682,39.72768353,-104.9784199,6/12/2021 20:00,20:00,6,0,0,WASHINGTON ST N & 8TH AVE E,1,3,1,0,1,4,0,0,30,0,0,0,1,1,4,4,2
,2021-22695,39.73284353,-104.8905899,6/7/2021 16:25,16:25,12,0,0,E 11TH AVE & N VERBENA ST,1,1,3,0,1,3,0,0,25,0,0,0,0,0,4,3,3
,2021-22697,39.74947353,-104.9733499,6/7/2021 14:10,14:10,6,0,0,DOWNING ST N & 22ND AVE E,1,1,3,0,1,3,0,0,25,0,0,0,0,0,4,2,3
,2021-22699,39.71889353,-104.9534099,6/7/2021 15:24,15:24,6,0,0,FILLMORE ST N & 1ST AVE E,1,1,3,0,1,4,0,0,25,0,0,0,0,0,4,2,16
,2021-22708,39.79825352,-104.9859299,7/11/2021 2:34,2:34,9,0,2,LINCOLN ST & E 56TH AVE,1,3,3,0,1,1,0,0,30,0,0,0,1,2,4,1,10