id,drcog_id,latitude,longitude,crashtime,time,crashtype,numbkilled,numbinjurd,drcoglocat,rdconditin,lightngcon,roadcntgrd,weatherco,location,roaddescrp,schoolzone,constrzone,splimit,bikeinv,pedinv,sctrinv,motoinv,svrty,rdsystem,ttlvehcls,hcf
,2021-22711,39.71111353,-104.9592499,6/4/2021 13:00,13:00,12,0,0,2400 BLK E ALAMEDA AVE & S UNIVERSITY BLVD,1,1,3,0,1,4,0,0,25,0,0,0,0,1,4,2,3
,2021-22712,39.73992353,-104.9453699,6/3/2021 12:18,12:18,6,0,0,COLFAX AVE E & 3570 E COLFAX AVE,1,1,3,0,1,4,0,0,35,0,0,0,0,0,2,2,16
,2021-22713,39.65310254,-104.9305219,6/3/2021 11:03,11:03,12,0,0,HAMPDEN AVE E & EUDORA ST S,1,1,3,0,1,4,0,0,35,0,0,0,0,0,2,3,13
,2021-22715,39.72610514,-105.0527792,6/3/2021 15:28,15:28,15,0,0,HWY 6 WB OFF RAMP & SHERIDAN BLVD N,1,1,3,0,1,8,0,0,35,0,0,0,0,0,2,2,16
,2021-22724,39.79844945,-104.7626474,6/7/2021 7:00,7:00,1,0,0,E 56TH AVE & N DUNKIRK ST,1,1,3,0,1,1,0,0,40,0,0,0,0,0,4,2,8
,2021-22732,39.72486353,-104.9558299,6/4/2021 11:00,11:00,15,0,0,CLAYTON ST N & 6TH AVE E,1,1,3,0,1,4,0,0,25,0,0,0,0,0,4,2,10
,2021-22735,39.72890353,-105.0015799,6/8/2021 10:35,10:35,10,0,0,W 8TH AVE & N LIPAN ST,1,1,3,0,1,1,0,0,30,0,0,0,0,0,4,2,13
,2021-22742,39.78376352,-104.9405099,6/4/2021 6:29,6:29,12,0,0,COLORADO BLVD N & 48TH AVE E,1,1,3,0,1,1,0,0,45,0,0,0,0,0,2,2,14
,2021-22744,39.75810352,-104.8898199,6/6/2021 5:38,5:38,6,0,0,8500 BLK E 29TH AVE & N WABASH ST,1,2,3,0,1,4,0,0,25,0,0,0,0,0,4,2,1
,2021-22751,39.74650909,-104.9939392,6/7/2021 12:50,12:50,2,0,0,16TH ST & CHAMPA ST,1,1,3,0,1,1,0,0,0,1,0,0,0,0,4,1,16
,2021-22757,39.74849353,-105.0032199,6/3/2021 17:18,17:18,12,0,0,N SPEER BLVD & WAZEE ST,1,1,3,0,1,4,0,0,35,0,0,0,0,0,4,2,8
,2021-22763,39.69113354,-105.0413199,6/8/2021 8:10,8:10,5,0,0,QUITMAN ST S & ARKANSAS AVE W,1,1,3,0,2,5,0,0,15,0,0,0,0,0,4,1,8
,2021-22770,39.77841352,-104.9035599,6/7/2021 12:00,12:00,15,0,0,QUEBEC ST & I-70 WB OFF RAMP SLIP,1,1,3,0,1,4,0,0,40,0,0,0,0,0,2,2,1
,2021-22775,39.74004353,-104.9842099,6/7/2021 15:00,15:00,15,0,0,COLFAX AVE E & SHERMAN ST N,1,1,3,0,1,4,0,0,30,0,0,0,0,0,2,2,13
,2021-22778,39.79840751,-104.7872825,6/6/2021 10:00,10:00,12,0,0,E 56TH AVE & PENA BLVD,1,1,3,0,1,4,0,0,40,0,0,0,0,0,4,4,3
,2021-22783,39.78219352,-104.8490099,6/7/2021 10:00,10:00,12,0,0,4600 BLK N PARIS ST & E 46TH AVE,1,1,3,0,1,4,0,0,25,0,0,0,0,0,4,2,13
,2021-22794,39.74194353,-104.9298199,6/7/2021 9:40,9:40,6,0,0,16TH AVE E & EUDORA ST N,1,1,3,0,1,3,0,0,30,0,0,0,0,0,4,2,8
,2021-22821,39.70892354,-105.0431899,6/4/2021 10:47,10:47,3,0,0,ALASKA PL W & STUART ST S,1,1,3,0,1,1,0,0,25,0,0,0,0,0,4,2,13
,2021-22837,39.77197353,-104.9697099,5/22/2021 3:39,3:39,12,0,0,40TH ST & WALNUT ST,1,3,0,0,1,1,0,0,25,0,0,0,0,0,4,2,3
,2021-22838,39.77400352,-104.8470299,5/13/2021 18:20,18:20,12,0,0,I-70 & PEORIA ST N,1,1,0,0,1,4,0,0,55,0,0,0,0,0,1,3,13
,2021-22839,39.74043353,-105.0141499,7/4/2021 1:41,1:41,15,0,0,I-25 SB EXIT GORE PT TO & HWY 40 WB,1,3,0,0,1,8,0,0,65,0,0,0,0,0,1,1,14
,2021-22840,39.72413353,-104.9862399,6/22/2021 17:38,17:38,3,0,0,N LINCOLN ST & E 5TH AVE,1,1,1,0,1,1,0,0,35,0,0,0,0,1,4,2,13
,2021-22841,39.76123353,-105.0345999,6/22/2021 21:17,21:17,6,0,0,3000 BLK N LOWELL BLVD & W 30TH AVE,1,4,0,0,1,4,0,0,25,0,0,0,0,0,4,3,5
,2021-22842,39.75367353,-104.9959599,7/3/2021 16:13,16:13,6,0,0,1500 BLK 19TH ST & BLAKE ST,1,1,0,0,1,1,0,0,,0,0,0,0,0,4,2,3
,2021-22843,39.74000353,-104.9665999,6/22/2021 23:06,23:06,15,0,0,COLFAX AVE E & WILLIAMS ST N,1,3,0,0,1,4,0,0,30,0,0,0,0,1,1,3,13
,2021-22844,39.79565351,-104.8387099,7/3/2021 4:30,4:30,6,0,0,5541 N TUCSON ST & E OLMSTEAD PL,1,4,0,0,1,4,0,0,25,0,0,0,0,0,4,2,2
,2021-22845,39.69849853,-104.9035984,7/3/2021 4:25,4:25,12,0,0,LEETSDALE DR & S QUEBEC ST,1,3,1,0,1,1,0,0,40,0,0,0,0,0,2,2,13
,2021-22846,39.77701352,-104.9497799,7/3/2021 19:40,19:40,12,0,0,STEELE ST N & 43RD AVE E,1,1,0,0,1,2,0,0,35,0,0,0,0,0,4,2,7
,2021-22847,39.70665354,-104.9965899,7/2/2021 22:54,22:54,9,0,0,I-25 & SANTA FE DR S,1,3,1,0,2,4,0,0,55,0,0,0,0,1,1,1,3
,2021-22848,39.76092673,-105.0042982,7/2/2021 17:53,17:53,12,0,0,20TH ST & I-25,1,1,0,0,1,4,0,0,30,0,0,0,0,0,4,2,3
,2021-22849,39.81698798,-104.9733301,7/2/2021 22:34,22:34,1,0,0,BAYAUD AVE E & DOWNING ST,1,3,0,0,1,1,0,0,30,0,0,0,0,0,4,2,13
,2021-22850,39.72908053,-104.9874064,7/3/2021 15:17,15:17,3,0,0,N BROADWAY ST & E 8TH AVE,1,1,0,0,1,1,0,0,30,0,0,0,0,1,4,2,13
,2021-22851,39.74043353,-105.0141499,7/3/2021 2:08,2:08,12,0,0,COLFAX AVE W & I-25 SB OFF RAMP,1,3,0,0,1,3,0,0,40,0,0,0,0,1,2,2,13
,2021-22852,39.75330247,-104.9799717,7/3/2021 6:49,6:49,3,0,0,PARK AVE W & WELTON ST,1,1,0,0,1,1,0,0,30,0,0,0,0,0,4,2,8
,2021-22853,39.74440055,-105.0105911,7/3/2021 17:42,17:42,8,0,0,AURARIA PKWY & N SPEER BLVD,1,1,0,0,1,1,0,0,35,0,0,0,0,1,4,2,13
,2021-22854,39.66631897,-105.0250984,7/3/2021 17:07,17:07,3,0,0,FEDERAL BLVD S & ILIFF AVE RD E,1,1,0,0,1,1,0,0,25,0,0,0,0,0,2,2,13
,2021-22855,39.68226354,-105.0250299,7/3/2021 14:26,14:26,1,0,1,FEDERAL BLVD S & JEWELL AVE W,1,1,0,0,1,1,0,0,40,0,0,0,0,2,2,2,13
,2021-22856,39.8334535,-104.69293,7/4/2021 9:55,9:55,1,0,0,JACKSON GAP ST N & PENA BLVD,1,1,0,0,1,1,0,0,30,0,0,0,0,0,4,2,13
,2021-22857,39.68226354,-105.0250299,7/3/2021 21:49,21:49,1,0,0,FEDERAL BLVD S & JEWELL AVE W,1,3,2,0,1,1,0,0,35,0,0,0,0,1,2,2,13
,2021-22858,39.74014353,-104.9156799,6/27/2021 9:59,9:59,9,0,1,COLFAX AVE E & 6200 BLK E,1,1,0,0,1,4,0,0,35,0,0,0,1,2,2,1,13
,2021-22859,39.77987352,-104.9671599,7/4/2021 18:14,18:14,12,0,0,I-70 & COLORADO BLVD N,1,1,0,0,1,4,0,0,55,0,0,0,0,0,4,2,13
,2021-22860,39.73304354,-105.0463299,7/4/2021 2:00,2:00,6,0,1,W 10TH AVE & N VRAIN ST,1,3,0,0,1,1,0,0,30,0,0,0,0,2,4,2,14
,2021-22861,39.75585337,-104.9818584,7/4/2021 19:45,19:45,11,0,1,26TH ST & CHAMPA ST,1,2,1,0,1,1,0,0,0,0,0,1,0,0,4,2,16
,2021-22862,39.76044121,-105.0096325,7/4/2021 1:33,1:33,5,0,0,I-25 & 17TH ST W,1,3,0,0,2,4,0,0,55,0,0,0,0,0,1,1,2
,2021-22863,39.77632352,-104.8272299,7/3/2021 21:26,21:26,6,0,0,E 44TH AVE & N DENMARK CT,1,3,0,0,1,4,0,0,35,0,0,0,0,1,4,2,3
,2021-22864,39.64445354,-104.9129499,7/3/2021 23:09,23:09,6,0,1,MONACO ST S & MANSFILED AVE E,1,4,1,0,3,4,0,0,35,0,0,0,0,2,4,2,2
,2021-22865,39.75939353,-104.9877299,7/2/2021 12:41,12:41,3,0,0,BLAKE ST & N BROADWAY ST,1,1,2,0,1,1,0,0,30,0,0,0,0,0,4,2,3
,2021-22866,39.65210354,-104.9148699,7/2/2021 17:30,17:30,6,0,0,HAMPDEN AVE & 6470 E PRIVATE PROPERTY,1,3,0,0,5,7,0,0,,0,0,0,0,0,3,2,14
,2021-22867,39.76141352,-104.9034499,7/4/2021 19:40,19:40,3,0,1,E MLK BLVD & N QUEBEC ST,1,1,0,0,1,1,0,0,35,0,0,0,1,3,4,2,14
,2021-22868,39.84219508,-105.0203578,7/4/2021 19:11,19:11,11,0,0,CLAY ST S & DECATUR ST N,1,1,0,0,1,5,0,0,0,0,1,0,0,1,4,1,16
,2021-22869,39.73850678,-104.9126153,7/4/2021 2:01,2:01,3,0,0,E 14TH AVE & N WABASH ST,1,3,0,0,1,1,0,0,25,0,0,0,0,0,4,2,13
,2021-22870,39.78362051,-104.7722075,7/2/2021 16:30,16:30,12,0,0,N TOWER RD & E GVR BLVD,1,1,0,0,1,1,0,0,45,0,0,0,0,1,4,2,13
,2021-22871,39.76044121,-105.0096325,7/4/2021 2:11,2:11,15,0,0,I-25 & 17TH ST W,1,3,0,0,1,4,0,0,55,0,0,0,0,0,1,2,16
,2021-22908,39.81132352,-104.9954399,7/12/2021 0:27,0:27,5,0,1,I 76 & MM 3,1,1,3,0,1,4,0,0,,0,0,0,0,2,1,3,16
,2021-23014,39.75146353,-104.9979599,7/4/2021 3:21,3:21,2,0,0,17TH ST & BLAKE ST,1,3,0,0,1,1,0,0,0,1,0,0,0,0,4,2,16
,2021-23015,39.68486354,-104.9594399,7/4/2021 2:24,2:24,12,0,0,I-25 & UNIVERSITY BLVD S,1,3,0,0,1,4,0,0,60,0,0,0,0,1,4,2,3
,2021-23016,39.75098352,-104.8927999,6/22/2021 17:25,17:25,11,0,1,23RD AVE E & UNITA ST N,1,1,0,0,1,1,0,0,25,0,0,1,0,2,4,1,1
,2021-23017,39.79113353,-105.0346099,6/30/2021 21:50,21:50,3,0,0,52ND AVE W & LOWELL BLVD N,1,3,2,0,1,1,0,0,30,0,0,0,0,0,4,2,16
,2021-23018,39.70039754,-105.0250714,6/29/2021 15:16,15:16,1,0,0,FEDERAL BLVD S & KENTUCKY AVE W,1,1,0,0,1,1,0,0,40,0,0,0,0,0,2,2,13
,2021-23020,39.72890353,-104.9975699,6/25/2021 15:12,15:12,15,0,0,W 8TH AVE & N INCA ST,11,1,0,1,1,4,0,0,35,0,0,0,0,0,4,2,13
,2021-23021,39.74035354,-105.0520699,6/30/2021 18:25,18:25,11,0,0,COLFAX AVE W & ZENOBIA ST N,1,1,0,0,1,1,0,0,40,0,1,0,0,1,2,1,13
,2021-23022,39.75712353,-105.0004299,7/1/2021 4:05,4:05,5,0,0,19TH ST & BASSETT ST,1,3,0,0,4,4,0,0,15,0,0,0,0,0,4,1,8
,2021-23023,39.72527841,-105.1417334,7/1/2021 9:05,9:05,12,0,0,I-25 & 6TH AVE W,1,1,0,0,1,4,0,0,55,0,0,0,0,1,1,2,14
,2021-23024,39.74871353,-104.9858699,6/25/2021 23:39,23:39,5,0,0,WELTON ST & 20TH ST,11,3,0,1,3,4,0,0,,0,0,0,0,1,4,1,5
,2021-23025,39.69467734,-104.9592994,7/1/2021 15:30,15:30,15,0,0,I-25 & UNIVERSITY BLVD S,1,1,0,0,1,4,0,0,60,0,0,0,0,0,1,2,14
,2021-23026,39.78260803,-104.9985394,6/30/2021 22:55,22:55,12,0,0,I-70 WB & STEELE ST N,1,3,0,0,1,4,0,0,55,0,0,0,0,1,1,2,16
,2021-23027,39.68751354,-104.9687199,7/1/2021 16:59,16:59,15,0,0,I-25 & FRANKLIN ST S,11,1,1,1,1,4,0,0,60,0,0,0,0,0,1,2,13
,2021-23028,39.78990352,-104.9581499,6/27/2021 4:39,4:39,6,0,0,YORK ST & 5160 N,1,1,0,0,5,7,0,0,10,0,0,0,0,0,3,2,13
,2021-23029,39.74197353,-105.0145799,7/1/2021 12:22,12:22,12,0,0,I-25 & AURARIA PKWY,1,1,1,0,1,4,0,0,55,0,0,0,0,0,1,2,3
,2021-23030,39.74992453,-104.9808252,6/30/2021 17:19,17:19,3,0,0,TREMONT PLACE & 14TH STREET,1,1,0,0,1,2,0,0,25,0,0,0,0,0,4,2,13
,2021-23031,39.76115353,-105.0047499,7/1/2021 13:30,13:30,12,0,0,I-25 & 20TH ST,1,1,0,0,1,4,0,0,55,0,0,0,0,0,1,2,3
,2021-23032,39.8340925,-104.7719825,6/30/2021 19:45,19:45,4,0,0,PENA BLVD & TOWER RD N,1,2,0,0,1,4,0,0,65,0,0,0,0,0,4,1,13
,2021-23033,39.66789873,-104.9209794,7/1/2021 11:22,11:22,12,0,0,N HOLLY ST & E MLK BLVD,1,1,0,0,1,1,0,0,35,0,0,0,0,0,4,2,16
,2021-23034,39.78498351,-104.79036,7/1/2021 13:45,13:45,12,0,0,PENA BLVD INBOUND & 4800 BLK,1,1,0,0,1,1,0,0,,0,0,0,0,0,4,2,7
,2021-23035,39.75131353,-105.0165199,7/1/2021 2:53,2:53,5,0,0,I-25 & 23RD AVE W,11,3,0,1,2,4,0,0,55,0,0,0,0,0,1,1,7
,2021-23036,39.8048341,-104.868493,7/1/2021 20:45,20:45,12,0,0,HAMPDEN AVE 10100 BLK E & GALENA ST,1,1,0,0,1,4,0,0,45,0,0,0,0,0,4,2,3
,2021-23037,39.78823351,-104.8275199,6/30/2021 15:00,15:00,5,0,0,14200 BLK E 51ST AVE & E 51ST AVE,1,1,0,0,2,3,0,0,25,0,0,0,0,0,4,1,7
,2021-23038,39.68354354,-104.9405699,6/30/2021 23:25,23:25,10,0,0,COLORADO BLVD S & I-25 NB ON RAMP,1,3,1,0,1,1,0,0,35,0,0,0,0,0,2,2,1
,2021-23039,39.77167752,-104.9029729,6/30/2021 10:06,10:06,3,0,1,SMITH RD E & QUEBEC ST N,1,1,0,0,1,1,0,0,35,0,0,0,0,2,4,2,1
,2021-23040,39.63692875,-104.8899084,7/1/2021 12:43,12:43,12,0,0,I-70 EB & I-225 NB FLYOVER,1,1,0,0,1,4,0,0,55,0,0,0,0,1,1,2,13
,2021-23041,39.73368353,-105.0028099,7/1/2021 15:43,15:43,8,0,0,W 11TH AVE & N MARIPOSA ST,1,1,0,0,1,1,0,0,25,0,0,0,0,0,4,2,13
,2021-23042,39.71120354,-104.9988899,7/1/2021 12:00,12:00,12,0,0,I-25 & ALAMEDA AVE W,1,1,0,0,1,4,0,0,55,0,0,0,0,1,1,2,1
,2021-23043,39.76832353,-104.9949599,6/30/2021 8:24,8:24,12,0,0,I-25 & PARK AVE W,1,1,1,0,1,4,0,0,55,0,0,0,0,0,1,2,16
,2021-23044,39.75330247,-104.9799717,6/30/2021 9:30,9:30,10,0,0,27TH ST & WELTON ST,1,1,0,0,1,1,0,0,30,0,0,0,0,0,4,2,13
,2021-23045,39.66761354,-104.9257499,6/30/2021 8:09,8:09,12,0,0,I-25 & YALE AVE E,1,1,0,0,1,4,0,0,65,0,0,0,0,1,1,2,1
,2021-23046,39.62421222,-104.8898544,6/30/2021 12:01,12:01,1,0,0,BELLEVIEW AVE E & DTC BLVD,1,1,0,0,1,1,0,0,35,0,0,0,0,0,4,2,13
,2021-23047,39.72527841,-105.1417334,6/30/2021 14:23,14:23,12,0,0,I-25 & 6TH AVE W,1,1,0,0,1,4,0,0,55,0,0,0,0,0,1,2,13
,2021-23048,39.71933354,-105.0043199,6/30/2021 10:05,10:05,5,0,0,200 N RIO GRANDE BLVD & PRIVATE PROPERTY,1,1,0,0,5,7,0,0,10,0,0,0,0,0,3,2,13
,2021-23049,39.75608353,-105.0015299,6/30/2021 18:40,18:40,3,0,0,18TH ST & CHESTNUT PL,1,1,0,0,1,2,0,0,25,0,0,0,0,0,4,2,13
,2021-23050,39.77176352,-104.9034799,6/30/2021 11:39,11:39,3,0,0,N QUEBEC ST & E SMITH RD,1,1,0,0,1,1,0,0,35,0,0,0,0,0,4,2,13
,2021-23051,39.75679353,-104.9806299,6/27/2021 12:45,12:45,3,0,0,CHAMPA ST & 27TH ST,1,1,0,0,1,1,0,0,25,0,0,0,0,0,4,2,8
,2021-23052,39.63861354,-104.9099499,6/30/2021 11:26,11:26,12,0,0,I-25 & QUINCY AVE E,1,1,0,0,1,4,0,0,55,0,0,0,0,0,1,2,14
,2021-23053,39.78079352,-104.9496899,6/30/2021 13:45,13:45,3,0,1,N VASQUEZ BLVD & E 46TH AVE,1,1,0,0,1,1,0,0,35,0,0,0,0,1,2,2,13
,2021-23100,39.74307435,-105.0065071,5/14/2021 13:02,13:02,6,0,0,8TH ST E & 400 E 8TH ST,1,1,3,0,5,4,0,0,10,0,0,0,0,0,3,2,11
,2021-23146,39.65208076,-105.0841628,6/30/2021 8:58,8:58,15,0,0,W HAMPDEN AVE & S DEPEW ST (OFFSET REF),1,1,0,0,1,4,0,0,65,0,0,0,0,0,2,2,1
,2021-23147,39.75845353,-105.0213599,6/30/2021 5:21,5:21,12,0,0,N SPEER BLVD & W 29TH AVE,1,1,0,0,1,1,0,0,35,0,0,0,0,0,4,2,4
,2021-23148,39.71831353,-104.9785699,6/29/2021 19:43,19:43,3,0,0,700 BLK E 1ST AVE & N WASHINGTON ST,1,2,0,0,1,5,0,0,30,0,0,0,0,0,4,2,13
,2021-23149,39.78558252,-104.9875729,6/30/2021 3:10,3:10,6,0,0,BROADWAY ST N & 49TH AVE,1,3,0,0,1,3,0,0,25,0,0,0,0,0,4,2,3
,2021-23150,39.77967353,-104.9791499,6/30/2021 6:22,6:22,5,0,0,I-70 & WASHINGTON ST N,1,1,0,0,3,4,0,0,55,0,0,0,0,0,1,1,1
,2021-23151,39.69217354,-105.0343699,6/29/2021 21:56,21:56,6,0,0,LOWELL BLVD S & LOUISIANA AVE W,1,3,0,0,1,4,0,0,25,0,0,0,0,0,4,2,5
,2021-23152,39.63540354,-104.9030999,6/29/2021 16:53,16:53,12,0,1,I-225 SB TO & I-25 NB,11,1,0,1,1,4,0,0,65,0,0,0,0,1,1,2,13
,2021-23153,39.77107452,-104.8464169,6/26/2021 17:00,17:00,15,0,0,N PEORIA ST & E 39TH AVE,1,1,0,1,1,1,0,0,40,0,0,0,0,0,4,2,16
,2021-23154,39.72727353,-104.9874099,1/23/2021 13:37,13:37,3,2,2,N BROADWAY ST & E SPEER BLVD,1,1,0,0,1,1,0,0,30,0,0,0,0,4,4,2,13
,2021-23155,39.76115353,-105.0047499,6/29/2021 14:14,14:14,12,0,0,I-25 & 20TH ST,1,1,0,0,1,4,0,0,55,0,0,0,0,0,1,2,3
,2021-23156,39.78223515,-104.8675378,6/29/2021 14:00,14:00,15,0,0,N HAVANA ST & E 47TH AVE,1,1,0,0,1,3,0,0,45,0,0,0,0,0,4,2,13
,2021-23157,39.67840354,-104.9407399,6/24/2021 7:47,7:47,12,0,0,E EVANS AVE & S COLORADO BLVD,1,1,0,0,1,3,0,0,35,0,0,0,0,0,2,2,13
,2021-23158,39.78966351,-104.8218799,7/2/2021 16:15,16:15,1,0,0,E 52ND AVE & N CRYSTAL ST,1,1,0,0,1,1,0,0,25,0,0,0,0,0,4,2,13
,2021-23159,39.77297762,-104.9789086,6/29/2021 16:54,16:54,6,0,0,1900 BLOCK CHESTNUST ST & CHESTNUT PL,11,1,0,1,1,4,0,0,25,0,0,0,0,0,4,2,7
,2021-23160,39.74923074,-104.8861779,6/29/2021 15:20,15:20,3,0,0,E MLK & CENTRAL PARK BLVD,1,1,0,0,1,1,0,0,35,0,0,0,0,0,4,2,13
,2021-23161,39.76944592,-105.0315221,7/1/2021 22:04,22:04,15,0,0,I-25 & 38TH AVE W,1,3,0,0,1,4,0,0,55,0,0,0,0,0,1,2,4
,2021-23162,39.74019553,-104.9128009,7/2/2021 23:31,23:31,12,0,0,E COLFAX AVE & N MONACO ST,1,3,0,0,1,1,0,0,30,0,0,0,0,0,2,2,14
,2021-23163,39.76115353,-105.0047499,7/1/2021 17:00,17:00,12,0,0,I-25 & 20TH ST,1,1,0,0,1,4,0,0,55,0,0,0,0,0,1,2,3
,2021-23164,39.76509853,-104.9768899,7/2/2021 18:00,18:00,3,0,0,LARIMER ST & 33RD ST,1,1,1,0,1,1,0,0,30,0,0,0,1,0,4,2,13
,2021-23165,39.74405353,-105.0005999,7/4/2021 17:45,17:45,12,0,0,N SPEER BLVD & ARAPAHOE ST,1,1,1,0,1,4,0,0,35,0,0,0,0,0,4,3,8
,2021-23166,39.71874587,-104.975702,7/1/2021 21:19,21:19,15,0,0,E SPEER BLVD & N GRANT ST,1,3,0,0,1,1,0,0,30,0,0,0,0,0,4,2,13
,2021-23167,39.75070353,-104.9659299,7/1/2021 12:55,12:55,3,0,0,E 23RD AVE & N WILLIAMS ST,1,1,0,0,1,1,0,0,15,0,0,0,0,0,4,3,13
,2021-23168,39.78003353,-104.9891799,6/29/2021 9:03,9:03,5,0,1,I-25 & I-70 EB,1,1,0,0,2,4,0,0,55,0,0,0,0,2,1,1,13
,2021-23169,39.91915628,-105.0050976,7/4/2021 18:06,18:06,15,0,0,I-70 & PECOS ST N,1,1,0,0,1,4,0,0,55,0,0,0,0,0,1,3,13
,2021-23170,39.64001154,-104.884355,7/1/2021 21:30,21:30,5,0,1,I-225 & YOSEMITE ST S,1,3,0,0,3,4,0,0,65,0,0,0,0,1,1,1,5
,2021-23171,39.72590354,-105.0252334,7/1/2021 14:28,14:28,12,0,1,6TH AVE W & FEDERAL BLVD N,1,1,0,0,1,4,0,0,55,0,0,0,0,2,2,2,5
,2021-23172,39.76213353,-105.0345999,4/10/2021 11:52,11:52,3,1,2,W 32ND AVE & N LOWELL BLVD,1,1,0,0,1,1,0,0,30,0,0,0,0,4,4,9,1
,2021-23173,39.73605353,-104.9848499,7/3/2021 3:05,3:05,6,0,0,SHERMAN ST N & 12TH AVE E,1,3,0,0,1,4,0,0,30,0,0,0,0,0,4,3,14
,2021-23174,39.78179351,-104.73702,7/2/2021 17:35,17:35,3,0,0,GVR BLVD E & ORLEANS ST N,1,1,0,0,1,1,0,0,25,0,0,0,0,0,4,2,13
,2021-23175,39.63413354,-104.9067299,7/2/2021 11:18,11:18,12,0,0,I-25 & I-225,1,1,0,0,1,4,0,0,45,0,0,0,0,0,1,2,13
,2021-23176,39.74488353,-104.9861099,7/1/2021 23:35,23:35,3,0,0,N LINCOLN ST & E 18TH AVE,1,3,0,0,1,1,0,0,30,0,0,0,0,1,4,2,16
,2021-23177,39.68309354,-104.9405399,7/2/2021 2:54,2:54,5,0,0,COLORADO BLVD S & I-25 NB OFF RAMP,1,3,0,0,2,8,0,0,45,0,0,0,0,1,2,1,5
,2021-23178,39.68203354,-104.9593699,7/1/2021 22:50,22:50,3,0,0,UNIVERSITY BLVD S & JEWELL AVE E,1,3,0,0,1,1,0,0,25,0,0,0,0,0,4,2,13
,2021-23179,39.73284353,-104.8846899,7/2/2021 12:02,12:02,1,0,0,YOSEMITE ST N & 11TH AVE E,1,1,0,0,1,2,0,0,35,0,0,0,0,1,4,2,13
,2021-23180,39.67937354,-104.9971499,7/3/2021 21:22,21:22,6,0,0,HURON ST S & EVANS AVE E,1,3,0,0,1,4,0,0,30,0,0,0,0,1,4,3,13
,2021-23181,39.69673354,-105.0203499,7/3/2021 18:12,18:12,15,0,0,W MISSISSIPPI AVE & S CLAY ST,1,1,0,0,1,1,0,0,35,0,0,0,0,1,4,3,13
,2021-23182,39.78003353,-104.9891799,6/30/2021 17:33,17:33,12,0,0,I-25 & I-70,1,1,0,0,1,4,0,0,55,0,0,0,0,1,1,3,3
,2021-23183,39.77582352,-104.8657299,7/1/2021 13:46,13:46,15,0,0,I-70 WB & HAVANA ST N,1,1,0,0,1,4,0,0,55,0,0,0,0,0,1,3,1
,2021-23184,39.75436353,-105.0065399,6/21/2021 18:36,18:36,6,0,0,LITTLE RAVEN ST & 15TH ST,1,1,1,0,1,3,0,0,25,0,0,0,0,0,4,3,16
,2021-23185,39.71116354,-105.0250799,6/9/2021 10:41,10:41,3,0,0,ALAMEDA AVE W & FEDERAL BLVD S,1,1,0,0,1,1,0,0,40,0,0,0,0,1,2,2,8
,2021-23186,39.74754353,-104.9810699,7/2/2021 10:17,10:17,3,0,1,E 20TH AVE & N PENNSYLVANIA ST,1,1,0,0,1,1,0,0,25,0,0,0,0,2,4,4,13
,2021-23187,39.76007352,-104.8695699,6/29/2021 15:35,15:35,6,1,0,N GALENA ST & E MLK BLVD,1,1,0,0,1,1,0,0,35,0,0,0,0,4,4,2,10
,2021-23188,39.78010353,-104.9895499,7/1/2021 9:04,9:04,12,0,0,I-70 EB OFF RAMP TO & I-25 SB,1,1,1,0,1,8,0,0,55,0,0,0,0,0,1,3,7
,2021-23196,39.76566352,-104.9405599,6/10/2021 7:29,7:29,15,0,0,35TH AVE E & COLORADO BLVD N,1,1,3,0,1,1,0,0,35,0,0,0,0,0,2,2,1
,2021-23207,39.76745352,-104.9052399,6/6/2021 12:00,12:00,10,0,0,QUEBEC ST & 36TH AVE E,1,1,3,0,1,1,0,0,45,0,0,0,0,1,4,2,1
,2021-23221,39.74623353,-104.9960199,6/9/2021 14:22,14:22,15,0,0,15TH ST & CURTIS ST,1,1,3,0,1,4,0,0,25,0,0,0,0,0,4,2,16
,2021-23223,39.79026351,-104.81055,6/9/2021 6:00,6:00,3,0,0,GRANBY ST N & 53RD AVE E,1,1,3,0,1,1,0,0,25,0,0,0,0,0,4,2,13
,2021-23224,39.74405353,-104.9797899,5/30/2021 11:25,11:25,6,0,0,PEARL ST N & 17TH AVE E,11,1,3,1,1,4,0,0,30,0,0,0,0,0,4,2,13
,2021-23226,39.65333355,-105.0530799,6/9/2021 11:45,11:45,12,0,0,HWY 285 WB OFF RAMP TO & SHERIDAN BLVD S,1,1,3,0,1,8,0,0,45,0,0,0,0,0,2,2,3
,2021-23232,39.72645353,-104.9874199,6/9/2021 11:12,11:12,15,0,0,600 BLK N BROADWAY ST & W 6TH AVE,1,1,3,0,1,4,0,0,40,0,0,0,0,0,4,2,16
,2021-23236,39.73998353,-104.9622299,6/10/2021 16:10,16:10,15,0,0,COLFAX AVE E & VINE ST N,1,1,3,0,1,4,0,0,30,0,0,0,0,0,2,2,8
,2021-23239,39.76622353,-104.9771699,6/10/2021 10:47,10:47,1,0,1,WALNUT ST & 33RD ST,1,1,3,0,1,4,0,0,35,0,0,0,1,2,4,2,11
,2021-23241,39.68293354,-104.9405399,6/9/2021 8:10,8:10,12,0,0,I-25 & COLORADO BLVD S,1,1,3,0,1,4,0,0,55,0,0,0,0,0,1,2,13
,2021-23242,39.74020353,-105.0048699,5/26/2021 7:00,7:00,15,0,0,COLFAX AVE W & 7TH ST,1,1,3,0,1,4,0,0,30,0,0,0,0,0,2,2,1