id,drcog_id,latitude,longitude,crashtime,time,crashtype,numbkilled,numbinjurd,drcoglocat,rdconditin,lightngcon,roadcntgrd,weatherco,location,roaddescrp,schoolzone,constrzone,splimit,bikeinv,pedinv,sctrinv,motoinv,svrty,rdsystem,ttlvehcls,hcf
,2021-23248,39.73044353,-104.9861299,6/2/2021 14:16,14:16,12,0,0,N LINCOLN ST & E 9TH AVE,1,1,3,0,1,4,0,0,35,0,0,0,0,1,4,2,8
,2021-23249,39.74209353,-105.0517499,5/19/2021 13:40,13:40,15,0,0,ZENOBIA ST N & 16TH AVE W,1,1,3,0,1,4,0,0,25,0,0,0,0,0,4,2,16
,2021-23250,39.63866354,-104.8926699,6/9/2021 17:15,17:15,12,0,0,S TAMARAC DR & E QUINCY AVE,1,1,3,0,1,1,0,0,25,0,0,0,0,0,4,2,3
,2021-23252,39.82046733,-104.6931439,7/11/2021 7:45,7:45,12,0,0,68TH AVE & JACKSON GAP ST,1,1,3,0,1,3,0,0,45,0,0,0,0,0,4,2,13
,2021-23258,39.67842354,-104.9593799,6/8/2021 16:15,16:15,15,0,0,E EVANS AVE & S UNIVERSITY BLVD,1,1,3,0,1,3,0,0,30,0,0,0,0,0,4,2,3
,2021-23260,39.71115354,-105.0263099,6/9/2021 7:12,7:12,15,0,0,ALAMEDA AVE W & HAZEL CT,1,1,3,7,1,4,0,0,30,0,0,0,0,0,2,2,16
,2021-23261,39.76204353,-104.9733299,6/9/2021 14:59,14:59,15,0,0,1200 BLK E MLK BLVD & DOWNING ST,1,1,3,0,1,4,0,0,35,0,0,0,0,0,4,2,13
,2021-23262,39.70385353,-104.9146999,6/9/2021 15:10,15:10,12,0,0,LEETSDALE DR & EXPOSITION AVE E,1,1,3,0,1,1,0,0,35,0,0,0,0,0,2,2,3
,2021-23264,39.74623353,-104.9960199,6/8/2021 7:35,7:35,15,0,0,15TH ST & CURTIS ST,1,1,3,0,1,3,0,0,25,0,0,0,0,0,4,2,16
,2021-23265,39.70033354,-105.0310899,6/8/2021 10:30,10:30,6,0,0,KENTUCKY AVE W & IRVING ST S,1,1,3,0,1,4,0,0,25,0,0,0,0,0,4,2,3
,2021-23267,39.72533653,-104.9127829,6/9/2021 18:15,18:15,12,0,0,E 6TH AVE & N MONACO ST,1,1,3,0,1,1,0,0,25,0,0,0,0,0,4,2,3
,2021-23268,39.70294453,-104.9129359,6/9/2021 10:55,10:55,12,0,1,LEETSDALE DR & S MONACO ST,1,1,3,0,1,3,0,0,30,0,0,0,0,2,2,2,13
,2021-23269,39.71116354,-105.0186899,6/9/2021 8:15,8:15,15,0,0,ALAMEDA AVE W & CLAY ST S,1,1,3,0,1,4,0,0,30,0,0,0,0,0,2,2,16
,2021-23276,39.74014352,-104.8999799,6/10/2021 14:21,14:21,15,0,0,COLFAX AVE 7600 BLK E & QUINCE ST,1,1,3,0,1,4,0,0,40,0,0,0,0,0,2,2,13
,2021-23278,39.69836354,-104.9871299,5/22/2021 12:27,12:27,6,0,0,BROADWAY ST S & 1000 BLK S,1,3,3,0,5,7,0,0,,0,0,0,0,0,3,2,16
,2021-23297,39.74845353,-105.0000899,6/8/2021 10:31,10:31,15,0,0,1400 BLK MARKET ST & 15TH ST,1,1,3,0,1,4,0,0,25,0,0,0,0,0,4,2,16
,2021-23299,39.67846454,-104.9315884,6/10/2021 9:51,9:51,12,0,0,E EVANS AVE & S DAHLIA ST,1,1,3,0,1,4,0,0,35,0,0,0,0,0,4,2,13
,2021-23304,39.84047462,-104.9817604,6/6/2021 9:00,9:00,5,0,0,GRANT ST & 1350 N,1,3,3,0,5,7,0,0,15,0,0,0,0,0,3,1,16
,2021-23305,39.68935353,-104.9223299,6/9/2021 16:15,16:15,12,0,0,E FLORIDA AVE & S HOLLY ST,1,1,3,0,1,1,0,0,30,0,0,0,0,0,4,2,11
,2021-23313,39.72666353,-104.9874199,6/11/2021 7:45,7:45,5,0,0,N BROADWAY ST & N SPEER BLVD,1,1,3,0,3,1,0,0,35,0,0,0,0,0,4,1,2
,2021-23321,39.76568353,-104.9950429,6/30/2021 16:58,16:58,12,0,0,PARK AVE W & N GLOBEVILLE RD,1,1,1,0,1,1,0,0,35,0,0,0,0,0,4,3,14
,2021-23322,39.72516664,-105.0260466,6/30/2021 14:37,14:37,12,0,0,HWY 6 EB OFF RAMP & FEDERAL BLVD N,1,1,1,0,1,8,0,0,45,0,0,0,0,0,1,3,3
,2021-23323,39.77711481,-104.8802253,6/30/2021 22:20,22:20,12,0,0,I-70 WB & CENTRAL PARK BLVD N,1,4,0,0,1,4,0,1,65,0,0,0,0,0,1,4,13
,2021-23325,39.77335352,-104.8213,6/30/2021 22:30,22:30,6,0,0,14700 BLK E 43RD AVE & E ELKHART ST,1,3,0,0,1,4,0,0,25,0,0,0,0,0,4,2,3
,2021-23326,39.76928353,-105.0228999,6/30/2021 17:50,17:50,3,0,0,38TH AVE W & ELIOT ST N,1,1,0,0,1,5,0,0,25,0,0,0,0,0,4,3,16
,2021-23327,39.80894243,-105.0346847,6/30/2021 19:00,19:00,6,0,0,LOWELL BLVD & 3400 S,1,1,1,0,5,7,0,0,,0,0,0,0,0,3,3,14
,2021-23328,39.69663554,-104.9891302,6/29/2021 21:33,21:33,1,0,1,W MISSISSIPPI AVE & S SANTE FE DR,1,3,0,0,1,1,0,0,35,0,0,0,0,2,2,2,13
,2021-23329,39.75536353,-105.0126799,7/2/2021 18:31,18:31,12,0,0,I-25 & SPEER BLVD N,1,2,0,0,1,4,0,0,55,0,0,0,0,1,1,3,3
,2021-23330,39.79110353,-105.0251799,7/2/2021 15:24,15:24,10,0,0,FEDERAL BLVD N & 52ND AVE W,1,1,1,0,1,1,0,0,35,0,0,0,1,0,2,2,13
,2021-23331,39.68999354,-104.9734099,7/2/2021 10:22,10:22,12,0,1,I-25 & DOWNING ST,1,1,0,0,1,4,0,0,60,0,0,0,0,2,1,4,5
,2021-23332,39.77585351,-104.8222799,7/3/2021 21:10,21:10,6,0,0,E ANDREWS DR & N DURHAM CT,1,3,0,0,1,4,0,0,25,0,0,0,0,0,4,2,1
,2021-23333,39.72551353,-105.0133499,7/5/2021 14:40,14:40,5,0,0,I-25 NB/SB SPLIT GORE PT FROM & HWY 6 EB,1,1,1,0,2,8,0,0,55,0,0,0,0,1,2,1,1
,2021-23334,39.71655353,-104.9862399,6/28/2021 18:20,18:20,15,0,0,N LINCOLN ST & E ELLSWORTH AVE,1,1,0,0,1,3,0,0,35,0,0,0,0,0,4,2,5
,2021-23335,39.74002353,-104.9721299,7/1/2021 14:48,14:48,12,0,0,COLFAX AVE E & MARION ST N,1,1,1,0,1,4,0,0,30,0,0,0,0,0,2,4,1
,2021-23336,39.73920353,-104.9684499,6/30/2021 1:40,1:40,6,0,0,1400 BLK N FRANKLIN ST & E 14TH AVE,1,3,0,0,1,4,0,0,,0,0,0,0,0,4,3,16
,2021-23337,39.75285353,-104.9997199,7/2/2021 22:00,22:00,16,0,1,17TH ST & WYNKOOP ST,1,3,0,0,1,4,0,0,30,0,1,0,0,2,4,1,14
,2021-23338,39.74495353,-104.9406299,7/2/2021 17:07,17:07,12,0,1,COLORADO BLVD N & 18TH AVE E,1,1,1,7,1,3,0,0,35,0,0,0,1,2,2,2,7
,2021-23339,39.70633354,-105.0396799,7/4/2021 20:02,20:02,10,0,0,MORRISON RD & PERRY ST S,1,3,0,0,1,1,0,0,35,0,0,0,0,1,4,2,13
,2021-23340,39.74191353,-104.9139699,7/1/2021 20:19,20:19,3,0,1,E 16TH AVE & N LOCUST ST,1,2,1,0,1,1,0,0,25,0,0,0,0,2,4,2,7
,2021-23341,39.72712353,-104.9450799,7/3/2021 23:52,23:52,5,0,0,MONROE ST N & 7TH AVE E,1,4,0,0,2,1,0,0,35,0,0,0,0,0,4,1,16
,2021-23342,39.74018652,-104.8893469,7/4/2021 17:30,17:30,1,0,0,COLFAX AVE E & WABASH ST N,1,1,0,0,1,1,0,0,35,0,0,0,0,0,2,2,1
,2021-23343,39.71601354,-105.0514399,6/27/2021 14:23,14:23,6,0,0,ZENOBIA ST S & BAYAUD AVE W,14,5,0,7,1,4,0,0,25,0,0,0,0,0,4,5,16
,2021-23344,39.65307354,-104.9182499,7/2/2021 12:07,12:07,12,0,0,I-25 & HAMPDEN AVE E,1,1,0,0,1,4,0,0,65,0,0,0,0,1,1,3,3
,2021-23345,39.78003353,-104.9891799,6/30/2021 13:02,13:02,12,0,0,I-70 EB OFF RAMP TO & I-25,1,1,1,0,1,8,0,0,45,0,0,0,0,1,1,3,13
,2021-23372,39.83190352,-105.0069199,7/14/2021 9:37,9:37,6,0,0,W 74TH WAY & PECOS ST,1,1,3,0,1,4,0,0,25,0,0,0,0,0,4,2,14
,2021-23390,39.82331352,-104.9776499,7/14/2021 17:50,17:50,15,0,0,HWY 224 & WASHINGTON ST,1,1,3,0,1,4,0,0,35,0,0,0,0,0,2,2,13
,2021-23470,39.71119354,-104.9912899,6/11/2021 6:45,6:45,15,0,0,I-25 & ALAMEDA AVE W,1,1,3,0,1,4,0,0,55,0,0,0,0,0,1,2,13
,2021-23519,39.71780353,-104.9407774,6/8/2021 14:39,14:39,1,0,0,COLORADO BLVD N & 1ST AVE E,1,1,3,0,1,1,0,0,30,0,0,0,0,0,2,3,3
,2021-23520,39.77888352,-104.9234699,6/15/2021 10:15,10:15,5,0,0,STAPLETON DR NE & HOLLY ST N,1,1,3,0,1,3,0,0,35,0,0,0,1,0,4,1,13
,2021-23525,39.65304354,-104.9281799,6/7/2021 16:17,16:17,12,0,0,HAMPDEN AVE E & FAIRFAX ST S,1,1,3,0,1,1,0,0,35,0,0,0,0,0,2,3,3
,2021-23527,39.74013353,-104.9194499,6/8/2021 9:49,9:49,12,0,0,COLFAX AVE E & JERSEY ST N,1,1,3,0,1,1,0,0,30,0,0,0,0,0,2,3,13
,2021-23539,39.69948354,-105.0494299,6/9/2021 6:55,6:55,6,0,0,4800 BLK MORRISON RD & W KENTUCKY AVE,1,1,3,0,1,4,0,0,30,0,0,0,0,0,4,4,2
,2021-23540,39.72089053,-104.9973138,6/15/2021 7:05,7:05,3,0,0,W 3RD AVE & N SANTA FE DR,1,1,3,0,1,3,0,0,30,0,0,0,0,0,4,2,16
,2021-23544,39.71129353,-104.9128499,6/10/2021 8:09,8:09,12,0,0,E ALAMEDA AVE & S MONACO ST,1,1,3,0,1,4,0,0,35,0,0,0,0,0,4,3,14
,2021-23545,39.70663353,-104.9269499,6/13/2021 10:15,10:15,6,0,0,FOREST ST S & LEETSDALE DR,1,1,3,0,1,4,0,0,,0,0,0,0,0,4,2,16
,2021-23549,39.65314465,-104.8987287,6/15/2021 10:07,10:07,1,0,0,TAMARAC DR S & QUINCY AVE E,1,1,3,0,1,1,0,0,30,0,0,0,0,1,4,2,13
,2021-23550,39.8558435,-104.6292898,6/18/2021 8:30,8:30,6,0,0,88TH AVE & 3180 BLK E,1,1,3,0,1,4,0,0,15,0,0,0,0,0,4,2,14
,2021-23552,39.77655353,-105.0158499,6/13/2021 8:39,8:39,1,0,0,N ZUNI ST & W 44TH AVE,1,1,3,0,1,1,0,0,25,0,0,0,1,1,4,2,4
,2021-23558,39.65181555,-105.0531874,6/9/2021 16:30,16:30,15,0,0,HAMPDEN AVE W & SHERIDAN BLVD S,1,1,3,0,1,4,0,0,55,0,0,0,0,0,2,2,1
,2021-23559,39.74559553,-104.9951284,6/14/2021 11:54,11:54,8,0,0,CHAMPA ST & 15TH ST,1,1,3,0,1,1,0,0,30,0,0,0,0,0,4,2,13
,2021-23561,39.74685353,-104.9860999,6/14/2021 14:44,14:44,12,0,0,1900 BLK N LINCOLN ST & E 19TH AVE,1,1,3,0,1,4,0,0,30,0,0,0,0,1,4,2,8
,2021-23563,39.71996353,-104.9340332,6/15/2021 7:32,7:32,3,0,0,CHERRY ST N & 8TH AVE E,1,1,3,0,1,1,0,0,25,0,0,0,0,1,4,2,13
,2021-23566,39.67846353,-104.9238899,6/15/2021 10:59,10:59,1,0,0,E EVANS AVE & S HUDSON ST,1,1,3,0,1,1,0,0,30,0,0,0,0,1,4,2,13
,2021-23568,39.71701353,-104.8955599,6/15/2021 8:27,8:27,15,0,0,E LOWRY BLVD & E FAIRMOUNT DR,1,1,3,1,1,4,0,0,30,0,0,0,0,0,4,2,13
,2021-23570,39.72597174,-105.02486,6/13/2021 8:00,8:00,15,0,0,FEDERAL BLVD N & 600 BLK N,1,1,3,0,1,4,0,0,,0,0,0,0,0,2,2,16
,2021-23571,39.74152353,-105.0299399,6/14/2021 6:00,6:00,3,0,0,IRVING ST N & CONEJOS PL W,1,1,3,0,1,5,0,0,,0,0,0,0,0,4,2,16
,2021-23572,39.71117354,-105.0145099,6/10/2021 15:38,15:38,1,0,0,ALAMEDA AVE W & YUMA ST S,1,1,3,0,1,1,0,0,35,0,0,0,0,1,2,3,13
,2021-23575,39.74490253,-104.9873884,6/15/2021 13:00,13:00,15,0,0,18TH ST & N BROADWAY ST,1,1,3,0,1,1,0,0,30,0,0,0,0,0,4,2,13
,2021-23576,39.69142353,-104.9128799,6/15/2021 10:50,10:50,12,0,0,CHERRY CREEK DR NE & MONACO ST S,1,1,3,0,1,4,0,0,30,0,0,0,0,0,4,2,13
,2021-23583,39.75709353,-104.9733499,6/22/2021 20:40,20:40,15,0,0,DOWNING ST & 2800 BLK N,1,4,0,0,1,4,0,0,25,0,0,0,0,0,4,3,13
,2021-23584,39.68667354,-105.0071899,7/3/2021 22:58,22:58,6,0,0,QUIVAS ST & 1655 S,1,3,0,0,1,4,0,0,25,0,0,0,0,0,4,2,14
,2021-23585,39.71874587,-104.975702,7/4/2021 2:12,2:12,3,0,0,SPEER BLVD E & LOGAN ST N,1,3,0,0,1,1,0,0,30,0,0,0,0,0,4,2,5
,2021-23586,39.67846354,-104.9418099,7/2/2021 18:17,18:17,3,0,0,EVANS AVE E & COLORADO BLVD S,1,1,0,0,1,2,0,0,30,0,0,0,0,0,4,2,13
,2021-23588,39.65311354,-104.9024099,7/5/2021 8:11,8:11,12,0,0,HAMPDEN AVE E & POPLAR ST S,1,1,0,0,1,3,0,0,40,0,0,0,0,0,2,2,14
,2021-23589,39.70388053,-104.9593354,7/5/2021 9:40,9:40,3,0,0,EXPOSITION AVE E & UNIVERSITY BLVD S,1,1,0,0,1,1,0,0,30,0,0,0,0,1,4,2,13
,2021-23590,39.67844354,-104.9935099,6/7/2021 16:30,16:30,15,0,0,SANTA FE DR S & EVANS AVE W,1,1,0,0,1,4,0,0,45,0,0,0,0,0,2,2,13
,2021-23591,39.74146353,-104.9756399,6/8/2021 18:20,18:20,6,0,0,16TH AVE & 918 E,1,1,0,0,5,7,0,0,,0,0,0,0,0,3,2,7
,2021-23592,39.72541754,-105.0252199,7/5/2021 10:25,10:25,10,0,0,FEDERAL BLVD N & HWY 6 EB OFF RAMP,1,1,0,0,1,1,0,0,40,0,0,0,0,0,2,2,8
,2021-23593,39.71665678,-105.0744779,7/5/2021 11:07,11:07,10,0,0,SANTA FE DR N & ELLSWORTH AVE W,1,1,0,0,1,1,0,0,30,0,0,0,0,1,4,2,8
,2021-23594,39.75455353,-104.9886299,5/23/2021 2:22,2:22,12,0,0,2200 BLOCK LAWRENCE ST & 22ND ST,11,3,0,1,1,4,0,0,25,0,0,0,0,0,4,2,1
,2021-23595,39.74043353,-105.0139599,7/5/2021 8:43,8:43,15,0,0,I-25 & COLFAX AVE W,1,1,0,0,1,4,0,0,55,0,0,0,0,0,1,2,14
,2021-23596,39.72448353,-104.9402699,6/8/2021 19:17,19:17,12,0,0,COLORADO BLVD N & 6TH AVE W,1,2,0,0,1,4,0,0,35,0,0,0,0,0,2,2,13
,2021-23597,39.7607837,-105.0178941,7/5/2021 2:22,2:22,5,0,0,N CLAY ST & W CAITHNESS PL,1,3,0,0,3,4,0,0,35,0,0,0,0,0,4,1,13
,2021-23598,39.77026858,-104.8996366,7/5/2021 11:27,11:27,8,0,0,E 13TH AVE & N SYRACUSE ST,1,1,0,0,1,3,0,0,30,0,0,0,0,0,4,2,13
,2021-23599,39.78313353,-105.0064099,7/5/2021 3:42,3:42,14,0,0,I-70 EB EXIT GORE PT TO & PECOS ST N,1,3,0,0,1,4,0,0,55,0,0,0,0,0,1,2,14
,2021-23600,39.78890351,-104.8291499,7/4/2021 23:40,23:40,6,0,0,N BLACKHAWK WAY & E 51ST AVE,1,4,0,0,1,4,0,0,25,0,0,0,0,1,4,3,5
,2021-23602,39.78011352,-104.9533799,6/4/2021 16:45,16:45,12,0,0,I-70 WB ON RAMP FROM & VASQUEZ BLVD N,1,1,0,0,1,8,0,0,55,0,0,0,0,0,1,2,16
,2021-23603,39.73850678,-104.9126153,7/5/2021 16:44,16:44,6,0,0,14TH AVE E & COOK ST N,1,1,0,0,3,4,0,0,30,0,0,0,0,0,4,3,5
,2021-23604,39.72093353,-104.9874399,7/3/2021 8:00,8:00,12,0,0,N BROADWAY ST & E 3RD AVE,1,1,0,0,1,3,0,0,35,0,0,0,0,0,4,3,14
,2021-23605,39.77561352,-104.8657299,6/10/2021 15:49,15:49,12,0,0,I-70 EB & HAVANA ST N,1,1,0,0,1,4,0,0,55,0,0,0,0,0,1,2,16
,2021-23606,39.72342354,-105.0251099,7/3/2021 1:47,1:47,15,0,0,5TH AVE W & FEDERAL BLVD N,1,3,0,0,1,1,0,0,35,0,0,0,1,0,2,2,16
,2021-23607,39.71109289,-105.0691329,7/4/2021 22:32,22:32,15,0,0,I-25 & ALAMEDA AVE W,1,3,0,0,1,4,0,0,60,0,0,0,0,0,1,2,1
,2021-23608,39.72553353,-105.0131199,5/12/2021 18:13,18:13,5,0,0,6TH AVE W & I-25,1,1,1,0,1,4,0,0,45,0,0,0,0,1,2,4,1
,2021-23609,39.70677354,-105.0405699,5/26/2021 13:16,13:16,12,0,0,600 BLOCK S QUITMAN ST & MORRISON RD,1,1,0,0,1,4,0,0,25,0,0,0,0,0,4,2,16
,2021-23610,39.65699053,-104.866451,7/3/2021 22:35,22:35,3,0,0,E YALE AVE & S HAVANA ST,1,3,1,0,1,1,0,0,40,0,0,0,0,1,4,2,13
,2021-23611,39.72569653,-105.0001594,6/12/2021 16:11,16:11,3,0,0,W 6TH AVE & N KALAMATH ST,1,1,0,0,1,1,0,0,30,0,0,0,0,0,4,2,13
,2021-23612,39.77829352,-104.9035599,7/5/2021 1:17,1:17,15,0,0,QUEBEC ST & I-70 EB OFF RAMP,1,3,0,0,1,1,0,0,35,0,0,0,0,0,2,2,5
,2021-23613,39.75941953,-105.031369,6/9/2021 21:50,21:50,6,0,0,3469 W HAYWARD PL & N LOWELL BLVD,1,3,0,0,1,4,0,0,25,0,0,0,0,0,4,3,5
,2021-23614,39.70752354,-104.9876099,5/31/2021 12:54,12:54,12,0,0,S BROADWAY ST & W VIRGINIA AVE,1,1,0,0,1,1,0,0,45,0,0,0,0,0,4,2,1
,2021-23615,39.78289351,-104.7554,6/13/2021 0:20,0:20,1,0,0,E GVR BLVD & N HIMALAYA RD,1,3,0,0,1,1,0,0,40,0,0,0,0,0,4,2,13
,2021-23616,39.78010353,-104.9895499,6/12/2021 14:30,14:30,12,0,0,I-25 & I-70,1,1,0,0,1,4,0,0,55,0,0,0,0,0,1,2,14
,2021-23617,39.77094353,-105.0428599,7/4/2021 0:00,0:00,6,0,0,39TH AVE W & TENNYSONST N,1,3,0,0,1,4,0,0,25,0,0,0,0,0,4,2,16
,2021-23618,39.76939153,-105.0299674,7/6/2021 7:45,7:45,3,0,0,WB W 38TH AVE & N IRVING ST,1,1,1,0,1,1,0,0,30,0,0,0,0,0,4,2,3
,2021-23619,39.76182254,-104.9536384,7/6/2021 7:35,7:35,12,0,1,I-70 WB & FILLMORE ST N,1,1,0,0,1,4,0,1,55,0,0,0,0,1,1,4,1
,2021-23620,39.72727353,-104.9836099,7/6/2021 17:04,17:04,12,0,0,N GRANT ST & E 7TH AVE,1,1,1,0,1,4,0,0,35,0,0,0,0,0,4,3,14
,2021-23621,39.70396354,-105.0031999,7/5/2021 21:52,21:52,6,0,0,1300 BLOCK W EXPOSITION AVE & S OSAGE ST,1,4,0,0,1,4,0,0,25,0,0,0,0,1,4,3,13
,2021-23622,39.73553354,-105.0472299,7/2/2021 14:00,14:00,6,0,0,WELLS PL & 4600 BLK W,1,1,0,0,1,4,0,0,25,0,0,0,0,0,4,2,16
,2021-23623,39.76128695,-104.9585555,7/6/2021 17:54,17:54,10,0,0,NB N JOSEPHINE ST & E 11TH AVE,1,1,0,0,1,1,0,0,30,0,0,0,0,0,4,2,13
,2021-23624,39.73922353,-104.9809899,6/17/2021 18:25,18:25,6,0,0,1400 BLK N PENNSYLVANIA ST & E COLFAX AVE,1,1,0,0,1,4,0,0,25,0,0,0,0,0,4,2,3
,2021-23633,39.76115353,-105.0047599,6/7/2021 8:28,8:28,12,0,0,I-25 & 20TH ST,1,1,3,0,1,4,0,0,55,0,0,0,0,0,1,2,2
,2021-23637,39.81514352,-104.9530999,7/19/2021 8:20,8:20,12,0,0,I 270 & MM 0.75 (APPROX),1,1,3,0,1,4,0,0,55,0,0,0,0,0,1,2,13
,2021-23642,39.75456353,-104.9922299,6/13/2021 14:20,14:20,10,0,0,MARKET ST & 21ST ST,1,1,3,0,1,1,0,0,30,0,0,0,0,0,4,2,8
,2021-23774,39.69686354,-104.9852799,7/5/2021 16:24,16:24,6,0,0,MISSISSIPPI AVE & 197 E,1,1,1,0,5,7,0,0,,0,0,0,0,0,3,2,13
,2021-23775,39.75724353,-105.0252699,7/6/2021 19:29,19:29,11,0,1,FEDERAL BLVD N & 28TH AVE W,1,1,0,0,1,1,0,0,0,0,1,0,1,2,2,1,16
,2021-23776,39.65461355,-105.0527499,7/5/2021 17:25,17:25,5,0,0,SHERIDAN BLVD & 3100 S,1,1,0,0,5,7,0,0,,0,0,0,0,0,3,1,3
,2021-23777,39.70314354,-104.9947699,5/24/2021 19:15,19:15,5,0,1,SANTA FE DR S & MISSISSIPPI AVE W,1,2,0,0,2,4,0,0,45,0,0,0,0,2,2,1,7
,2021-23778,39.75831353,-104.9874299,7/4/2021 22:36,22:36,10,0,1,WALNUT ST & BROADWAY ST N,1,3,0,0,1,1,0,0,30,0,0,0,0,2,4,2,13
,2021-23779,39.76183152,-104.9128279,7/5/2021 0:08,0:08,3,0,0,N MONACO ST & E MLK BLVD,1,3,0,0,1,1,0,0,30,0,0,0,0,1,4,2,16
,2021-23780,39.72488353,-104.9852699,7/5/2021 17:40,17:40,15,0,0,100 BLK E SPEER BLVD & N LINCOLN ST,1,1,0,0,1,4,0,0,35,0,0,0,0,0,4,2,13
,2021-23781,39.822642,-104.6943579,7/6/2021 8:18,8:18,6,0,0,78TH AVE 25500 E & N JACKSON GAP ST,1,1,0,0,5,7,0,0,10,0,0,0,0,0,3,2,3
,2021-23782,39.72906353,-104.9835899,7/6/2021 18:36,18:36,6,0,0,N GRANT ST & E 8TH AVE,1,1,1,0,1,4,0,0,35,0,0,0,0,0,4,2,14
,2021-23784,39.75966353,-105.0017699,7/9/2021 1:00,1:00,12,0,0,20TH ST & LITTLE RAVEN ST,1,3,1,0,1,1,0,0,35,0,0,0,0,0,4,2,5
,2021-23785,39.75171353,-104.9911099,6/26/2021 2:13,2:13,12,0,0,1100 BLOCK 20TH ST & ARAPAHOE,11,3,0,1,1,4,0,0,30,0,0,0,0,0,4,2,5
,2021-23786,39.74019353,-104.9574199,7/6/2021 5:05,5:05,5,0,1,COLFAX AVE E & COLUMBINE ST N,1,1,0,0,3,4,0,0,30,0,0,0,0,2,2,1,2
,2021-23787,39.85248665,-104.9745868,7/3/2021 20:00,20:00,6,0,0,CORONA ST & 12TH AVE,1,1,0,0,1,5,0,0,10,0,0,0,0,0,4,2,9
,2021-23788,39.77592353,-105.0064199,7/5/2021 2:30,2:30,6,0,0,PECOS ST & 4300 BLK N,1,3,0,0,1,4,0,0,35,0,0,0,0,0,4,2,14
,2021-23789,39.72611354,-105.0312699,7/6/2021 10:34,10:34,15,0,0,6TH AVE W & JULIAN ST N (OFFSET REF),1,1,0,0,1,4,0,0,55,0,0,0,0,0,2,2,8
,2021-23793,39.74001353,-104.9747799,7/6/2021 13:27,13:27,3,0,0,COLFAX AVE E & OGDEN ST N,1,1,0,0,1,1,0,0,30,0,0,0,0,0,2,2,13
,2021-23797,39.78260803,-104.9985394,7/6/2021 11:51,11:51,12,0,0,I-270 & I-70 WB,1,1,0,0,1,4,0,0,55,0,0,0,0,0,1,2,7
,2021-23798,39.76137303,-105.0052443,7/6/2021 15:40,15:40,3,0,0,20TH ST & I-25 SB OFF RAMP,1,1,1,0,1,1,0,0,25,0,0,0,0,0,4,2,13
,2021-23800,39.73660353,-105.0279899,7/3/2021 6:12,6:12,6,0,0,AVONDALE DR W & HOWARD PL W,1,2,1,0,1,4,0,0,25,0,0,0,0,0,4,2,5
,2021-23801,39.76128695,-104.9585555,7/6/2021 14:04,14:04,10,0,0,NB JOSEPHINE ST & E 11TH AVE,1,1,0,0,1,1,0,0,30,0,0,0,0,0,4,2,13
,2021-23803,39.77561352,-104.8657299,7/9/2021 5:11,5:11,5,0,1,I-70 EB & HAVANA ST N,1,2,1,0,3,4,0,0,55,0,0,0,0,2,1,1,3
,2021-23804,39.87448585,-104.9534836,7/8/2021 17:30,17:30,5,0,0,COLFAX AVE E & DETROIT ST,1,1,0,0,3,5,0,0,20,0,0,0,0,0,2,1,13
,2021-23805,39.67835468,-104.9058559,7/8/2021 17:52,17:52,12,0,0,I-25 & EVANS AVE E,1,3,0,0,1,4,0,0,55,0,0,0,0,0,1,2,6
,2021-23806,39.75107352,-104.9128399,7/8/2021 23:13,23:13,3,0,0,23RD AVE E & MONACO ST N,1,3,0,0,1,1,0,0,35,0,0,0,0,0,4,2,13
,2021-23807,39.89935675,-104.9402419,7/9/2021 6:34,6:34,12,0,0,I-70 EB & COLORADO BLVD N,1,1,1,0,1,4,0,0,55,0,0,0,0,0,1,2,7
,2021-23808,39.62834354,-104.9040499,7/8/2021 9:50,9:50,12,0,0,I-25 & UNION AVE E,1,1,0,0,1,4,0,0,65,0,0,0,0,0,1,2,1
,2021-23809,39.82518502,-104.9816053,7/8/2021 17:21,17:21,3,0,0,COLFAX AVE W & I-25 NB OFF RAMP,1,1,0,0,1,1,0,0,45,0,0,0,0,0,4,2,3
,2021-23811,39.73060353,-104.9859499,6/1/2021 16:00,16:00,15,0,0,LINCOLN ST N & 10TH AVE E,1,1,0,0,1,1,0,0,25,0,0,0,0,0,4,2,14
,2021-23812,39.65307354,-104.9182499,7/8/2021 16:54,16:54,12,0,0,I-25 & HAMPDEN AVE E,1,1,0,0,1,4,0,0,55,0,0,0,0,0,1,2,13
,2021-23813,39.77561352,-104.8657299,7/9/2021 15:44,15:44,12,0,0,I-70 EB & HAVANA ST N,1,1,0,0,1,4,0,0,55,0,0,0,0,0,1,2,2
,2021-23814,39.71134353,-104.9394599,4/3/2021 11:40,11:40,15,0,0,4200 BLK E ALAMEDA AVE & LEETSDALE DR,1,1,1,0,1,4,0,0,35,0,0,0,0,0,4,2,14
,2021-23815,39.76450353,-104.9733299,7/9/2021 17:44,17:44,1,0,1,DOWNING ST N & BRUCE RANDOLPH AVE E,1,1,1,0,1,2,0,0,30,0,0,0,1,2,4,2,13
,2021-23817,39.75133752,-104.967161,6/5/2021 19:53,19:53,6,0,0,3300 BLOCK N GILPIN ST & E 33RD AVE,1,3,0,0,1,4,0,0,25,0,0,0,0,0,4,2,1
,2021-23857,39.65680354,-105.0251599,6/10/2021 12:20,12:20,15,0,0,FEDERAL BLVD S & FLOYD AVE W,1,1,3,0,1,4,0,0,35,0,0,0,0,0,2,2,13