id,drcog_id,latitude,longitude,crashtime,time,crashtype,numbkilled,numbinjurd,drcoglocat,rdconditin,lightngcon,roadcntgrd,weatherco,location,roaddescrp,schoolzone,constrzone,splimit,bikeinv,pedinv,sctrinv,motoinv,svrty,rdsystem,ttlvehcls,hcf
,2021-23942,39.66828354,-104.9405699,6/16/2021 17:50,17:50,1,0,0,COLORADO BLVD S & YALE AVE E,1,1,3,0,1,1,0,0,35,0,0,0,0,0,2,2,3
,2021-23956,39.71701353,-104.8955599,6/16/2021 7:42,7:42,15,0,0,FAIRMOUNT DR E & LOWRY BLVD E,1,1,3,0,1,6,0,0,30,0,0,0,0,0,4,2,13
,2021-23962,39.77994352,-104.9404999,6/17/2021 8:00,8:00,15,0,0,I-70 EB & COLORADO BLVD N,1,1,3,0,1,4,0,0,55,0,0,0,0,0,1,2,13
,2021-23963,39.70733353,-104.9407399,6/16/2021 15:43,15:43,3,0,2,COLORADO BLVD S & CHERRY CREEK DR NE,1,1,3,0,1,1,0,0,30,0,0,0,0,2,2,2,3
,2021-23965,39.74813353,-105.0042499,6/16/2021 17:35,17:35,15,0,0,AURARIA PKWY & 12TH ST,1,1,3,0,1,1,0,0,35,0,0,0,0,0,4,2,8
,2021-23967,39.75536353,-105.0126899,6/18/2021 8:50,8:50,12,0,0,I-25 & SPEER BLVD N,1,1,3,0,1,4,0,0,55,0,0,0,0,0,1,2,13
,2021-23969,39.77393271,-104.8657399,6/23/2021 14:48,14:48,15,0,0,I-70 & HAVANA ST N,1,1,0,0,1,4,0,0,55,0,0,0,0,0,1,2,1
,2021-23970,39.74043353,-105.0139599,7/2/2021 14:50,14:50,12,0,1,I-25 & COLFAX AVE W,1,1,1,0,1,4,0,0,55,0,0,0,0,2,1,2,7
,2021-23971,39.80023351,-104.78634,7/9/2021 8:23,8:23,12,0,0,5600 BLOCK PENA BLVD INBOUND & 56TH AVE,1,1,0,0,1,4,0,0,,0,0,0,0,0,4,2,7
,2021-23972,39.72551353,-105.0133499,6/16/2021 0:35,0:35,5,0,0,I-25 SB OFF RAMP ENT GORE PT TO & HWY 6 EB,1,3,1,0,2,8,0,0,35,0,0,0,0,0,2,1,16
,2021-23973,39.69773075,-104.9408195,6/13/2021 16:32,16:32,15,0,0,I-25 & COLORADO BLVD S,1,1,0,0,1,4,0,0,55,0,0,0,0,0,1,2,13
,2021-23974,39.69413354,-104.9792399,7/9/2021 7:31,7:31,15,0,0,I-25 & WASHINGTON ST S,1,1,0,0,1,4,0,0,60,0,0,0,0,0,1,2,1
,2021-23975,39.74018653,-104.9407414,6/18/2021 18:45,18:45,10,0,0,E COLFAX AVE & N COLORADO BLVD,1,1,0,0,1,1,0,0,35,0,0,0,0,0,2,2,14
,2021-23976,39.74481353,-104.9693599,6/14/2021 12:45,12:45,6,0,0,1400 BLOCK E 18TH AVE & FRANKLIN ST,1,1,0,0,1,4,0,0,30,0,0,0,0,0,4,2,7
,2021-23977,39.76094353,-105.0043199,6/16/2021 2:11,2:11,5,0,0,I-25 NB ON RAMP FROM & 20TH ST,1,3,0,0,2,8,0,0,35,0,0,0,0,0,2,1,13
,2021-23978,39.85071349,-104.66726,7/9/2021 12:15,12:15,12,0,0,PENA BLVD & 8511 PENA BLVD,1,1,0,0,5,4,0,0,,0,0,0,0,0,3,2,7
,2021-23979,39.75536353,-105.0126799,6/14/2021 13:41,13:41,12,0,0,I-25 & SPEER BLVD N,1,1,0,0,1,4,0,0,65,0,0,0,0,0,1,2,13
,2021-23980,39.75487352,-104.9024799,7/9/2021 14:54,14:54,6,0,0,26TH AVE & 7401 E,1,1,0,0,5,7,0,0,10,0,0,0,0,0,3,2,14
,2021-23981,39.68485353,-104.8968399,6/20/2021 16:27,16:27,5,0,2,TRENTON ST S & 1699 S TRENTON ST,1,1,0,0,1,4,0,0,25,0,0,0,0,2,4,1,14
,2021-23982,39.71687353,-104.9057099,6/19/2021 3:00,3:00,5,0,0,LOWRY BLVD E & PONTIAC ST N,1,3,0,0,3,1,0,0,30,0,0,0,0,0,4,1,5
,2021-23983,39.74001353,-104.9798999,6/18/2021 1:36,1:36,10,0,2,COLFAX AVE E & PEARL ST N,1,3,0,0,1,1,0,0,35,0,0,0,1,2,2,2,13
,2021-23984,39.76927353,-105.0052799,6/13/2021 16:06,16:06,6,0,0,N OSAGE ST & W 38TH AVE,1,1,0,0,1,7,0,0,10,0,0,0,0,0,4,2,16
,2021-23985,39.73687353,-104.9728599,6/29/2021 0:30,0:30,15,0,0,E 13TH AVE & N DOWNING ST,1,3,0,0,1,4,0,0,25,0,0,0,0,0,4,2,14
,2021-23986,39.72533354,-105.0477199,6/6/2021 13:00,13:00,15,0,0,6TH AVE W & SHERIDAN BLVD N,1,1,0,0,1,4,0,0,65,0,0,0,0,0,2,2,14
,2021-23987,39.75542353,-105.0235099,6/10/2021 15:50,15:50,10,0,0,2600 BLK N ELIOT ST & W 27TH AVE,1,1,0,0,1,3,0,0,30,0,0,0,0,0,4,2,13
,2021-23988,39.69757354,-104.9920499,6/8/2021 14:03,14:03,12,0,0,SANTA FE DR S & IOWA AVE W,1,1,0,0,1,1,0,0,45,0,0,0,0,0,2,2,13
,2021-23989,39.77286352,-104.8338299,6/10/2021 22:53,22:53,15,0,0,I-70 EB & I-225 NB ON/OFF RAMPS,1,3,0,0,1,4,0,1,55,0,0,0,0,0,1,2,14
,2021-23990,39.76073353,-104.9659499,6/24/2021 16:51,16:51,3,0,0,E 31ST AVE & N WILLIAMS ST,1,1,0,0,1,5,0,0,30,0,0,0,0,1,4,2,1
,2021-23991,39.77582352,-104.8657299,6/29/2021 13:30,13:30,5,0,0,I-70 WB & HAVANA ST N,1,1,0,0,1,4,0,0,55,0,0,0,0,0,1,2,14
,2021-23992,39.74015353,-104.9500499,6/20/2021 17:30,17:30,6,0,0,COLFAX AVE E & STEELE ST N,1,3,0,0,1,4,0,0,30,0,0,0,0,0,2,2,13
,2021-23993,39.66742353,-104.8752799,6/11/2021 18:00,18:00,5,0,0,DAYTON WAY & 2685 S,1,3,0,0,5,7,0,0,15,0,0,0,0,0,3,1,14
,2021-23994,39.67862654,-105.0249814,6/29/2021 0:37,0:37,10,0,0,FEDERAL BLVD S & EVANS AVE W,1,3,0,0,1,1,0,0,35,0,0,0,0,0,2,2,1
,2021-23995,39.79445351,-104.8260499,6/24/2021 21:30,21:30,6,0,0,5500 BLK N ATCHINSON ST & E MAXWELL PL,1,4,0,0,1,4,0,0,25,0,0,0,0,0,4,2,7
,2021-23996,39.78312187,-104.8470955,6/26/2021 22:46,22:46,5,0,0,I-70 & PEORIA ST N,1,3,1,0,2,4,0,0,55,0,0,0,0,0,1,1,13
,2021-23997,39.68947354,-104.9966499,6/17/2021 21:37,21:37,15,0,0,PLATTE RIVER DR & 1300 BLK S,1,3,0,0,1,4,0,0,30,0,0,0,0,0,4,2,16
,2021-23998,39.77379062,-104.9032204,6/8/2021 17:00,17:00,16,0,0,QUEBEC ST N & 4040 N QUEBEC ST,1,1,0,0,5,7,0,0,20,0,0,0,0,0,3,2,13
,2021-23999,39.66515356,-105.2061899,6/20/2021 19:49,19:49,6,0,0,ALAMEDA PKWY (NOT CDOT) & 18300 W,1,1,1,0,1,4,0,0,,0,0,0,0,0,4,2,16
,2021-24000,39.71497354,-105.0312299,6/18/2021 11:28,11:28,6,0,0,W BAYAUD AVE & S JULIAN ST,1,1,0,0,1,4,0,0,25,0,0,0,0,0,4,2,1
,2021-24001,39.78133352,-104.9405699,6/18/2021 1:05,1:05,3,0,0,COLORADO BLVD N & I-70 WB OFF RAMP,1,3,0,0,1,1,0,0,35,0,0,0,0,0,2,2,5
,2021-24002,39.74010353,-104.9980699,7/2/2021 13:47,13:47,10,0,0,COLFAX AVE W & SPEER BLVD SB,1,1,0,0,1,1,0,0,35,0,0,0,0,0,2,2,16
,2021-24003,39.71815354,-105.0318499,6/30/2021 21:06,21:06,3,0,1,1ST AVE W & KNOX CT N,1,3,0,0,1,5,0,0,30,0,0,0,0,2,4,2,13
,2021-24004,39.66761354,-104.9257499,7/3/2021 5:16,5:16,12,0,0,I-25 SB EXIT GORE PT TO & YALE AVE E,1,2,0,0,1,4,0,0,55,0,0,0,0,0,1,2,16
,2021-24005,39.78500353,-105.0058399,6/20/2021 21:50,21:50,5,0,0,PECOS ST N & 4890 PECOS ST N,1,3,0,0,2,2,0,0,,0,0,0,0,0,4,1,5
,2021-24006,39.74743352,-104.8987399,7/3/2021 10:00,10:00,12,0,0,E MONTVIEW BLVD & N SYRACUSE ST,1,1,0,0,1,3,0,0,35,0,0,0,0,1,4,2,13
,2021-24007,39.77503451,-104.809895,7/3/2021 12:15,12:15,12,0,0,E ANDREWS DR & N CHAMBERS RD,1,1,0,0,1,4,0,0,25,0,0,0,0,0,4,2,1
,2021-24008,39.65300354,-104.9406699,6/25/2021 15:36,15:36,12,0,0,HAMPDEN AVE E & COLORADO BLVD S,11,1,0,1,1,1,0,0,45,0,0,0,0,0,2,2,13
,2021-24009,39.70572354,-105.0349299,6/26/2021 1:40,1:40,6,0,0,600 BLOCK S LOWELL BLVD & W CENTER AVE,11,4,0,1,1,4,0,0,25,0,0,0,0,0,4,2,13
,2021-24010,39.65839353,-104.86195,6/26/2021 2:50,2:50,9,0,0,DARTMOUTH AVE E & BETHANY DR E,11,3,1,1,3,4,0,0,35,0,0,0,0,0,4,1,14
,2021-24011,39.78928351,-104.8446699,6/29/2021 19:13,19:13,3,1,0,N QUENTIN ST & E 51ST AVE,1,2,0,0,1,1,0,0,25,0,0,0,1,4,4,2,7
,2021-24012,39.71736354,-105.0263299,6/26/2021 6:30,6:30,6,0,0,40 BLK N GROVE ST & W 1ST AVE,1,1,0,0,1,4,0,0,25,0,0,0,0,0,4,2,1
,2021-24013,39.74043353,-105.0139599,6/26/2021 6:02,6:02,5,0,0,COLFAX AVE W & I-25,11,1,1,0,3,4,0,0,35,0,0,0,0,0,4,1,16
,2021-24016,39.72908053,-104.9874064,6/16/2021 14:00,14:00,6,0,0,E 8TH AVE & N BROADWAY ST,1,1,3,0,1,3,0,0,30,0,0,0,0,0,4,2,3
,2021-24017,39.67845353,-104.9251899,6/16/2021 15:45,15:45,10,0,0,E EVANS AVE & S GRAPE ST,1,1,3,7,1,1,0,0,30,0,0,0,0,0,4,2,3
,2021-24021,39.8277828,-104.9864269,7/13/2021 22:09,22:09,5,0,0,I 25 & HWY 36,1,3,3,0,2,8,0,0,55,0,0,0,0,0,1,2,8
,2021-24025,39.77749514,-104.8955137,7/19/2021 17:00,17:00,15,0,0,I 76 & I 270,1,1,3,0,1,4,0,0,65,0,0,0,0,0,1,2,8
,2021-24037,39.72590354,-105.0252334,6/16/2021 8:45,8:45,12,0,0,6TH AVE W & FEDERAL BLVD N,1,1,3,0,1,4,0,0,55,0,0,0,0,0,2,2,13
,2021-24043,39.69299954,-104.9788609,6/17/2021 12:52,12:52,15,0,0,BUCHTEL BLVD & E LOUISIANA AVE,1,1,3,0,1,4,0,0,30,0,0,0,0,0,4,2,13
,2021-24044,39.73526353,-104.9945499,6/17/2021 12:12,12:12,6,0,0,N SPEER BLVD & W 12TH AVE,1,1,3,0,1,4,0,0,35,0,0,0,0,0,4,2,8
,2021-24045,39.75801352,-104.9033899,6/17/2021 7:50,7:50,15,0,0,N QUEBEC ST & E 29TH AVE,1,1,3,0,1,4,0,0,40,0,0,0,0,0,4,2,13
,2021-24047,39.67030354,-104.9593799,6/16/2021 7:45,7:45,15,0,0,2500 BLK S UNIVERSITY BLVD (NOT CDOT) & E HARVARD AVE,1,1,3,0,1,4,0,0,30,0,0,0,0,0,2,2,16
,2021-24063,39.72361354,-105.0251799,6/17/2021 6:45,6:45,12,0,0,FEDERAL BLVD N & 5TH AVE RD W,1,1,3,0,1,4,0,0,35,0,0,0,0,0,2,2,1
,2021-24072,39.74893453,-104.9873749,6/17/2021 14:21,14:21,10,0,0,20TH ST & BROADWAY ST N,1,1,3,0,1,1,0,0,35,0,0,0,0,0,4,2,8
,2021-24075,39.69027354,-104.9874799,6/17/2021 9:34,9:34,6,0,0,1400 BLK S BROADWAY ST & W ARKANSAS AVE,1,1,3,1,1,4,0,0,30,0,0,0,0,0,4,2,16
,2021-24081,39.74216353,-105.0486799,6/16/2021 19:00,19:00,6,0,0,4800 BLK W 16TH AVE & N WOLFF ST,1,4,3,0,1,4,0,0,25,0,0,0,0,0,4,2,16
,2021-24093,39.77892352,-104.9497899,6/16/2021 9:25,9:25,15,0,0,N STEELE ST & E 45TH AVE,1,1,3,0,1,3,0,0,30,0,0,0,0,0,2,2,16
,2021-24100,39.74402353,-104.9671999,6/16/2021 12:15,12:15,6,0,0,1700 BLK N GILPIN ST & E 17TH AVE,1,1,3,0,1,4,0,0,35,0,0,0,0,0,4,2,13
,2021-24101,39.71200353,-104.9792299,5/25/2021 17:30,17:30,6,0,0,WASHINGTON ST S & ALAMEDA AVE E,1,1,3,0,1,4,0,0,25,0,0,0,0,0,4,2,16
,2021-24102,39.70572354,-104.9798399,6/18/2021 11:30,11:30,6,0,0,CENTER AVE E & WASHINGTON ST S,1,1,3,0,1,1,0,0,30,0,0,0,0,0,4,2,8
,2021-24103,39.76194852,-104.9406604,6/14/2021 10:45,10:45,12,0,0,E MLK BLVD & N COLORADO BLVD,1,1,3,0,1,3,0,0,30,0,0,0,0,0,4,2,13
,2021-24107,39.74034353,-104.9907299,6/7/2021 8:38,8:38,6,0,0,200 BLK 14TH ST & W COLFAX AVE,1,1,3,0,1,4,0,0,25,0,0,0,0,0,4,2,16
,2021-24112,39.71816354,-105.0251884,6/15/2021 7:50,7:50,12,0,0,FEDERAL BLVD N & 1ST AVE W,14,1,3,1,1,4,0,0,35,0,0,0,0,0,2,2,13
,2021-24115,39.77034352,-104.9011499,6/14/2021 13:30,13:30,6,0,0,QUEBEC ST & 3870 N,1,1,3,0,5,7,0,0,10,0,0,0,0,0,3,2,16
,2021-24116,39.71055353,-104.9035099,6/17/2021 14:52,14:52,12,0,0,400 BLK S QUEBEC ST & E ALAMEDA AVE,1,1,3,0,1,4,0,0,30,0,0,0,0,0,4,2,3
,2021-24117,39.77656353,-105.0509099,6/16/2021 8:45,8:45,3,0,0,YATES ST N & 44TH AVE W,1,1,3,0,1,1,0,0,25,0,0,0,0,0,4,2,3
,2021-24119,39.76548353,-105.0252099,6/17/2021 14:44,14:44,12,0,0,FEDERAL BLVD N & 35TH AVE W,1,1,3,0,1,3,0,0,,0,0,0,0,0,2,2,16
,2021-24120,39.75716353,-105.0102099,5/26/2021 9:45,9:45,15,0,0,I-25 & 15TH ST,1,1,3,0,1,4,0,0,55,0,0,0,0,0,1,2,12
,2021-24128,39.71531353,-104.9592199,6/17/2021 10:32,10:32,1,0,0,S UNIVERSITY BLVD (NOT CDOT) & E CHERRY CREEK S DR,1,1,3,0,1,1,0,0,35,0,0,0,0,0,4,2,8
,2021-24130,39.65615355,-105.0532099,6/18/2021 10:35,10:35,1,0,0,W DARTMOUTH AVE & S SHERIDAN BLVD,1,1,3,0,1,1,0,0,25,0,0,0,0,0,2,2,13
,2021-24131,39.68930354,-104.9500299,6/16/2021 8:55,8:55,10,0,0,E FLORIDA AVE & S STEELE ST,1,1,3,0,1,1,0,0,30,0,0,0,0,0,4,2,13
,2021-24133,39.69316354,-105.0531799,6/17/2021 7:51,7:51,3,0,0,SHERIDAN BLVD S & LOUISIANA AVE W,1,1,3,1,1,1,0,0,40,0,0,0,0,1,2,2,13
,2021-24137,39.70294453,-104.9129359,6/16/2021 9:56,9:56,12,0,0,LEETSDALE DR & S MONACO ST,1,1,3,0,1,4,0,0,35,0,0,0,0,0,2,2,13
,2021-24142,39.71936353,-104.9874899,6/16/2021 7:15,7:15,12,0,0,N BROADWAY ST & E 2ND AVE,1,1,3,0,1,4,0,0,30,0,0,0,0,0,4,2,13
,2021-24159,39.72907328,-104.9740582,6/15/2021 14:30,14:30,10,0,0,E 8TH AVE & N CORONA ST,1,1,3,0,1,1,0,0,30,0,0,0,0,0,4,2,3
,2021-24169,39.72904353,-104.9899299,6/18/2021 7:20,7:20,15,0,0,N SPEER BLVD & W 8TH AVE,1,1,3,0,1,3,0,0,35,0,0,0,0,0,4,2,13
,2021-24173,39.70294453,-104.9129359,6/15/2021 18:00,18:00,12,0,0,LEETSDALE DR & MONACO ST S,1,1,3,0,1,1,0,0,35,0,0,0,0,0,2,2,3
,2021-24176,39.75528353,-105.0124899,6/14/2021 13:19,13:19,12,0,0,SPEER BLVD N & I-25 NB RAMPS,1,1,3,0,1,4,0,0,35,0,0,0,0,0,4,2,3
,2021-24177,39.75528353,-105.0124899,6/14/2021 13:19,13:19,12,0,0,SPEER BLVD N & I-25 NB RAMPS,1,1,3,0,1,4,0,0,35,0,0,0,0,0,4,2,3
,2021-24181,39.75528353,-105.0124899,6/14/2021 13:19,13:19,12,0,0,SPEER BLVD N & I-25 NB RAMPS,1,1,3,0,1,4,0,0,35,0,0,0,0,0,4,2,3
,2021-24186,39.75528353,-105.0124899,6/14/2021 13:19,13:19,12,0,0,SPEER BLVD N & I-25 NB RAMPS,1,1,3,0,1,4,0,0,35,0,0,0,0,0,4,2,3
,2021-24188,39.77396353,-105.0310999,6/14/2021 12:55,12:55,6,0,0,4100 BLK N JULIAN ST & W 41ST AVE,1,1,3,0,1,4,0,0,25,0,0,0,0,0,4,2,3
,2021-24192,39.73102353,-104.9387799,4/9/2021 18:14,18:14,3,0,0,9TH AVE E & COLORADO BLVD N,1,1,0,0,1,2,0,0,25,0,0,0,0,0,4,2,13
,2021-24193,39.78366565,-104.7577423,6/29/2021 20:11,20:11,15,0,0,GREEN VALLEY RANCH BLVD & 18500 BLK,1,2,0,0,1,2,0,0,45,0,0,0,0,0,4,2,7
,2021-24194,39.66032354,-104.8899399,4/11/2021 19:28,19:28,5,0,0,CORNELL DR E & XENIA ST S,1,2,0,0,3,1,0,0,25,0,0,0,0,0,4,1,5
,2021-24195,39.75667353,-105.0381299,7/1/2021 4:50,4:50,6,0,0,OSCEOLA ST & 2600 BLK N,1,1,0,0,1,4,0,0,25,0,0,0,0,0,4,3,16
,2021-24196,39.78346312,-105.0112166,7/10/2021 1:10,1:10,5,0,0,I-70 EB EXIT GORE PT TO & COLORADO BLVD N,1,4,0,0,3,4,0,0,65,0,0,0,0,0,1,1,5
,2021-24197,39.76962352,-104.8470199,7/10/2021 14:00,14:00,15,0,0,PEORIA ST N & 38TH AVE E,1,1,1,0,1,1,0,0,35,0,0,0,0,0,4,2,7
,2021-24198,39.68123354,-104.9354499,7/8/2021 18:54,18:54,6,0,0,4490 E JEWELL AVE & PRIVATE PROPERTY,1,1,0,0,5,7,0,0,10,0,0,0,0,0,3,2,16
,2021-24199,39.70378353,-104.9096499,7/10/2021 18:30,18:30,6,0,0,6700 BLK E EPOSITION AVE & S NEWPORT ST,1,1,0,0,1,4,0,0,25,0,0,0,0,0,4,2,7
,2021-24200,39.77939353,-104.9791399,7/6/2021 12:37,12:37,5,0,0,I-70 & WASHINGTON ST N,1,1,0,0,3,4,0,0,55,0,0,0,0,0,1,1,1
,2021-24201,39.78779351,-104.8470599,7/9/2021 18:00,18:00,1,0,0,PEORIA ST N & ANDREWS DR E,1,1,0,0,1,2,0,0,35,0,0,0,0,0,4,2,13
,2021-24202,39.68587354,-105.0250399,6/26/2021 18:51,18:51,12,0,0,FEDERAL BLVD S & MEXICO AVE W,1,1,1,0,1,4,0,0,35,0,0,0,0,0,2,2,16
,2021-24203,39.68203354,-104.9605899,7/8/2021 8:27,8:27,6,0,0,S YORK ST & E JEWELL AVE,1,5,0,7,1,4,0,0,25,0,0,0,0,0,4,2,14
,2021-24204,39.72017353,-104.9127499,7/9/2021 15:35,15:35,12,0,0,300 BLK N MONACO ST & E 4TH AVE,1,1,0,0,1,3,0,0,35,0,0,0,0,1,4,2,1
,2021-24205,39.76111451,-105.0080837,7/10/2021 16:06,16:06,5,0,0,18TH ST & 2525 18TH ST,1,1,0,0,5,7,0,0,,0,0,0,0,0,3,1,5
,2021-24206,39.65407354,-104.9088499,7/10/2021 16:40,16:40,8,0,0,E GIRARD AVE & S ONEIDA WAY,1,1,0,0,1,1,0,0,25,0,0,0,0,0,4,2,2
,2021-24207,39.75964353,-105.0131299,5/28/2021 21:45,21:45,10,0,0,30TH AVE W & UMATILLA ST N,1,3,0,0,1,2,0,0,25,0,0,0,0,0,4,2,13
,2021-24208,39.78326353,-105.0064199,7/9/2021 17:14,17:14,12,0,0,I-70 & PECOS ST N,1,1,0,0,1,4,0,0,55,0,0,0,0,0,1,2,3
,2021-24209,39.75128353,-105.0167799,7/9/2021 21:10,21:10,15,0,2,I-25 SB EXIT GORE PT TO & 23RD AVE W,1,3,0,0,1,4,0,0,55,0,0,0,0,3,1,2,14
,2021-24210,39.72551353,-105.0133499,7/5/2021 12:40,12:40,12,0,0,HWY 6 EB DISTRIBUTOR RAMP TO & I-25 NB/SB,1,1,1,0,1,8,0,0,55,0,0,0,0,0,2,2,1
,2021-24211,39.80033849,-104.8843294,7/10/2021 16:31,16:31,5,0,0,I-70 & CENTRAL PARK BLVD N,1,1,0,0,3,4,0,0,55,0,0,0,0,0,1,1,7
,2021-24212,39.66774355,-105.0786799,7/10/2021 11:41,11:41,3,0,0,YALE AVE W & WEBSTER ST S,1,1,0,0,1,1,0,0,30,0,0,0,0,0,4,2,13
,2021-24213,39.76836592,-104.9428485,7/9/2021 23:08,23:08,6,0,0,3680 E 52ND AVE & N JACKSON ST,1,3,0,0,1,4,0,0,30,0,0,0,0,1,4,2,14
,2021-24214,39.72906353,-104.9861399,7/10/2021 2:15,2:15,3,0,1,E 8TH AVE & N LINCOLN ST,1,3,0,0,1,1,0,0,35,0,0,0,0,2,4,2,1
,2021-24215,39.69849853,-104.9035984,7/10/2021 11:28,11:28,1,0,0,S PARKER RD & S QUEBEC ST,1,1,0,0,1,2,0,0,35,0,0,0,0,0,4,2,16
,2021-24216,39.77693352,-104.8657559,7/10/2021 10:30,10:30,1,0,2,HAVANA ST N & I-70 WB ON RAMP,1,1,0,0,1,1,0,0,45,0,0,0,0,1,4,2,13
,2021-24217,39.72927353,-104.9194499,7/10/2021 12:44,12:44,3,0,0,8TH AVE E & JERSEY ST N,1,1,0,0,1,1,0,0,30,0,0,0,0,0,4,2,13
,2021-24218,39.65301485,-104.8999632,7/10/2021 1:30,1:30,12,0,0,E HAMPDEN AVE & 7500 BLK E HAMPDEN AVE,1,3,1,0,1,3,0,0,40,0,0,0,0,0,4,2,13
,2021-24219,39.71662354,-105.0250899,7/9/2021 23:56,23:56,12,0,0,3000 BLK W ELLSWORTH AVE & S FEDERAL BLVD,1,2,0,0,1,4,0,0,25,0,0,0,0,0,4,2,13
,2021-24220,39.73998353,-104.9622299,7/9/2021 13:04,13:04,3,0,0,COLFAX AVE E & VINE ST N,1,1,0,0,1,1,0,0,30,0,0,0,0,0,2,2,13
,2021-24221,39.82163651,-104.7733235,7/10/2021 1:40,1:40,3,0,0,E 69TH AVE & N TOWER RD,1,3,0,0,1,1,0,0,45,0,0,0,0,0,4,2,3
,2021-24222,39.70207354,-105.0238499,6/10/2021 21:56,21:56,6,0,0,S ELIOT ST & W OHIO AVE,1,3,0,0,1,4,0,0,25,0,0,0,0,0,4,2,5
,2021-24223,39.75644353,-104.9898199,6/4/2021 22:30,22:30,6,0,0,PARK AVE W & WALNUT ST,1,3,0,0,1,4,0,0,,0,0,0,0,0,4,2,16
,2021-24224,39.76383352,-104.9046399,7/10/2021 9:59,9:59,8,0,0,E 33RD AVE & N POPLAR ST,1,1,0,0,1,2,0,0,,0,0,0,0,1,4,2,13
,2021-24225,39.74939453,-104.9797627,7/10/2021 21:04,21:04,10,0,0,14TH ST & COURT PL,1,3,1,0,1,1,0,0,30,0,0,0,0,0,4,2,13
,2021-24226,39.74015352,-104.8846399,7/10/2021 22:17,22:17,1,0,0,COLFAX AVE E & YOSEMITE ST N,1,3,0,0,1,1,0,0,25,0,0,0,0,1,2,2,13
,2021-24227,39.75433353,-104.9942599,7/10/2021 21:00,21:00,11,0,0,BLAKE ST & 20TH ST,1,3,0,0,1,1,0,0,0,0,0,1,0,1,4,2,16
,2021-24228,39.74167353,-104.9835799,7/11/2021 12:24,12:24,11,0,1,GRANT ST N & 16TH AVE E,1,1,0,0,1,4,0,0,0,0,1,0,0,3,4,1,16
,2021-24229,39.75070353,-104.9609799,7/11/2021 11:00,11:00,3,0,0,E 23RD AVE & N GAYLORD ST,1,1,0,0,1,1,0,0,30,0,0,0,0,0,4,2,13
,2021-24230,39.81940044,-104.9828907,7/11/2021 2:01,2:01,15,0,0,I-25 & I-70,1,3,0,0,1,4,0,0,55,0,0,0,0,0,1,2,13
,2021-24231,39.70729353,-104.9222499,7/11/2021 9:15,9:15,12,0,0,S HOLLY ST & LEETSDALE DR,1,1,0,0,1,3,0,0,25,0,0,0,0,0,2,2,13
,2021-24232,39.6282646,-104.8981009,7/10/2021 18:17,18:17,5,0,0,8200 BLK S DTC BLVD & E UNION AVE,1,1,0,0,3,4,0,0,40,0,0,0,0,0,4,1,16
,2021-24233,39.79169043,-104.8893296,7/10/2021 14:42,14:42,15,0,0,I-25 & 51ST AVE E,1,1,0,0,1,4,0,0,55,0,0,0,0,0,1,2,13
,2021-24234,39.76695353,-104.9597299,7/8/2021 16:30,16:30,10,0,0,N YORK ST & E 36TH AVE,1,1,0,0,1,1,0,0,30,0,0,0,0,0,4,2,13
,2021-24235,39.72527841,-105.1417334,7/7/2021 11:07,11:07,12,0,0,I-25 & 6TH AVE W,1,1,0,0,1,4,0,0,55,0,0,0,0,0,1,2,16
,2021-24236,39.73468353,-104.9406599,7/11/2021 3:20,3:20,3,0,0,COLORADO BLVD N & 12TH AVE E,1,3,0,0,1,1,0,0,40,0,0,0,0,1,2,2,14
,2021-24258,39.74009353,-104.9980699,6/21/2021 7:31,7:31,10,0,0,N SPEER BLVD & W COLFAX AVE,1,1,3,0,1,1,0,0,35,0,0,0,0,0,2,2,3
,2021-24271,39.69669854,-104.9918704,6/21/2021 5:25,5:25,3,0,0,SANTA FE DR S & MISSISSIPPI AVE W,1,4,3,0,1,1,0,0,45,0,0,0,0,1,2,2,13
,2021-24272,39.77312869,-104.9892016,7/21/2021 15:57,15:57,3,0,0,BROADWAY & W 58TH AVE,1,1,3,0,1,2,0,0,35,0,0,0,0,0,2,2,8
,2021-24280,39.72908053,-104.9874064,6/21/2021 12:00,12:00,10,0,0,E 8TH AVE & N BROADWAY ST,1,1,3,0,1,1,0,0,30,0,0,0,0,0,4,2,8
,2021-24281,39.74738353,-104.9383499,6/22/2021 8:26,8:26,2,0,0,MONTVIEW BLVD E & ASH ST N,1,1,3,0,1,1,0,0,30,1,0,0,0,1,4,1,11
,2021-24284,39.74084353,-104.9810899,6/21/2021 9:30,9:30,6,0,0,PENNSYLVANIA ST & COLFAX AVE E,1,1,3,0,1,4,0,0,30,0,0,0,0,0,4,2,13
,2021-24285,39.75850268,-105.0333955,6/20/2021 14:40,14:40,2,0,1,29TH AVE W & KING ST N,1,1,3,0,1,1,0,0,30,1,0,0,0,2,4,1,13
,2021-24286,39.76516353,-104.9909799,6/19/2021 17:50,17:50,5,0,0,ARKINS CT & DENARGO ST,6,1,3,1,3,4,0,0,30,0,0,0,0,0,4,1,5
,2021-24287,39.73684353,-104.9775999,6/19/2021 14:31,14:31,6,0,0,E 13TH AVE & N CLARKSON ST,1,1,3,0,1,7,0,0,30,0,0,0,0,1,4,5,1
,2021-24291,39.71115354,-105.0263099,6/21/2021 6:01,6:01,12,0,0,ALAMEDA AVE W & FEDERAL BLVD S,1,1,3,1,1,1,0,0,35,0,0,0,0,1,2,2,13