id,drcog_id,latitude,longitude,crashtime,time,crashtype,numbkilled,numbinjurd,drcoglocat,rdconditin,lightngcon,roadcntgrd,weatherco,location,roaddescrp,schoolzone,constrzone,splimit,bikeinv,pedinv,sctrinv,motoinv,svrty,rdsystem,ttlvehcls,hcf
,2021-24292,39.76929253,-105.0253144,6/21/2021 9:39,9:39,1,0,0,FEDERAL BLVD N & 38TH AVE W,1,1,3,0,1,1,0,0,35,0,0,0,0,0,2,2,7
,2021-24293,39.66049354,-105.0215799,6/21/2021 9:50,9:50,15,0,0,W DARTMOUTH AVE & S DALE CT,1,1,3,0,1,1,0,0,30,0,0,0,0,0,4,2,3
,2021-24296,39.71121354,-105.0330499,6/21/2021 12:49,12:49,3,0,0,ALAMEDA AVE W & KNOX CT S,1,1,3,0,1,2,0,0,10,0,0,0,0,0,2,2,13
,2021-24300,39.81639351,-104.77206,6/10/2021 5:43,5:43,15,0,0,6500 BLK N TOWER RD & PENA BLVD,1,2,3,0,1,3,0,0,40,0,0,0,0,0,4,2,1
,2021-24308,39.74488353,-104.9861099,6/22/2021 11:40,11:40,3,0,0,N LINCOLN ST & E 18TH AVE,1,1,3,0,1,1,0,0,30,0,0,0,0,0,4,2,13
,2021-24310,39.70019381,-104.9300337,6/21/2021 18:40,18:40,12,0,0,S BROADWAY ST & E KENTUCKY AVE,1,1,3,0,1,1,0,0,30,0,0,0,0,0,4,2,3
,2021-24311,39.69837353,-104.9407399,6/22/2021 12:40,12:40,12,0,0,COLORADO BLVD S & TENNESSEE AVE E,1,1,3,0,1,4,0,0,35,0,0,0,0,0,2,2,13
,2021-24314,39.73869353,-104.9034599,6/22/2021 6:37,6:37,3,0,1,E 14TH AVE & N QUEBEC ST,1,1,3,0,1,1,0,0,30,0,0,0,0,2,4,2,1
,2021-24316,39.72810353,-104.9975699,6/19/2021 9:40,9:40,6,0,0,INCA ST N & 7TH AVE W,1,1,3,1,1,4,0,0,,0,0,0,0,0,4,2,16
,2021-24318,39.61574355,-105.0861499,6/20/2021 10:45,10:45,6,0,0,CRESTLINE AVE & 8000 W,1,1,3,1,5,7,0,0,,0,0,0,0,0,3,2,16
,2021-24319,39.75277353,-104.9874099,6/18/2021 16:34,16:34,3,0,0,22ND ST & BROADWAY ST N,1,1,3,0,1,1,0,0,30,0,0,0,0,0,4,2,8
,2021-24320,39.77411351,-104.80988,6/19/2021 14:34,14:34,12,0,0,4300 BLK N CHAMBERS RD & E ANDREWS DR,11,1,3,0,1,4,0,0,35,0,0,0,0,0,4,2,3
,2021-24321,39.71743444,-104.9745807,6/20/2021 10:15,10:15,15,0,0,1400 BLK N CORONA ST & E 14TH AVE,1,1,3,0,1,4,0,0,30,0,0,0,0,0,4,2,13
,2021-24323,39.74004253,-104.9823259,6/21/2021 16:30,16:30,3,0,1,COLFAX AVE E & LOGAN ST N,1,1,3,0,1,1,0,0,30,0,0,0,0,2,2,2,13
,2021-24325,39.79288351,-104.8321099,6/21/2021 14:20,14:20,6,0,1,E ELMENDORF PL & N WHEELING ST,1,1,3,0,1,3,0,0,25,0,0,0,0,2,4,2,1
,2021-24326,39.70965354,-105.0350399,6/22/2021 8:10,8:10,12,0,0,300 BLK S LOWELL BLVD & MORRISON RD,1,1,3,0,1,3,0,0,25,0,0,0,0,0,4,2,3
,2021-24327,39.78560353,-105.0135199,6/22/2021 11:18,11:18,3,0,1,W 49TH AVE & N VALLEJO ST,1,1,3,0,1,1,0,0,25,0,0,0,0,1,4,2,1
,2021-24328,39.72564354,-105.0532499,6/21/2021 15:49,15:49,12,0,0,HWY 6 WB OFF RAMP TO & SHERIDAN BLVD N,1,1,3,0,1,8,0,0,30,0,0,0,0,0,2,2,4
,2021-24329,39.76445352,-104.9392899,6/19/2021 13:38,13:38,3,0,0,N ALBION ST & E BRUCE RANDOLPH AVE,11,1,3,0,1,1,0,0,25,0,0,0,0,0,4,2,11
,2021-24330,39.71780353,-104.9407774,6/21/2021 15:15,15:15,1,0,0,COLORADO BLVD N & 1ST AVE E,1,1,3,7,1,1,0,0,35,0,0,0,0,0,2,2,3
,2021-24331,39.74746352,-104.8858199,6/18/2021 13:38,13:38,1,0,0,E MONTVIEW BLVD & N XENIA ST,1,1,3,0,1,1,0,0,30,0,0,0,0,0,4,2,7
,2021-24335,39.74009353,-104.9034499,6/18/2021 14:30,14:30,1,0,0,COLFAX AVE E & QUEBEC ST N,1,1,3,0,1,1,0,0,35,0,0,0,0,0,2,2,6
,2021-24339,39.73987353,-104.9797599,6/18/2021 17:18,17:18,6,0,0,COLFAX AVE E & WASHINGTON  ST N,1,1,3,0,1,4,0,0,35,0,0,0,0,0,2,2,11
,2021-24342,39.69656353,-104.9405999,6/19/2021 6:53,6:53,1,0,0,COLORADO BLVD S & MISSISSIPPI AVE E,1,1,3,1,1,1,0,0,35,0,0,0,0,1,2,2,13
,2021-24343,39.71890353,-104.8971199,6/22/2021 6:50,6:50,3,0,0,ACADEMY BLVD E & RAMPART WY N,1,1,3,0,1,1,0,0,25,0,0,0,0,1,4,2,16
,2021-24366,39.8341335,-104.77181,7/2/2021 13:14,13:14,12,0,0,TOWER RD N & PENA BLVD,1,1,0,0,1,1,0,0,45,0,0,0,0,0,4,2,3
,2021-24367,39.68840354,-104.9593699,7/6/2021 22:36,22:36,5,0,0,UNIVERSITY BLVD S & FLORIDA AVE E,11,3,0,1,3,4,0,0,35,0,0,0,0,0,4,1,16
,2021-24368,39.77338552,-104.8471939,4/10/2021 22:22,22:22,12,0,0,I-70 EB OFF RAMP & PEORIA ST N,1,3,0,0,1,8,0,0,45,0,0,0,0,0,4,2,13
,2021-24369,39.67754354,-104.9251899,7/7/2021 9:00,9:00,6,0,0,2100 BLK S GRAPE ST & E EVANS AVE,1,1,0,0,1,4,0,0,25,0,0,0,0,0,4,2,16
,2021-24370,39.71132353,-104.9365499,4/14/2021 6:33,6:33,15,0,0,LEETSDALE DR & ALAMEDA AVE E,1,2,0,0,1,1,0,0,30,0,0,0,0,1,2,2,13
,2021-24371,39.76563353,-105.0010799,6/12/2021 14:19,14:19,6,0,0,N KALAMATH ST & W 35TH AVE,1,1,0,0,1,4,0,0,30,0,0,0,0,0,4,2,16
,2021-24372,39.76841353,-105.0532299,7/7/2021 10:02,10:02,12,0,0,SHERIDAN BLVD N & 38TH AVE W,1,1,1,0,1,3,0,0,35,0,0,0,0,0,2,2,13
,2021-24373,39.74043353,-105.0139599,6/25/2021 23:30,23:30,12,0,0,I-25 SB OFF RAMP TO & COLFAX AVE W,11,3,0,1,1,8,0,0,,0,0,0,0,0,1,2,5
,2021-24374,39.65734354,-104.9002899,7/7/2021 7:41,7:41,10,0,0,7300 BLK E EASTMAN AVE & S TAMARAC ST,1,1,0,0,1,2,0,0,25,0,0,0,0,0,4,2,13
,2021-24375,39.68560354,-104.9848599,6/28/2021 19:13,19:13,5,0,0,MEXICO AVE E & SHERMAN ST S,1,1,1,0,3,5,0,0,15,0,0,0,0,0,4,1,5
,2021-24376,39.76211053,-105.0335291,7/6/2021 15:35,15:35,6,0,0,N UMATILLA ST & W 32ND AVE,1,1,0,0,1,1,0,0,20,0,0,0,0,0,4,2,8
,2021-24377,39.76002352,-104.8943999,6/27/2021 10:27,10:27,15,0,0,E MLK BLVD & N ULSTER ST,1,1,0,0,1,1,0,0,35,0,0,0,0,0,4,2,5
,2021-24378,39.75259039,-104.9848982,7/6/2021 22:09,22:09,15,0,0,I-25 & PARK AVE W,11,3,0,1,1,4,0,0,55,0,0,0,0,0,1,2,13
,2021-24379,39.74015815,-104.8893135,7/4/2021 20:00,20:00,11,0,0,COLFAX AVE E & WABASH ST,1,3,0,0,1,4,0,0,35,0,1,0,0,1,2,1,13
,2021-24380,39.72527841,-105.1417334,6/13/2021 12:06,12:06,12,0,0,I-25 & 6TH AVE W,1,1,0,0,1,4,0,0,55,0,0,0,0,1,1,2,16
,2021-24381,39.76566352,-104.9405599,7/6/2021 21:31,21:31,1,0,1,COLORADO BLVD N & 35TH AVE E,1,3,0,0,1,1,0,0,35,0,0,0,0,2,2,2,16
,2021-24382,39.65615355,-105.0532099,7/7/2021 14:05,14:05,1,0,0,SHERIDAN BLVD S & DARTMOUTH AVE W,1,1,0,0,1,2,0,0,40,0,0,0,0,0,2,2,13
,2021-24383,39.72253353,-104.9862199,6/9/2021 10:17,10:17,10,0,0,4TH AVE E & LINCOLN ST N,1,1,0,0,1,1,0,0,35,0,0,0,0,0,4,2,13
,2021-24384,39.72026354,-105.0250899,7/7/2021 13:35,13:35,3,0,0,FEDERAL BLVD N & 2ND AVE N (RD E),1,1,0,0,1,1,0,0,40,0,0,0,0,0,2,2,1
,2021-24385,39.71120354,-104.9988899,7/7/2021 10:54,10:54,12,0,0,I-25 & ALAMEDA AVE W,1,1,0,0,1,4,0,0,55,0,0,0,0,0,1,2,3
,2021-24386,39.74760353,-105.0053499,7/7/2021 15:15,15:15,10,0,0,1600 BLK 11TH ST & CHOPPER CIR,1,1,1,0,1,2,0,0,30,0,0,0,0,0,4,2,13
,2021-24387,39.74043353,-105.0141499,7/7/2021 12:45,12:45,12,0,0,I-25 & COLFAX AVE W,1,1,0,0,1,4,0,0,55,0,0,0,0,0,1,2,13
,2021-24388,39.78008352,-104.9404999,7/7/2021 13:00,13:00,5,0,0,I-70 & COLORADO BLVD N,1,1,0,0,3,4,0,0,55,0,0,0,0,0,1,1,3
,2021-24389,39.75629353,-105.0158299,7/7/2021 13:10,13:10,3,0,0,SPEER BLVD N & ZUNI ST N,1,1,1,0,1,2,0,0,35,0,0,0,0,0,4,2,7
,2021-24430,39.81492352,-104.9524499,7/19/2021 13:51,13:51,12,0,0,I 270 & YORK ST,1,1,3,0,1,4,0,0,55,0,0,0,0,0,1,2,13
,2021-24449,39.82152352,-104.9760099,7/16/2021 17:22,17:22,12,0,0,I 76 & I 25,1,1,3,0,1,4,0,0,65,0,0,0,0,0,1,2,1
,2021-24482,39.77749514,-104.8955137,7/19/2021 9:22,9:22,12,0,0,I 76 & I 270,1,1,3,0,1,4,0,0,65,0,0,0,0,0,1,3,16
,2021-24496,39.74630353,-104.9647499,6/21/2021 9:54,9:54,6,0,0,2000 BLK N HIGH ST & E 21ST AVE,1,1,3,0,1,4,0,0,25,0,0,0,0,0,4,4,10
,2021-24503,39.70380353,-104.9407099,5/20/2021 17:20,17:20,12,0,0,COLORADO BLVD S & EXPOSITION AVE RD W,1,1,3,0,1,1,0,0,35,0,0,0,0,0,2,2,13
,2021-24506,39.71816354,-105.0251884,6/7/2021 12:09,12:09,12,0,1,FEDERAL BLVD N & 1ST AVE W,1,1,3,0,1,4,0,0,35,0,0,0,0,2,2,3,16
,2021-24531,39.70733353,-104.9407399,6/15/2021 16:15,16:15,1,0,0,E CHERRY CREEK N DR & S COLORADO BLVD,1,1,3,0,1,1,0,0,25,0,0,0,0,0,4,3,3
,2021-24533,39.67867354,-105.0149799,6/17/2021 13:46,13:46,12,0,0,2300 BLK W EVANS AVE & S UNIVERSITY BLVD,1,1,3,0,1,4,0,0,30,0,0,0,0,0,4,3,1
,2021-24541,39.72979353,-104.9883299,6/16/2021 14:13,14:13,6,0,0,800 N ACOMA ST & E 8TH AVE,1,3,3,0,1,4,0,0,25,0,0,0,0,0,4,3,16
,2021-24543,39.67178354,-105.0175399,6/14/2021 6:25,6:25,6,0,0,2600 BLK W HARVARD AVE & S CLAY ST,1,1,3,0,1,4,0,0,25,0,0,0,0,0,4,3,1
,2021-24591,39.86465563,-104.9073975,7/1/2021 16:40,16:40,3,0,2,SHERIDAN BLVD S & FRONTAGE RD S,1,1,0,0,1,1,0,0,35,0,0,0,0,2,2,2,13
,2021-24592,39.63692875,-104.8899084,7/6/2021 18:03,18:03,12,0,0,I-25 & I-225 NB FLYOVER,1,1,0,0,1,4,0,0,55,0,0,0,0,1,1,3,7
,2021-24593,39.72931353,-105.0148199,7/4/2021 23:54,23:54,12,0,0,I-25 & 8TH AVE W,1,3,0,0,1,4,0,0,55,0,0,0,0,0,1,5,13
,2021-24594,39.76094353,-105.0043199,6/7/2021 0:04,0:04,15,0,0,I-25 & 20TH ST,1,3,1,0,1,4,0,0,65,0,0,0,0,1,1,3,13
,2021-24595,39.71382099,-104.9407909,7/7/2021 21:28,21:28,3,0,0,COLORADO BLVD S & CHERRY CREEK DR SE,1,3,0,0,1,1,0,0,35,0,0,0,0,1,2,2,1
,2021-24726,39.78346312,-105.0112166,7/5/2021 23:12,23:12,12,0,1,FEDERAL BLVD N & I-70 EB ON RAMP,1,3,0,0,1,1,0,0,35,0,0,0,0,2,2,2,13
,2021-24727,39.78061352,-104.9407499,6/14/2021 18:01,18:01,15,0,0,COLORADO BLVD N & 46TH AVE E,1,3,0,0,1,1,0,0,35,0,0,0,0,0,2,2,1
,2021-24728,39.83230305,-104.9834911,7/8/2021 23:01,23:01,3,0,1,COLFAX AVE W & I-25 SB OFF RAMP,1,3,0,0,1,1,0,0,45,0,0,0,0,2,2,2,16
,2021-24729,39.77839352,-104.8968799,7/7/2021 16:56,16:56,12,0,0,I-70 & I-270,1,1,0,0,1,4,0,0,65,0,0,0,0,0,1,2,13
,2021-24730,39.76094353,-105.0043199,7/8/2021 0:18,0:18,1,0,0,20TH ST & I-25 NB ON RAMP,1,3,0,0,1,1,0,0,35,0,0,0,0,0,4,2,7
,2021-24731,39.75847353,-105.0252199,6/14/2021 17:30,17:30,12,0,0,FEDERAL BLVD N & 29TH AVE W,1,1,0,0,1,4,0,0,35,0,0,0,0,0,2,3,16
,2021-24732,39.78438353,-105.0251799,7/7/2021 22:05,22:05,3,0,0,FEDERAL BLVD N & I-70 WB OFF RAMP,1,3,0,0,1,1,0,0,35,0,0,0,0,0,2,2,13
,2021-24733,39.65304354,-104.87565,7/8/2021 13:45,13:45,9,0,1,HAMPDEN AVE E & DAYTON ST S,1,1,0,0,1,1,0,0,45,0,0,0,1,3,2,1,14
,2021-24734,39.79112351,-104.8243099,7/7/2021 16:25,16:25,15,0,0,CROWN BLVD N & MAXWELL PL E,1,1,0,0,1,4,0,0,25,0,0,0,0,1,4,2,7
,2021-24735,39.77282351,-104.79909,7/8/2021 18:50,18:50,12,0,0,16100 BLK E 40TH AVE & N KITTREDGE ST,1,1,0,0,1,3,0,0,35,0,0,0,0,0,4,2,7
,2021-24736,39.77912352,-104.9787499,7/7/2021 18:28,18:28,12,0,0,I-70 EB ENT RAMP & WASHINGTON ST N,1,2,1,0,1,8,0,0,55,0,0,0,0,0,1,2,3
,2021-24737,39.78081352,-104.9667899,7/8/2021 13:41,13:41,2,0,0,46TH AVE E & BRIGHTON BLVD N,1,1,0,0,1,1,0,0,0,1,0,0,0,1,4,2,16
,2021-24738,39.75823353,-104.9733399,7/8/2021 13:15,13:15,12,0,0,E 29TH AVE & N DOWNING ST,1,1,0,0,1,4,0,0,30,0,0,0,0,0,4,2,13
,2021-24739,39.68933354,-104.9581299,5/15/2021 12:00,12:00,6,0,0,S JOSEPHINE ST & E FLORIDA AVE,1,1,0,0,1,4,0,0,30,0,0,0,0,0,4,2,14
,2021-24740,39.67114354,-105.0250499,7/8/2021 19:45,19:45,1,0,0,FEDERAL BLVD S & HARVARD AVE RD W,1,1,0,0,1,1,0,0,35,0,0,0,0,0,2,2,13
,2021-24741,39.69082112,-104.9748994,7/8/2021 16:21,16:21,5,0,0,I-25 & MM 206,1,1,0,0,2,4,0,0,55,0,0,0,0,0,1,1,8
,2021-24742,39.76084103,-105.0040802,3/27/2021 12:30,12:30,12,0,0,20TH ST & I-25 NB ON RAMP,1,1,0,0,1,1,0,0,30,0,0,0,0,0,4,2,4
,2021-24743,39.72541354,-105.0386299,3/29/2021 7:35,7:35,12,0,0,6TH AVE W & PERRY ST N,1,1,0,0,1,4,0,0,55,0,0,0,0,0,2,2,1
,2021-24744,39.65377354,-104.8939799,3/28/2021 23:20,23:20,6,0,0,ULSTER ST S & GIRARD AVE E,1,4,0,0,1,4,0,0,25,0,0,0,0,0,4,2,5
,2021-24745,39.72931353,-105.0148199,7/7/2021 15:45,15:45,15,0,0,I-25 & 8TH AVE W,1,1,0,0,1,4,0,0,65,0,0,0,0,0,1,2,8
,2021-24746,39.75240353,-105.0191599,3/26/2021 18:52,18:52,14,0,0,N BRYANT ST & W 24TH AVE,1,1,0,0,1,4,0,0,25,0,0,0,0,0,4,2,16
,2021-24747,39.822642,-104.6943579,7/8/2021 6:14,6:14,1,0,0,78TH AVE E & JACKSON GAP RD N,1,1,0,0,1,1,0,0,45,0,0,0,0,0,4,2,7
,2021-24748,39.72931353,-105.0148199,4/4/2021 23:47,23:47,15,0,0,I-25 & 8TH AVE W,1,3,0,0,1,4,0,0,65,0,0,0,0,1,1,2,5
,2021-24749,39.8362035,-104.69722,7/8/2021 13:15,13:15,15,0,0,78TH AVE & 24890 E,1,1,0,0,1,4,0,0,,0,0,0,0,0,4,2,7
,2021-24750,39.66560354,-105.0250999,7/7/2021 17:25,17:25,15,0,0,2700 BLK S FEDERAL BLVD & W YALE AVE,1,1,0,0,1,4,0,0,25,0,0,0,0,0,2,2,13
,2021-24751,39.73844353,-104.9952899,7/8/2021 12:33,12:33,3,0,0,N FOX ST & W 14TH AVE,1,1,0,0,1,1,0,0,25,0,0,0,0,0,4,2,3
,2021-24752,39.72553353,-105.0131199,7/7/2021 16:14,16:14,15,0,0,I-25 NB ON RAMP FROM & 6TH AVE W,1,1,0,0,1,8,0,0,55,0,0,0,0,0,1,2,7
,2021-24753,39.75482353,-105.0299299,7/9/2021 15:06,15:06,3,0,0,26TH AVE W & IRVING ST N,1,1,1,0,1,1,0,0,30,0,0,0,0,0,4,2,16
,2021-24754,39.74738353,-104.9406299,7/8/2021 14:13,14:13,3,0,0,COLORADO BLVD N & MONTVIEW BLVD E,1,1,0,0,1,1,0,0,35,0,0,0,0,0,2,2,7
,2021-24755,39.75499353,-104.9855699,7/8/2021 14:09,14:09,3,0,0,24TH ST & CURTIS ST,1,1,0,0,1,2,0,0,25,0,0,0,0,1,4,2,13
,2021-24756,39.76182254,-104.9536384,7/9/2021 9:26,9:26,12,0,0,I-70 & FILLMORE ST N,1,1,0,0,1,4,0,0,65,0,0,0,0,1,1,4,1
,2021-24757,39.70518353,-104.9172599,6/14/2021 13:01,13:01,8,0,1,6000 BLK LEETSDALE DR & S JERSEY ST,1,1,0,0,6,4,0,0,35,0,0,0,0,2,2,3,14
,2021-24758,39.78026353,-104.9895499,7/8/2021 8:11,8:11,12,0,0,I-25 & I-70 WB,1,1,1,0,1,4,0,0,55,0,0,0,0,0,1,2,3
,2021-24759,39.83230305,-104.9834911,6/18/2021 22:53,22:53,15,0,0,I-25 SB EXIT GORE PT TO & HAMPDEN AVE E,1,4,1,0,1,4,0,0,65,0,0,0,0,0,1,2,5
,2021-24760,39.75589353,-104.9630999,5/28/2021 7:11,7:11,6,0,0,2700 BLOCK N RACE ST & N RACE ST,1,1,0,0,1,4,0,0,25,0,0,0,0,0,4,3,1
,2021-24761,39.65307354,-104.9184399,6/20/2021 3:22,3:22,12,0,0,I-25 SB EXIT GORE PT TO & HAMPDEN AVE E,1,4,0,0,1,4,0,0,65,0,0,0,0,0,1,3,13
,2021-24762,39.72931353,-105.0158799,6/29/2021 10:20,10:20,3,0,0,W ZUNI ST & W 8TH AVE,1,1,0,0,1,1,0,0,35,0,0,0,0,0,4,2,8
,2021-24763,39.74012353,-104.9418599,7/9/2021 12:11,12:11,12,0,0,COLFAX AVE E & HARRISON ST N,1,1,0,0,1,1,0,0,30,0,0,0,0,0,2,3,13
,2021-24764,39.74335353,-104.9873699,7/8/2021 22:16,22:16,15,0,0,BROADWAY ST N & 17TH ST,1,3,1,0,1,1,0,0,30,0,0,0,0,0,4,3,7
,2021-24767,39.78828352,-104.9510899,6/17/2021 7:10,7:10,6,0,0,5000 BLK N ST PAUL ST & E 50TH AVE,1,1,3,0,1,4,0,0,25,0,0,0,0,1,4,2,16
,2021-24799,39.7821854,-104.9592814,7/26/2021 6:15,6:15,15,0,1,HWY 224 & YORK ST,1,1,3,0,1,3,0,0,35,0,0,0,0,1,2,3,1
,2021-24829,39.80014352,-104.9780499,7/25/2021 15:15,15:15,9,0,1,57TH AVE & WASHINGTON ST,1,1,3,0,1,4,0,0,35,0,0,0,1,3,4,1,16
,2021-24932,39.74764753,-105.0532099,6/2/2021 10:30,10:30,12,0,0,SHERIDAN BLVD & 20TH AVE,1,1,3,0,1,4,0,0,35,0,0,0,0,0,2,2,13
,2021-24940,39.72085353,-104.9787399,6/27/2021 0:01,0:01,5,0,0,E SPEER BLVD & N WASHINGTON ST,1,3,0,0,3,4,0,0,30,0,0,0,0,1,4,1,4
,2021-24941,39.72527841,-105.1417334,6/26/2021 1:38,1:38,5,0,0,I-25 & 6TH AVE W,11,3,0,1,3,4,0,0,55,0,0,0,0,0,1,1,5
,2021-24942,39.76563353,-105.0158499,5/22/2021 0:09,0:09,6,0,0,N ZUNI ST & W 35TH AVE,1,4,0,0,1,4,0,0,35,0,0,0,0,0,4,3,13
,2021-24943,39.77291052,-104.8563825,7/7/2021 17:00,17:00,12,0,0,E 40TH AVE & E 40TH CIR,1,1,0,0,1,4,0,0,40,0,0,0,0,0,4,3,13
,2021-24944,39.79829352,-104.8893699,6/7/2021 16:01,16:01,12,0,0,E 56TH AVE & N VALENTIA ST,1,1,0,0,1,1,0,0,45,0,0,0,0,0,4,2,1
,2021-24945,39.72562353,-104.9836099,7/7/2021 17:50,17:50,3,0,0,E 6TH AVE & N GRANT ST,1,1,1,0,1,1,0,0,30,0,0,0,0,0,4,3,4
,2021-24946,39.76804353,-105.0052699,3/6/2021 23:34,23:34,6,0,0,37TH AVE W & OSAGE ST N,1,3,0,0,1,3,0,0,25,0,0,0,0,0,4,3,14
,2021-24947,39.79331352,-104.9569999,7/12/2021 11:00,11:00,5,0,0,N BRIGHTON BLVD & N COLUMBINE ST,1,1,0,0,3,1,0,0,40,0,0,0,0,0,4,1,13
,2021-24948,39.67846454,-104.9315884,7/12/2021 9:23,9:23,12,0,0,E EVANS AVE & S DAHLIA ST,1,1,0,0,1,3,0,0,45,0,0,0,0,1,4,2,13
,2021-24949,39.77582352,-104.8657299,7/8/2021 6:52,6:52,12,0,0,I-70 & HAVANA ST N,1,1,0,0,1,4,0,0,55,0,0,0,0,1,1,3,1
,2021-24950,39.72727353,-104.9874099,6/5/2021 9:04,9:04,15,0,0,E SPEER BLVD & N BROADWAY ST,1,1,0,0,1,1,0,0,30,0,0,0,0,0,4,2,3
,2021-24951,39.70907354,-105.0349499,7/9/2021 14:25,14:25,3,0,0,400 BLOCK S LOWELL BLVD & MORRISON RD,1,1,0,0,1,2,0,0,25,0,0,0,0,0,4,2,13
,2021-24952,39.78377352,-104.9405099,7/12/2021 5:51,5:51,1,0,1,E 48TH AVE & N COLORADO BLVD,1,2,0,0,1,1,0,0,40,0,0,0,1,2,4,2,13
,2021-24953,39.66452354,-105.0226899,5/22/2021 21:10,21:10,6,0,0,2800 BLK S DECATUR ST & W COLLEGE AVE (NOT CDOT),1,4,0,0,1,4,0,0,25,0,0,0,0,0,4,2,14
,2021-24954,39.77420352,-104.8470299,7/11/2021 21:52,21:52,5,0,0,I-70 & PEORIA ST N,1,3,1,0,2,4,0,0,55,0,0,0,0,1,1,2,1
,2021-24956,39.65307354,-104.9184399,7/12/2021 8:03,8:03,12,0,0,I-25 & HAMPDEN AVE E,1,1,0,0,1,4,0,0,65,0,0,0,0,0,1,2,7
,2021-24957,39.63397354,-104.9055299,7/11/2021 20:30,20:30,5,0,0,I-225 NB ON RAMP LOOP FROM & I-25 SB,1,3,1,0,2,8,0,0,65,0,0,0,0,0,1,1,2
,2021-24958,39.73675353,-104.9150399,7/12/2021 16:53,16:53,3,0,0,E 13TH AVE & N LEYDEN ST,1,1,0,0,1,1,0,0,25,0,0,0,0,0,4,2,13
,2021-24959,39.75298514,-104.9926778,7/12/2021 0:33,0:33,6,0,0,20TH ST & 1300 BLK,1,3,0,0,1,4,0,0,30,0,0,0,0,0,4,2,5
,2021-24960,39.73676353,-104.9472699,7/9/2021 23:21,23:21,6,0,3,3300 BLK E 13TH AVE & N ADAMS ST,1,3,0,0,1,4,0,0,30,0,0,0,0,2,4,4,2
,2021-24961,39.71831354,-105.0322499,6/13/2021 15:10,15:10,6,0,0,100 BLOCK N KNOX CT & W 1ST AVE,1,1,0,0,1,4,0,0,30,0,0,0,0,0,4,5,13
,2021-24962,39.72841354,-105.0251299,7/12/2021 11:10,11:10,15,0,0,700 BLK N FEDERAL BLVD & W SEVERN PL,1,1,0,0,1,4,0,0,35,0,0,0,0,0,2,2,13
,2021-24963,39.68604252,-104.9035894,7/8/2021 23:50,23:50,12,0,0,I-270 & QUEBEC ST S,1,3,0,0,1,4,0,1,55,0,0,0,0,0,1,3,1
,2021-24964,39.73562353,-104.8987399,4/10/2021 19:00,19:00,8,0,2,N SYRACUSE ST & E 12TH AVE,1,1,0,0,1,1,0,0,25,0,0,0,0,2,4,2,8
,2021-24965,39.76514352,-104.8904699,4/6/2021 16:53,16:53,12,0,0,N CENTRAL PARK BLVD & E 35TH AVE,11,1,0,1,1,4,0,0,35,0,0,0,0,0,4,2,14
,2021-24966,39.72569653,-105.0001594,4/6/2021 7:26,7:26,12,0,0,W 6TH AVE & N KALAMATH ST,1,1,0,0,1,3,0,0,40,0,0,0,0,0,4,2,13
,2021-24967,39.82976428,-104.692964,4/6/2021 12:14,12:14,3,0,0,JACKSON GAP ST & 75TH AVE,1,1,0,0,1,1,0,0,,0,0,0,0,0,4,2,7
,2021-24968,39.72553353,-105.0131199,4/6/2021 7:50,7:50,12,0,0,I-25 & 6TH AVE W,1,1,0,0,1,4,0,0,55,0,0,0,0,0,1,2,1
,2021-24969,39.79023352,-104.8658999,6/7/2021 12:15,12:15,1,0,0,HAVANA ST N & 51ST AVE E,1,1,1,0,1,1,0,0,40,0,0,0,0,0,4,2,1
,2021-24977,39.48222357,-105.0047799,7/20/2021 17:08,17:08,12,0,1,I 76 & PECOS ST,1,1,3,0,1,4,0,0,65,0,0,0,0,1,1,2,16
,2021-25048,39.76011353,-104.9671799,6/27/2021 0:00,0:00,6,0,0,3000 BLK N GILPIN ST & E 31ST AVE,1,1,3,0,1,4,0,0,,0,0,0,0,0,4,3,16
,2021-25050,39.73060353,-104.9773999,6/25/2021 8:30,8:30,6,0,0,900 BLK N CLARKSON ST & E 9TH AVE,1,1,3,0,1,4,0,0,30,0,0,0,0,0,4,4,13
,2021-25062,39.77911352,-104.9698199,6/8/2021 9:53,9:53,5,0,0,4600 BLOCK N HUMBOLDT ST & E 46TH AVE,1,1,3,0,3,3,0,0,25,0,0,0,0,0,4,1,1
,2021-25068,39.75471352,-104.9046299,6/13/2021 10:47,10:47,10,0,0,26TH AVE E & POPLAR ST N,1,1,3,0,1,1,0,0,,0,0,0,0,1,4,2,16
,2021-25078,39.78758353,-105.0166599,6/16/2021 0:00,0:00,6,0,0,5000 BLOCK N ALCOTT ST & W 50TH AVE,1,4,3,0,1,4,0,0,25,0,0,0,0,0,4,2,16
,2021-25081,39.72889353,-104.9975699,6/28/2021 7:30,7:30,12,0,0,W 8TH AVE & N INCA ST,1,1,3,0,1,4,0,0,30,0,0,0,0,0,4,4,3
,2021-25085,39.71117354,-104.9932399,6/27/2021 11:21,11:21,15,0,0,300 BLK W ALAMEDA AVE & S CHEROKEE ST,1,1,3,0,1,4,0,0,30,0,0,0,0,0,4,2,13
,2021-25088,39.71116354,-104.9899999,6/25/2021 13:48,13:48,1,0,0,ALAMEDA AVE W & BANNOCK ST S,1,1,3,0,1,1,0,0,35,0,0,0,0,0,4,2,11