id,drcog_id,latitude,longitude,crashtime,time,crashtype,numbkilled,numbinjurd,drcoglocat,rdconditin,lightngcon,roadcntgrd,weatherco,location,roaddescrp,schoolzone,constrzone,splimit,bikeinv,pedinv,sctrinv,motoinv,svrty,rdsystem,ttlvehcls,hcf
,2021-26838,39.75446353,-104.9951499,7/24/2021 22:53,22:53,6,0,0,20TH ST & 1520 20TH ST,1,2,2,0,1,4,0,0,35,0,0,0,0,0,4,2,3
,2021-26839,39.77286352,-104.8338299,7/9/2021 12:11,12:11,12,0,1,I-70 EB EXIT GORE PT TO & I-225 SB,14,1,0,0,1,4,0,0,55,0,0,0,0,2,1,3,13
,2021-26840,39.70401354,-105.0297999,7/22/2021 18:00,18:00,3,0,0,W EXPOSITION AVE & S IRVING ST,1,1,0,0,1,1,0,0,25,0,0,0,0,1,4,2,7
,2021-26841,39.74015352,-104.8893599,7/23/2021 20:59,20:59,12,0,0,COLFAX AVE E & WABASH ST,1,3,0,0,1,1,0,0,35,0,0,0,0,0,2,3,1
,2021-26842,39.77827352,-104.9128699,7/14/2021 23:40,23:40,12,0,0,I-70 & MONACO ST N,1,4,0,0,1,4,0,0,65,0,0,0,0,0,2,3,14
,2021-26843,39.74043353,-105.0139599,7/23/2021 19:25,19:25,12,0,0,I-25 & COLFAX AVE W,1,1,0,0,1,4,0,0,65,0,0,0,0,0,1,3,13
,2021-26844,39.79754351,-104.8271699,7/18/2021 21:40,21:40,6,0,0,POTOMAC WY N & RANDOLPH PL E,1,3,0,0,1,4,0,0,25,0,0,0,0,0,4,3,3
,2021-26845,39.76803353,-105.0236099,7/17/2021 16:34,16:34,6,0,0,W 37TH AVE & N ELIOT ST,1,1,0,0,1,1,0,0,25,0,0,0,0,0,4,3,14
,2021-26846,39.76446352,-104.9356099,6/13/2021 4:00,4:00,6,0,0,BIRCH ST N & BRUCE RANDOLPH AVE E,1,2,0,0,1,4,0,0,30,0,0,0,0,0,4,3,5
,2021-26847,39.74325353,-104.9775299,7/7/2021 18:07,18:07,12,0,0,E 17TH AVE & N CLARKSON ST,1,1,0,0,1,1,0,0,,0,0,0,0,0,4,3,13
,2021-26848,39.75835429,-104.9820871,7/7/2021 0:57,0:57,6,0,0,ARAPAHOE ST & 2920 ARAPAHOE ST,11,3,0,0,1,4,0,0,,0,0,0,0,0,4,3,5
,2021-26849,39.77825352,-104.8965999,7/7/2021 17:32,17:32,12,0,0,I-70 & I-270,1,1,0,0,1,4,0,0,65,0,0,0,0,0,1,3,13
,2021-26850,39.78940351,-104.8147299,7/21/2021 18:51,18:51,6,0,0,EAGLE ST N & 5250 N EAGLE ST,1,1,0,0,3,4,0,0,20,0,0,0,0,0,4,2,9
,2021-26851,39.73367353,-104.9986499,7/7/2021 13:01,13:01,3,0,1,N SANTA FE DR & W 11TH AVE,1,1,1,0,1,1,0,0,30,0,0,0,0,1,4,2,13
,2021-26852,39.77552353,-105.0029499,7/14/2021 1:27,1:27,6,0,0,N MARIPOSA ST & W 43RD AVE,1,3,0,0,1,3,0,0,25,0,0,0,0,0,4,4,14
,2021-26853,39.71116354,-105.0532399,7/7/2021 17:20,17:20,12,0,0,SHERIDAN BLVD S & ALAMEDA AVE W,1,1,1,0,1,1,0,0,35,0,0,0,0,0,2,2,13
,2021-26855,39.71622971,-104.9080715,7/24/2021 18:42,18:42,3,0,0,LOWRY BLVD E & MONACO ST S,1,1,0,0,1,1,0,0,35,0,0,0,0,0,4,3,13
,2021-26856,39.68604252,-104.9035894,7/23/2021 9:30,9:30,12,0,0,I-70 & QUEBEC ST S,1,1,0,0,1,4,0,1,55,0,0,0,0,0,1,4,13
,2021-26857,39.71126354,-105.0432499,7/7/2021 17:20,17:20,3,0,0,ALAMEDA AVE W & STUART ST S,1,1,0,0,1,1,0,0,25,0,0,0,0,1,2,2,1
,2021-26858,39.67846354,-104.9652199,6/25/2021 11:55,11:55,15,0,0,E EVANS AVE & S HIGH ST,1,1,0,0,1,1,0,0,35,0,0,0,0,0,4,2,1
,2021-26859,39.66760354,-104.9238799,7/9/2021 12:15,12:15,15,0,0,YALE AVE E & I-25 NB ON RAMP,1,1,0,0,1,1,0,0,30,0,0,0,0,0,1,2,13
,2021-26860,39.74824153,-104.9864389,7/19/2021 11:06,11:06,3,0,0,20TH ST & WELTON ST,1,1,0,0,1,1,0,0,25,0,0,0,0,0,4,3,13
,2021-26861,39.78197353,-105.0064299,7/23/2021 17:58,17:58,12,0,0,N PECOS ST & I-70 EB ON RAMP,1,1,0,0,1,6,0,0,15,0,0,0,0,0,4,2,13
,2021-26862,39.71861353,-104.9728799,7/23/2021 19:26,19:26,6,0,0,N DOWNING ST & E SPEER BLVD,1,1,0,0,1,4,0,0,35,0,0,0,0,0,4,3,16
,2021-26863,39.67843354,-104.9339699,7/2/2021 2:59,2:59,12,0,0,I-25 & EVANS AVE E,1,3,0,0,1,4,0,0,55,0,0,0,0,0,1,2,16
,2021-26864,39.75365353,-104.9934099,7/11/2021 2:31,2:31,10,0,0,20TH ST & MARKET ST,1,3,0,0,1,1,0,0,25,0,0,0,0,0,4,2,14
,2021-26865,39.64988355,-105.0687499,7/1/2021 21:26,21:26,6,0,0,6500 BLK W KENYON AVE & NEWLAND,1,3,0,0,1,1,0,0,25,0,0,0,0,0,4,2,10
,2021-26866,39.74270353,-105.0358299,7/3/2021 22:45,22:45,6,0,0,1500 BLK N MEADE ST & W 15TH AVE,1,4,0,0,1,4,0,0,30,0,0,0,0,0,4,2,4
,2021-26867,39.67845354,-104.9250399,6/30/2021 18:45,18:45,14,0,1,E EVANS  AVE & S GRAPE ST,1,1,0,0,1,4,0,0,35,0,0,0,0,2,4,2,3
,2021-26868,39.68038354,-105.0247399,6/28/2021 21:00,21:00,3,0,0,FEDERAL BLVD S & EVANS AVE W,1,3,0,0,1,1,0,0,40,0,0,0,0,1,2,2,13
,2021-26869,39.75498353,-104.9951399,6/25/2021 22:49,22:49,3,0,0,20TH ST & WAZEE ST,11,3,1,1,1,1,0,0,25,0,0,0,0,0,4,2,3
,2021-26870,39.78227352,-104.8613099,7/9/2021 10:32,10:32,5,0,0,10800 BLK E 47TH AVE & N IRONTON ST,1,1,0,0,2,4,0,0,,0,0,0,0,0,4,1,16
,2021-26883,39.76564352,-104.9128599,7/2/2021 14:03,14:03,3,0,0,E 35TH AVE & N MONACO ST,1,1,3,0,1,1,0,0,35,0,0,0,0,0,4,2,7
,2021-26885,39.73833353,-104.9450599,7/2/2021 17:23,17:23,3,0,0,MONROE ST N & 14TH AVE E,1,1,3,0,1,1,0,0,35,0,0,0,0,0,4,2,7
,2021-26890,39.82862416,-105.0061808,7/15/2021 17:00,17:00,11,0,1,PECOS ST & 7255 BLK N,1,1,3,0,5,2,0,0,,0,1,0,0,1,3,1,16
,2021-26903,39.74490353,-104.9942499,7/1/2021 14:50,14:50,3,0,1,15TH ST & STOUT ST,1,1,3,0,1,1,0,0,35,0,0,0,1,3,4,2,4
,2021-26909,39.69045354,-104.9928099,7/2/2021 15:53,15:53,15,0,0,SANTA FE DR S & FLORIDA AVE E,1,1,3,0,1,4,0,0,45,0,0,0,0,1,2,2,8
,2021-26912,39.74967353,-104.9968099,7/2/2021 12:45,12:45,6,0,0,1600 BLK LARIMER ST & 16TH ST,1,1,3,0,1,4,0,0,35,0,0,0,0,0,4,2,7
,2021-26913,39.72026354,-105.0250899,7/3/2021 9:32,9:32,3,0,0,FEDERAL BLVD N & 2ND AVE W,1,1,3,1,1,1,0,0,35,0,0,0,0,0,2,2,16
,2021-26914,39.77295353,-104.9754199,7/3/2021 7:36,7:36,3,0,0,N BRIGHTON BLVD & 38TH ST,1,1,3,1,1,1,0,0,35,0,0,0,0,0,4,2,13
,2021-26924,39.75007753,-105.0049384,6/17/2021 15:39,15:39,12,0,0,N SPEER BLVD & WEWATTA ST,1,1,3,0,1,4,0,0,35,0,0,0,0,0,4,2,1
,2021-26934,39.71119354,-104.9983799,7/3/2021 16:51,16:51,3,0,0,ALAMEDA AVE W & KALAMATH ST S,1,1,3,0,1,1,0,0,35,0,0,0,0,1,2,2,11
,2021-26935,39.74406353,-104.9848399,7/6/2021 15:35,15:35,3,0,0,SHERMAN ST N & 17TH AVE E,1,1,3,0,1,2,0,0,30,0,0,0,0,0,4,2,13
,2021-26937,39.70084354,-104.9991499,7/6/2021 8:24,8:24,6,0,0,800 BLK S JASON ST & W MISSISSIPPI AVE,1,1,3,1,1,1,0,0,30,0,0,0,0,0,4,2,13
,2021-26938,39.73845353,-104.9976399,7/2/2021 16:17,16:17,10,0,0,N SPEER BLVD & W 14TH AVE,1,1,3,0,1,1,0,0,35,0,0,0,0,0,4,2,7
,2021-26941,39.7980115,-104.6524964,7/3/2021 14:45,14:45,5,0,0,56TH AVE E & TOWER RD N,1,1,3,0,3,4,0,0,40,0,0,0,0,0,4,2,7
,2021-26951,39.78179337,-104.7721203,6/28/2021 7:54,7:54,12,0,0,N TOWER RD & E 47TH AVE,1,1,3,0,1,3,0,0,35,0,0,0,0,0,4,2,4
,2021-26961,39.73764353,-104.9861199,7/6/2021 14:40,14:40,15,0,0,1300 BLK N LINCOLN ST & E 13TH AVE,1,1,3,0,1,4,0,0,30,0,0,0,0,0,4,2,13
,2021-26967,39.73685353,-104.9741299,7/5/2021 16:20,16:20,3,0,0,E 13TH AVE & N CORONA ST,1,1,3,0,1,1,0,0,30,0,0,0,0,0,4,2,13
,2021-26968,39.79832351,-104.76268,7/6/2021 6:03,6:03,15,0,0,E 56TH AVE & N DUNKIRK ST,1,1,3,0,1,4,0,0,40,0,0,0,0,0,4,2,1
,2021-26969,39.68506354,-104.9594399,7/2/2021 16:40,16:40,15,0,0,UNIVERSITY BLVD S & I-25 SB ON RAMP SLIP GORE PT,1,1,3,0,1,8,0,0,30,0,0,0,0,0,4,2,7
,2021-26970,39.73832353,-104.9434199,7/6/2021 8:30,8:30,12,0,0,3700 BLK E 14TH AVE & N GARFIELD ST,1,1,3,0,1,4,0,0,30,0,0,0,0,0,4,2,3
,2021-26971,39.78970352,-104.9035499,7/6/2021 8:13,8:13,3,0,0,5100 BLK N QUEBEC ST & E 53RD PL,1,1,3,0,1,2,0,0,40,0,0,0,0,0,2,2,1
,2021-26972,39.67794354,-105.0489999,7/3/2021 11:04,11:04,6,0,0,WOLCOTT CT S & WARREN AVE W,1,1,3,1,1,1,0,0,,0,0,0,0,0,4,2,16
,2021-26975,39.77624352,-104.8470199,7/5/2021 11:00,11:00,12,0,1,4300 BLK N PEORIA ST & E 44TH AVE,1,1,3,0,1,1,0,0,35,0,0,0,0,1,4,2,16
,2021-26976,39.68929354,-104.9593499,7/2/2021 13:51,13:51,5,0,0,UNIVERSITY BLVD S & FLORIDA AVE E,1,1,3,0,1,1,0,0,,0,0,0,0,0,4,2,16
,2021-26979,39.70385353,-104.9146999,7/5/2021 14:00,14:00,12,0,0,LEETSDALE DR & EXPOSITION AVE E,1,1,3,0,1,1,0,0,35,0,0,0,0,0,2,2,3
,2021-26982,39.79260351,-104.8399799,7/5/2021 12:30,12:30,6,0,0,5400 BLK N TUCSON ST & E 55TH AVE,1,1,3,0,1,4,0,0,30,0,0,0,0,0,4,2,1
,2021-26985,39.73203353,-104.9854799,7/5/2021 11:50,11:50,6,0,0,10TH AVE E & SHERMAN ST N,1,1,3,0,1,4,0,0,30,0,0,0,0,0,4,2,13
,2021-26986,39.69467354,-104.9742999,7/3/2021 13:07,13:07,8,0,0,1100 BLK E ARIZONA AVE & S FRANKLIN ST,1,1,3,0,6,4,0,0,25,0,0,0,1,0,4,2,14
,2021-26988,39.72544353,-104.9038199,7/5/2021 13:00,13:00,10,0,0,E 6TH AVE & S QUEBEC ST,1,1,3,0,1,1,0,0,30,0,0,0,0,0,4,2,16
,2021-26992,39.77391352,-104.9382599,7/5/2021 6:13,6:13,6,0,0,4000 BLK N ALBION ST & E 40TH AVE,1,1,3,1,1,1,0,0,25,0,0,0,0,0,4,4,16
,2021-26996,39.72480353,-104.9008799,7/5/2021 15:45,15:45,6,0,0,ROSLYN ST N & 7TH AVE,1,1,3,0,1,4,0,0,25,0,0,0,0,0,4,2,3
,2021-26997,39.67840354,-104.9407399,7/5/2021 18:00,18:00,12,0,0,E EVANS AVE & S COLORADO BLVD,1,1,3,0,1,3,0,0,30,0,0,0,0,0,2,2,13
,2021-27000,39.72783353,-104.9902799,7/3/2021 12:11,12:11,10,0,0,700 BLK N BANNOCK ST & W 8TH AVE,1,1,3,1,1,1,0,0,35,0,0,0,0,0,4,2,13
,2021-27001,39.79643592,-104.9867901,7/3/2021 10:40,10:40,1,0,0,COLFAX AVE E & LINCOLN ST,1,1,3,0,1,1,0,0,30,0,0,0,0,0,2,2,16
,2021-27015,39.77830353,-104.9905499,7/4/2021 23:32,23:32,5,0,0,I-70 EB OFF RAMP & I-25 SB,1,3,0,0,3,8,0,0,,0,0,0,0,0,1,1,16
,2021-27016,39.75518353,-104.9809699,7/21/2021 19:50,19:50,3,0,0,26TH ST & STOUT ST,1,1,0,0,1,1,0,0,30,0,0,0,0,1,4,2,1
,2021-27017,39.81450351,-104.77212,7/11/2021 10:50,10:50,5,0,0,TOWER RD N & 6493 N TOWER RD,1,3,0,0,5,4,0,0,10,0,0,0,0,0,3,1,3
,2021-27018,39.76094353,-105.0043199,7/15/2021 18:15,18:15,2,0,1,20TH ST & I-25 NB OFF RAMP,1,1,1,0,1,8,0,0,25,1,0,0,0,3,4,2,3
,2021-27019,39.66755354,-104.9118999,6/9/2021 18:10,18:10,12,0,0,6500 BLK E YALE AVE & S MONACO ST,1,1,0,0,1,4,0,0,35,0,0,0,0,0,4,2,14
,2021-27020,39.74598353,-104.9980399,7/20/2021 18:37,18:37,8,0,0,14TH ST & ARAPAHOE ST,1,2,0,0,1,1,0,0,30,0,0,0,0,0,4,2,8
,2021-27021,39.74698353,-105.0345799,7/20/2021 17:05,17:05,6,0,0,1900 BLK N LOWELL BLVD & W 20TH AVE,1,1,0,0,1,4,0,0,35,0,0,0,0,0,4,2,7
,2021-27022,39.77830353,-104.9905499,7/17/2021 18:30,18:30,15,0,0,I-70 EB OFF RAMP & I-25 SB RAMP / WASHINGTON ST,1,1,0,0,1,8,0,0,45,0,0,0,0,0,1,2,9
,2021-27023,39.77674353,-105.0346099,5/9/2021 16:15,16:15,15,0,0,W 44TH AVE & N LOWELL BLVD,1,1,0,0,1,1,0,0,30,0,0,0,0,0,4,2,1
,2021-27024,39.75310042,-104.9879765,7/20/2021 15:00,15:00,3,0,0,22ND ST & BROADWAY ST N,1,1,0,0,1,1,0,0,30,0,0,0,0,0,4,2,16
,2021-27025,39.74370354,-105.0523999,5/28/2021 16:33,16:33,14,0,0,17TH AVE W & 5100 BLK W,1,1,0,0,1,4,0,0,,0,0,0,0,0,4,3,16
,2021-27026,39.74824153,-104.9864389,7/20/2021 13:47,13:47,15,0,0,20TH ST & WELTON ST,1,1,0,0,1,1,0,0,30,0,0,0,0,0,4,2,13
,2021-27027,39.76203353,-105.0093099,6/12/2021 13:28,13:28,15,0,0,18TH ST & ERIE ST,1,1,2,0,1,4,0,0,25,0,0,0,0,0,4,3,1
,2021-27028,39.75319353,-104.9974699,7/9/2021 23:32,23:32,16,0,0,1812 WAZEE ST & 1812 BLK,1,3,0,0,5,7,0,0,,0,0,0,0,0,3,3,7
,2021-27029,39.65428721,-104.8795089,6/8/2021 14:00,14:00,6,0,0,GIRARD AVE E & BOSTON CT S,1,1,0,0,1,4,0,0,25,0,0,0,0,0,4,3,3
,2021-27030,39.78422353,-105.0251799,7/13/2021 7:30,7:30,1,0,0,FEDERAL BLVD N & I-70 EB ON RAMP,1,1,0,0,1,1,0,0,35,0,0,0,0,0,2,2,1
,2021-27031,39.75259039,-104.9848982,7/21/2021 10:37,10:37,12,0,0,I-25 & PARK AVE W,1,1,0,0,1,4,0,0,55,0,0,0,0,1,1,2,14
,2021-27032,39.77929952,-104.9033799,7/14/2021 23:10,23:10,3,0,1,QUEBEC ST S & I-70 WB OFF RAMP,1,3,0,0,1,1,0,0,35,0,0,0,0,3,2,2,13
,2021-27033,39.73998353,-104.9597699,7/9/2021 12:00,12:00,12,0,0,COLFAX AVE E & YORK ST N,1,1,0,7,1,4,0,0,30,0,0,0,0,0,2,2,13
,2021-27034,39.86662778,-104.6717006,7/21/2021 8:38,8:38,12,0,0,6900 BLK PENA BLVD OUTBOUND & N TOWER RD,1,1,0,0,1,4,0,0,65,0,0,0,0,0,4,2,3
,2021-27035,39.77943352,-104.9530099,7/10/2021 18:30,18:30,6,0,0,4500 BLK N FILLMORE ST & E 45TH AVE,1,1,0,0,1,4,0,0,30,0,0,0,0,0,4,2,14
,2021-27036,39.76115353,-105.0047499,7/21/2021 17:30,17:30,12,0,0,I-25 & 20TH ST,1,1,0,1,1,4,0,0,65,0,0,0,0,0,1,2,7
,2021-27037,39.73842353,-104.9873999,7/21/2021 9:15,9:15,10,0,0,N BROADWAY ST & E 14TH AVE,1,1,0,0,1,1,0,0,30,0,0,0,0,0,4,2,8
,2021-27038,39.74424353,-104.9933999,7/11/2021 17:10,17:10,15,0,0,15TH ST & CALIFORNIA ST,1,1,0,0,1,3,0,0,30,0,0,0,0,0,4,2,1
,2021-27039,39.74005353,-104.9873799,7/5/2021 18:09,18:09,3,0,1,COLFAX AVE W & BROADWAY ST N,1,1,0,0,1,1,0,0,30,0,0,0,1,3,1,2,7
,2021-27040,39.78010353,-104.9895499,7/17/2021 17:57,17:57,15,0,0,I-70 & I-25,1,1,0,0,1,4,0,0,55,0,0,0,0,0,1,2,9
,2021-27041,39.74629353,-104.9402999,5/7/2021 8:40,8:40,12,0,0,COLORADO BLVD N & MONTVIEW BLVD E,1,1,0,0,1,3,0,0,35,0,0,0,0,0,2,2,3
,2021-27042,39.79212351,-104.73522,7/19/2021 22:00,22:00,6,0,0,5200 BLK N PERTH CT & E 52ND AVE,1,3,0,0,1,4,0,0,25,0,0,0,0,0,4,2,1
,2021-27043,39.77660353,-104.9948299,7/19/2021 3:44,3:44,5,0,0,N FOX ST & W 44TH AVE,1,3,0,0,2,3,0,0,30,0,0,0,0,0,4,1,9
,2021-27044,39.85332445,-104.9771473,7/21/2021 7:31,7:31,3,0,0,COLFAX AVE E & CLARKSON ST,1,1,0,0,1,1,0,0,30,0,0,0,0,0,2,2,3
,2021-27045,39.67677354,-105.0227099,7/22/2021 9:19,9:19,11,0,1,WARREN AVE W & DECATUR ST S,1,1,0,0,1,4,0,0,25,0,1,0,0,2,4,1,16
,2021-27046,39.72553353,-105.0131199,7/22/2021 8:00,8:00,12,0,0,I-25 & 6TH AVE W,1,1,1,0,1,4,0,0,55,0,0,0,0,0,1,2,13
,2021-27047,39.82518502,-104.9816053,7/21/2021 19:07,19:07,12,0,0,I-25 NB EXIT GORE PT TO & 6TH AVE W,1,3,0,0,1,4,0,0,65,0,0,0,0,0,1,2,13
,2021-27048,39.72927353,-104.9127799,7/21/2021 10:35,10:35,3,0,0,E 8TH AVE & N MONACO ST,1,1,0,0,1,1,0,0,30,0,0,0,0,0,4,2,7
,2021-27049,39.68756354,-104.9920599,6/16/2021 18:44,18:44,12,0,1,SANTA FE DR S & IOWA AVE W,1,1,0,0,1,1,0,0,45,0,0,0,0,3,2,2,14
,2021-27050,39.73838353,-104.9597699,7/21/2021 23:07,23:07,8,0,0,E 14TH AVE & N YORK ST,1,3,0,0,1,1,0,0,25,0,0,0,0,0,4,2,13
,2021-27051,39.73841353,-104.9781599,7/20/2021 20:20,20:20,6,0,0,14TH AVE & 700 BLK E,1,2,0,0,1,4,0,0,15,0,0,0,0,0,4,2,7
,2021-27052,39.77785352,-104.9048299,7/21/2021 14:29,14:29,12,0,0,I-70 EB OFF RAMP TO & QUEBEC ST S,1,1,1,0,1,8,0,0,55,0,0,0,0,0,1,2,1
,2021-27053,39.69669854,-104.9918704,7/21/2021 21:00,21:00,1,0,0,SANTA FE DR S & MISSISSIPPI AVE W,1,3,1,0,1,1,0,0,35,0,0,0,0,0,2,2,13
,2021-27054,39.69317354,-105.0531799,7/20/2021 22:08,22:08,1,0,2,SHERIDAN BLVD S & LOUISIANA AVE RD E,1,3,0,0,1,1,0,0,35,0,0,0,0,2,2,2,13
,2021-27055,39.77107352,-104.8463499,7/19/2021 15:06,15:06,1,0,0,PEORIA ST N & 39TH AVE E,1,1,0,0,1,1,0,0,35,0,0,0,0,0,4,2,14
,2021-27056,39.74009468,-104.9035119,7/21/2021 11:01,11:01,15,0,0,QUEBEC ST & I-70 EB OFF RAMP,1,1,0,0,1,1,0,1,35,0,0,0,0,0,4,2,8
,2021-27057,39.68604252,-104.9035894,7/22/2021 8:15,8:15,12,0,0,I-70 & QUEBEC ST S,1,1,0,0,1,4,0,0,55,0,0,0,0,0,1,2,7
,2021-27058,39.78381352,-104.9487399,5/3/2021 12:08,12:08,3,0,0,E 48TH AVE & N ADAMS ST,11,1,0,1,1,1,0,0,25,0,0,0,0,1,4,2,9
,2021-27059,39.77420352,-104.8470299,7/22/2021 6:55,6:55,15,0,0,I-70 & PEORIA ST N,1,1,0,0,1,4,0,0,65,0,0,0,0,0,1,2,13
,2021-27060,39.72008353,-104.8907299,7/21/2021 21:15,21:15,5,0,0,LOWRY BLVD E & UINTA WY N,1,3,0,0,6,6,0,0,25,0,0,0,0,0,4,1,5
,2021-27061,39.72527841,-105.1417334,7/22/2021 9:05,9:05,12,0,0,I-25 & 6TH AVE W,1,1,1,0,1,4,0,0,65,0,0,0,0,0,1,2,13
,2021-27062,39.71120354,-104.9991199,7/22/2021 17:27,17:27,12,0,0,I-25 & ALAMEDA AVE W,1,1,0,0,1,4,0,0,55,0,0,0,0,0,1,2,13
,2021-27063,39.71679353,-104.9890899,7/11/2021 8:30,8:30,6,0,0,0 BLK N ACOMA ST & E ELLSWORTH AVE,1,1,0,0,1,4,0,0,30,0,0,0,0,0,4,2,13
,2021-27064,39.78422353,-105.0251799,7/20/2021 23:15,23:15,1,0,0,FEDERAL BLVD N & I-70 EB ON RAMP,1,3,0,0,1,1,0,0,35,0,0,0,0,0,2,2,14
,2021-27065,39.74824153,-104.9864389,7/22/2021 14:48,14:48,3,0,0,20TH ST & WELTON ST,1,1,0,0,1,1,0,0,30,0,0,0,0,0,4,2,13
,2021-27066,39.76115353,-105.0047499,7/21/2021 15:11,15:11,12,0,0,I-25 & 20TH ST,1,1,0,0,1,4,0,0,55,0,0,0,0,0,1,2,13
,2021-27067,39.68939954,-104.9920549,7/22/2021 15:09,15:09,5,0,0,SANTA FE DR S & FLORIDA AVE W,1,1,1,0,3,4,0,0,45,0,0,0,0,0,2,1,3
,2021-27068,39.75536353,-105.0126799,7/21/2021 18:27,18:27,15,0,0,I-25 & SPEER BLVD N,1,1,0,0,1,4,0,0,65,0,0,0,0,0,1,2,3
,2021-27069,39.77282351,-104.79058,7/22/2021 12:29,12:29,12,0,0,20TH ST & WELTON ST,1,1,0,0,1,3,0,0,40,0,0,0,0,0,4,2,13
,2021-27070,39.77322352,-104.9497999,7/22/2021 18:11,18:11,12,0,0,4100 BLK N STEELE ST & E 41ST AVE,1,1,0,0,1,1,0,0,30,0,0,0,0,1,4,2,13
,2021-27071,39.7787545,-104.8704253,7/22/2021 16:36,16:36,1,0,0,TOWER RD N & 45TH AVE E,1,1,1,0,1,1,0,0,40,0,0,0,0,0,4,2,13
,2021-27072,39.86662778,-104.6717006,7/21/2021 22:45,22:45,5,0,0,PENA BLVD & 5800 BLK,1,3,0,0,3,4,0,0,65,0,0,0,0,0,4,1,16
,2021-27073,39.69286354,-104.9870699,6/20/2021 18:58,18:58,15,0,0,1300 BLK S BROADWAY ST & E LOUISIANNA AVE,1,1,1,0,1,4,0,0,35,0,0,0,0,0,4,2,9
,2021-27074,39.72412353,-104.9546299,7/20/2021 18:30,18:30,6,0,0,2700 BLK E 5TH AVE & N CLAYTON ST,1,5,0,0,1,4,0,0,25,0,0,0,0,0,4,2,16
,2021-27075,39.69755354,-104.9926199,5/6/2021 7:19,7:19,15,0,0,1000 BLK S PLATTER RIVER DR & W FLORIDA AVE,1,1,0,0,1,4,0,0,35,0,0,0,0,0,4,2,16
,2021-27076,39.76127804,-104.9573104,7/22/2021 17:08,17:08,12,0,0,I-70 & COLUMBINE ST N,1,1,0,0,1,4,0,0,55,0,0,0,0,0,1,2,16
,2021-27077,39.71465035,-104.9453763,7/19/2021 8:18,8:18,3,0,0,E BAYAUD AVE & S CORONA ST,1,1,0,0,1,1,0,0,25,0,0,0,0,0,4,2,7
,2021-27078,39.72527841,-105.1417334,7/22/2021 17:48,17:48,15,0,0,6TH AVE W & I-25,1,1,1,0,1,4,0,0,55,0,0,0,1,1,2,2,3
,2021-27079,39.77838252,-104.9683894,7/7/2021 20:28,20:28,5,0,0,44TH AVE E & BRIGHTON BLVD N,1,3,0,0,1,4,0,0,35,0,0,0,0,0,4,1,16
,2021-27080,39.77994352,-104.9404999,7/25/2021 18:04,18:04,5,0,0,I-70 EB EXIT GORE PT TO & COLORADO BLVD N,1,1,0,0,3,8,0,0,65,0,0,0,0,0,1,1,7
,2021-27081,39.78943351,-104.76577,7/2/2021 13:30,13:30,6,0,0,19013 E 51ST AVE & N DUNKIRK WAY,1,1,0,0,1,4,0,0,25,0,0,0,0,0,4,2,1
,2021-27082,39.74339353,-104.9275299,7/25/2021 0:16,0:16,5,0,0,E 17TH AVE & N FOREST ST,1,4,0,0,3,4,0,0,30,0,0,0,0,0,4,1,5
,2021-27083,39.77862069,-104.9220073,7/25/2021 13:09,13:09,12,0,0,HOLLY ST N & MLK BLVD E,1,1,0,0,1,1,0,0,35,0,0,0,0,0,4,2,13
,2021-27084,39.75561353,-104.9873799,7/25/2021 16:48,16:48,12,0,0,LAWRENCE ST & N BROADWAY ST,1,1,0,0,1,1,0,0,,0,0,0,0,0,4,2,16
,2021-27085,39.68278354,-104.9594199,6/24/2021 14:44,14:44,2,0,1,BUCHTEL BLVD E & UNIVERSITY BLVD S,1,1,0,0,1,1,0,0,0,1,0,0,0,3,4,2,16
,2021-27088,39.74015352,-104.8916699,5/28/2021 9:05,9:05,3,0,1,N VALENTIA ST & E COLFAX AVE,1,1,3,0,1,1,0,0,35,0,0,0,1,3,4,2,16
,2021-27090,39.71780353,-104.9407774,6/21/2021 16:00,16:00,12,0,0,COLORADO BLVD N & 1ST AVE E,1,1,3,0,1,1,0,0,35,0,0,0,0,0,2,2,3
,2021-27095,39.73526353,-104.9861099,6/10/2021 20:17,20:17,10,0,0,LINCOLN ST N & 12TH AVE E,1,2,3,0,1,1,0,0,,0,0,0,0,1,4,2,16
,2021-27097,39.76070352,-104.9013399,6/24/2021 15:11,15:11,12,0,0,7400 E MLK BLVD & ROSLYN WAY,1,1,3,0,1,4,0,0,40,0,0,0,0,0,4,2,8
,2021-27102,39.71230353,-104.9406899,6/4/2021 14:00,14:00,15,0,0,COLORADO BLVD N & ALAMEDA AVE E,1,1,3,0,1,4,0,0,35,0,0,0,0,0,2,2,16
,2021-27189,39.78377352,-104.9405099,7/8/2021 5:49,5:49,12,0,0,N COLORADO BLVD & E 48TH AVE,1,1,0,0,1,1,0,0,45,0,0,0,0,0,2,2,13
,2021-27190,39.68486354,-104.9594399,7/8/2021 8:01,8:01,15,0,0,I-25 & UNIVERSITY BLVD S,1,1,0,0,1,4,0,0,65,0,0,0,0,0,4,2,13
,2021-27191,39.77532452,-104.8468049,7/8/2021 7:25,7:25,12,0,0,I-70 WB OFF RAMP & PEORIA ST N,1,1,1,0,1,8,0,0,45,0,0,0,0,0,1,2,7
,2021-27192,39.75362353,-104.9898399,6/26/2021 19:11,19:11,6,0,0,LAWRENCE ST & 21ST ST,1,3,0,0,1,4,0,0,30,0,0,0,0,0,4,2,5