id,drcog_id,latitude,longitude,crashtime,time,crashtype,numbkilled,numbinjurd,drcoglocat,rdconditin,lightngcon,roadcntgrd,weatherco,location,roaddescrp,schoolzone,constrzone,splimit,bikeinv,pedinv,sctrinv,motoinv,svrty,rdsystem,ttlvehcls,hcf
,2021-27193,39.71116354,-105.0299299,7/24/2021 20:43,20:43,12,0,0,ALAMEDA AVE W & IRVING ST S,1,2,0,0,1,1,0,0,40,0,0,0,0,0,2,2,5
,2021-27194,39.76011353,-104.9659399,7/23/2021 23:13,23:13,6,0,0,WILLIAMS ST N & 30TH AVE E,1,3,0,0,1,1,0,0,30,0,0,0,0,0,4,2,14
,2021-27195,39.75193353,-104.9406099,7/23/2021 22:39,22:39,12,0,0,COLORADO BLVD N & 23RD AVE E,1,3,0,0,1,4,0,0,35,0,0,0,0,0,2,2,5
,2021-27196,39.72132354,-105.0397099,7/24/2021 12:53,12:53,3,0,0,W 3RD AVE & N PERRY ST,1,1,1,0,1,1,0,0,25,0,0,0,0,1,4,2,16
,2021-27197,39.73884352,-104.8902399,7/15/2021 23:07,23:07,6,0,1,1400 BLK N VERBENA ST & 1400 BLK N,1,3,0,0,1,4,0,0,25,0,0,0,0,2,4,2,5
,2021-27198,39.67676354,-105.0238699,7/24/2021 3:00,3:00,12,0,0,2900 BLK W WARREN AVE & S FEDERAL BLVD,1,3,0,0,1,1,0,0,25,0,0,0,0,0,4,2,13
,2021-27199,39.77832353,-104.9792299,5/12/2021 9:06,9:06,3,0,0,N WASHINGTON ST & E 45TH AVE,1,1,1,0,1,1,0,0,30,0,0,0,0,0,4,2,16
,2021-27200,39.78405352,-104.9891499,7/7/2021 8:00,8:00,15,0,0,I-25 & 48TH AVE W,1,1,0,0,1,4,0,0,55,0,0,0,0,0,4,2,13
,2021-27201,39.67846454,-104.9315884,7/24/2021 0:17,0:17,1,0,0,S DAHLIA ST & E EVANS AVE,1,3,0,0,1,1,0,0,35,0,0,0,0,0,4,2,13
,2021-27202,39.74031353,-105.0311099,7/24/2021 2:10,2:10,5,0,1,W COLFAX AVE & N JULIAN ST,1,3,0,0,2,3,0,0,25,0,0,0,0,1,4,1,5
,2021-27203,39.75361353,-105.0251399,6/19/2021 13:09,13:09,12,0,0,FEDERAL BLVD N & 25TH AVE W,1,1,0,0,1,4,0,0,30,0,0,0,0,0,2,2,13
,2021-27204,39.66808354,-104.9382099,7/24/2021 15:27,15:27,3,0,0,YALE AVE & 4100 BLK E,1,1,1,0,1,1,0,0,35,0,0,0,0,0,4,2,1
,2021-27205,39.85149548,-105.0001884,7/24/2021 8:58,8:58,15,0,0,W 6TH AVE FWY & N KALAMATH ST,1,1,0,0,1,1,0,0,25,0,0,0,0,0,4,2,13
,2021-27206,39.62415855,-105.0912979,7/20/2021 15:05,15:05,5,0,1,WADSWORTH BLVD S & BELLEVIEW AVE W,1,1,0,0,2,4,0,0,50,0,0,0,0,2,2,2,10
,2021-27207,39.67204353,-104.87227,6/18/2021 12:42,12:42,6,0,0,HARVARD AVE E & DAYTON ST S,1,1,0,0,1,3,0,0,25,0,0,0,0,0,4,2,16
,2021-27208,39.76938352,-104.9024799,7/3/2021 3:33,3:33,11,0,1,QUEBEC ST & SMITH RD E,1,3,0,0,1,4,0,0,0,0,1,0,0,2,4,1,16
,2021-27209,39.68933353,-104.9352999,7/25/2021 5:47,5:47,11,0,0,FLORIDA AVE E & CLERMONT ST S,1,2,0,0,1,4,0,0,0,0,1,0,0,0,4,1,16
,2021-27210,39.77400352,-104.8470199,7/23/2021 14:28,14:28,12,0,0,I-70 & PEORIA ST N,1,1,0,0,1,4,0,0,55,0,0,0,0,0,1,2,13
,2021-27211,39.79465351,-104.8359399,6/26/2021 8:00,8:00,5,0,0,5544 N TULSA WAY & N TULSA WAY,11,1,0,1,3,4,0,0,25,0,0,0,0,0,4,1,5
,2021-27212,39.72590354,-105.0252334,7/23/2021 17:51,17:51,15,0,0,6TH AVE W & FEDERAL BLVD N,1,1,1,0,1,4,0,0,65,0,0,0,0,0,2,2,13
,2021-27213,39.67662354,-104.9368699,7/24/2021 0:43,0:43,6,0,0,4300 BLK E WARREN AVE & E WARREN AVE,1,4,0,0,1,4,0,0,35,0,0,0,0,0,4,2,3
,2021-27214,39.71464353,-104.9742699,6/14/2021 10:38,10:38,6,0,0,BAYAUD AVE E & DOWNING ST S,1,5,0,0,1,3,0,0,25,0,0,0,0,0,4,2,16
,2021-27215,39.74033353,-105.0358099,7/16/2021 2:45,2:45,5,0,0,COLFAX AVE W & MEADE ST  N,1,3,0,0,3,4,0,0,30,0,0,0,0,0,2,1,5
,2021-27216,39.71115253,-104.9875774,7/7/2021 12:25,12:25,12,0,0,S BROADWAY ST & W ALAMEDA AVE,1,1,0,0,1,1,0,0,35,0,0,0,0,0,4,2,3
,2021-27217,39.74623353,-104.9960099,7/24/2021 10:10,10:10,10,0,0,CURTIS ST & 15TH ST,1,1,0,0,1,1,0,0,25,0,0,0,0,0,4,2,13
,2021-27218,39.79750351,-104.8434399,7/23/2021 21:33,21:33,6,0,0,RACINE ST & 5565 N,1,3,0,0,1,4,0,0,30,0,0,0,0,0,4,2,13
,2021-27219,39.73527253,-104.9861059,7/24/2021 0:33,0:33,1,0,0,N LINCOLN ST & E 12TH AVE,1,3,0,0,1,1,0,0,30,0,0,0,0,0,4,2,5
,2021-27220,39.77110352,-104.9045399,7/24/2021 1:27,1:27,14,0,0,N POPLAR ST & E 39TH AVE,1,3,0,0,1,4,0,0,25,0,0,0,0,0,4,2,14
,2021-27221,39.72309353,-104.9967799,7/24/2021 21:24,21:24,5,0,1,I-25 SB EXIT GORE PT TO & SANTA FE DR S,1,3,1,0,3,4,0,0,65,0,0,0,0,2,1,1,1
,2021-27222,39.68749354,-104.9394599,7/24/2021 16:36,16:36,3,0,0,E IOWA AVE & S ALBION ST,1,1,1,0,1,1,0,0,25,0,0,0,0,0,4,2,5
,2021-27223,39.73846354,-105.0392999,7/24/2021 17:43,17:43,6,0,0,N PERRY ST & W 14TH AVE,1,1,1,0,1,4,0,0,25,0,0,0,0,0,4,2,16
,2021-27224,39.79837473,-104.7889303,7/18/2021 12:30,12:30,12,0,0,N PENA BLVD & E 56TH AVE,1,1,0,0,1,1,0,0,25,0,0,0,0,0,4,2,3
,2021-27225,39.77967353,-104.9791499,6/19/2021 0:05,0:05,15,0,0,I-70 WB ON RAMP FROM & WASHINGTON ST N,1,3,0,0,1,8,0,0,55,0,0,0,0,0,1,2,14
,2021-27226,39.8279205,-104.692991,7/24/2021 13:37,13:37,15,0,0,PENA BLVD & JACKSON GAP ST,1,1,0,0,1,1,0,0,25,0,0,0,0,0,4,2,7
,2021-27227,39.66051355,-105.0650699,7/21/2021 23:20,23:20,6,0,0,JOSLIN CT S & DARTMOUTH AVE W,1,3,0,0,1,4,0,0,10,0,0,0,0,0,4,2,14
,2021-27228,39.78257351,-104.76505,7/23/2021 7:47,7:47,16,0,0,4775 N ARGONNE ST & REDSTONE RANCH APARTMENTS,1,1,0,0,5,7,0,0,,0,0,0,0,0,3,1,5
,2021-27229,39.63840355,-105.0847899,7/3/2021 16:25,16:25,16,0,0,7870 W QUINCY AVE & 7870 BLK W,1,1,0,0,5,7,0,0,25,0,0,0,0,0,3,2,1
,2021-27230,39.72561553,-104.9407909,6/8/2021 16:36,16:36,12,0,0,E 6TH AVE & N COLORADO BLVD,1,1,0,0,1,4,0,0,30,0,0,0,0,0,4,2,1
,2021-27231,39.63692875,-104.8899084,6/27/2021 4:12,4:12,12,0,0,I-70 & I-225 NB FLYOVER,1,3,0,0,1,4,0,1,65,0,0,0,0,0,1,2,13
,2021-27232,39.75163353,-105.0029599,6/22/2021 15:54,15:54,6,0,0,1500 BLK WEWATTA ST & 1500 BLK,1,1,0,0,1,3,0,0,30,0,0,0,0,0,4,2,16
,2021-27233,39.72529773,-105.013083,6/4/2021 10:25,10:25,15,0,0,I-25 NB ON RAMP LOOP FROM & HWY 6 EB,1,1,1,0,1,8,0,0,55,0,0,0,0,0,1,2,16
,2021-27234,39.68215454,-104.9876449,7/24/2021 12:40,12:40,12,0,0,E JEWELL AVE & S BROADWAY ST,1,1,0,0,1,3,0,0,30,0,0,0,0,0,4,2,13
,2021-27235,39.74014353,-104.9124199,6/28/2021 10:29,10:29,12,0,0,E COLFAX AVE & N MONACO ST SB,1,1,0,0,1,1,0,0,35,0,0,0,0,0,2,2,16
,2021-27236,39.7448145,-104.9659749,6/29/2021 23:29,23:29,11,0,1,18TH AVE E & WILLIAMS ST N,1,3,0,0,1,1,0,0,30,0,1,0,0,2,4,1,5
,2021-27237,39.75726353,-105.0508899,6/27/2021 22:38,22:38,5,0,0,N YATES ST & W 28TH AVE,11,3,0,1,3,1,0,0,25,0,0,0,0,0,4,1,16
,2021-27238,39.77400352,-104.8470299,5/15/2021 7:36,7:36,12,0,0,I-70 & PEORIA ST N,1,1,0,0,1,4,0,0,55,0,0,0,0,0,1,2,16
,2021-27239,39.71814354,-105.0396999,6/20/2021 23:08,23:08,1,0,1,1ST AVE W & PERRY ST N,1,3,0,0,1,1,0,0,35,0,0,0,1,3,4,2,13
,2021-27240,39.78020353,-105.0520799,6/22/2021 13:24,13:24,11,0,0,ZENOBIA ST N & 46TH AVE W,1,1,0,0,1,1,0,0,25,0,1,0,0,0,4,1,16
,2021-27241,39.73600353,-104.9764299,5/30/2021 0:00,0:00,6,0,0,1200 BLK N EMERSON ST & E 13TH AVE,1,1,0,0,1,4,0,0,,0,0,0,0,0,4,2,16
,2021-27242,39.78001352,-104.9316499,6/28/2021 7:38,7:38,15,0,0,I-70 & DAHLIA ST N,1,1,0,0,1,4,0,0,65,0,0,0,0,0,1,2,14
,2021-27243,39.74000653,-104.9873794,6/27/2021 20:30,20:30,12,0,0,COLFAX AVE W & BROADWAY ST N,11,1,0,1,1,1,0,0,30,0,0,0,0,0,2,2,13
,2021-27244,39.72728353,-104.9705999,7/8/2021 5:03,5:03,6,0,0,7TH AVE E & LAFAYETTE ST N,1,2,0,0,1,3,0,0,30,0,0,0,0,0,4,2,5
,2021-27245,39.64787355,-105.0484999,7/2/2021 14:45,14:45,5,0,0,SHERIDAN BLVD S & 3700 BLK S,1,1,0,0,2,4,0,0,,0,0,0,0,0,4,1,16
,2021-27246,39.76737352,-104.9025299,7/1/2021 18:48,18:48,10,0,1,E 36TH AVE & N QUEBEC ST,11,1,0,1,1,1,0,0,30,0,0,0,0,1,4,2,1
,2021-27247,39.79434351,-104.80477,7/7/2021 20:00,20:00,6,0,0,MAXWELL PL E & 15600 BLK E,1,3,0,0,1,4,0,0,25,0,0,0,0,0,4,2,5
,2021-27248,39.78194352,-104.9623999,6/5/2021 8:00,8:00,6,0,0,VINE ST N & 47TH AVE E,1,1,0,0,1,2,0,0,25,0,0,0,0,0,4,2,5
,2021-27249,39.68751354,-104.9687199,7/9/2021 5:45,5:45,5,0,0,I-25 SB EXIT GORE PT TO & UNIVERSITY BLVD,1,1,0,0,3,8,0,0,60,0,0,0,0,0,1,1,14
,2021-27250,39.76672353,-104.9943499,7/9/2021 11:07,11:07,12,0,0,3600 PARK AVE & E 36TH AVE,1,1,0,0,1,4,0,0,30,0,0,0,0,0,4,2,16
,2021-27251,39.67891354,-105.0524399,7/4/2021 14:25,14:25,5,0,0,5100 BLK W EVANS AVE & S SHERIDAN BLVD,1,1,0,0,3,4,0,0,30,0,0,0,0,0,4,1,5
,2021-27252,39.76044121,-105.0096325,7/7/2021 22:41,22:41,15,0,0,I-25 & 17TH ST,1,3,0,0,1,4,0,0,55,0,0,0,0,0,1,2,16
,2021-27254,39.71837353,-104.9513799,6/30/2021 16:00,16:00,16,0,0,1ST AVE E & 3033 1ST AVE E,1,1,0,0,5,7,0,0,,0,0,0,0,0,3,2,8
,2021-27255,39.78008352,-104.9403799,6/28/2021 3:02,3:02,5,0,0,I-70 WB EXIT GORE PT TO & COLORADO BLVD,1,3,1,0,3,8,0,0,65,0,0,0,0,0,1,1,13
,2021-27256,39.68308354,-104.9405399,7/10/2021 15:30,15:30,12,0,0,I-25 & COLORADO BLVD S,1,1,0,0,1,4,0,0,65,0,0,0,0,0,2,2,16
,2021-27257,39.72493033,-105.0158033,7/5/2021 23:08,23:08,5,0,0,HWY 6 EB DISTRIBUTOR RAMP TO & I-25 SB/NB SPLIT,11,3,1,1,2,8,0,0,45,0,0,0,0,0,2,1,5
,2021-27258,39.72922353,-104.9406799,7/6/2021 13:30,13:30,12,0,0,N COLORADO BLVD & E 8TH AVE,1,1,0,0,1,1,0,0,35,0,0,0,0,0,2,2,16
,2021-27432,39.66750129,-105.1553902,7/10/2021 15:00,15:00,16,0,0,2910 W AMHERST AVE & PRIVATE PROPERTY,1,1,0,0,5,7,0,0,10,0,0,0,0,0,3,2,16
,2021-27433,39.78438353,-105.0251799,7/7/2021 19:46,19:46,3,0,0,FEDERAL BLVD N & I-70 WB OFF RAMP,1,1,0,0,1,1,0,0,35,0,0,0,0,0,2,2,16
,2021-27434,39.70683353,-104.8693499,7/7/2021 21:10,21:10,9,0,0,VIRGINIA AVE E & 10150 E VIRGINIA AVE,1,3,0,0,3,2,0,0,25,0,0,0,0,0,4,1,16
,2021-27435,39.74197353,-105.0145799,7/14/2021 16:28,16:28,12,0,0,I-25 & AURARIA PKWY,1,1,0,0,1,4,0,0,55,0,0,0,0,0,1,4,16
,2021-27436,39.75228353,-104.9916799,7/17/2021 21:25,21:25,12,0,0,20TH ST & LAWRENCE ST,1,3,0,0,1,3,0,0,25,0,0,0,0,0,4,2,16
,2021-27437,39.75614352,-104.8907099,7/12/2021 0:04,0:04,6,0,0,CENTRAL PARK BLVD N & 28TH AVE E,11,3,0,0,3,4,0,0,35,0,0,0,0,0,4,2,16
,2021-27438,39.74063353,-104.9782899,7/18/2021 13:20,13:20,16,0,0,1566 N WASHINGTON ST & 1566 BLK N,1,1,0,0,5,7,0,0,,0,0,0,0,0,3,2,16
,2021-27439,39.76641353,-104.9786199,7/13/2021 12:15,12:15,3,0,0,33RD ST & BLAKE ST,1,1,0,0,1,1,0,0,30,0,0,0,0,0,4,2,16
,2021-27440,39.74013353,-104.9034499,7/22/2021 13:18,13:18,12,0,0,COLFAX AVE E & QUEBEC ST S,1,1,0,0,1,1,0,0,30,0,0,0,0,0,2,2,16
,2021-27441,39.75669353,-105.0392999,7/11/2021 20:29,20:29,6,0,0,27TH AVE W & PERRY ST N,1,1,0,0,1,4,0,0,25,0,0,0,0,0,4,2,16
,2021-27442,39.71329354,-105.0411699,7/19/2021 11:55,11:55,6,0,0,4100 BLK W CEDAR AVE & S RALEIGH ST,1,1,0,0,1,4,0,0,25,0,0,0,0,0,4,2,16
,2021-27443,39.73384353,-104.9848499,7/17/2021 2:05,2:05,3,0,0,E 11TH AVE & N SHERMAN ST,1,3,0,0,1,1,0,0,25,0,0,0,0,0,4,2,16
,2021-27444,39.71120354,-105.0324499,7/11/2021 19:20,19:20,5,0,1,KNOX CT S & ALAMEDA AVE W,1,1,1,0,2,1,0,0,25,0,0,0,1,3,2,1,16
,2021-27445,39.72206353,-104.9304999,7/23/2021 17:46,17:46,6,0,0,EUDORA ST N & 3RD AVE E,1,1,1,0,1,4,0,0,25,0,0,0,0,0,4,2,16
,2021-27446,39.76204353,-104.9733199,7/21/2021 8:15,8:15,10,0,0,E MLK BLVD & N DOWNING ST,1,1,0,0,1,2,0,0,25,0,0,0,0,0,4,2,16
,2021-27447,39.78910352,-104.9848799,7/22/2021 14:10,14:10,6,0,0,5094 N SHERMAN ST & W 51ST AVE,11,1,0,1,1,4,0,0,25,0,0,0,0,0,4,2,16
,2021-27448,39.77939353,-104.9791499,7/14/2021 15:07,15:07,1,0,0,WASHINGTON ST N & I-70 EB ON RAMP,1,1,0,0,1,1,0,0,30,0,0,0,0,1,4,2,16
,2021-27449,39.81832351,-104.78647,7/8/2021 8:32,8:32,6,0,1,6700 PENA BLVD & MM 5,1,1,0,0,1,4,0,0,65,0,0,0,0,3,4,2,16
,2021-27450,39.75342691,-104.993233,7/18/2021 21:50,21:50,15,0,0,I-25 NB ENT GORE PT FROM & 20TH ST,1,3,0,0,1,4,0,0,60,0,0,0,0,1,2,2,16
,2021-27451,39.73860353,-105.0273299,7/18/2021 21:44,21:44,5,0,1,14TH AVE W & HOWARD PL W,1,1,0,0,3,4,0,0,35,0,0,0,0,2,4,1,16
,2021-27452,39.74947353,-104.9781199,7/17/2021 13:48,13:48,3,0,0,N WASHINGTON ST & CLEVELAND PL,1,1,0,0,1,1,0,0,30,0,0,0,0,0,4,2,16
,2021-27453,39.63865355,-105.0472299,7/23/2021 4:30,4:30,5,0,1,4500 BLK W QUINCY AVE & S UTICA ST,1,3,0,0,2,4,0,0,35,0,0,0,0,2,4,1,16
,2021-27454,39.75902353,-105.0131399,7/11/2021 8:00,8:00,6,0,0,2900 BLK N VALLEJO ST & W 30TH AVE,1,1,1,0,1,4,0,0,25,0,0,0,0,0,4,2,16
,2021-27455,39.78008352,-104.9404999,7/16/2021 12:51,12:51,3,0,0,COLORADO BLVD N & I-70 WB OFF RAMP,1,1,1,0,1,1,0,0,35,0,0,0,0,0,2,2,16
,2021-27456,39.74743677,-104.9317214,7/19/2021 4:45,4:45,10,0,0,MONTVIEW BLVD E & 6700 BLK E,1,3,0,0,1,4,0,0,30,0,0,0,0,0,4,2,16
,2021-27458,39.78301753,-105.0576658,7/27/2021 4:00,4:00,5,0,0,48TH AVE W & ELK PL N,1,3,0,0,3,4,0,0,25,0,0,0,0,0,4,1,16
,2021-27459,39.87088912,-104.7149793,7/22/2021 18:00,18:00,12,0,0,E 78TH AVE & GUN CLUB RD,11,1,0,1,1,3,0,0,45,0,0,0,0,0,4,2,16
,2021-27462,39.74575353,-105.0268099,7/22/2021 18:07,18:07,6,0,0,GROVE ST & 1900 BLK N,1,1,0,0,1,4,0,0,25,0,0,0,0,0,4,2,16
,2021-27463,39.76954353,-105.0346299,7/27/2021 0:50,0:50,6,0,0,38TH AVE W & LOWELL BLVD N,1,3,0,0,1,4,0,0,35,0,0,0,0,0,4,2,16
,2021-27464,39.72361353,-104.9823599,7/22/2021 22:34,22:34,5,0,0,LOGAN ST N & 400 BLK N,1,3,0,0,2,4,0,0,30,0,0,0,0,0,4,2,16
,2021-27465,39.74323353,-104.9684399,7/10/2021 0:43,0:43,3,0,0,E 17TH AVE & N FRANKLIN ST,1,3,0,0,1,1,0,0,30,0,0,0,0,0,4,2,16
,2021-27470,39.74035354,-105.0486599,7/26/2021 22:15,22:15,12,0,0,COLFAX AVE W & WOLFF ST N,1,3,0,0,1,3,0,0,35,0,0,0,0,0,2,2,16
,2021-27472,39.71819353,-104.9732199,7/23/2021 13:40,13:40,12,0,0,E SPEER BLVD & N DOWNING ST,1,1,0,0,1,1,0,0,35,0,0,0,0,0,4,2,16
,2021-27473,39.75327353,-104.9733499,7/27/2021 14:04,14:04,6,0,0,E 25TH AVE & N DOWNING ST,1,1,0,0,1,4,0,0,30,0,0,0,0,0,4,2,16
,2021-27474,39.73711353,-104.9986899,7/23/2021 3:44,3:44,11,0,0,SANTA FE DR N & 1300 BLK N,1,3,0,0,1,4,0,0,35,0,1,0,0,1,4,1,16
,2021-27475,39.75722353,-104.9989499,7/19/2021 7:50,7:50,16,0,0,CHESTNUT PL & 1950 CHESTNUT PL,1,3,0,0,5,7,0,0,10,0,0,0,0,0,3,2,16
,2021-27476,39.76927352,-104.9045299,7/27/2021 14:29,14:29,12,0,0,E 38TH AVE & N POPLAR ST,11,1,0,0,1,4,0,0,25,0,0,0,0,0,4,2,16
,2021-27477,39.79837151,-104.772212,7/27/2021 5:45,5:45,10,0,0,N TOWER RD & E 56TH AVE,1,2,0,0,1,1,0,0,45,0,0,0,0,1,4,2,16
,2021-27478,39.77691351,-104.80079,7/25/2021 17:06,17:06,16,0,0,KITTREDGE ST & 4550 N,1,1,0,0,5,7,0,0,15,0,0,0,0,0,3,2,16
,2021-27479,39.72547144,-105.0515057,7/27/2021 12:35,12:35,12,0,0,6TH AVE EB ON RAMP & N SHERIDAN BLVD,1,1,1,0,1,8,0,0,55,0,0,0,0,0,4,2,16
,2021-27482,39.74264353,-104.9937099,7/23/2021 7:23,7:23,3,0,0,14TH ST & WELTON ST,1,1,0,0,1,1,0,0,30,0,0,0,0,0,4,2,16
,2021-27483,39.78260803,-104.9985394,6/29/2021 22:52,22:52,15,0,0,COLORADO BLVD N & I-70 WB OFF RAMP,1,3,1,0,1,1,0,0,35,0,0,0,0,0,2,2,16
,2021-27485,39.77393271,-104.8657399,7/26/2021 7:23,7:23,15,0,0,I-70 & HAVANA ST,1,1,0,0,1,4,0,0,65,0,0,0,0,0,1,2,16
,2021-27486,39.67176395,-105.0193612,7/20/2021 6:15,6:15,16,0,0,CLAY ST S & 2100 BLK S,1,1,0,0,5,7,0,0,15,0,0,0,0,0,3,1,16
,2021-27487,39.76939353,-105.0299599,7/24/2021 16:20,16:20,3,0,0,W 38TH AVE & N IRVING ST,1,1,0,0,1,1,0,0,20,0,0,0,0,0,4,2,16
,2021-27488,39.75922353,-104.9862099,7/20/2021 15:44,15:44,6,0,0,WALNUT ST & 26TH ST,1,1,0,0,1,1,0,0,25,0,0,0,0,0,4,2,16
,2021-27489,39.76562455,-105.0288884,7/25/2021 13:52,13:52,6,0,0,W 35TH AVE & N HOOKER ST,1,1,0,0,1,4,0,0,30,0,0,0,0,0,4,2,16
,2021-27490,39.76917352,-104.9409899,7/27/2021 17:13,17:13,5,0,0,COLORADO BLVD N & 38TH AVE E,1,1,0,0,1,1,0,0,35,0,0,0,0,0,2,1,16
,2021-27491,39.74481353,-104.9721099,7/17/2021 17:53,17:53,6,0,0,MARION ST N & 18TH AVE E,1,1,0,0,1,4,0,0,30,0,0,0,0,0,4,2,16
,2021-27492,39.74139353,-104.9988299,7/25/2021 19:24,19:24,3,0,0,STOUT ST & N SPEER BLVD,1,1,0,0,1,1,0,0,35,0,0,0,0,0,4,2,16
,2021-27493,39.75536353,-105.0126899,7/25/2021 21:00,21:00,5,0,0,I-25 SB EXIT GORE PT TO & SPEER BLVD N,1,3,0,0,3,4,0,0,55,0,0,0,0,0,1,1,16
,2021-27494,39.76745352,-104.9058199,7/26/2021 12:58,12:58,3,0,1,E 36TH AVE & N PONTIAC ST,1,1,0,0,1,1,0,0,25,0,0,0,0,2,4,2,16
,2021-27495,39.75866353,-104.9782199,7/26/2021 14:40,14:40,3,0,0,29TH ST & CHAMPA ST,1,1,0,0,1,1,0,0,30,0,0,0,0,1,4,2,16
,2021-27496,39.76472353,-104.9776599,7/26/2021 1:28,1:28,6,0,0,LARIMER ST & 3235 BLK,1,3,0,0,1,4,0,0,25,0,0,0,0,0,4,2,16
,2021-27497,39.76008353,-104.9405799,7/26/2021 12:59,12:59,12,0,0,COLORADO BLVD 3000 BLK N & MLK BLVD,1,1,0,0,1,4,0,0,35,0,0,0,0,0,4,2,16
,2021-27498,39.67851354,-104.9875599,2/9/2021 16:00,16:00,12,0,0,BROADWAY ST S & EVANS AVE E,1,1,0,0,1,1,0,0,30,0,0,0,0,0,4,2,16
,2021-27499,39.65305354,-104.9239499,7/26/2021 18:07,18:07,12,0,0,E HAMPDEN AVE & S HUDSON ST,1,1,0,0,1,4,0,0,35,0,0,0,0,0,4,2,16
,2021-27500,39.73800353,-105.0251399,7/25/2021 2:20,2:20,12,0,0,FEDERAL BLVD N & HOWARD PL W,1,3,0,0,1,1,0,0,35,0,0,0,0,0,2,2,16
,2021-27501,39.72906353,-104.9861399,7/18/2021 0:00,0:00,3,0,0,E 8TH AVE & N LINCOLN ST,1,3,0,0,1,1,0,0,35,0,0,0,0,0,4,2,16
,2021-27502,39.69042354,-104.9991999,7/23/2021 15:44,15:44,12,0,0,S PLATTE RIVER DR & S JASON ST,1,1,0,0,1,1,0,0,25,0,0,0,0,0,4,2,16
,2021-27503,39.76094353,-105.0043199,7/26/2021 6:50,6:50,15,0,0,I-25 & 20TH ST,1,1,0,0,1,4,0,0,65,0,0,0,0,0,1,2,16
,2021-27504,39.74015352,-104.8893599,7/26/2021 8:42,8:42,2,0,0,COLFAX AVE E & WABASH ST N,1,1,0,0,1,1,0,0,25,1,0,0,0,0,2,2,16
,2021-27505,39.74000353,-104.9672199,7/27/2021 20:19,20:19,11,0,1,COLFAX AVE E & GILPIN ST,1,2,0,0,1,4,0,0,0,0,1,0,0,2,2,1,16
,2021-27506,39.71133354,-105.0532399,7/25/2021 20:16,20:16,1,0,0,SHERIDAN BLVD S & ALAMEDA AVE W,1,3,0,0,1,1,0,0,40,0,0,0,0,1,2,2,16
,2021-27507,39.64527416,-104.9137713,7/7/2021 17:14,17:14,12,0,0,I-25 & MM 201,1,1,0,0,1,4,0,0,65,0,0,0,0,0,1,2,16
,2021-27508,39.70947353,-104.9863799,7/21/2021 12:30,12:30,15,0,0,300 BLK S LINCOLN ST & E ALAMEDA AVE,1,1,0,0,1,4,0,0,35,0,0,0,0,0,4,2,16
,2021-27509,39.77286352,-104.8338299,7/16/2021 7:06,7:06,5,0,1,I-225 & I-70 EB,1,1,0,0,1,4,0,0,55,0,0,0,0,2,1,1,16
,2021-27510,39.74390353,-105.0174499,7/24/2021 0:37,0:37,5,0,0,MILE HIGH STADIUM CIR & 1700 BLK,1,3,0,0,2,7,0,0,,0,0,0,0,0,4,1,16
,2021-27511,39.65307354,-104.9182499,7/26/2021 7:12,7:12,12,0,0,I-25 & HAMPDEN AVE E,1,1,0,0,1,4,0,0,55,0,0,0,0,0,1,2,16
,2021-27512,39.70733353,-104.9407299,7/26/2021 21:22,21:22,1,0,1,COLORADO BLVD N & CHERRY CREEK DR NE,1,3,0,0,1,1,0,0,35,0,0,0,0,2,2,2,16
,2021-27513,39.86662778,-104.6717006,7/27/2021 6:30,6:30,5,0,0,PENA BLVD & 58TH AVE E,1,1,0,0,3,4,0,0,,0,0,0,0,0,4,1,16
,2021-27514,39.75259039,-104.9848982,7/26/2021 8:47,8:47,12,0,0,I-25 & PARK AVE W,1,1,0,0,1,4,0,0,65,0,0,0,0,0,1,2,16
,2021-27515,39.65307354,-104.9182499,7/26/2021 7:12,7:12,12,0,0,I-25 & HAMPDEN AVE E,1,1,0,0,1,4,0,0,55,0,0,0,0,0,1,3,16
,2021-27516,39.68767354,-104.9687199,7/22/2021 16:13,16:13,12,0,0,I-25 & FRANKLIN ST S,1,1,0,0,1,4,0,0,60,0,0,0,0,0,1,3,16
,2021-27517,39.67844354,-104.9337599,7/26/2021 6:40,6:40,15,0,0,I-25 NB EXIT GORE PT TO & COLORADO BLVD,1,1,1,0,1,8,0,0,55,0,0,0,0,0,1,2,16
,2021-27518,39.71622971,-104.9080715,7/26/2021 11:08,11:08,12,0,1,E FARIMOUNT DR & E LOWRY BLVD,1,1,0,0,1,1,0,0,15,0,0,0,0,2,4,2,16
,2021-27519,39.75060821,-105.0194713,7/26/2021 8:00,8:00,15,0,0,PLATTE RIVER DR & 700 BLK S,1,1,0,0,1,4,0,0,45,0,0,0,0,0,4,3,16
,2021-27520,39.79840751,-104.7872825,7/27/2021 15:30,15:30,12,0,0,E 56TH AVE & PENA BLVD,1,1,0,0,1,3,0,0,40,0,0,0,0,1,4,6,16
,2021-27521,39.72815353,-104.9775599,7/26/2021 1:45,1:45,6,0,0,700 BLK N CLARKSON ST & E 7TH AVE,1,4,1,0,1,4,0,0,,0,0,0,0,1,4,3,16
,2021-27522,39.78794149,-104.8195846,7/26/2021 0:35,0:35,6,0,0,4900 BLK N DILLON ST & N DEEPHAVEN CT,1,3,0,0,1,4,0,0,25,0,0,0,0,0,4,3,16