id,drcog_id,latitude,longitude,crashtime,time,crashtype,numbkilled,numbinjurd,drcoglocat,rdconditin,lightngcon,roadcntgrd,weatherco,location,roaddescrp,schoolzone,constrzone,splimit,bikeinv,pedinv,sctrinv,motoinv,svrty,rdsystem,ttlvehcls,hcf
,2021-27523,39.71113353,-104.9839999,7/26/2021 12:19,12:19,12,0,0,E ALAMEDA AVE (NOT CDOT) & S GRANT ST,1,1,0,0,1,1,0,0,30,0,0,0,0,0,4,3,16
,2021-27524,39.78557352,-104.9782899,7/26/2021 4:13,4:13,5,0,0,N WASHINGTON ST & E 49TH AVE,1,3,0,0,3,4,0,0,40,0,0,0,0,0,4,1,16
,2021-27525,39.71115354,-105.0263099,7/25/2021 17:36,17:36,12,0,0,3000 BLK W ALAMEDA AVE & S FEDERAL BLVD,1,1,0,0,1,1,0,0,35,0,0,0,0,0,4,3,16
,2021-27531,39.76193353,-104.9717899,6/17/2021 8:31,8:31,12,0,0,MLK BLVD E & MARION ST N,1,1,3,0,1,3,0,0,30,0,0,0,0,0,4,2,16
,2021-27638,39.65050355,-105.0530099,6/4/2021 7:46,7:46,11,0,0,SHERIDAN BLVD S & KENYON AVE W,1,1,0,0,1,1,0,0,35,0,0,1,0,1,2,1,16
,2021-27639,39.77829352,-104.9035599,4/30/2021 13:07,13:07,15,0,0,QUEBEC ST & I-70 EB RAMPS,1,1,0,0,1,1,0,0,35,0,0,0,0,0,4,2,16
,2021-27640,39.69296354,-104.9740199,4/27/2021 10:06,10:06,12,0,0,E LOUISIANA AVE & S CORONA DOWNING ALY,1,1,0,0,1,4,0,0,30,0,0,0,0,0,4,2,16
,2021-27641,39.67838354,-104.9286799,6/18/2021 2:27,2:27,11,1,1,EVANS AVE (5000 BLK E) & S DAHLIA ST,1,3,0,0,3,4,0,0,35,0,1,0,0,4,4,1,16
,2021-27642,39.75483353,-105.0252099,7/27/2021 15:57,15:57,1,0,0,FEDERAL BLVD N & 26TH AVE W,1,1,1,0,1,1,0,0,35,0,0,0,0,0,2,2,16
,2021-27643,39.7257528,-105.0153475,5/29/2021 13:45,13:45,12,0,0,I-25 & 6TH AVE,1,1,1,0,1,4,0,0,55,0,0,0,0,0,1,2,16
,2021-27644,39.74330053,-104.9861014,7/26/2021 22:09,22:09,3,0,0,E 17TH AVE & N LINCOLN ST,1,3,0,0,1,1,0,0,30,0,0,0,0,0,4,3,16
,2021-27645,39.74015353,-104.9500499,7/20/2021 12:18,12:18,6,0,0,COLFAX AVE E & STEELE ST N,1,1,0,0,1,4,0,0,35,0,0,0,0,0,2,2,16
,2021-27646,39.72568754,-105.0394669,7/25/2021 23:30,23:30,5,0,0,6TH AVE W & PERRY ST N,1,3,1,0,2,4,0,0,60,0,0,0,0,0,2,8,16
,2021-27648,39.72553353,-105.0131199,7/28/2021 13:55,13:55,12,0,0,I-25 & 6TH AVE W,1,1,0,0,1,4,0,0,55,0,0,0,0,1,1,4,16
,2021-27649,39.74586353,-104.9633699,6/28/2021 1:29,1:29,6,0,0,RACE ST N & 18TH AVE E,1,3,0,0,1,4,0,0,25,0,0,0,0,0,4,3,16
,2021-27650,39.75241353,-105.0074299,8/1/2021 10:27,10:27,12,0,0,ELITCH CIR & N SPEER BLVD,1,1,1,0,1,4,0,0,25,0,0,0,0,1,4,3,16
,2021-27651,39.70686354,-105.0389299,7/25/2021 4:02,4:02,6,0,0,3900 BLK MORRISON RD & S OSCEOLA ST,1,3,0,0,1,4,0,0,30,0,0,0,0,0,4,3,16
,2021-27652,39.74011353,-104.9988399,7/27/2021 10:38,10:38,3,0,0,COLFAX AVE W & SPEER BLVD NB,1,1,1,0,1,1,0,0,30,0,0,0,0,1,2,2,16
,2021-27653,39.78725353,-105.0101999,7/28/2021 8:48,8:48,6,0,0,SHOSHONE ST N & STOLL PL W,1,1,1,0,1,4,0,0,25,0,0,0,0,0,4,2,16
,2021-27654,39.75536353,-105.0126799,7/29/2021 15:50,15:50,12,0,0,I-25 & SPEER BLVD N,1,1,1,0,1,4,0,0,55,0,0,0,0,0,1,3,16
,2021-27655,39.73993913,-104.9798534,7/31/2021 21:19,21:19,11,0,0,COLFAX AVE E & PEARL ST N,11,3,0,0,1,1,0,0,25,0,1,0,0,1,2,1,16
,2021-27656,39.78008352,-104.9404999,7/26/2021 16:40,16:40,12,0,1,I-70 & COLORADO BLVD N,1,1,0,0,1,4,0,0,65,0,0,0,0,2,1,3,16
,2021-27657,39.79840751,-104.7872825,7/21/2021 14:54,14:54,5,0,0,PENA BLVD & 56TH AVE E,1,1,0,0,1,4,0,0,65,0,0,0,0,0,4,1,16
,2021-27658,39.77987352,-104.9671599,7/15/2021 22:30,22:30,12,0,0,I-70 & BRIGHTON BLVD N,1,3,0,0,1,4,0,1,65,0,0,0,0,0,2,2,16
,2021-27659,39.73839353,-104.9634699,7/28/2021 12:25,12:25,3,0,1,E 14TH AVE & N RACE ST,1,1,0,0,1,1,0,0,30,0,0,0,0,2,4,2,16
,2021-27660,39.78008352,-104.9404999,4/7/2021 12:51,12:51,15,0,0,I-70 & COLORADO BLVD N,1,1,0,0,1,4,0,0,65,0,0,0,0,0,1,2,16
,2021-27661,39.67377353,-104.86952,8/1/2021 13:07,13:07,12,0,0,PARKER RD S & ILIFF AVE E,1,1,1,0,1,4,0,0,40,0,0,0,0,1,4,3,16
,2021-27662,39.69301354,-105.0332199,7/25/2021 23:17,23:17,6,0,0,LOUISIANA AVE W & LOWELL BLVD S,1,3,0,0,1,4,0,0,30,0,0,0,0,0,4,3,16
,2021-27663,39.72573314,-105.0244547,5/29/2021 11:10,11:10,5,0,1,HWY 6 WB OFF RAMP TO & FEDERAL BLVD,1,1,0,0,3,8,0,0,45,0,0,0,0,1,2,1,16
,2021-27665,39.70380353,-104.9406799,7/27/2021 17:51,17:51,1,0,0,S COLORADO BLVD & E EXPOSITION AVE,1,1,0,0,1,1,0,0,35,0,0,0,0,0,4,4,16
,2021-27666,39.79696351,-104.8271699,7/14/2021 22:00,22:00,6,0,0,5500 BLK N POTOMAC WAY & RANDOLPH PL,1,4,0,0,1,4,0,0,25,0,0,0,0,0,4,3,16
,2021-27667,39.73764353,-104.9787099,7/27/2021 19:25,19:25,6,0,0,1300 BLK N WASHINGTON ST & E 14TH AVE,1,2,0,0,1,4,0,0,25,0,0,0,0,0,4,3,16
,2021-27668,39.75471352,-104.8468499,7/1/2021 15:49,15:49,1,0,0,PEORIA ST N & MLK BLVD E,1,1,0,0,1,1,0,0,30,0,0,0,0,0,4,2,16
,2021-27669,39.72572354,-105.0243299,7/31/2021 0:50,0:50,12,0,5,HWY 6 WB OFF RAMP TO & FEDERAL BLVD N,11,3,0,1,1,8,0,0,,0,0,0,0,1,2,3,16
,2021-27670,39.67488354,-104.9875699,7/30/2021 15:53,15:53,1,0,0,BROADWAY ST S & ILIFF AVE E,1,1,0,0,1,1,0,0,35,0,0,0,0,0,4,3,16
,2021-27671,39.75312353,-105.0080399,7/30/2021 11:19,11:19,1,0,0,N SPEER BLVD & ELTICH CIR,1,1,1,0,1,1,0,0,35,0,0,0,0,0,4,2,16
,2021-27672,39.79696351,-104.8271699,7/30/2021 17:00,17:00,6,0,1,5500 BLK N POTOMAC WAY & N ABILENE ST,1,1,0,0,1,4,0,0,25,0,0,0,0,2,4,3,16
,2021-27674,39.78010353,-104.9895499,7/29/2021 14:57,14:57,12,0,0,I-25 & I-70,1,1,1,0,1,4,0,0,65,0,0,0,0,0,1,3,16
,2021-27675,39.77939353,-104.9791399,7/28/2021 14:40,14:40,15,0,1,I-70 & WASHINGTON ST N,1,1,1,0,1,4,0,0,55,0,0,0,0,2,1,2,16
,2021-27676,39.79031352,-104.8613499,7/30/2021 7:00,7:00,10,0,0,E 51ST AVE & N JOLIET ST,1,1,0,0,1,1,0,0,30,0,0,0,0,0,4,3,16
,2021-27677,39.70573354,-104.9780799,7/30/2021 23:08,23:08,5,0,0,CENTER AVE E & CLARKSON ST S,11,4,0,1,1,4,0,0,25,0,0,0,0,0,4,1,16
,2021-27678,39.68375354,-104.9268699,7/30/2021 2:22,2:22,6,0,0,1800 BLK S FOREST ST & E JEWELL AVE,1,4,1,0,1,4,0,0,25,0,0,0,0,0,4,3,16
,2021-27679,39.68604252,-104.9035894,7/29/2021 16:06,16:06,12,0,0,I-270 & QUEBEC ST S,1,1,0,0,1,4,0,0,55,0,0,0,0,0,1,3,16
,2021-27680,39.76115353,-105.0047499,7/30/2021 16:39,16:39,12,0,0,I-25 & 20TH ST,1,1,0,0,1,4,0,0,55,0,0,0,0,0,1,3,16
,2021-27681,39.66748354,-104.9254699,7/30/2021 12:09,12:09,12,0,0,I-25 & YALE AVE E,1,1,0,0,1,4,0,0,65,0,0,0,0,0,1,4,16
,2021-27682,39.75259039,-104.9848982,7/30/2021 17:02,17:02,12,0,0,I-25 & PARK AVE W,1,1,0,0,1,4,0,0,55,0,0,0,1,0,1,3,16
,2021-27683,39.72013353,-104.9740599,7/30/2021 18:59,18:59,3,0,0,E 3RD AVE & N CORONA ST,11,1,0,0,1,1,0,0,30,0,0,0,0,1,4,2,16
,2021-27685,39.74377752,-104.9040693,7/30/2021 13:26,13:26,3,0,0,SB N MONACO PRKWY & E 17TH AVE,1,1,0,0,1,1,0,0,30,0,0,0,0,0,4,2,16
,2021-27686,39.76203353,-105.0092999,7/31/2021 7:42,7:42,3,0,0,18TH ST & ERIE ST,1,1,1,0,1,1,0,0,25,0,0,0,0,0,4,2,16
,2021-27687,39.74009468,-104.9035119,7/29/2021 15:43,15:43,3,0,2,QUEBEC ST & I-70,1,1,0,0,1,4,0,1,,0,0,0,0,2,4,2,16
,2021-27688,39.74019553,-105.0001549,7/30/2021 21:59,21:59,3,0,0,COLFAX AVE W & KALAMATH ST N,11,3,0,1,1,1,0,0,35,0,0,0,0,0,2,2,16
,2021-27689,39.74005353,-104.9861299,7/31/2021 0:47,0:47,11,0,1,COLFAX AVE E & LINCOLN ST,1,3,0,0,1,1,0,0,0,0,0,1,0,1,2,2,16
,2021-27690,39.75848353,-105.0290399,7/31/2021 9:15,9:15,12,0,0,29TH AVE & 3200 BLK W,1,5,0,0,1,4,0,0,30,0,0,0,0,0,4,2,16
,2021-27691,39.67936354,-104.9959899,7/29/2021 23:44,23:44,6,0,0,2000 BLK S GALAPAGO ST & W EVANS AVE,1,3,0,0,1,4,0,0,35,0,0,0,0,0,4,2,16
,2021-27692,39.75228353,-104.9916799,7/29/2021 21:14,21:14,10,0,0,20TH ST & LAWRENCE ST,1,3,0,0,1,1,0,0,30,0,0,0,0,0,4,2,16
,2021-27693,39.75512711,-105.0000479,7/30/2021 15:43,15:43,3,0,0,WEWATTA ST & 1900 BLK,1,1,0,0,1,2,0,0,25,0,0,0,0,0,4,2,16
,2021-27694,39.64320354,-104.88506,7/30/2021 10:56,10:56,2,0,1,NASSAU AVE E & YOSEMITE ST S,1,1,0,0,1,1,0,0,25,1,0,0,0,2,4,2,16
,2021-27695,39.78422353,-105.0251799,7/31/2021 8:45,8:45,15,0,0,I-70 & FEDERAL BLVD N,1,1,1,0,1,4,0,0,55,0,0,0,0,0,1,2,16
,2021-27696,39.69299354,-105.0475399,7/30/2021 23:20,23:20,5,0,0,WINONA CT & 1305 S,11,3,0,1,2,4,0,0,30,0,0,0,0,0,4,1,16
,2021-27697,39.78364751,-104.809634,7/30/2021 23:32,23:32,1,0,0,E GVR BLVD & N CHAMBERS RD,1,3,0,0,1,1,0,0,40,0,0,0,0,1,4,2,16
,2021-27698,39.74178353,-105.0144499,7/30/2021 18:39,18:39,12,0,0,I-25 NB EXIT GORE PT TO & AURARIA PKWY,1,1,0,0,1,4,0,0,55,0,0,0,0,1,1,2,16
,2021-27699,39.67693309,-104.9710646,7/30/2021 17:09,17:09,12,0,0,E LOUSIANA AVE & S LAFAYETTE ST,1,1,0,0,1,1,0,0,35,0,0,0,0,0,4,2,16
,2021-27700,39.78409353,-105.0519099,7/31/2021 7:53,7:53,5,0,1,I-70 & SHERIDAN BLVD N,1,1,0,0,2,4,0,0,65,0,0,0,0,3,1,1,16
,2021-27701,39.72097353,-104.9594199,7/29/2021 22:35,22:35,3,0,1,N UNIVERSITY BLVD (NOT CDOT) & E 3RD AVE,1,3,0,0,1,1,0,0,30,0,0,0,0,1,4,2,16
,2021-27702,39.74480353,-104.9609899,7/30/2021 17:25,17:25,15,0,0,E 18TH AVE & N GAYLORD ST,11,1,0,1,1,1,0,0,30,0,0,0,0,0,4,2,16
,2021-27703,39.68947354,-105.0421499,7/29/2021 14:59,14:59,12,0,0,W FLORIDA AVE & S RALEIGH ST,1,1,0,0,1,1,0,0,30,0,0,0,0,0,4,3,16
,2021-27708,39.72117354,-105.0232899,7/1/2021 16:50,16:50,10,0,0,3RD AVE W & FEDERAL BLVD N,1,1,3,0,1,2,0,0,25,0,0,0,0,0,4,2,16
,2021-27711,39.74007353,-104.9964399,7/1/2021 18:45,18:45,12,0,0,COLFAX AVE W & GALAPAGO ST N,1,1,3,0,1,1,0,0,35,0,0,0,0,0,2,2,16
,2021-27795,39.67980354,-105.0575599,7/11/2021 5:10,5:10,5,0,0,DEPEW ST S & 2095 S DEPEW ST,1,1,0,1,3,4,0,0,25,0,0,0,0,0,4,1,16
,2021-27796,39.65444353,-104.8698,7/11/2021 1:10,1:10,5,0,0,HAMPDEN AVE E & GALENA ST S,1,3,0,0,2,1,0,0,45,0,0,0,0,0,2,1,16
,2021-27797,39.77614352,-104.8453199,7/6/2021 21:20,21:20,14,0,0,12244 E 44TH AVE & 12244 BLK E (PRIVATE DR),1,3,0,0,1,2,0,0,20,0,0,0,0,0,3,2,16
,2021-27798,39.78358351,-104.8108,7/10/2021 20:55,20:55,5,0,1,GATEWAY AVE E & 15200 BLK E,1,3,0,0,3,4,0,0,25,0,0,0,0,2,4,1,16
,2021-27799,39.77503451,-104.809895,7/30/2021 19:22,19:22,3,0,0,N CHAMBERS RD & E ANDREWS DR,1,1,0,0,1,1,0,0,35,0,0,0,0,1,4,2,16
,2021-27800,39.72027353,-104.9035399,7/10/2021 9:29,9:29,5,0,0,QUEBEC ST N & 2ND AVE E,1,1,0,0,2,3,0,0,30,0,0,0,0,0,4,1,16
,2021-27801,39.69771063,-105.1331967,7/30/2021 19:09,19:09,3,0,0,MORRISON RD W & TENNESSEE AVE W,1,1,1,0,1,1,0,0,,0,0,0,0,0,4,2,16
,2021-27802,39.74698353,-104.9933199,7/21/2021 10:38,10:38,12,0,0,1600 BLK CHAMPA ST & 16TH ST,1,1,1,0,1,3,0,0,30,0,0,0,0,0,4,2,16
,2021-27803,39.71310353,-104.9128199,6/11/2021 15:51,15:51,1,0,0,S MONACO ST & E CEDAR AVE,1,1,0,0,1,1,0,0,35,0,0,0,0,1,4,2,16
,2021-27804,39.73687353,-105.0052499,7/31/2021 18:11,18:11,3,0,0,OSAGE ST N & 13TH AVE W,11,1,0,1,1,1,0,0,35,0,0,0,0,0,4,2,16
,2021-27805,39.75277353,-104.9874099,7/2/2021 23:00,23:00,12,0,0,22ND ST & N BROADWAY ST,1,3,0,0,1,3,0,0,30,0,0,0,0,0,4,2,16
,2021-27806,39.74605353,-104.9945399,7/27/2021 18:54,18:54,15,0,0,1500 BLK CHAMPA ST & 15TH ST,1,1,0,0,1,4,0,0,20,0,0,0,0,0,4,2,16
,2021-27807,39.78003353,-104.9891799,7/30/2021 17:05,17:05,15,0,0,I-25 & I-70,1,1,0,0,1,4,0,0,65,0,0,0,0,1,1,2,16
,2021-27808,39.74013253,-104.9861059,7/31/2021 18:18,18:18,3,0,0,COLFAX AVE E & LINCOLN ST N,11,1,2,1,1,1,0,0,35,0,0,0,0,0,2,2,16
,2021-27809,39.63990355,-105.0558099,7/6/2021 23:16,23:16,5,0,0,5600 BLK W QUINCY AVE & S SHERIDAN BLVD,11,3,1,1,3,4,0,0,30,0,0,0,0,0,4,1,16
,2021-27810,39.74560352,-104.9034599,7/2/2021 11:13,11:13,12,0,0,N QUEBEC ST & E 19TH AVE,1,1,0,0,1,4,0,0,35,0,0,0,0,0,4,2,16
,2021-27811,39.74013253,-104.9861059,7/31/2021 1:51,1:51,10,0,0,N LINCOLN ST & E COLFAX AVE,1,3,0,0,1,1,0,0,35,0,0,0,0,0,4,2,16
,2021-27812,39.67855354,-104.9828799,7/31/2021 15:09,15:09,12,0,0,S LOGAN ST & E EVANS AVE,1,1,0,0,1,3,0,0,30,0,0,0,0,0,4,2,16
,2021-27813,39.75950353,-104.9733099,7/21/2021 7:18,7:18,6,0,0,N DOWNING ST & CALIFORNIA ST,1,1,0,0,1,4,0,0,25,0,0,0,0,0,4,4,16
,2021-27814,39.75065352,-104.8885099,7/31/2021 18:18,18:18,12,0,0,N XANTHIA WAY & N CENTRAL PARK BLVD,11,1,0,1,1,4,0,0,25,0,0,0,0,0,4,2,16
,2021-27815,39.86973741,-104.7719352,7/31/2021 3:10,3:10,12,0,0,18300 BLK GVR BLVD & N TOWER RD,1,3,0,0,1,4,0,0,40,0,0,0,0,1,4,2,16
,2021-27816,39.69014354,-105.0231599,7/15/2021 13:21,13:21,3,0,0,ELIOT ST S & FLORIDA AVE W,1,1,1,0,1,1,0,0,25,0,0,0,0,0,4,2,16
,2021-27817,39.76182254,-104.9536384,6/11/2021 15:35,15:35,12,0,0,I-70 & FILLMORE ST N,1,1,0,0,1,4,0,0,55,0,0,0,0,0,1,2,16
,2021-27818,39.71652353,-104.9745699,7/31/2021 21:10,21:10,6,0,0,N CORONA ST & E ELLSWORTH AVE,11,1,0,1,1,4,0,0,30,0,0,0,0,0,4,2,16
,2021-27819,39.76299352,-104.8904699,7/31/2021 16:12,16:12,12,0,0,3200 BLK N CENTRAL PARK BLVD & E 33RD AVE,1,1,0,0,1,4,0,0,30,0,0,0,0,0,4,2,16
,2021-27820,39.65508353,-104.87028,7/29/2021 10:00,10:00,6,0,0,E GIRARD AVE & S GALENA ST,1,1,0,0,1,4,0,0,25,0,0,0,0,0,4,2,16
,2021-27821,39.72816353,-104.9861399,7/31/2021 20:30,20:30,3,0,0,LINCOLN ST N & 8TH AVE E,1,3,0,0,1,2,0,0,35,0,0,0,0,0,4,2,16
,2021-27822,39.73561352,-104.8917099,6/30/2021 4:41,4:41,6,0,0,12TH AVE E & VALENTIA ST N,1,2,0,0,1,4,0,0,25,0,0,0,0,0,4,2,16
,2021-27823,39.70040354,-105.0472499,7/31/2021 21:00,21:00,12,0,0,KENTUCKY AVE W & MORRISON RD,1,3,1,1,1,3,0,0,,0,0,0,0,0,4,2,16
,2021-27824,39.70665354,-104.9965899,6/29/2021 14:44,14:44,15,0,0,I-25 NB ON RAMP LOOP FROM & HWY 85 NB,1,1,1,0,1,8,0,0,45,0,0,0,0,0,1,2,16
,2021-27825,39.77582352,-104.8657299,3/31/2021 7:59,7:59,12,0,0,I-70 & HAVANA ST N,1,1,0,0,1,4,0,0,55,0,0,0,0,0,1,2,16
,2021-27826,39.68228054,-105.0531784,7/31/2021 23:15,23:15,3,0,0,SHERIDAN BLVD S & JEWELL AVE W,1,3,0,0,1,1,0,0,40,0,0,0,0,0,2,2,16
,2021-27827,39.71110353,-104.9792099,6/25/2021 18:30,18:30,12,0,0,E ALAMEDA AVE & S WASHINGTON ST,1,1,0,0,1,1,0,0,30,0,0,0,0,0,4,2,16
,2021-27828,39.73525353,-104.9873899,6/18/2021 23:57,23:57,2,0,0,BROADWAY ST N & 12TH AVE E,1,3,0,0,1,1,0,0,,1,0,0,0,1,4,2,16
,2021-27829,39.71298354,-104.9875299,8/1/2021 18:59,18:59,10,0,0,CEDAR AVE E & BROADWAY ST S,1,1,0,0,1,1,0,0,35,0,0,0,0,0,4,2,16
,2021-27830,39.69196354,-105.0203699,7/16/2021 20:57,20:57,6,0,1,1300 BLK S CLAY ST & W LOUISIANA AVE,1,4,0,0,1,4,0,0,30,0,0,0,0,1,4,2,16
,2021-27831,39.71915353,-104.9752249,7/31/2021 22:51,22:51,15,0,0,SPEER BLVD & N OGDEN ST,11,3,0,0,1,4,0,0,35,0,0,0,0,0,4,2,16
,2021-27832,39.76919327,-104.8366076,7/31/2021 22:29,22:29,3,0,2,E 38TH AVE & N ENSENDA ST,1,3,0,0,1,3,0,0,30,0,0,0,0,2,4,2,16
,2021-27833,39.72105353,-104.9582399,7/25/2021 4:06,4:06,3,0,0,E 3RD AVE & N JOSEPHINE,1,3,0,0,1,1,0,0,25,0,0,0,0,1,4,2,16
,2021-27834,39.72518584,-105.0259779,7/17/2021 17:07,17:07,12,0,0,HWY 6 EB OFF RAMP TO & FEDERAL BLVD N,1,1,0,0,1,8,0,0,25,0,0,0,0,0,2,2,16
,2021-27835,39.75898977,-105.0007029,7/28/2021 21:04,21:04,12,0,0,2100 BLK 20TH ST & 20TH ST,1,3,1,0,1,4,0,0,25,0,0,0,0,1,4,2,16
,2021-27836,39.70021353,-104.9593199,7/31/2021 23:03,23:03,3,0,0,UNIVERSITY BLVD S & KENTUCKY AVE E,11,3,0,0,1,1,0,0,25,0,0,0,0,1,4,2,16
,2021-27837,39.69400354,-105.0250599,8/1/2021 2:13,2:13,12,0,3,FEDERAL BLVD S & MISSISSIPPI AVE S,1,3,0,0,1,3,0,0,40,0,0,0,0,2,2,2,16
,2021-27838,39.77287352,-104.9429199,8/1/2021 8:58,8:58,3,0,0,40TH AVE E & JACKSON ST N,1,1,0,0,1,1,0,0,30,0,0,0,0,0,4,2,16
,2021-27839,39.75574753,-104.9889544,7/31/2021 22:46,22:46,15,0,0,PARK AVE W & LARIMER ST,1,3,0,0,1,1,0,0,40,0,0,0,0,0,4,2,16
,2021-27840,39.77720712,-104.8826133,7/31/2021 20:56,20:56,11,0,1,CENTRAL PARK BLVD N & I-70 WB ON RAMP,11,3,0,1,1,1,0,0,35,0,1,0,0,2,4,1,16
,2021-27841,39.74813353,-105.0042499,7/31/2021 22:40,22:40,5,0,1,AURARIA PKWY & 12TH ST,11,3,0,1,2,3,0,0,30,0,0,0,0,2,4,1,16
,2021-27842,39.68480424,-104.9593889,8/1/2021 1:50,1:50,5,0,0,UNIVERSITY BLVD S & I-25,1,3,0,0,6,3,0,0,25,0,0,0,0,0,4,1,16
,2021-27843,39.76957353,-105.0181899,8/1/2021 0:13,0:13,5,0,0,38TH AVE W & 2529 W 38TH AVE,11,3,0,0,3,4,0,0,35,0,0,0,0,0,4,2,16
,2021-27844,39.73044353,-104.9861199,8/1/2021 18:20,18:20,15,0,0,E 9TH AVE & N LINCOLN ST,1,1,0,0,1,1,0,0,15,0,0,0,0,0,4,2,16
,2021-27845,39.70665354,-104.9965899,7/28/2021 14:50,14:50,12,0,0,I-25 & SANTA FE DR S,1,1,1,0,1,4,0,0,65,0,0,0,0,0,1,2,16
,2021-27846,39.66015354,-104.9023099,8/1/2021 4:27,4:27,5,0,0,S TAMARAC DR & E CORNELL AVE,1,3,1,0,3,4,0,0,35,0,0,0,0,0,4,1,16
,2021-27847,39.67845353,-104.9081899,8/1/2021 10:15,10:15,11,0,1,ONEIDA ST S & EVANS AVE E,1,1,0,0,1,1,0,0,30,0,1,0,0,3,4,1,16
,2021-27848,39.74014353,-104.9057899,7/28/2021 16:37,16:37,3,0,0,COLFAX AVE E & PONTIAC ST N,1,1,0,0,1,1,0,0,30,0,0,0,0,0,2,2,16
,2021-27849,39.66515356,-105.2061899,7/22/2021 0:05,0:05,14,0,0,ALAMEDA PKWY & 18300 W,1,4,0,0,1,4,0,0,25,0,0,0,0,0,4,2,16
,2021-27850,39.77883351,-104.8246899,7/28/2021 17:50,17:50,6,0,0,E 46TH AVE & E ANDREWS DR,1,1,0,0,1,4,0,0,25,0,0,0,0,0,4,2,16
,2021-27851,39.72025354,-105.0204299,7/28/2021 18:20,18:20,3,0,1,CLAY ST N & 2ND AVE W,1,1,1,0,1,1,0,0,25,0,0,0,1,3,4,2,16
,2021-27852,39.78332353,-105.0345699,7/28/2021 21:50,21:50,15,0,0,I-70 & LOWELL BLVD N,1,3,1,0,1,4,0,0,65,0,0,0,0,0,1,2,16
,2021-27853,39.75342691,-104.993233,7/28/2021 13:22,13:22,12,0,0,I-25 & 20TH ST,1,1,0,0,1,4,0,0,65,0,0,0,0,0,1,2,16
,2021-27854,39.73205353,-104.9888399,7/25/2021 2:08,2:08,14,0,0,W 10TH AVE & N ACOMA ST,1,3,0,0,1,1,0,0,25,0,0,0,0,0,4,2,16
,2021-27855,39.75259039,-104.9848982,7/28/2021 15:10,15:10,12,0,0,I-25 & PARK AVE W,1,1,0,0,1,4,0,0,55,0,0,0,0,1,1,2,16
,2021-27856,39.69670754,-104.9929099,7/28/2021 12:33,12:33,1,0,0,MISSISSIPPI AVE W & PLATTE RIVER DR S,1,1,0,0,1,1,0,0,30,0,0,0,0,1,2,2,16
,2021-27869,39.67843184,-104.9333114,7/9/2021 11:38,11:38,1,0,1,EVANS AVE E & I-25 NB ON RAMP,1,1,3,0,1,1,0,0,30,0,0,0,0,1,4,2,13
,2021-27872,39.72253353,-104.9862199,7/7/2021 8:05,8:05,1,0,0,E 4TH AVE & N LINCOLN ST,1,1,3,0,1,1,0,0,25,0,0,0,0,0,4,2,13
,2021-27874,39.76754353,-104.9659399,7/10/2021 16:03,16:03,6,0,0,3600 BLK N WILLIAMS ST & 3600 BLK N,1,1,3,0,1,1,0,0,35,0,0,0,0,0,4,2,3
,2021-27876,39.74315502,-104.9896068,7/9/2021 17:10,17:10,12,0,0,TREMONT PL & 16TH ST,1,1,3,0,1,3,0,0,25,0,0,0,0,0,4,2,8
,2021-27879,39.73204353,-104.9902499,7/7/2021 13:12,13:12,3,0,1,W 10TH AVE & N BANNOCK ST,1,1,3,0,1,1,0,0,25,0,0,0,0,1,4,2,7
,2021-27882,39.72037182,-104.9033844,7/4/2021 11:30,11:30,16,0,0,200 N QUEBEC ST & 200 BLK N,1,1,3,0,5,7,0,0,,0,0,0,0,0,3,2,16
,2021-27892,39.73224353,-104.9915299,7/7/2021 14:45,14:45,6,0,0,1000 BLK N CHEROKEE ST & W 11TH AVE,1,1,3,0,1,4,0,0,25,0,0,0,0,0,4,2,3
,2021-27894,39.74652352,-104.9010799,7/9/2021 17:15,17:15,12,0,0,1900 BLK N ROSLYN ST & N ROSLYN ST,1,1,3,0,1,4,0,0,35,0,0,0,0,0,4,2,7
,2021-27896,39.76563353,-105.0095999,7/10/2021 16:52,16:52,3,0,0,W 35TH AVE & N SHOSHONE ST,1,1,3,1,1,1,0,0,25,0,0,0,0,0,4,2,10
,2021-27900,39.74001353,-104.9786899,7/7/2021 16:40,16:40,3,0,0,COLFAX AVE E & WASHINGTON ST N,1,1,3,0,1,1,0,0,25,0,0,0,0,0,2,2,3
,2021-27903,39.76624353,-105.0158499,7/7/2021 10:28,10:28,6,0,0,3500 BLK N ZUNI ST & W 36TH AVE,1,1,3,0,1,4,0,0,25,0,0,0,0,0,4,2,16
,2021-27906,39.70289296,-104.9128498,7/7/2021 8:20,8:20,12,0,0,LEETSDALE DR & S NIAGARA ST,1,1,3,0,1,4,0,0,35,0,0,0,0,0,2,2,13
,2021-27918,39.67845353,-104.9251899,7/8/2021 12:29,12:29,15,0,0,EVANS AVE E & GRAPE ST S,1,1,3,0,1,4,0,0,30,0,0,0,0,0,4,2,13
,2021-27920,39.73048353,-104.9601599,7/7/2021 18:44,18:44,10,0,0,YORK ST N & 9TH AVE E,1,1,3,0,1,2,0,0,25,0,0,0,0,1,4,2,8