id,drcog_id,latitude,longitude,crashtime,time,crashtype,numbkilled,numbinjurd,drcoglocat,rdconditin,lightngcon,roadcntgrd,weatherco,location,roaddescrp,schoolzone,constrzone,splimit,bikeinv,pedinv,sctrinv,motoinv,svrty,rdsystem,ttlvehcls,hcf
,2021-27921,39.66746654,-104.9323049,7/7/2021 15:40,15:40,3,0,0,YALE AVE E & LEYDEN CT S,1,1,3,0,1,1,0,0,,0,0,0,0,0,4,2,16
,2021-27922,39.71115354,-104.9863599,7/6/2021 14:38,14:38,3,0,1,S LINCOLN ST & E ALAMEDA AVE,1,1,3,0,1,1,0,0,35,0,0,0,0,1,4,2,13
,2021-27923,39.74743353,-104.9927099,7/7/2021 15:09,15:09,15,0,0,17TH ST & CHAMPA ST,1,1,3,0,1,3,0,0,30,0,0,0,0,0,4,2,8
,2021-27925,39.67844354,-104.9316099,7/7/2021 12:30,12:30,12,0,0,EVANS AVE E & DAHLIA ST S,1,1,3,0,1,1,0,0,,0,0,0,0,0,4,2,16
,2021-27926,39.65308454,-104.8848559,7/6/2021 15:00,15:00,15,0,0,HAMPDEN AVE E & YOSEMITE ST S,1,1,3,0,1,1,0,0,35,0,0,0,0,1,2,3,3
,2021-27927,39.76367353,-104.9883299,6/16/2021 18:15,18:15,6,0,0,1800 BLK 28TH ST & 29TH ST,1,1,3,0,1,4,0,0,35,0,0,0,0,0,4,2,1
,2021-27928,39.65308454,-104.8848559,7/7/2021 7:09,7:09,15,0,0,E HAMPDEN AVE & S YOSEMITE ST,1,1,3,0,1,4,0,0,40,0,0,0,0,0,2,2,13
,2021-27929,39.71035354,-105.0397099,6/21/2021 8:54,8:54,6,0,0,300 BLK S PERRY ST & W DAKOTA AVE,1,1,3,1,1,4,0,0,25,0,0,0,0,0,4,2,13
,2021-27937,39.66946454,-104.9876539,7/8/2021 15:18,15:18,3,0,0,BROADWAY ST S & VASSAR AVE W,1,1,3,0,1,1,0,0,35,0,0,0,0,0,4,2,11
,2021-27942,39.69848354,-104.9926899,7/8/2021 13:37,13:37,12,0,0,S PLATTE RIVER DR & W TENNESSEE AVE,1,1,3,0,1,3,0,0,45,0,0,0,0,0,2,2,7
,2021-27944,39.70932353,-104.9875899,7/6/2021 13:19,13:19,3,0,0,BROADWAY ST S & DAKOTA AVE W,1,1,3,0,1,1,0,0,30,0,0,0,0,0,4,2,13
,2021-27945,39.74000353,-104.9659799,7/7/2021 18:20,18:20,15,0,0,COLFAX AVE E & WILLIAMS ST,1,1,3,0,1,4,0,0,35,0,0,0,0,0,2,2,8
,2021-27950,39.71142253,-104.9408134,7/7/2021 10:03,10:03,12,0,0,COLORADO BLVD N & ALAMEDA AVE E,1,1,3,0,1,3,0,0,30,0,0,0,0,0,2,2,13
,2021-27951,39.76885353,-105.0275999,7/8/2021 8:01,8:01,6,0,0,3700 BLK N GROVE ST & W 37TH AVE,1,1,3,0,1,3,0,0,25,0,0,0,0,0,4,2,16
,2021-27952,39.78177351,-104.77212,7/7/2021 13:55,13:55,3,0,1,N TOWER RD & E 47TH AVE,1,1,3,0,1,1,0,0,35,0,0,0,0,1,4,2,7
,2021-27953,39.71108953,-104.9628544,7/6/2021 10:05,10:05,12,0,0,E ALAMEDA AVE & S VINE ST,1,1,3,0,1,3,0,0,25,0,0,0,0,0,4,2,13
,2021-27954,39.74002353,-104.9592799,7/6/2021 6:50,6:50,15,0,0,COLFAX AVE E & YORK ST N,1,1,3,1,1,4,0,1,30,0,0,0,0,0,2,2,16
,2021-27957,39.72532353,-104.9260999,7/8/2021 13:45,13:45,6,0,0,5300 BLK E 6TH AVE & N GLENCOE ST,2,1,3,0,1,4,0,0,30,0,0,0,0,0,4,2,14
,2021-27958,39.79829351,-104.8095999,7/8/2021 11:31,11:31,1,0,3,E 56TH AVE & N CHAMBERS RD,1,1,3,0,1,1,0,0,40,0,0,0,0,1,4,2,16
,2021-27959,39.69301354,-104.9874599,7/8/2021 10:20,10:20,15,0,0,E LOUISIANA AVE & S BROADWAY ST,1,1,3,0,1,4,0,0,25,0,0,0,0,0,4,2,11
,2021-27960,39.78525352,-104.9032899,7/8/2021 7:30,7:30,6,0,0,7120 E 49TH AVE & 7120 BLK E,1,3,3,0,5,7,0,0,15,0,0,0,0,0,3,2,7
,2021-27962,39.71130353,-104.8929099,7/10/2021 12:30,12:30,12,0,0,E ALAMEDA AVE & E FAIRMONT DR,1,1,3,0,1,4,0,0,40,0,0,0,0,0,4,2,10
,2021-27963,39.74676353,-104.9918399,7/9/2021 14:46,14:46,6,0,0,STOUT ST & 17TH ST,1,1,3,0,1,2,0,0,25,0,0,0,0,0,4,2,8
,2021-27964,39.74179353,-105.0252099,7/5/2021 6:03,6:03,5,0,0,FEDERAL BLVD S & 1280 S FEDERAL BLVD,1,1,3,0,3,4,0,0,10,0,0,0,0,0,2,1,1
,2021-27966,39.73514353,-104.9822899,7/8/2021 14:49,14:49,3,0,0,E 12TH AVE & N LOGAN ST,1,1,3,0,1,1,0,0,25,0,0,0,0,0,4,2,8
,2021-27968,39.71197354,-104.9986199,7/9/2021 14:36,14:36,6,0,0,900 BLK W BYERS PL & N KALAMATH ST,1,5,3,0,1,2,0,0,25,0,0,0,0,0,4,2,1
,2021-27969,39.76175353,-105.0287399,6/5/2021 0:59,0:59,16,0,0,SPEER BLVD N & 3175 SPEER BLVD N,1,3,3,0,6,7,0,0,25,0,0,0,0,0,4,1,1
,2021-27972,39.69565353,-104.9034999,7/6/2021 12:33,12:33,12,0,1,S QUEBEC ST & E MISSISSIPPI AVE,1,1,3,0,1,4,0,0,35,0,0,0,0,1,4,2,13
,2021-27973,39.71624353,-104.9498499,7/7/2021 13:30,13:30,12,0,0,N STEELE ST & E ELLSWORTH AVE,1,1,3,0,1,1,0,0,25,0,0,0,0,0,4,2,3
,2021-27976,39.66769354,-104.9828399,7/9/2021 13:48,13:48,1,0,0,E YALE AVE & S LOGAN ST,1,1,3,0,1,1,0,0,30,0,0,0,0,0,4,2,11
,2021-27977,39.68308354,-104.9405399,7/8/2021 16:30,16:30,15,0,0,COLORADO BLVD N & MEXICO AVE E,1,1,3,0,1,4,0,0,35,0,0,0,0,0,2,2,13
,2021-27978,39.78326353,-105.0064199,7/8/2021 7:05,7:05,3,0,0,PECOS ST N & I-70 WB OFF RAMP,1,1,3,0,1,6,0,0,25,0,0,0,0,0,1,2,13
,2021-27979,39.71126353,-104.9339399,7/7/2021 14:47,14:47,15,0,0,E ALAMEDA AVE & S CHERRY ST,1,1,3,0,1,1,0,0,35,0,0,0,0,0,4,2,11
,2021-27980,39.72909353,-104.9418299,7/7/2021 8:27,8:27,10,0,0,E 8TH AVE & N HARRISON ST,1,1,3,0,1,1,0,0,30,0,0,0,0,0,4,2,1
,2021-27981,39.77726352,-104.8827699,7/9/2021 9:55,9:55,12,0,0,I-70 WB EXIT GORE PT TO & CENTRAL PARK BLVD N,1,1,3,0,1,4,0,0,55,0,0,0,0,0,1,3,16
,2021-27982,39.79102352,-104.9346399,7/8/2021 6:21,6:21,12,0,0,4500 E 52ND AVE & N DALHIA ST,1,1,3,0,1,2,0,0,30,0,0,0,0,0,4,2,13
,2021-27983,39.75537841,-104.9807271,6/29/2021 10:00,10:00,3,0,0,30TH ST & STOUT ST,1,1,3,0,1,1,0,0,25,0,0,0,0,0,4,2,1
,2021-27984,39.69669854,-104.9918704,7/6/2021 10:52,10:52,12,0,0,S SANTA FE DR & W MISSISSIPPI AVE,1,1,3,0,1,4,0,0,35,0,0,0,0,0,2,2,13
,2021-28030,39.64814355,-105.0346299,5/18/2021 8:36,8:36,5,0,0,LOWELL BLVD S & KENYON AVE W,1,1,0,0,3,4,0,0,25,0,0,0,0,0,4,1,16
,2021-28031,39.74326353,-104.9823299,7/13/2021 0:18,0:18,2,0,0,17TH AVE E & LOGAN ST N,1,3,0,0,1,1,0,0,0,1,0,0,0,0,4,2,16
,2021-28032,39.758995,-105.0101946,7/9/2021 16:20,16:20,5,0,0,16TH ST & TREMONT ST N,1,1,0,0,2,4,0,0,10,0,0,0,0,0,4,1,13
,2021-28034,39.68309354,-104.9405399,7/26/2021 10:35,10:35,5,0,0,I-25 NB ON RAMP FROM & COLORADO BLVD S,1,1,0,0,2,8,0,0,55,0,0,0,0,0,1,2,14
,2021-28036,39.77727352,-104.8827699,7/27/2021 12:10,12:10,12,0,0,I-70 & CENTRAL PARK BLVD N,1,1,0,0,1,4,0,0,55,0,0,0,0,0,1,2,13
,2021-28039,39.74521754,-105.1238304,7/26/2021 16:50,16:50,12,0,0,I-25 & 17TH AVE,1,1,1,0,1,4,0,0,65,0,0,0,0,0,1,2,7
,2021-28041,39.68999354,-104.9734099,7/29/2021 17:35,17:35,12,0,0,I-25 & DOWNING ST S,1,1,0,0,1,4,0,0,60,0,0,0,0,0,1,2,13
,2021-28042,39.76446925,-104.9361607,7/27/2021 22:34,22:34,3,0,0,COLORADO BLVD N & BRUCE RANDOLPH AVE E,1,3,0,0,1,1,0,0,40,0,0,0,0,1,2,2,13
,2021-28043,39.63542354,-104.9031699,7/20/2021 15:19,15:19,5,0,0,I-225 & I-25,1,1,0,0,3,4,0,0,55,0,0,0,0,0,1,1,3
,2021-28045,39.70289296,-104.9128498,8/1/2021 16:45,16:45,8,0,1,LEETSDALE DR 150 BLK & E SHANGRI LA DR,1,1,0,0,1,4,0,0,35,0,0,0,0,1,4,2,2
,2021-28047,39.78013352,-104.9670799,7/29/2021 17:49,17:49,12,0,0,I-70 & BRIGHTON BLVD N,1,1,0,0,1,4,0,1,55,0,0,0,0,0,1,2,3
,2021-28048,39.71120354,-104.9988899,7/28/2021 7:56,7:56,12,0,0,I-25 & ALAMEDA AVE W,1,1,0,0,1,4,0,0,65,0,0,0,0,0,1,2,1
,2021-28049,39.67076954,-104.936265,7/28/2021 6:11,6:11,6,0,0,2500 S YORK UNIVERSITY ALY & E HARVARD AVE,1,1,0,0,1,5,0,0,10,0,0,0,0,0,4,2,14
,2021-28050,39.68226354,-105.0572499,7/28/2021 13:42,13:42,2,0,1,JEWELL AVE W & DEPEW ST S,1,1,0,0,1,1,0,0,0,1,0,0,0,2,4,2,16
,2021-28051,39.82398723,-104.9648678,7/27/2021 16:17,16:17,15,0,0,I-70 & I-270,1,1,0,0,1,4,0,0,55,0,0,0,0,0,1,2,1
,2021-28052,39.73846353,-105.0001199,7/27/2021 22:15,22:15,5,0,0,KALAMATH ST N & 14TH AVE W,1,3,0,0,3,1,0,0,30,0,0,0,0,0,4,1,4
,2021-28053,39.68309354,-104.9405399,7/27/2021 7:35,7:35,12,0,0,I-25 & COLORADO BLVD S,1,1,0,0,1,4,0,0,60,0,0,0,1,1,1,2,13
,2021-28054,39.78206352,-104.9035299,8/1/2021 15:51,15:51,15,0,0,QUEBEC ST & I-270 WB ON RAMP,1,1,0,0,1,1,0,0,35,0,0,0,0,0,4,2,8
,2021-28055,39.72828353,-104.9924699,7/26/2021 13:31,13:31,5,0,0,DELAWARE ST & 790 M,1,1,1,0,5,7,0,0,,0,0,0,0,0,3,2,16
,2021-28056,39.73648353,-104.9315299,7/28/2021 11:10,11:10,3,0,0,E 13TH AVE & N DAHLIA ST,1,1,0,0,1,1,0,0,25,0,0,0,0,1,4,2,7
,2021-28057,39.74561352,-104.9010799,8/1/2021 16:34,16:34,15,0,0,E 19TH AVE & N ROSLYN ST,1,1,0,0,1,1,0,0,25,0,0,0,0,0,4,2,1
,2021-28058,39.66277355,-105.0793199,7/27/2021 16:24,16:24,5,0,1,W DARTMOUTH AVE & S WEBSTER ST,1,1,0,0,2,4,0,0,30,0,0,0,0,2,4,1,10
,2021-28059,39.74754353,-104.9835799,7/27/2021 7:40,7:40,3,0,0,E 20TH AVE & N GRANT ST,1,1,0,0,1,1,0,0,25,0,0,0,0,1,4,2,7
,2021-28060,39.75485353,-105.0381399,7/27/2021 21:02,21:02,1,0,1,W 26TH AVE & N OSCEOLA ST,1,3,0,0,1,1,0,0,30,0,0,0,0,2,4,2,4
,2021-28061,39.67844354,-104.9337599,7/28/2021 8:17,8:17,1,0,0,EVANS AVE E & I-25 NB ON RAMP,1,1,0,0,1,1,0,0,35,0,0,0,0,0,4,2,13
,2021-28062,39.72486044,-105.0158349,7/26/2021 12:29,12:29,15,0,0,I-25 SB ON RAMP FROM & HWY 6 EB,1,1,1,0,1,8,0,0,40,0,0,0,0,0,1,2,1
,2021-28063,39.72488353,-104.9861599,7/20/2021 17:07,17:07,3,0,0,LINCOLN ST N & 6TH AVE E,1,1,0,0,1,2,0,0,35,0,0,0,0,0,4,2,5
,2021-28064,39.75131353,-105.0165199,7/29/2021 13:49,13:49,12,0,0,I-25 NB ON RAMP FROM & 23RD AVE W,1,1,0,0,1,8,0,0,55,0,0,0,0,0,1,2,3
,2021-28065,39.75100352,-104.9081499,7/27/2021 22:49,22:49,3,0,0,E 23RD AVE & N ONEIDA ST,1,3,0,0,1,1,0,0,25,0,0,0,0,0,4,2,16
,2021-28066,39.78244352,-104.8613099,7/28/2021 11:45,11:45,5,0,0,47TH AVE E & JOLIET ST N,1,1,0,0,3,4,0,0,35,0,0,0,0,1,4,1,10
,2021-28067,39.75860243,-104.9634016,7/27/2021 8:46,8:46,12,0,0,I-70 & RACE ST N,1,1,1,0,1,4,0,0,65,0,0,0,0,0,1,2,7
,2021-28068,39.77730152,-104.8826209,7/27/2021 17:34,17:34,12,0,0,I-70 WB OFF RAMP & CENTRAL PARK BLVD N,1,1,1,0,1,8,0,0,40,0,0,0,0,0,1,2,3
,2021-28069,39.78312187,-104.8470955,7/29/2021 13:05,13:05,12,0,0,I-70 & PEORIA ST N,1,1,0,0,1,4,0,0,65,0,0,0,0,0,1,2,14
,2021-28070,39.75536353,-105.0126799,7/28/2021 13:33,13:33,12,0,0,I-25 & SPEER BLVD N,1,1,0,0,1,4,0,0,55,0,0,0,0,0,1,2,13
,2021-28071,39.73526353,-104.9986599,7/29/2021 16:06,16:06,14,0,0,W 12TH AVE & N SANTA FE DR (NOT CDOT),1,1,0,0,1,1,0,0,30,0,0,0,0,0,4,2,6
,2021-28072,39.72553353,-105.0131199,7/29/2021 9:38,9:38,12,0,0,I-25 & 6TH AVE W,1,1,1,0,1,4,0,0,65,0,0,0,0,0,1,2,1
,2021-28073,39.74369353,-104.9427499,7/5/2021 3:00,3:00,5,0,0,17TH AVE E & HARRISON ST,1,4,0,0,2,4,0,0,35,0,0,0,0,0,4,1,14
,2021-28074,39.73884352,-104.8902399,7/26/2021 3:59,3:59,5,0,0,1400 BLK N VERBENA & WABASH ALY,1,3,0,0,2,4,0,0,30,0,0,0,0,0,4,1,5
,2021-28075,39.78378351,-104.79796,7/29/2021 16:38,16:38,3,0,0,E GVR BLVD & N MEMPHIS ST,1,1,0,0,1,1,0,0,35,0,0,0,0,0,4,2,7
,2021-28077,39.77615352,-104.8828199,8/3/2021 13:34,13:34,12,0,0,CENTRAL PARK BLVD N & I-70 EB,1,1,1,0,1,4,0,0,35,0,0,0,0,0,4,2,13
,2021-28078,39.72551353,-105.0133499,7/29/2021 17:27,17:27,12,0,0,HWY 6 WB DISTRIBUTOR RAMP FROM & I-25 NB OFF RAMP LOOP,1,1,0,0,1,8,0,0,45,0,0,0,0,1,2,2,2
,2021-28079,39.77288352,-104.9406289,7/29/2021 10:32,10:32,12,0,0,N COLORADO BLVD & E 40TH AVE,1,1,0,0,1,4,0,0,35,0,0,0,0,0,4,2,13
,2021-28080,39.72527841,-105.1417334,8/3/2021 6:34,6:34,12,0,0,I-25 & 6TH AVE W,1,1,0,0,1,4,0,0,55,0,0,0,0,1,1,2,7
,2021-28081,39.71119354,-105.0006399,7/29/2021 14:04,14:04,12,0,0,S PLATTE RIVER DR & W ALAMEDA AVE,1,1,0,0,1,4,0,0,30,0,0,0,1,0,4,2,3
,2021-28082,39.67964354,-105.0436099,8/2/2021 19:15,19:15,6,0,0,4300 BLK W EVANS AVE & S TENNYSON ST,1,2,0,0,1,4,0,0,35,0,0,0,0,1,4,2,3
,2021-28083,39.72979353,-104.9601699,7/29/2021 15:55,15:55,10,0,0,YORK ST N & 8TH AVE E,1,1,0,0,1,2,0,0,30,0,0,0,0,0,4,2,8
,2021-28084,39.72558354,-105.0249099,7/13/2021 21:32,21:32,15,0,0,HWY 6 WB OFF RAMP TO & FEDERAL BLVD N,1,3,0,0,1,8,0,0,55,0,0,0,0,0,2,2,14
,2021-28085,39.73835353,-104.9494699,7/29/2021 14:02,14:02,1,0,1,14TH AVE E & STEELE ST N,1,1,0,0,1,1,0,0,30,0,0,0,1,2,4,2,6
,2021-28086,39.74480353,-104.9609899,7/27/2021 10:05,10:05,3,0,1,E 18TH AVE & N GAYLORD ST,1,1,0,0,1,1,0,0,25,0,0,0,0,2,4,2,7
,2021-28087,39.77994352,-104.9404999,7/27/2021 15:29,15:29,12,0,0,I-70 & COLORADO BLVD N,1,1,0,0,1,4,0,0,55,0,0,0,0,0,1,2,7
,2021-28088,39.73364353,-104.9173797,7/29/2021 16:24,16:24,12,0,0,WB E 11TH AVE & N MONACO PRK WY,1,1,0,0,1,1,0,0,25,0,0,0,0,0,4,2,13
,2021-28089,39.71026353,-104.9289299,7/4/2021 21:11,21:11,12,0,3,5000 BLK E ALAMEDA AVE & S FAIRFAX ST,1,3,0,0,1,4,0,0,35,0,0,0,0,1,4,2,14
,2021-28090,39.72565154,-105.0531559,8/3/2021 10:37,10:37,15,0,0,SHERIDAN BLVD N & HWY 6 WB ON RAMP,1,1,0,0,1,1,0,0,35,0,0,0,0,0,2,2,8
,2021-28091,39.79812351,-104.8387399,8/3/2021 6:02,6:02,3,0,1,56TH AVE E & TUCSON ST N,1,1,0,0,1,1,0,0,40,0,0,0,0,3,4,2,13
,2021-28092,39.68226354,-105.0572499,8/2/2021 13:00,13:00,9,0,0,JEWELL AVE W & DEPEW ST S,1,1,0,0,1,4,0,0,30,0,0,0,0,0,4,1,1
,2021-28093,39.7437871,-105.1188925,8/3/2021 10:42,10:42,12,0,0,I-25 & 17TH AVE W,1,1,0,0,1,4,0,0,65,0,0,0,0,0,1,2,13
,2021-28094,39.72527841,-105.1417334,8/2/2021 10:58,10:58,12,0,0,I-25 & 6TH AVE W,1,1,1,0,1,4,0,0,55,0,0,0,0,1,1,2,13
,2021-28095,39.70932354,-104.9863799,8/3/2021 14:55,14:55,3,0,0,E DAKOTA AVE & S LINCOLN ST,1,1,0,0,1,1,0,0,25,0,0,0,0,0,4,2,14
,2021-28096,39.90602919,-104.930353,8/2/2021 8:10,8:10,9,0,1,35TH AVE E & DAHLIA ST,1,1,0,0,1,4,0,0,30,0,0,0,0,2,4,1,10
,2021-28097,39.66422355,-105.0701599,8/1/2021 19:02,19:02,5,0,0,NEWLAND ST S & 2801 S NEWLAND ST,1,1,0,0,2,1,0,0,25,0,0,0,0,0,4,1,7
,2021-28098,39.75470352,-104.8970499,8/1/2021 21:17,21:17,3,0,0,N CENTRAL PARK BLVD & E 26TH AVE,1,3,0,0,1,1,0,0,25,0,0,0,0,0,4,2,8
,2021-28099,39.69274523,-104.9924773,8/2/2021 11:41,11:41,12,0,0,I-25 & SANTA FE DR S,1,1,1,0,1,4,0,0,65,0,0,0,0,0,1,2,3
,2021-28100,39.77741503,-104.9911497,7/31/2021 12:00,12:00,12,0,0,W 11TH AVE & CHEROKEE ST,11,1,0,1,1,4,0,0,30,0,0,0,0,0,4,2,14
,2021-28101,39.78188205,-104.9016318,8/2/2021 8:45,8:45,15,0,0,QUEBEC ST & 4700 BLK N,1,1,1,0,1,4,0,0,40,0,0,0,0,0,4,2,7
,2021-28102,39.70205354,-104.9733699,7/31/2021 4:27,4:27,5,0,0,DOWNING ST S & OHIO AVE E,11,3,0,1,3,4,0,0,30,0,0,0,0,0,4,1,16
,2021-28103,39.72561553,-104.9407909,7/13/2021 9:04,9:04,3,0,2,COLORADO BLVD N & 6TH AVE E,1,1,1,0,1,1,0,0,30,0,0,0,0,2,2,2,16
,2021-28104,39.77582352,-104.8657299,8/2/2021 12:53,12:53,12,0,0,I-70 & HAVANA ST N,1,1,0,0,1,4,0,0,35,0,0,0,0,0,1,2,3
,2021-28105,39.75846553,-105.0214174,8/1/2021 16:39,16:39,1,0,0,SPEER BLVD N & 29TH AVE W,1,1,1,0,1,1,0,0,30,0,0,0,0,0,4,2,13
,2021-28106,39.66761354,-104.9034999,8/2/2021 8:31,8:31,12,0,1,E YALE AVE & S QUEBEC ST (NOT CDOT),1,1,1,0,1,3,0,0,30,0,0,0,0,1,4,2,13
,2021-28107,39.72371354,-105.0336999,8/2/2021 10:01,10:01,15,0,0,KING ST N & 5TH AVE W,1,1,0,0,1,4,0,0,25,0,0,0,0,0,4,2,3
,2021-28108,39.76182254,-104.9536384,8/2/2021 12:56,12:56,12,0,0,I-70 & FILLMORE ST N,1,1,0,0,1,4,0,0,65,0,0,0,0,1,1,2,3
,2021-28109,39.77727352,-104.8827699,8/2/2021 7:57,7:57,15,0,0,I-70 & CENTRAL PARK BLVD N,1,1,0,0,1,4,0,0,55,0,0,0,0,0,1,2,3
,2021-28110,39.75100352,-104.8969899,8/1/2021 21:05,21:05,6,0,0,23RD AVE E & SPRUCE WY N,1,3,0,0,1,4,0,0,25,0,0,0,0,0,4,2,5
,2021-28111,39.82518502,-104.9816053,8/1/2021 20:34,20:34,3,0,0,COLFAX AVE W & I-25 NB OFF RAMP,1,1,0,0,1,1,0,0,35,0,0,0,0,0,4,2,13
,2021-28112,39.74741353,-104.9187799,7/13/2021 14:25,14:25,8,0,2,E MONTVIEW BLVD & N JASMINE ST,1,1,0,0,6,1,0,0,30,0,0,0,0,3,4,2,2
,2021-28113,39.89935675,-104.9402419,8/3/2021 15:22,15:22,12,0,0,I-70 & COLORADO BLVD N,1,1,1,0,1,4,0,1,55,0,0,0,0,0,1,2,7
,2021-28234,39.67849794,-104.9333811,7/2/2021 12:34,12:34,15,0,0,I-25 NB ON RAMP FROM & EVANS AVE E,1,1,0,0,1,8,0,0,60,0,0,0,0,0,1,2,14
,2021-28235,39.72931353,-105.0158799,7/22/2021 13:00,13:00,1,0,0,N ZUNI ST & W 8TH AVE,1,1,1,0,1,1,0,0,35,0,0,0,0,0,4,2,8
,2021-28236,39.67834354,-104.9401399,7/8/2021 18:09,18:09,3,0,0,EVANS AVE E & COLORADO BLVD S,1,1,0,0,1,2,0,0,35,0,0,0,0,0,4,2,14
,2021-28237,39.77420352,-104.8470299,7/22/2021 11:55,11:55,12,0,0,I-70 & PEORIA ST N,1,1,1,0,1,4,0,0,65,0,0,0,0,0,1,2,13
,2021-28238,39.74079353,-104.9597699,7/23/2021 16:45,16:45,12,0,0,1500 BLK N YORK ST & E COLFAX AVE,1,1,0,0,1,4,0,0,30,0,0,0,0,0,4,2,3
,2021-28239,39.77713352,-104.8829699,8/2/2021 17:41,17:41,12,0,0,I-70 & CENTRAL PARK BLVD N,1,1,0,0,1,4,0,0,55,0,0,0,0,0,1,2,3
,2021-28240,39.8336335,-104.71551,8/2/2021 6:40,6:40,10,0,0,N GUN CLUB RD (NOT CDOT) & PENA BLVD,1,1,0,0,1,1,0,0,35,0,0,0,0,0,4,2,7
,2021-28241,39.72018353,-104.9414599,7/27/2021 11:38,11:38,6,0,0,STEELE ST & 200 BLK N,1,1,0,0,1,4,0,0,25,0,0,0,0,0,4,2,16
,2021-28242,39.75788103,-104.9966649,7/28/2021 19:20,19:20,12,0,0,1800 BLK PARK AVE W & DELGANY ST,1,1,0,0,1,3,0,0,35,0,0,0,0,0,4,2,16
,2021-28243,39.67845353,-104.9209699,8/1/2021 21:30,21:30,12,0,0,E EVANS AVE & S IVANHOE ST,1,3,0,0,1,1,0,0,35,0,0,0,0,0,4,2,13
,2021-28244,39.74752252,-104.9783382,8/2/2021 21:50,21:50,1,0,0,PARK AVE & E 20TH AVE,1,2,0,0,1,1,0,0,30,0,0,0,0,1,4,3,13
,2021-28245,39.79661351,-104.8144799,8/1/2021 21:20,21:20,6,0,0,14900 E ROBINS DR & N FAIRPLAY ST,1,4,0,0,1,4,0,0,25,0,0,0,0,0,4,2,2
,2021-28246,39.75119353,-105.0357999,8/1/2021 19:39,19:39,6,0,0,23RD AVE W & MEADE ST N,1,1,1,0,1,4,0,0,30,0,0,0,0,0,4,2,16
,2021-28247,39.67847354,-104.9899499,8/2/2021 16:35,16:35,12,0,0,W EVANS AVE & S BANNOCK ST,1,1,0,0,1,1,0,0,35,0,0,0,0,0,4,2,14
,2021-28248,39.74960353,-105.0003499,7/28/2021 0:41,0:41,3,0,0,15TH ST & BLAKE ST,1,3,0,0,1,1,0,0,30,0,0,0,0,1,4,2,5
,2021-28249,39.76055353,-105.0345199,7/25/2021 19:40,19:40,6,0,0,LOWELL BLVD N & 30TH AVE W,1,1,0,0,1,3,0,0,25,0,0,0,0,0,4,2,16
,2021-28251,39.76094353,-105.0043199,7/29/2021 3:37,3:37,12,0,0,I-25 NB EXIT GORE PT TO & 20TH ST,1,3,0,0,1,4,0,0,65,0,0,0,0,0,1,2,3
,2021-28252,39.75103353,-104.9406099,7/30/2021 14:00,14:00,12,0,0,COLORADO BLVD N & 23RD AVE E,1,1,0,0,1,3,0,0,35,0,0,0,0,0,2,2,5
,2021-28254,39.77804052,-104.8471054,8/1/2021 10:30,10:30,10,0,0,N PEORIA ST & E 45TH AVE,1,1,0,0,1,1,0,0,40,0,0,0,0,0,4,3,4
,2021-28255,39.76707352,-104.8834699,7/2/2021 3:00,3:00,5,0,0,3600 BLK N AKRON ST & N AKRON CT,1,3,0,0,3,4,0,0,25,0,0,0,0,0,4,1,5
,2021-28257,39.75823353,-104.9733399,7/28/2021 19:55,19:55,12,0,0,N DOWNING ST & WELTON ST,1,1,0,0,1,1,0,0,30,0,0,0,0,0,4,2,7
,2021-28258,39.73687353,-104.9718399,7/30/2021 22:41,22:41,3,0,0,E 13TH AVE & N MARION ST,11,3,0,1,1,1,0,0,25,0,0,0,0,0,4,2,1
,2021-28259,39.76465683,-104.9791758,7/31/2021 23:17,23:17,6,0,0,32ND ST & WALNUT ST,1,3,0,0,1,4,0,0,30,0,0,0,0,0,4,3,13
,2021-28262,39.78313353,-105.0064099,4/6/2021 19:23,19:23,5,0,0,I-70 & PECOS ST N,11,2,0,1,3,4,0,0,55,0,0,0,0,0,1,1,16
,2021-28263,39.68396354,-104.9875299,8/2/2021 17:12,17:12,15,0,1,S BROADWAY ST & E COLORADO AVE,1,1,0,0,1,4,0,0,30,0,0,0,0,2,4,2,1
,2021-28264,39.68137354,-105.0086799,8/1/2021 21:58,21:58,6,0,0,1900 BLK S RARITAN ST & W JEWELL AVE,1,3,0,0,1,4,0,0,25,0,0,0,0,0,4,3,7
,2021-28265,39.74490253,-104.9873884,7/30/2021 18:00,18:00,15,0,0,18TH AVE & BROADWAY ST N,11,1,0,1,1,1,0,0,35,0,0,0,0,0,4,2,8
,2021-28266,39.85071349,-104.66726,7/28/2021 18:20,18:20,16,0,0,PENA BLVD (AIRPORT) & 8511 PENA BLVD,1,1,0,0,5,4,0,0,10,0,0,0,0,0,3,2,13
,2021-28267,39.69301354,-104.9874599,7/30/2021 18:07,18:07,12,0,0,S BROADWAY ST & E LOUISIANA AVE,11,3,0,1,1,4,0,0,35,0,0,0,0,0,4,3,13
,2021-28268,39.76801353,-104.9949599,8/3/2021 10:55,10:55,5,0,0,I-25 & PARK AVE W,1,1,1,0,1,4,0,0,55,0,0,0,0,0,1,2,13
,2021-28269,39.78142351,-104.8266399,7/25/2021 20:33,20:33,6,0,0,ANDREWS DR E & DILLON ST N,1,3,0,0,1,4,0,0,35,0,0,0,0,0,4,2,5
,2021-28270,39.63413354,-104.9067299,7/30/2021 21:36,21:36,12,0,0,I-25 NB EXIT GORE PT TO & I-225 NB,11,3,0,1,1,4,0,0,55,0,0,0,0,1,1,2,3