id,drcog_id,latitude,longitude,crashtime,time,crashtype,numbkilled,numbinjurd,drcoglocat,rdconditin,lightngcon,roadcntgrd,weatherco,location,roaddescrp,schoolzone,constrzone,splimit,bikeinv,pedinv,sctrinv,motoinv,svrty,rdsystem,ttlvehcls,hcf
,2021-28271,39.74849353,-105.0032099,7/31/2021 1:50,1:50,3,0,0,N SPEER BLVD & BLAKE ST,1,3,0,0,1,1,0,0,25,0,0,0,0,0,4,2,1
,2021-28272,39.67846354,-104.9286799,8/5/2021 17:51,17:51,12,0,0,5000 BLK E EVANS AVE & S DAHLIA ST,1,1,0,0,1,4,0,0,35,0,0,0,0,1,4,3,13
,2021-28274,39.72816353,-104.9787599,8/3/2021 14:26,14:26,6,0,0,700 BLK N WASHINGTON ST & 8TH AVE,1,1,1,0,1,4,0,0,30,0,0,0,0,1,4,3,10
,2021-28276,39.75840352,-104.9034499,8/6/2021 12:45,12:45,12,0,0,E 29TH AVE & N QUEBEC ST,1,1,0,0,1,4,0,0,30,0,0,0,0,0,4,3,13
,2021-28278,39.69849853,-104.9035984,8/8/2021 8:34,8:34,3,0,0,PARKER RD S & QUEBEC ST S,1,1,1,0,1,1,0,0,35,0,0,0,0,1,2,3,1
,2021-28280,39.73993353,-105.0226799,8/5/2021 15:04,15:04,15,0,0,COLFAX AVE W & ELIOT ST N,1,1,1,0,1,1,0,0,40,0,0,0,0,0,2,2,13
,2021-28281,39.77729352,-104.8847499,8/5/2021 20:47,20:47,12,0,2,I-70 & CENTRAL PARK BLVD N,1,3,0,0,1,4,0,1,65,0,0,0,0,3,1,3,14
,2021-28282,39.75228353,-104.9916799,8/5/2021 21:15,21:15,1,0,0,20TH ST & LAWRENCE ST,1,3,0,0,1,1,0,0,25,0,0,0,0,0,4,3,13
,2021-28283,39.72253353,-104.9406899,8/6/2021 14:17,14:17,12,0,0,COLORADO BLVD N & 4TH AVE RD E,1,1,0,0,1,1,0,0,40,0,0,0,0,1,2,3,13
,2021-28284,39.74033353,-105.0387299,8/6/2021 14:06,14:06,15,0,0,COLFAX AVE W & PERRY ST,1,1,1,0,1,3,0,0,35,0,0,0,0,1,2,2,13
,2021-28285,39.76202353,-105.0169999,8/4/2021 14:51,14:51,15,0,0,32ND AVE W & ZUNI ST N,1,1,1,0,1,4,0,0,30,0,0,0,0,0,4,2,16
,2021-28287,39.67594354,-104.9849899,8/4/2021 3:10,3:10,6,0,0,SHERMAN ST S & WARREN AVE E,1,3,0,0,1,4,0,0,25,0,0,0,0,0,4,3,1
,2021-28290,39.66155355,-105.0658199,7/20/2021 3:31,3:31,6,0,0,JAY ST S & BATES AVE W,1,4,0,0,1,4,0,0,25,0,0,0,0,0,4,3,5
,2021-28291,39.75270353,-105.0190699,7/30/2021 1:25,1:25,6,0,1,BRYANT ST N & 24TH AVE W,1,3,0,0,1,4,0,0,25,0,0,0,0,2,4,3,5
,2021-28292,39.78483351,-104.8328599,8/5/2021 13:35,13:35,6,0,0,47TH AVE E & ANDREWS DR E,1,1,0,0,2,3,0,0,25,0,0,0,0,0,4,3,6
,2021-28293,39.80033849,-104.8843294,8/5/2021 22:00,22:00,12,0,0,I-70 & CENTRAL PARK BLVD N,1,3,0,0,1,4,0,0,55,0,0,0,0,0,1,3,13
,2021-28294,39.74679353,-104.9809299,7/29/2021 16:30,16:30,6,0,0,PENNSYLVANIA ST & 1950 N,1,3,0,0,5,7,0,0,,0,0,0,0,0,3,3,14
,2021-28295,39.73670353,-104.9406599,8/6/2021 15:02,15:02,15,0,0,COLORADO BLVD N & 13TH AVE E,1,1,1,0,1,3,0,0,35,0,0,0,0,0,2,2,7
,2021-28296,39.65311154,-104.8988149,8/6/2021 21:26,21:26,1,0,0,E HAMPDEN AVE & S TAMARAC DR,1,3,1,0,1,1,0,0,45,0,0,0,0,0,2,3,5
,2021-28297,39.74165353,-104.9747599,8/5/2021 15:59,15:59,3,0,1,E 16TH AVE & N OGDEN ST,1,1,0,0,1,1,0,0,30,0,0,0,0,2,4,3,3
,2021-28298,39.8334235,-104.7718,8/8/2021 16:22,16:22,1,0,0,N TOWER RD & PENA BLVD,1,1,0,0,1,1,0,0,45,0,0,0,0,0,4,2,7
,2021-28299,39.72541754,-105.0252199,7/5/2021 18:00,18:00,3,0,0,FEDERAL BLVD N & HWY 6 WB OFF RAMP,1,3,0,0,1,1,0,0,35,0,0,0,0,0,2,3,13
,2021-28300,39.74034354,-105.0463299,8/5/2021 16:48,16:48,15,0,1,COLFAX AVE W & VRAIN ST N,1,1,0,0,1,4,0,0,35,0,0,0,0,2,2,2,16
,2021-28301,39.74013353,-104.9430399,8/5/2021 21:21,21:21,12,0,1,COLFAX AVE E & JACKSON ST N,1,3,0,0,1,4,0,0,30,0,0,0,1,2,2,1,13
,2021-28302,39.71827353,-104.9592099,8/6/2021 9:15,9:15,3,0,1,UNIVERSITY BLVD N & 1ST AVE E,1,1,0,0,1,1,0,0,30,0,0,0,0,2,4,3,3
,2021-28303,39.74377353,-104.9116499,8/5/2021 17:46,17:46,3,0,0,N MAGNOLIA ST & E 17TH AVE,1,1,0,0,1,1,0,0,25,0,0,0,0,0,4,2,13
,2021-28305,39.62403774,-104.9024555,8/5/2021 9:40,9:40,12,0,0,I-25 SB OFF RAMP & BELLEVIEW AVE E,1,1,0,0,1,8,0,0,45,0,0,0,0,0,1,2,2
,2021-28306,39.86662778,-104.6717006,8/6/2021 15:04,15:04,12,0,0,E 40TH AVE & PENA BLVD INBOUND,1,1,0,0,1,4,0,0,40,0,0,0,0,0,4,2,13
,2021-28307,39.71465035,-104.9453763,7/28/2021 1:38,1:38,6,0,0,0000 BLK S GRANT ST & E BAYAUD AVE,1,4,0,0,1,4,0,0,30,0,0,0,0,0,4,3,16
,2021-28308,39.77393271,-104.8657399,8/5/2021 16:55,16:55,12,0,0,I-70 & HAVANA ST N,1,1,0,0,1,4,0,0,55,0,0,0,0,0,2,2,13
,2021-28309,39.79836352,-104.8971999,8/6/2021 16:18,16:18,12,0,0,E 26TH AVE & N SPRUCE ST,1,1,0,0,1,4,0,0,45,0,0,0,0,0,4,3,7
,2021-28310,39.76137352,-104.9439499,8/6/2021 20:52,20:52,6,0,0,MLK BLVD & 3680 E,1,3,0,0,1,4,0,0,35,0,0,0,0,0,4,3,13
,2021-28311,39.73607353,-104.9631199,8/8/2021 5:02,5:02,6,0,0,RACE ST & 1258 N,1,2,0,0,1,4,0,0,20,0,0,0,0,0,4,3,2
,2021-28312,39.65307354,-104.9182499,8/5/2021 8:34,8:34,12,0,0,I-25 & HAMPDEN AVE E,1,1,0,0,1,4,0,0,55,0,0,0,0,1,1,2,3
,2021-28313,39.72506354,-105.0520099,8/4/2021 18:54,18:54,12,0,0,6TH AVE W & SHERIDAN BLVD N,1,3,0,0,1,4,0,0,55,0,0,0,0,0,2,2,13
,2021-28314,39.72251053,-104.9942755,8/5/2021 16:35,16:35,6,0,0,400 BLK KNOX CT & W 4TH AVE,1,1,1,0,1,4,0,0,30,0,0,0,0,0,4,2,14
,2021-28315,39.76516352,-104.8925099,8/5/2021 15:14,15:14,3,0,0,E 35TH AVE & N UINTA ST,1,1,0,0,1,3,0,0,25,0,0,0,0,1,4,2,8
,2021-28316,39.8472732,-104.9907112,7/6/2021 21:40,21:40,16,0,0,1331 CHEROKEE ST & 1331 BLK,1,3,0,0,5,7,0,0,,0,0,0,0,0,3,1,14
,2021-28317,39.74081353,-104.9046299,8/5/2021 8:10,8:10,6,0,0,POPLAR ST & 1500 BLK N,1,3,0,0,1,4,0,0,25,0,0,0,0,0,4,2,16
,2021-28318,39.74741352,-104.9151499,8/5/2021 9:40,9:40,3,0,0,E MONTVIEW BLVD & N LEYDEN ST,1,1,0,0,1,1,0,0,25,0,0,0,0,0,4,2,7
,2021-28319,39.76741387,-104.8991116,7/29/2021 17:32,17:32,12,0,0,E 36TH AVE & N QUEBEC ST,1,1,0,0,1,1,0,0,25,0,0,0,0,0,4,2,13
,2021-28320,39.82518502,-104.9816053,8/5/2021 11:20,11:20,15,0,0,I-25 NB EXIT GORE PT TO & 6TH AVE W,1,1,0,0,1,4,0,0,55,0,0,0,0,0,1,2,7
,2021-28321,39.75251353,-105.0173499,7/17/2021 21:50,21:50,16,0,0,2424 N ALCOTT ST & 2424 BLK N,1,4,0,0,5,7,0,0,10,0,0,0,0,0,3,1,13
,2021-28322,39.66748354,-104.9254699,8/5/2021 8:11,8:11,12,0,0,I-25 & YALE AVE E,1,1,0,0,1,4,0,0,55,0,0,0,0,1,1,2,13
,2021-28370,39.69848366,-104.9035472,8/7/2021 0:49,0:49,11,0,1,QUEBEC ST S & HWY 83,1,4,3,0,1,1,0,1,45,0,1,0,0,1,2,1,16
,2021-28440,39.78362951,-104.791364,7/12/2021 7:35,7:35,3,0,1,E GVR BLVD & PENA BLVD INBOUND,1,1,3,0,1,1,0,0,40,0,0,0,0,1,4,2,13
,2021-28464,39.68930954,-104.9407324,7/13/2021 17:06,17:06,3,0,0,COLORADO BLVD N & FLORIDA AVE E,1,1,1,0,1,1,0,0,35,0,0,0,0,1,2,2,3
,2021-28465,39.72825354,-105.0399999,7/10/2021 5:46,5:46,6,0,0,N PERRY QUITMAN ALY & W 7TH AVE,1,2,1,0,1,4,0,0,25,0,0,0,0,0,4,2,16
,2021-28466,39.77957952,-104.8471054,7/26/2021 16:14,16:14,1,0,0,PEORIA ST N & 46TH AVE E,1,1,0,0,1,1,0,0,15,0,0,0,0,0,4,2,13
,2021-28467,39.69311354,-105.0413799,7/25/2021 19:20,19:20,3,0,0,LOUISIANA AVE W & QUITMAN ST S,1,1,0,0,1,1,0,0,30,0,0,0,0,1,4,2,13
,2021-28468,39.77288352,-104.9406289,8/8/2021 19:32,19:32,3,0,0,COLORADO BLVD N & 40TH AVE E,1,1,0,0,1,1,0,0,35,0,0,0,0,1,2,2,5
,2021-28469,39.79755351,-104.8253999,8/5/2021 1:14,1:14,5,0,0,E RANDOLPH PL & N ANAHEIM WAY,1,3,0,0,4,4,0,0,25,0,0,0,0,0,4,1,14
,2021-28470,39.74018653,-104.9034634,8/4/2021 12:36,12:36,12,0,1,N QUEBEC ST & E COLFAX AVE,1,1,0,0,1,1,0,0,30,0,0,0,0,1,4,2,13
,2021-28471,39.75485353,-105.0393099,8/4/2021 13:28,13:28,3,0,0,W 26TH AVE & N PERRY ST,1,1,0,0,1,1,0,0,30,0,0,0,1,0,4,2,13
,2021-28472,39.77291052,-104.8563825,8/6/2021 23:49,23:49,12,0,0,E 40TH AVE & N ADAMS ST,1,3,0,0,1,4,0,0,,0,0,0,0,1,4,2,16
,2021-28473,39.69666354,-104.9929499,8/4/2021 23:53,23:53,3,0,1,PLATTE RIVER DR S & MISSISSIPPI AVE W,1,3,0,0,1,1,0,0,45,0,0,0,0,3,2,2,1
,2021-28474,39.6943382,-105.0097084,8/5/2021 5:45,5:45,5,0,0,SENECA WY S & 1222 S SENECA WY,1,1,1,0,2,5,0,0,25,0,0,0,0,0,4,1,1
,2021-28475,39.76109353,-104.9837999,7/18/2021 3:00,3:00,3,0,0,28TH ST & WALNUT ST,1,3,0,0,1,1,0,0,30,0,0,0,0,0,4,2,3
,2021-28476,39.76082353,-104.9858799,8/3/2021 21:33,21:33,12,0,1,BLAKE ST & 27TH ST,1,3,1,0,1,3,0,0,35,0,0,0,0,2,4,2,3
,2021-28477,39.73386353,-104.9934999,8/8/2021 0:08,0:08,11,0,0,11TH AVE W & SPEER BLVD N,1,3,0,0,1,1,0,0,30,0,1,0,0,1,4,1,13
,2021-28478,39.69460353,-104.9081899,8/7/2021 20:35,20:35,3,0,0,ONEIDA ST S & ARIZONA AVE E,1,2,0,0,1,2,0,0,25,0,0,0,0,0,4,2,3
,2021-28479,39.75512353,-105.0127099,8/3/2021 15:45,15:45,12,0,0,I-25 & SPEER BLVD N,1,1,0,0,1,4,0,0,55,0,0,0,0,0,1,2,7
,2021-28480,39.77705982,-104.9701395,8/4/2021 7:40,7:40,12,0,0,BRIGHTON BLVD N & I-70,1,1,0,0,1,4,0,0,35,0,0,0,0,1,4,2,3
,2021-28481,39.78560352,-104.9835599,8/4/2021 3:59,3:59,5,0,0,49TH AVE E & GRANT ST N,1,4,1,0,3,1,0,0,25,0,0,0,0,0,4,1,7
,2021-28482,39.78238352,-104.8469999,8/8/2021 18:40,18:40,12,0,0,N PEORIA ST & E ALBROOK DR,1,1,0,0,1,4,0,0,40,0,0,0,0,1,4,2,5
,2021-28483,39.71115253,-104.9875774,8/4/2021 22:52,22:52,15,0,0,E ALAMEDA AVE & S BROADWAY ST,1,3,0,0,1,4,0,0,30,0,0,0,0,0,4,2,13
,2021-28484,39.68486354,-104.9594399,8/8/2021 8:42,8:42,5,0,1,I-25 NB OFF RAMP SLIP TO & UNIVERSITY BLVD S,1,1,0,0,2,8,0,0,25,0,0,0,0,2,4,1,1
,2021-28485,39.74476353,-104.9597799,8/5/2021 19:15,19:15,1,0,0,N YORK ST & E 18TH AVE,1,1,0,0,1,1,0,0,35,0,0,0,0,0,4,2,14
,2021-28486,39.74327353,-104.9860999,8/8/2021 2:35,2:35,3,0,0,E 17TH AVE & N LINCOLN ST,1,3,1,0,1,1,0,0,30,0,0,0,1,1,4,2,8
,2021-28487,39.70897353,-104.8753699,8/8/2021 11:27,11:27,1,0,0,E ALAMEDA AVE & S DAYTON ST,1,1,0,0,1,1,0,0,40,0,0,0,0,1,4,2,1
,2021-28488,39.75759353,-105.0404799,8/3/2021 23:29,23:29,6,0,0,2800 BLK N QUITMAN ST & W 28TH AVE,11,3,0,1,1,4,0,0,30,0,0,0,0,0,4,2,3
,2021-28489,39.82518502,-104.9816053,8/4/2021 17:46,17:46,12,0,0,COLFAX AVE W & I-25 NB RAMPS,1,1,0,0,1,1,0,0,40,0,0,0,0,0,2,2,3
,2021-28490,39.72529773,-105.013083,8/4/2021 16:08,16:08,15,0,0,I-25 NB ON RAMP LOOP FROM & HWY 6 EB,1,1,0,0,1,8,0,0,55,0,0,0,0,0,2,2,16
,2021-28491,39.77727352,-104.8827699,8/8/2021 2:54,2:54,12,0,1,I-70 & CENTRAL PARK BLVD N,1,3,0,0,1,4,0,0,55,0,0,0,0,1,1,2,5
,2021-28492,39.79110353,-105.0245599,7/21/2021 15:30,15:30,1,0,0,52ND AVE W & FEDERAL BLVD N,1,1,0,0,1,4,0,0,25,0,0,0,0,0,4,2,13
,2021-28493,39.8380135,-104.70132,8/6/2021 0:25,0:25,9,0,0,78TH AVE E & 24000 BLK E,1,3,0,0,2,2,0,0,45,0,0,0,0,0,4,1,3
,2021-28494,39.70312354,-105.0324299,7/7/2021 19:17,19:17,11,0,1,KNOX CT S & WALSH PL W,1,1,1,0,1,1,0,0,25,0,1,0,0,3,4,1,13
,2021-28495,39.76054404,-104.9659414,8/4/2021 9:38,9:38,3,0,0,E 34TH AVE & N WILLIAMS ST,1,1,0,0,1,1,0,0,25,0,0,0,0,0,4,2,16
,2021-28496,39.68316354,-105.0249399,7/25/2021 16:55,16:55,5,0,0,FEDERAL BLVD S & JEWELL AVE W,1,1,1,0,3,4,0,0,40,0,0,0,0,0,2,1,16
,2021-28497,39.68953454,-105.0532909,8/7/2021 12:13,12:13,12,0,0,SHERIDAN BLVD S & FLORIDA AVE,1,1,0,0,1,3,0,0,40,0,0,0,0,0,1,2,3
,2021-28498,39.74575353,-104.9944199,7/19/2021 23:56,23:56,6,0,0,1500 BLK CHAMPA ST & 15TH ST,1,3,0,0,1,4,0,0,25,0,0,0,0,0,4,2,1
,2021-28499,39.67668785,-104.9687314,8/7/2021 0:06,0:06,6,0,0,1600 BLK OF E WARREN AVE & S FRANKLIN ST,1,4,0,1,1,4,0,0,30,0,0,0,0,0,4,2,16
,2021-28500,39.72568753,-104.9975584,8/4/2021 18:45,18:45,10,0,0,E 6TH AVE & N INCA ST,1,1,0,0,1,1,0,0,35,0,0,0,0,0,4,2,16
,2021-28501,39.67971121,-104.9149724,8/6/2021 2:56,2:56,5,0,0,DAHLIA ST S & ASBURY AVE E,1,3,0,0,4,1,0,0,35,0,0,0,0,0,4,1,5
,2021-28502,39.78350353,-105.0439299,8/5/2021 18:09,18:09,15,0,1,I-70 & TENNYSON ST N,1,1,1,0,1,4,0,0,55,0,0,0,0,2,1,2,1
,2021-28503,39.68588354,-105.0250499,8/4/2021 17:10,17:10,2,0,1,FEDERAL BLVD S & MEXICO AVE W,1,1,1,0,1,1,0,0,0,1,0,0,0,2,2,2,16
,2021-28504,39.76128695,-104.9585555,7/28/2021 2:47,2:47,14,0,0,I-70 & JOSEPHINE ST N,1,3,0,0,1,4,0,0,55,0,0,0,0,0,1,2,16
,2021-28505,39.74043353,-105.0141499,8/6/2021 23:33,23:33,5,0,0,I-25 & COLFAX AVE W,1,3,0,0,3,4,0,0,55,0,0,0,0,0,1,1,7
,2021-28506,39.67941354,-104.9734099,8/6/2021 17:42,17:42,6,0,0,2000 BLK S DOWNING ST & E EVANS AVE,1,1,1,0,1,4,0,0,25,0,0,0,0,0,4,2,13
,2021-28507,39.78438353,-105.0251799,8/4/2021 16:44,16:44,12,0,0,FEDERAL BLVD N & I-70,1,1,0,0,1,4,0,0,35,0,0,0,0,1,4,2,1
,2021-28508,39.69670354,-105.0011599,8/6/2021 14:28,14:28,12,0,1,1100 BLK W MISSISSIPPI AVE & S LIPAN ST,1,1,1,0,1,14,0,0,35,0,0,0,0,2,4,2,13
,2021-28509,39.72931353,-105.0148199,8/4/2021 15:51,15:51,15,0,0,I-25 & 6TH AVE W,1,1,0,0,1,4,0,0,55,0,0,0,0,0,1,2,13
,2021-28510,39.78378351,-104.79796,8/4/2021 17:52,17:52,10,0,0,MEMPHIS ST N & 49TH AVE,1,1,0,0,1,1,0,0,30,0,0,0,0,0,4,2,16
,2021-28511,39.72560353,-104.9588699,7/29/2021 0:45,0:45,5,0,1,N JOSEPHINE ST & E 6TH AVE,1,3,0,0,3,4,0,0,35,0,0,0,0,2,4,1,9
,2021-28512,39.77420352,-104.8470299,8/6/2021 10:55,10:55,12,0,0,I-70 & PEORIA ST N,1,1,0,0,1,4,0,0,55,0,0,0,0,0,1,2,10
,2021-28513,39.73384353,-105.0332999,8/7/2021 1:04,1:04,6,0,0,1000 BLK N KING ST & W 10TH AVE,1,4,0,0,1,4,0,0,,0,0,0,0,0,4,2,13
,2021-28514,39.77158352,-104.8470199,8/6/2021 16:09,16:09,15,0,0,PEORIA ST & 3900 BLK N,1,1,1,0,1,3,0,0,45,0,0,0,0,0,4,2,13
,2021-28515,39.77400352,-104.8470199,8/5/2021 22:20,22:20,5,0,0,I-70 EB OFF RAMP TO & PEORIA ST N,1,3,0,0,2,8,0,0,55,0,0,0,0,0,4,1,13
,2021-28516,39.65694355,-105.0428599,8/7/2021 2:00,2:00,6,0,0,STUART ST & 3246 S,1,3,0,0,1,4,0,0,15,0,0,0,0,0,4,2,14
,2021-28517,39.78577216,-104.8926779,8/8/2021 12:00,12:00,3,0,0,N NORTHFIELD BLVD & E CENTRAL PARK BLVD,1,1,0,0,1,1,0,0,35,0,0,0,0,0,4,2,3
,2021-28518,39.74395353,-105.0416599,8/6/2021 17:31,17:31,12,0,0,W 17TH AVE & N RALEIGH ST,1,1,0,0,1,4,0,0,30,0,0,0,0,0,4,2,16
,2021-28519,39.74015352,-104.8928499,8/6/2021 23:43,23:43,15,0,0,COLFAX AVE E & UINTA ST N,1,3,0,0,1,4,0,0,35,0,0,0,0,0,2,2,14
,2021-28520,39.74014353,-104.9150499,8/5/2021 16:43,16:43,12,0,0,COLFAX AVE E & LEYDEN ST N,1,1,0,0,1,4,0,0,35,0,0,0,0,0,2,2,13
,2021-28521,39.76576353,-104.9777699,8/4/2021 18:29,18:29,8,0,0,33RD ST & WALNUT ST,1,1,0,0,1,1,0,0,25,0,0,0,0,0,4,2,13
,2021-28522,39.71389354,-104.9875299,8/6/2021 17:15,17:15,3,0,0,E MAPLE AVE & S BROADWAY ST,1,1,0,0,1,1,0,0,25,0,0,0,0,0,4,2,13
,2021-28523,39.76771353,-104.9853499,6/22/2021 15:33,15:33,16,0,1,1900 31ST ST & 1900 BLK,14,5,3,7,5,7,0,0,,0,1,0,0,2,3,1,16
,2021-28524,39.88811483,-104.675484,8/3/2021 20:40,20:40,4,0,0,QUEENSBURG ST & 104TH AVE E,1,2,0,0,1,4,0,0,35,0,0,0,0,0,4,2,13
,2021-28525,39.76264353,-104.9733299,7/30/2021 22:06,22:06,6,0,0,DOWNING ST N & 3200 BLK N,11,3,0,1,1,4,0,0,30,0,0,0,0,0,4,2,5
,2021-28526,39.71129353,-104.9128499,5/22/2021 18:02,18:02,5,0,0,ALAMEDA AVE E & MONACO ST S,1,1,0,0,6,1,0,0,35,0,0,0,0,0,4,2,5
,2021-28527,39.73870352,-104.8893699,8/1/2021 1:53,1:53,5,0,0,14TH AVE E & WABASH ST N,1,3,1,0,2,5,0,0,15,0,0,0,0,0,4,1,13
,2021-28528,39.74190353,-104.9257799,8/4/2021 15:39,15:39,6,0,0,N GLENCOE ST & E 16TH AVE,1,1,0,0,1,4,0,0,25,0,0,0,0,0,4,2,3
,2021-28529,39.76163353,-105.0229099,8/4/2021 11:41,11:41,6,0,0,ELIOT ST N & 32ND AVE W,1,1,1,0,1,4,0,0,25,0,0,0,0,0,4,2,16
,2021-28530,39.69839354,-104.9593199,8/3/2021 22:05,22:05,3,0,0,UNIVERSITY BLVD S & TENNESSEE AVE E,11,4,0,1,1,1,0,0,30,0,0,0,0,0,4,2,13
,2021-28531,39.78260803,-104.9985394,8/3/2021 5:24,5:24,3,0,1,COLORADO BLVD N & I-70 WB OFF RAMP,1,4,0,0,1,1,0,1,35,0,0,0,0,2,2,2,8
,2021-28532,39.75950352,-104.8641999,8/4/2021 9:55,9:55,3,0,0,N HAVANA ST & E MLK BLVD,1,1,0,0,1,1,0,0,30,0,0,0,0,1,4,2,7
,2021-28533,39.78179351,-104.73453,8/7/2021 20:11,20:11,3,0,0,GVR BLVD E & PACADILLY RD N,1,2,0,0,1,1,0,0,45,0,0,0,0,1,4,2,8
,2021-28534,39.73763353,-104.9835999,6/24/2021 17:39,17:39,15,0,1,1300 BLK N GRANT ST & 13TH AVE/N GRANT ST,1,1,1,0,1,4,0,0,30,0,0,0,0,2,4,2,16
,2021-28535,39.84047433,-104.9807516,8/4/2021 7:51,7:51,15,0,0,I-25 & LOGAN ST,1,1,0,0,1,4,0,0,55,0,0,0,0,0,1,2,13
,2021-28536,39.63571355,-105.0859899,8/4/2021 12:39,12:39,3,0,0,7800 BLK W STANFORD AVE & S WADSWORTH BLVD,1,1,0,0,1,1,0,0,,0,0,0,0,0,4,2,3
,2021-28537,39.74005353,-104.9861299,8/3/2021 22:13,22:13,11,0,0,COLFAX AVE E & LINCOLN ST,11,4,0,1,1,1,0,0,30,0,0,1,0,1,2,1,13
,2021-28538,39.67851354,-104.9875599,7/25/2021 3:00,3:00,12,0,0,S BROADWAY ST & E EVANS AVE,1,3,0,0,1,3,0,0,40,0,0,0,0,0,4,2,13
,2021-28539,39.77727352,-104.8827699,8/3/2021 22:10,22:10,12,0,0,I-70 & CENTRAL PARK BLVD N,1,3,0,0,1,4,0,0,55,0,0,0,0,0,1,2,14
,2021-28540,39.77562352,-104.8658799,7/30/2021 19:35,19:35,12,0,2,I-70 EB EXIT GORE PT TO & HAVANA ST N,1,1,0,0,1,8,0,0,55,0,0,0,0,3,1,2,5
,2021-28541,39.62377354,-104.9013999,8/7/2021 17:14,17:14,15,0,1,I-25 & BELLEVIEW AVE E,1,1,0,0,1,4,0,0,65,0,0,0,1,2,1,2,13
,2021-28542,39.76114353,-104.9802299,8/5/2021 22:55,22:55,6,0,0,LAWRENCE ST & 30TH ST,1,3,0,0,1,4,0,0,25,0,0,0,0,0,4,2,13
,2021-28543,39.75481353,-105.0268099,8/4/2021 15:10,15:10,3,0,0,26TH AVE W & GROVE ST N,1,1,0,0,1,1,0,0,30,0,0,0,0,0,4,2,13
,2021-28544,39.78238352,-104.8469999,8/3/2021 18:48,18:48,1,0,0,PEORIA ST N & ALBROOK DR E,1,1,0,0,1,1,0,0,35,0,0,0,0,1,4,2,1
,2021-28545,39.72128353,-104.9879799,1/17/2021 14:30,14:30,6,0,0,BROADWAY ST & 330 N BROADWAY ST,1,1,0,0,5,7,0,0,10,0,0,0,0,0,3,2,5
,2021-28546,39.73298353,-105.0251499,8/7/2021 5:26,5:26,3,0,0,FEDERAL BLVD N & 10TH AVE W,1,2,0,0,1,1,0,0,,0,0,0,0,1,2,2,13
,2021-28547,39.71819353,-104.9732199,6/30/2021 0:43,0:43,10,0,1,SPEER BLVD E & DOWNING ST N,1,3,0,0,1,1,0,0,35,0,0,0,1,2,4,2,1
,2021-28548,39.67965354,-104.9877699,8/3/2021 22:00,22:00,11,0,1,BROADWAY ST & 2035 S,11,3,0,1,5,7,0,0,,0,1,0,0,2,3,1,13
,2021-28549,39.76316352,-104.9401799,7/26/2021 20:08,20:08,16,0,0,COLORADO BLVD N & 3300 N COLORADO BLVD,1,3,0,0,5,7,0,0,30,0,0,0,0,0,3,2,14
,2021-28550,39.78505876,-104.794475,8/3/2021 19:11,19:11,5,0,0,N AIRPORT WAY & E BOLLING DR,1,2,0,0,4,1,0,0,30,0,0,0,0,1,4,1,13
,2021-28551,39.75131353,-105.0165199,7/30/2021 23:02,23:02,5,0,0,23RD AVE W & I-25 NB OFF RAMP,11,3,1,1,2,1,0,0,30,0,0,0,0,0,4,1,13
,2021-28552,39.76568353,-104.9950429,8/7/2021 1:49,1:49,15,0,2,PARK AVE W & N GLOBEVILLE RD,1,3,1,0,1,4,0,0,35,0,0,0,0,1,4,2,9
,2021-28553,39.76073353,-104.9647099,8/4/2021 12:33,12:33,3,0,0,E 31ST AVE & N HIGH ST,1,1,0,0,1,1,0,0,25,0,0,0,0,0,4,2,13
,2021-28554,39.68981354,-104.9734199,7/20/2021 15:53,15:53,15,0,1,I-25 & MM 205.7,1,1,0,0,1,4,0,0,60,0,0,0,0,3,1,2,13
,2021-28555,39.71113767,-104.8961346,8/7/2021 17:05,17:05,12,0,0,8150 BLK E ALAMEDA AVE & S FAIRMONT ST,1,1,0,0,1,4,0,0,35,0,0,0,0,0,4,2,16
,2021-28556,39.65335455,-105.0532729,8/4/2021 15:06,15:06,1,0,0,SHERIDAN BLVD S & HWY 285 WB ON RAMP,1,1,0,0,1,1,0,0,40,0,0,0,0,0,2,2,3
,2021-28557,39.77393271,-104.8657399,8/4/2021 14:19,14:19,12,0,0,I-70 & HAVANA ST N,1,1,0,0,1,4,0,1,55,0,0,0,0,0,1,2,7
,2021-28558,39.75829353,-104.9383099,8/3/2021 20:47,20:47,8,0,0,N ASH ST & E 29TH AVE,1,3,0,0,1,1,0,0,15,0,0,0,0,0,4,2,13
,2021-28559,39.76538652,-104.9026039,8/3/2021 16:45,16:45,15,0,0,QUEBEC ST S & 35TH AVE E,1,1,0,7,1,1,0,0,,0,0,0,0,0,4,2,16
,2021-28560,39.69656353,-104.9535012,5/16/2021 4:08,4:08,5,0,0,MISSISSIPPI AVE E & COOK ST S,1,3,0,0,2,3,0,0,30,0,0,0,0,0,4,2,16
,2021-28561,39.8341335,-104.77181,8/7/2021 17:11,17:11,3,0,1,N TOWER RD & PENA BLVD OUTBOUND,1,1,0,0,1,1,0,0,40,0,0,0,0,2,4,2,3
,2021-28562,39.77967353,-104.9791499,8/10/2021 12:43,12:43,1,0,0,WASHINGTON ST N & I-70 WB ON RAMP,1,1,1,0,1,1,0,0,35,0,0,0,0,0,4,3,13
,2021-28563,39.66770954,-104.9816594,8/8/2021 17:32,17:32,1,0,0,FEDERAL BLVD S & YALE AVE RD W,1,1,0,0,1,1,0,0,40,0,0,0,0,0,2,3,7