id,drcog_id,latitude,longitude,crashtime,time,crashtype,numbkilled,numbinjurd,drcoglocat,rdconditin,lightngcon,roadcntgrd,weatherco,location,roaddescrp,schoolzone,constrzone,splimit,bikeinv,pedinv,sctrinv,motoinv,svrty,rdsystem,ttlvehcls,hcf
,2021-28564,39.76928353,-105.0064499,7/15/2021 14:09,14:09,12,0,0,W 38TH AVE & N PECOS ST,1,1,0,0,1,4,0,0,35,0,0,0,0,0,4,2,13
,2021-28565,39.76576353,-104.9733099,8/4/2021 0:45,0:45,11,0,1,35TH AVE E & DOWNING ST N,1,3,1,0,1,2,0,0,25,0,1,0,0,2,4,1,13
,2021-28566,39.68225354,-105.008745,7/10/2021 22:29,22:29,6,0,0,RUBY HILL PARK RD S & W JEWELL AVE,1,3,0,0,1,7,0,0,10,0,0,0,0,0,3,2,5
,2021-28567,39.74191353,-104.9163199,8/9/2021 16:45,16:45,3,0,0,E 16TH AVE & N KRAMERIA ST,1,1,0,0,1,1,0,0,25,0,0,0,0,1,4,2,14
,2021-28568,39.74293353,-105.0389599,8/6/2021 23:08,23:08,14,0,0,1600 BLOCK N PERRY ST & W 17TH AVE,1,3,0,0,1,4,0,0,,0,0,0,0,1,4,2,13
,2021-28569,39.72553353,-105.0131199,7/3/2021 9:50,9:50,12,0,0,I-25 & 6TH AVE W,1,1,0,0,1,4,0,0,65,0,0,0,0,0,1,2,1
,2021-28570,39.76194852,-104.9406604,7/9/2021 21:45,21:45,12,0,0,MLK BLVD E & COLORADO BLVD N,1,3,0,0,1,1,0,0,35,0,0,0,0,0,2,2,16
,2021-28571,39.79643592,-104.9867901,8/10/2021 14:50,14:50,12,0,0,LINCOLN ST & 1200 BLK,1,1,0,0,1,4,0,0,35,0,0,0,0,1,4,5,13
,2021-28572,39.77939353,-104.9791399,8/4/2021 4:23,4:23,3,0,0,WASHINGTON ST N & I-70,1,3,0,0,1,1,0,0,35,0,0,0,0,0,4,2,13
,2021-28573,39.74018653,-104.9407414,8/9/2021 15:10,15:10,12,0,0,COLORADO BLVD N & COLFAX AVE E,1,1,0,0,1,1,0,0,35,0,0,0,0,0,2,2,13
,2021-28574,39.75645353,-105.0092699,7/30/2021 22:57,22:57,6,0,0,PLATTE ST & 15TH ST,11,3,0,1,1,4,0,0,30,0,0,0,0,0,4,2,13
,2021-28575,39.68999354,-104.9734099,8/9/2021 14:54,14:54,12,0,0,I-25 NB OFF RAMP TO & DOWNING ST S,1,1,1,0,1,8,0,0,55,0,0,0,0,1,1,2,3
,2021-28576,39.72553353,-105.0131199,8/4/2021 17:36,17:36,12,0,0,I-25 & 6TH AVE W,1,1,1,0,1,4,0,0,55,0,0,0,0,0,1,2,3
,2021-28577,39.77666352,-104.8470199,8/10/2021 15:34,15:34,12,0,0,N PEORIA ST & E 44TH AVE,1,1,0,0,1,4,0,0,35,0,0,0,0,0,4,3,1
,2021-28578,39.73044353,-104.9746699,8/10/2021 10:27,10:27,11,0,1,9TH AVE E & CORONA ST N,1,1,0,0,1,1,0,0,30,0,1,0,0,3,4,1,16
,2021-28579,39.71120354,-104.9988899,8/10/2021 14:51,14:51,15,0,0,I-25 & ALAMEDA AVE W,1,1,1,0,1,4,0,0,65,0,0,0,0,0,2,2,13
,2021-28580,39.66761354,-104.9257499,8/6/2021 14:16,14:16,12,0,0,I-25 & YALE AVE E,11,1,0,1,1,4,0,0,65,0,0,0,0,1,1,2,3
,2021-28581,39.91915628,-105.0050976,8/9/2021 15:18,15:18,15,0,0,I-70 & PECOS ST N,1,1,1,0,1,4,0,0,55,0,0,0,0,0,1,2,13
,2021-28582,39.77665353,-105.0336899,6/4/2021 15:41,15:41,6,0,0,44TH AVE W & LOWELL BLVD N,1,1,0,0,1,4,0,0,30,0,0,0,0,0,4,2,14
,2021-28583,39.74811353,-105.0048799,8/9/2021 11:19,11:19,5,0,1,AURARIA PKWY & 1127 AURARIA PKWY,1,1,1,0,5,7,0,0,35,0,0,0,0,2,3,1,3
,2021-28584,39.67308354,-104.9875699,8/9/2021 17:05,17:05,3,0,0,WESLEY AVE E & BROADWAY ST S,1,1,0,0,1,1,0,0,30,0,0,0,0,0,4,2,13
,2021-28585,39.75259039,-104.9848982,8/4/2021 15:29,15:29,12,0,0,I-25 & PARK AVE W,1,1,1,0,1,4,0,0,55,0,0,0,0,1,1,2,7
,2021-28586,39.72553353,-105.0131199,8/9/2021 17:01,17:01,12,0,0,I-25 & 6TH AVE W,1,1,1,0,1,4,0,0,55,0,0,0,0,0,1,2,5
,2021-28587,39.76807353,-104.9948099,8/9/2021 10:02,10:02,12,0,0,PARK AVE W & I-25 NB RAMPS,1,1,1,0,1,1,0,0,35,0,0,0,0,0,4,2,3
,2021-28588,39.7437871,-105.1188925,7/15/2021 18:45,18:45,12,0,0,I-25 & 17TH AVE W,1,1,1,0,1,4,0,0,55,0,0,0,0,0,1,2,13
,2021-28589,39.71118354,-105.0050699,8/9/2021 18:12,18:12,12,0,0,ALAMEDA AVE W & NAVAJO ST S,1,1,0,0,1,4,0,0,35,0,0,0,0,0,2,3,13
,2021-28590,39.70642354,-104.9967799,7/8/2021 8:34,8:34,15,0,0,I-25 & SANTA FE DR S,1,1,0,0,1,4,0,0,65,0,0,0,0,0,4,2,16
,2021-28591,39.79829351,-104.80477,8/8/2021 19:43,19:43,15,0,0,56TH AVE E & CHAMBERS RD N,1,3,0,0,1,4,0,0,40,0,0,0,0,1,4,4,5
,2021-28622,39.74038354,-105.0536899,7/17/2021 10:45,10:45,12,0,0,COLFAX AVE W & SHERIDAN BLVD,1,1,3,0,1,4,0,0,35,0,0,0,0,0,2,2,16
,2021-28694,39.72577628,-105.0534667,8/2/2021 15:10,15:10,11,0,0,COLFAX AVE W & SHERIDAN BLVD,1,1,3,0,1,1,0,0,0,0,1,0,0,0,2,1,16
,2021-28749,39.75482953,-105.0251569,7/12/2021 10:20,10:20,12,0,0,26TH AVE W & FEDERAL BLVD N,1,1,3,0,1,2,0,0,30,0,0,0,0,0,2,2,3
,2021-28772,39.72957353,-104.9406799,7/11/2021 13:00,13:00,12,0,0,COLORADO BLVD N & 8TH AVE E,1,1,3,0,1,4,0,0,35,0,0,0,0,0,2,3,2
,2021-28779,39.70482354,-105.0074199,7/12/2021 8:38,8:38,6,0,0,600 BLK S QUIVAS ST & W CENTER AVE,1,1,3,1,1,1,0,0,25,0,0,0,0,0,4,2,16
,2021-28784,39.70039754,-105.0250714,7/11/2021 13:45,13:45,14,0,0,FEDERAL BLVD S & KENTUCKY AVE W,1,1,3,1,1,1,0,0,35,0,0,0,0,0,2,2,16
,2021-28791,39.75548353,-104.9910399,7/11/2021 10:17,10:17,15,0,0,1400 BLK 22ND ST & MARKET ST,1,1,3,0,1,4,0,0,30,0,0,0,0,0,4,2,3
,2021-28793,39.71710127,-104.9590699,7/10/2021 12:00,12:00,12,0,0,N UNIVERSITY BLVD & E CHERRY CREEK N DR,1,1,3,0,1,4,0,0,30,0,0,0,0,0,4,3,16
,2021-28799,39.69384353,-104.9406199,7/12/2021 12:44,12:44,12,0,0,COLORADO BLVD N & LOUISIANA AVE E,1,1,3,0,1,3,0,0,35,0,0,0,1,0,2,2,13
,2021-28805,39.78374351,-104.80979,7/12/2021 13:10,13:10,15,0,0,N CHAMBERS RD & E GVR BLVD,1,1,3,0,1,5,0,0,45,0,0,0,0,0,4,2,13
,2021-28827,39.76510353,-104.9591699,6/17/2021 8:08,8:08,11,0,0,YORK ST & JOSEPHINE ST N,1,1,3,0,1,5,0,0,15,0,1,0,0,1,4,1,13
,2021-28834,39.78376352,-104.9405099,7/12/2021 5:21,5:21,12,0,0,COLORADO BLVD N & 48TH AVE E,1,2,3,0,1,3,0,0,,0,0,0,0,0,2,1,16
,2021-28836,39.74743352,-104.8987499,7/12/2021 11:30,11:30,12,0,0,7600 BLK E MONTVIEW BLVD & N SYRACUSE ST,1,1,3,0,1,4,0,0,30,0,0,0,0,0,4,2,3
,2021-28840,39.87434985,-105.0211655,7/13/2021 7:37,7:37,12,0,0,38TH ST & CHESTNUT ST,1,1,3,0,1,3,0,0,30,0,0,0,0,0,4,2,13
,2021-28847,39.71027354,-105.0275299,8/4/2021 19:55,19:55,3,0,0,HAZEL CT S & ALAMEDA AVE W,1,3,0,0,1,5,0,0,25,0,0,0,0,0,4,2,13
,2021-28848,39.78312187,-104.8470955,8/5/2021 7:30,7:30,12,0,0,PEORIA ST & I-70 WB RAMPS,1,1,0,0,1,4,0,0,35,0,0,0,0,0,4,2,3
,2021-28854,39.68293354,-104.9405399,8/6/2021 14:07,14:07,12,0,0,I-25 & COLORADO BLVD S,1,1,0,0,1,4,0,0,60,0,0,0,0,1,1,3,13
,2021-28857,39.63977109,-105.0532939,5/4/2021 13:20,13:20,12,0,0,S SHERIDAN BLVD & W LOUISIANA AVE,1,1,0,0,1,4,0,0,35,0,0,0,0,0,2,2,14
,2021-28863,39.74035354,-105.0514899,8/10/2021 16:17,16:17,12,0,0,COLFAX AVE W & 5000 BLK W,1,1,0,0,1,4,0,0,30,0,0,0,0,0,2,2,16
,2021-28865,39.69101353,-104.9223199,8/10/2021 9:15,9:15,6,0,0,HOLLY ST & 1423 S,1,1,0,0,5,7,0,0,,0,0,0,0,0,3,2,14
,2021-28866,39.78003353,-104.9891799,8/9/2021 6:12,6:12,15,0,0,I-25 & I-70,1,1,0,0,1,4,0,0,65,0,0,0,0,0,1,2,14
,2021-28867,39.8341335,-104.77181,8/9/2021 17:45,17:45,9,0,1,TOWER RD N & PENA BLVD,1,1,0,0,3,4,0,0,,0,0,0,1,2,4,1,1
,2021-28868,39.74484353,-104.9647499,8/9/2021 8:40,8:40,12,0,0,HIGH ST & 1800 BLK N,1,1,0,0,1,4,0,0,25,0,0,0,0,0,4,2,7
,2021-28869,39.75848353,-105.0299199,8/9/2021 18:29,18:29,8,0,0,W 29TH AVE & N IRVING ST,1,1,0,0,1,1,0,0,30,0,0,0,0,0,4,2,2
,2021-28870,39.72527841,-105.1417334,8/9/2021 10:45,10:45,12,0,0,I-25 & 6TH AVE W,1,1,0,0,1,4,0,0,55,0,0,0,0,0,1,2,14
,2021-28871,39.72931353,-105.0251499,8/9/2021 16:46,16:46,1,0,2,FEDERAL BLVD N & 8TH AVE W,1,1,0,0,1,1,0,0,40,0,0,0,0,2,2,2,16
,2021-28872,39.78010353,-104.9895499,8/6/2021 9:10,9:10,12,0,0,I-25 & I-70,1,1,1,0,1,4,0,0,55,0,0,0,0,1,1,4,13
,2021-28874,39.72540791,-105.1414387,5/16/2021 2:51,2:51,5,0,0,SHERIDAN BLVD N & HWY 6 WB RAMPS,1,3,0,0,3,1,0,0,45,0,0,0,0,0,2,1,5
,2021-28876,39.78553353,-105.0111899,8/8/2021 20:53,20:53,6,0,0,TEJON ST N & 49TH AVE W,1,3,1,0,1,4,0,0,20,0,0,0,0,1,4,3,5
,2021-28877,39.73998353,-104.9622299,8/8/2021 20:38,20:38,12,0,0,COLFAX AVE E & VINE ST N,1,3,0,0,1,1,0,0,35,0,0,0,0,1,2,3,13
,2021-28878,39.72260353,-104.9825899,8/9/2021 9:19,9:19,12,0,0,E SPEER BLVD & N LOGAN ST,1,1,0,0,1,3,0,0,30,0,0,0,0,1,4,2,8
,2021-28879,39.65307354,-104.9182499,8/5/2021 13:06,13:06,12,0,0,I-25 & HAMPDEN AVE E,1,1,0,0,1,4,0,0,65,0,0,0,0,1,1,3,7
,2021-28880,39.65300354,-104.9196099,5/6/2021 15:00,15:00,15,0,0,HAMPDEN AVE E & IVY WY N,1,1,0,0,1,3,0,0,35,0,0,0,0,0,2,2,1
,2021-28881,39.61826355,-105.0913384,8/10/2021 13:58,13:58,15,0,0,WADSWORTH BLVD S & CRESTLINE AVE W,1,1,0,0,1,4,0,0,40,0,0,0,0,0,2,2,1
,2021-28882,39.68737353,-104.9035299,8/8/2021 23:00,23:00,5,0,1,IOWA AVE E & QUEBEC ST S,1,3,0,0,6,1,0,0,35,0,0,0,0,2,4,1,13
,2021-28883,39.74043353,-105.0139599,8/8/2021 15:44,15:44,12,0,0,COLFAX AVE W & I-25 NB RAMPS,1,1,0,0,1,1,0,0,45,0,0,0,0,1,2,2,13
,2021-28884,39.79840751,-104.7872825,8/10/2021 18:40,18:40,15,0,0,56TH AVE E & PENA BLVD,1,1,0,0,1,4,0,0,35,0,0,0,0,0,4,2,13
,2021-28885,39.73454353,-104.9835799,8/8/2021 10:00,10:00,6,0,0,GRANT ST & 100 BLK N,1,1,0,0,1,4,0,0,,0,0,0,0,0,4,2,16
,2021-28886,39.74397447,-104.9124375,6/12/2021 14:24,14:24,5,2,0,MONACO ST & E 17TH AVE,1,1,0,0,2,4,0,0,35,0,0,0,0,4,4,1,1
,2021-28887,39.78681351,-104.8370499,7/4/2021 20:48,20:48,6,0,1,4922 N UPTON CT & 4922 BLK N,1,3,0,0,1,4,0,0,0,1,0,0,0,2,4,2,16
,2021-28888,39.87088912,-104.7149793,8/10/2021 8:55,8:55,3,0,0,GUN CLUB RD & 78TH AVE E,1,1,0,0,1,2,0,0,35,0,0,0,0,0,4,2,8
,2021-28889,39.67769354,-105.0250399,8/8/2021 20:47,20:47,12,0,1,FEDERAL BLVD S & EVANS AVE W,1,3,0,0,1,1,0,0,40,0,0,0,0,2,2,2,5
,2021-28890,39.75304753,-104.9854579,8/10/2021 15:00,15:00,6,0,0,PARK AVE W & CHAMP ST,1,1,0,0,1,4,0,0,30,0,0,0,0,0,4,2,16
,2021-28891,39.71934353,-104.9891699,8/10/2021 18:15,18:15,3,0,0,W 2ND AVE & N ACOMA ST,1,1,0,0,1,1,0,0,25,0,0,0,0,0,4,2,7
,2021-28892,39.69417353,-104.9035599,8/9/2021 19:13,19:13,1,0,2,1100 BLK S QUEBEC ST & PRIVATE ROAD,1,1,0,0,1,1,0,0,35,0,0,0,0,2,4,2,1
,2021-28893,39.77586353,-105.0345899,8/10/2021 10:42,10:42,12,0,0,4300 BLK N LOWELL BLVD & W 44TH AVE,1,1,1,0,1,2,0,0,30,0,0,0,0,0,4,2,13
,2021-28894,39.73663353,-105.0001299,8/10/2021 11:49,11:49,15,0,0,1300 BLK N KALAMATH ST & W 13TH AVE,1,1,1,0,1,4,0,0,30,0,0,0,0,0,4,2,13
,2021-28895,39.69193354,-105.0295899,8/10/2021 15:12,15:12,12,0,0,1358 S IRVING ST & PRIVATE PROPERTY,1,1,0,0,5,7,0,0,,0,0,0,0,0,3,2,3
,2021-28896,39.75462477,-104.9163208,8/10/2021 18:45,18:45,15,0,0,KRAMERIA ST N & 14TH AVE E,1,1,0,0,1,3,0,0,25,0,0,0,0,0,4,2,14
,2021-28897,39.73838353,-104.9622299,8/8/2021 18:59,18:59,2,0,1,VINE ST N & 14TH AVE E,1,1,0,0,1,1,0,0,0,1,0,0,0,3,4,2,16
,2021-28898,39.74402353,-104.9696699,8/7/2021 23:00,23:00,6,0,0,HUMBOLDT ST N & 17TH AVE E,1,4,0,0,1,4,0,0,25,0,0,0,0,0,4,2,16
,2021-28899,39.66372354,-105.0227799,8/10/2021 13:00,13:00,6,0,0,W BATES AVE & S DECATUR ST,1,1,0,0,1,4,0,0,25,0,0,0,0,0,4,2,3
,2021-28988,39.77464353,-104.9732299,7/16/2021 8:00,8:00,12,0,1,N BRIGHTON  BLVD & 40TH ST,1,1,3,0,1,4,0,0,40,0,0,0,0,1,4,2,3
,2021-28993,39.72452354,-105.0305999,7/14/2021 8:18,8:18,5,0,0,5TH AVE W & JULIAN ST N,1,1,3,1,3,1,0,0,,0,0,0,0,0,4,1,16
,2021-29003,39.69796728,-104.8823211,7/14/2021 17:30,17:30,2,0,0,MISSISSIPI AVE E & ALTON ST S,1,1,3,0,1,1,0,0,30,1,0,0,0,0,4,1,3
,2021-29008,39.79136351,-104.75814,7/8/2021 14:38,14:38,16,0,0,5223 N ESPANA ST & 5223 BLK N,1,1,3,0,5,7,0,0,,0,0,0,0,0,3,1,10
,2021-29016,39.76044121,-105.0096325,7/15/2021 8:38,8:38,5,0,0,17TH ST & 999 17TH ST,1,1,3,0,2,5,0,0,25,0,0,0,0,0,4,1,16
,2021-29017,39.75561353,-104.9873899,7/14/2021 14:03,14:03,12,0,1,N BROADWAY ST & LAWRENCE ST,1,1,3,0,1,3,0,0,30,0,0,0,0,1,4,3,8
,2021-29027,39.73919353,-104.9406599,7/8/2021 17:10,17:10,12,0,0,COLORADO BLVD N & 14TH AVE E,1,1,3,0,1,4,0,0,35,0,0,0,0,0,2,3,3
,2021-29040,39.74681353,-104.9747499,7/13/2021 9:15,9:15,2,0,0,OGDEN ST N & 20TH AVE E,1,1,3,0,1,2,0,0,15,1,0,0,0,1,4,1,13
,2021-29041,39.72561353,-104.9566999,8/10/2021 11:25,11:25,15,0,0,E 6TH AVE & N ELIZABETH ST,1,1,0,0,1,1,0,0,30,0,0,0,0,0,4,2,7
,2021-29042,39.77727352,-104.8827799,7/20/2021 16:17,16:17,12,0,0,CENTRAL PARK BLVD N & I-70 WB OFF RAMP,1,1,0,0,1,1,0,0,35,0,0,0,0,0,1,2,5
,2021-29043,39.84186744,-104.6730066,8/5/2021 6:09,6:09,15,0,0,8000 PENA BLVD OUTBOUND & E 80TH AVE,1,2,1,0,1,4,0,0,,0,0,0,0,0,4,2,6
,2021-29045,39.76446109,-104.7909725,8/11/2021 23:10,23:10,3,0,0,E 40TH AVE & AIRPORT BLVD,1,3,0,0,1,1,0,0,40,0,0,0,0,0,4,2,4
,2021-29046,39.71815354,-105.0324599,8/11/2021 17:15,17:15,3,0,0,W 1ST AVE & N KNOX CT,1,1,0,0,1,1,0,0,25,0,0,0,0,0,4,2,3
,2021-29047,39.77718353,-105.0181799,8/12/2021 3:40,3:40,6,0,0,4400 BLK N BEACH CT & N 45TH AVE,1,3,0,0,1,4,0,0,25,0,0,0,0,0,4,2,16
,2021-29048,39.73290353,-105.0052699,8/12/2021 13:13,13:13,6,0,0,1000 BLK N OSAGE ST & 1000 BLK N,1,1,0,0,1,2,0,0,25,0,0,0,0,0,4,2,3
,2021-29049,39.72559353,-105.0004399,7/26/2021 2:27,2:27,12,1,2,6TH AVE (1000 BLOCK W) & N KALAMATH ST,1,3,0,0,1,1,0,0,35,0,0,0,0,4,4,2,5
,2021-29050,39.74153353,-105.0330599,8/11/2021 21:47,21:47,6,0,0,1500 BLK N KING ST & W CONEJOS PL,1,3,0,0,1,4,0,0,,0,0,0,0,0,4,2,13
,2021-29051,39.72284353,-104.9728999,6/23/2021 15:08,15:08,6,0,0,400 BLK N DOWNING ST & E 5TH AVE,1,1,0,0,1,4,0,0,25,0,0,0,0,0,4,2,16
,2021-29052,39.72553353,-105.0131199,8/10/2021 9:00,9:00,12,0,0,I-25 & 6TH AVE W,1,1,1,0,1,4,0,0,55,0,0,0,0,1,1,2,1
,2021-29053,39.78179351,-104.73453,8/12/2021 7:25,7:25,3,0,0,PICADILLY RD N & GVR BLVD E,1,1,0,0,1,1,0,0,35,0,0,0,0,1,4,2,7
,2021-29054,39.69672354,-105.0086999,7/3/2021 16:30,16:30,11,0,1,MISSISSIPPI AVE W & RARITAN ST S,1,1,0,0,1,1,0,0,30,0,1,0,0,2,4,1,14
,2021-29055,39.72553353,-105.0131199,8/12/2021 11:04,11:04,12,0,1,I-25 NB EXIT GORE PT TO & 6TH AVE W,1,1,0,0,1,4,0,0,55,0,0,0,0,2,1,2,13
,2021-29056,39.79820352,-104.8868299,7/24/2021 0:20,0:20,5,0,1,56TH AVE E & CENTRAL PARK BLVD N,1,3,0,0,1,4,0,0,40,0,0,0,0,2,4,1,14
,2021-29057,39.71119354,-105.0098199,8/12/2021 13:16,13:16,12,0,0,1500 BLK W ALAMEDA AVE & S TEJON ST,1,1,1,0,1,2,0,0,,0,0,0,0,0,2,2,3
,2021-29058,39.68309354,-104.9405399,8/12/2021 9:43,9:43,12,0,0,I-25 & COLORADO BLVD S,1,1,0,0,1,4,0,0,60,0,0,0,0,1,1,2,1
,2021-29059,39.71120354,-105.0324499,8/11/2021 13:35,13:35,12,0,1,W ALAMEDA AVE & S KNOX CT,1,1,0,0,1,1,0,0,35,0,0,0,0,1,2,2,3
,2021-29060,39.75659352,-104.9018399,7/15/2021 11:00,11:00,16,0,0,2810 N QUEBEC ST & 2810 BLK N,1,1,0,0,5,7,0,0,10,0,0,0,0,0,3,2,16
,2021-29061,39.68757354,-104.9920499,7/19/2021 16:00,16:00,15,0,0,SANTA FE DR S & IOWA AVE W,1,1,0,0,1,1,0,0,45,0,0,0,0,0,2,2,16
,2021-29062,39.79478351,-104.80726,8/11/2021 12:50,12:50,3,0,0,HELENA ST N & MAXWELL PL E,1,1,0,0,1,1,0,0,0,0,1,0,0,1,4,1,16
,2021-29063,39.71759354,-105.0279299,7/24/2021 18:57,18:57,5,0,0,HAZEL CT & 55 N,1,1,0,0,3,4,0,0,20,0,0,0,0,0,4,1,4
,2021-29064,39.75806052,-104.9032969,8/11/2021 15:10,15:10,5,0,0,QUEBEC ST S & 29TH AVE E,1,1,0,0,2,4,0,0,30,0,0,0,0,0,4,1,14
,2021-29065,39.78033351,-104.81065,8/5/2021 17:54,17:54,3,0,0,N GRANBY ST & E BOLLING DR,1,1,0,0,1,1,0,0,25,0,0,0,0,1,4,2,13
,2021-29066,39.67228354,-104.9652499,7/31/2021 0:10,0:10,6,0,0,2400 BLK S HIGH ST & E WESLEY ST,11,4,0,0,1,4,0,0,30,0,0,0,0,0,4,2,13
,2021-29067,39.75022154,-105.1121535,8/11/2021 15:53,15:53,3,0,0,W 23RD AVE & N ELLIOT ST,1,1,0,0,1,1,0,0,25,0,0,0,0,0,4,2,16
,2021-29068,39.74009468,-104.9035119,8/12/2021 6:10,6:10,9,0,0,I-270 & QUEBEC ST N,1,2,1,0,2,4,0,0,55,0,0,0,0,1,1,1,7
,2021-29069,39.67843354,-104.9339699,8/11/2021 0:00,0:00,15,0,0,I-25 & EVANS AVE E,1,3,1,0,1,4,0,0,60,0,0,0,0,0,1,2,13
,2021-29070,39.68307354,-104.9803899,7/23/2021 2:20,2:20,6,0,0,PEARL ST S & COLORADO AVE E,1,3,0,0,1,4,0,0,25,0,0,0,0,0,4,2,13
,2021-29071,39.71139554,-105.0520714,7/17/2021 21:57,21:57,5,0,0,ALAMEDA AVE W & ZENOBIA ST S,1,4,0,0,6,4,0,0,35,0,0,0,0,0,2,1,13
,2021-29072,39.79815351,-104.8422999,7/24/2021 16:04,16:04,9,0,1,56TH AVE E & REVERE ST N,1,1,0,0,1,3,0,0,35,0,0,0,1,2,4,1,13
,2021-29073,39.86662778,-104.6717006,7/9/2021 0:00,0:00,16,0,0,PENA BLVD (AIRPORT) & 17 PENA BLVD,1,3,0,0,5,1,0,0,,0,0,0,0,0,3,2,16
,2021-29074,39.67859354,-105.0343699,8/11/2021 17:36,17:36,1,0,1,W EVANS AVE & S LOWELL BLVD,1,1,0,0,1,1,0,0,25,0,0,0,0,1,4,2,4
,2021-29075,39.76927352,-104.9055699,8/12/2021 10:36,10:36,11,0,0,38TH AVE E & PONTIAC ST N,1,1,0,0,4,1,0,0,25,0,1,0,0,1,4,1,2
,2021-29076,39.73685353,-104.9964599,8/11/2021 5:10,5:10,3,0,0,SPEER BLVD N & 13TH AVE W,1,2,0,0,1,1,0,0,35,0,0,0,0,0,4,2,1
,2021-29077,39.68504354,-105.0168599,8/12/2021 19:54,19:54,6,0,0,1700 BLK S ALCOTT ST & W MEXICO AVE,1,3,0,0,1,4,0,0,25,0,0,0,0,0,4,2,5
,2021-29078,39.90396475,-104.9164358,8/12/2021 8:54,8:54,12,0,0,I-70 & LEYDEN ST N,1,1,0,0,1,4,0,0,55,0,0,0,0,0,1,2,7
,2021-29079,39.75316353,-104.9940299,8/10/2021 19:19,19:19,5,0,0,MARKET ST & 1900 BLK,1,3,0,0,2,4,0,0,25,0,0,0,0,0,4,1,3
,2021-29080,39.68981354,-104.9734099,8/12/2021 8:39,8:39,12,0,0,I-25 SB ON RAMP FROM & DOWNING ST S,1,1,0,0,1,8,0,0,35,0,0,0,0,0,1,2,8
,2021-29081,39.78647353,-105.0099999,7/24/2021 20:20,20:20,5,0,0,1895 W DIXIE PL & W DIXIE PL,1,3,0,0,3,4,0,0,25,0,0,0,0,0,4,1,14
,2021-29082,39.75212353,-105.0487499,8/6/2021 6:30,6:30,6,0,0,2500 BLK N WOLFF ST & W 26TH AVE,1,2,0,0,1,4,0,0,25,0,0,0,0,0,4,2,13
,2021-29083,39.72553353,-105.0131199,8/12/2021 15:05,15:05,12,0,0,I-25 SB ON RAMP FROM & HWY 6 EB,1,1,1,0,1,8,0,0,55,0,0,0,0,0,2,2,7
,2021-29084,39.66291354,-105.0251299,7/11/2021 19:07,19:07,12,0,0,FEDERAL BLVD S & BATES AVE W,1,1,0,0,1,4,0,0,35,0,0,0,0,0,2,2,14
,2021-29085,39.68028354,-104.9429099,7/18/2021 0:43,0:43,1,0,1,3900 BLK E BUCHTEL BLVD & S COLORADO BLVD,1,3,0,0,1,2,0,0,30,0,0,0,1,3,4,2,1
,2021-29086,39.77825352,-104.8965999,8/11/2021 8:00,8:00,12,0,0,I-270 & I-70 EB,1,1,1,0,1,4,0,0,55,0,0,0,0,1,1,2,13
,2021-29087,39.71837353,-104.9908199,8/11/2021 7:11,7:11,11,0,1,1ST AVE W & BANNOCK ST N,1,1,0,0,1,1,0,0,25,0,1,0,0,2,4,1,14
,2021-29088,39.77021353,-105.0252299,8/11/2021 16:37,16:37,1,0,0,FEDERAL BLVD N & DENVER PL W,1,1,0,0,1,1,0,0,35,0,0,0,0,1,2,2,13
,2021-29089,39.77996352,-104.9497999,7/30/2021 17:11,17:11,12,0,0,I-70 & STEELE ST N,1,1,0,0,1,4,0,0,55,0,0,0,0,1,1,2,16
,2021-29090,39.74264353,-104.9937099,7/28/2021 12:30,12:30,6,0,0,14TH ST & WELTON ST,1,1,0,0,1,4,0,0,30,0,0,0,0,0,4,2,13
,2021-29091,39.77703352,-104.8800199,7/21/2021 22:22,22:22,12,0,0,I-70 & I-270,1,1,0,0,1,4,0,1,55,0,0,0,0,0,1,2,5
,2021-29092,39.79628351,-104.8471599,8/7/2021 23:20,23:20,12,0,0,N PEORIA ST & E 55TH AVE,1,3,0,0,1,1,0,0,35,0,0,0,0,0,4,2,14
,2021-29093,39.75342691,-104.993233,7/30/2021 14:35,14:35,12,0,0,I-25 & 20TH ST,1,1,0,0,1,4,0,0,55,0,0,0,0,0,1,2,16
,2021-29094,39.72553353,-105.0131199,7/28/2021 0:00,0:00,5,0,0,I-25 NB OFF RAMP SPLIT TO & HWY 6 EB/WB,1,1,0,0,2,8,0,0,55,0,0,0,0,0,1,1,1
,2021-29095,39.73562352,-104.8893899,8/11/2021 1:50,1:50,3,0,0,E 12TH AVE & N WABASH ST,1,3,0,0,1,1,0,0,25,0,0,0,0,0,4,2,13
,2021-29096,39.76610353,-105.0346199,8/13/2021 19:39,19:39,6,0,0,3500 BLK N LOWELL BLVD & 3500 BLK,1,1,0,0,1,4,0,0,25,0,0,0,0,0,4,2,13
,2021-29097,39.74246353,-104.9798799,8/9/2021 23:39,23:39,3,0,0,PEARL ST N & 17TH AVE E,1,3,0,0,1,2,0,0,30,0,0,0,0,0,4,2,13
,2021-29098,39.77449352,-104.8436099,8/7/2021 21:04,21:04,5,0,0,12300 BLK E 42ND AVE & N CROWN BLVD,1,3,0,0,3,4,0,0,25,0,0,0,0,0,4,1,16
,2021-29099,39.67084353,-104.86604,7/30/2021 23:18,23:18,15,0,0,PARKER RD S & HAVANA ST S,11,3,0,1,1,1,0,0,45,0,0,0,0,0,2,2,14