id,drcog_id,latitude,longitude,crashtime,time,crashtype,numbkilled,numbinjurd,drcoglocat,rdconditin,lightngcon,roadcntgrd,weatherco,location,roaddescrp,schoolzone,constrzone,splimit,bikeinv,pedinv,sctrinv,motoinv,svrty,rdsystem,ttlvehcls,hcf
,2021-29100,39.75009353,-105.0283799,8/6/2021 18:15,18:15,6,0,0,HOOKER ST & 2200 BLK N,1,1,0,0,1,4,0,0,25,0,0,0,0,0,4,2,13
,2021-29101,39.75537841,-104.9807271,8/7/2021 22:15,22:15,5,0,0,STOUT ST & 1700 BLK,1,3,0,0,1,5,0,0,10,0,0,0,0,0,4,1,1
,2021-29102,39.78745353,-105.0252099,8/12/2021 15:41,15:41,3,0,0,FEDERAL BLVD N & 50TH AVE W,1,1,1,0,1,1,0,0,35,0,0,0,0,0,1,2,13
,2021-29103,39.73528353,-104.9971999,8/11/2021 4:43,4:43,6,0,0,12TH AVE W & 700 BLK W,1,3,0,0,1,4,0,1,25,0,0,0,0,0,4,3,2
,2021-29104,39.72725353,-104.9873839,7/27/2021 0:15,0:15,15,0,1,BROADWAY ST N & SPEER BLVD E,1,2,0,0,1,3,0,0,40,0,0,0,0,1,4,2,16
,2021-29105,39.70741353,-104.9648799,7/26/2021 5:12,5:12,5,0,0,VIRGINIA AVE E & HIGH ST S,1,2,0,0,1,4,0,0,25,0,0,0,0,0,4,2,14
,2021-29106,39.69773075,-104.9408195,8/8/2021 14:42,14:42,15,0,0,I-25 & COLORADO BLVD S,1,1,0,0,1,4,0,0,60,0,0,0,0,0,1,2,13
,2021-29107,39.78363351,-104.78169,8/8/2021 20:20,20:20,10,0,0,E GVR BLVD & N TELLURIDE ST,1,3,0,0,1,3,0,0,35,0,0,0,0,0,4,2,1
,2021-29108,39.72541754,-105.0252199,7/26/2021 2:30,2:30,5,0,0,FEDERAL BLVD N & HWY 6 WB RAMPS,1,3,0,0,6,1,0,0,35,0,0,0,0,0,2,1,16
,2021-29109,39.72551353,-105.0133499,8/10/2021 21:58,21:58,5,0,0,I-25 SB OFF RAMP TO & HWY 6 WB,1,3,0,0,2,8,0,0,25,0,0,0,0,0,2,1,16
,2021-29110,39.75700353,-104.9873499,8/11/2021 23:35,23:35,12,0,1,N BROADWAY ST & LARIMER ST,1,3,0,0,1,1,0,0,30,0,0,0,0,1,4,2,13
,2021-29111,39.77895983,-104.9893822,7/30/2021 21:47,21:47,5,0,0,I-25 HOV & I-70,11,3,1,1,3,13,0,0,,0,0,0,0,0,2,1,16
,2021-29112,39.66760354,-105.0354299,7/31/2021 12:32,12:32,12,0,0,3600 BLOCK W YALE AVE & S LOWELL BLVD,1,1,0,0,1,4,0,0,30,0,0,0,0,1,4,3,16
,2021-29113,39.7257528,-105.0153475,8/12/2021 9:09,9:09,12,0,0,I-25 NB EXIT GORE PT TO & 6TH AVE,1,1,1,0,1,4,0,0,55,0,0,0,0,0,1,3,14
,2021-29114,39.71046354,-105.0349899,8/10/2021 14:35,14:35,6,0,0,S LOWELL BLVD & W NEVADA PL,1,1,0,0,1,3,0,0,25,0,0,0,0,0,4,2,13
,2021-29115,39.69293353,-104.9406199,8/10/2021 22:30,22:30,12,0,0,E LOUISIANA AVE & S COLORADO BLVD,1,3,0,0,1,1,0,0,40,0,0,0,0,0,4,2,13
,2021-29116,39.79256681,-104.7751722,8/12/2021 18:43,18:43,3,0,0,TOWER DR N & ELMENDORF DR E,1,1,0,0,1,1,0,0,45,0,0,0,0,1,4,3,1
,2021-29117,39.65310354,-104.9047199,7/27/2021 19:24,19:24,1,0,2,HAMPDEN AVE E & POPLAR ST S,1,1,0,0,1,1,0,0,45,0,0,0,0,3,2,4,13
,2021-29118,39.77286224,-104.8474147,8/12/2021 16:35,16:35,1,0,0,40TH AVE E & PEORIA ST N,1,1,0,0,1,1,0,0,40,0,0,0,0,0,4,2,13
,2021-29119,39.69206354,-104.9769399,8/12/2021 23:00,23:00,15,0,0,I-25 & EMERSON ST S,11,3,0,1,1,4,0,0,55,0,0,0,0,1,1,2,7
,2021-29120,39.74526353,-105.0007099,8/12/2021 21:13,21:13,12,0,0,N SPEER BLVD & LAWRENCE ST,1,3,0,0,1,4,0,0,35,0,0,0,0,0,4,2,6
,2021-29121,39.74478353,-104.9891999,8/7/2021 10:07,10:07,10,0,0,17TH ST & GLENARM PL,1,1,0,0,1,1,0,0,20,0,0,0,0,0,4,2,13
,2021-29122,39.61451356,-105.0970099,6/5/2021 11:00,11:00,15,0,0,CROSS DR W & ESTES ST S,1,1,1,0,1,3,0,0,35,0,0,0,0,0,4,2,13
,2021-29123,39.71971353,-104.9459699,5/28/2021 14:35,14:35,6,0,0,200 BLK N MADISON ST & E 3RD AVE,1,1,1,0,1,4,0,0,25,0,0,0,0,0,4,2,13
,2021-29125,39.72570554,-105.0324874,8/10/2021 7:37,7:37,12,0,0,6TH AVE W & KNOX CT N,1,1,0,0,1,4,0,0,55,0,0,0,0,1,1,3,14
,2021-29126,39.66754354,-104.9734799,8/12/2021 10:56,10:56,15,0,0,2700 BLK S DOWNING ST & E YALE AVE,1,1,1,0,1,4,0,0,30,0,0,0,0,0,4,2,1
,2021-29127,39.72508354,-105.0324699,8/10/2021 7:37,7:37,12,0,0,6TH AVE W & KNOX CT N,1,1,1,0,1,4,0,0,55,0,0,0,0,1,2,3,1
,2021-29128,39.72508354,-105.0324699,8/12/2021 7:48,7:48,12,0,0,6TH AVE W & KNOX CT N,1,1,0,0,1,4,0,0,55,0,0,0,0,0,2,2,1
,2021-29129,39.72553353,-105.0131199,6/9/2021 8:12,8:12,15,0,0,I-25 SB ON RAMP FROM & HWY 6 EB,1,1,0,0,1,8,0,0,55,0,0,0,0,0,1,2,1
,2021-29131,39.70299354,-105.0471199,7/30/2021 2:00,2:00,5,0,0,VRAIN ST & 800 BLK S,1,3,0,0,2,4,0,0,20,0,0,0,0,0,4,1,16
,2021-29132,39.75131353,-105.0165199,8/10/2021 12:35,12:35,12,0,2,I-25 & 23RD AVE W,1,1,0,0,1,4,0,0,55,0,0,0,0,2,1,3,1
,2021-29133,39.76927351,-104.75342,8/12/2021 18:49,18:49,10,0,1,E 38TH AVE & N HIMALAYA RD,1,1,0,0,1,1,0,0,35,0,0,0,1,2,4,2,14
,2021-29134,39.76542076,-104.9951174,7/21/2021 19:49,19:49,15,0,0,3300 BLK  PARK AVE WEST & N GLOBEVILLE RD,1,1,1,0,1,3,0,0,35,0,0,0,0,0,4,3,14
,2021-29135,39.62858355,-105.0355399,8/11/2021 2:20,2:20,6,0,0,SARTOGA AVE W & LOWELL BLVD S,1,3,0,0,1,4,0,0,25,0,0,0,0,0,4,3,1
,2021-29137,39.72564528,-105.035102,8/10/2021 23:18,23:18,11,0,0,6TH AVE W & LOWELL BLVD N,1,3,1,0,1,4,0,0,0,0,1,0,0,0,2,3,16
,2021-29138,39.79105453,-105.0172255,8/10/2021 7:40,7:40,3,0,1,W 52ND AVE & N PECOS ST,1,1,0,0,1,1,0,0,30,0,0,0,0,1,4,2,13
,2021-29139,39.74032353,-105.0141399,4/7/2021 12:51,12:51,3,0,1,COLFAX AVE W & I-25 SB OFF RAMP,1,1,0,0,1,1,0,0,35,0,0,0,1,3,2,2,1
,2021-29140,39.8380135,-104.70132,8/12/2021 8:00,8:00,15,0,1,24500 BLK E 78TH AVE & JACKSON GAP,1,1,0,0,1,4,0,0,45,0,0,0,0,1,4,2,13
,2021-29141,39.72568353,-104.9963699,8/12/2021 13:32,13:32,10,0,1,W 6TH AVE & N GALAPAGO ST,1,1,1,0,1,1,0,0,30,0,0,0,0,1,4,2,13
,2021-29145,39.68472354,-104.9594399,7/6/2021 9:24,9:24,15,0,0,I-25 SB ON RAMP FROM & UNIVERSITY BLVD S,1,1,3,0,1,8,0,0,55,0,0,0,0,0,4,2,13
,2021-29147,39.75419353,-104.9857499,7/4/2021 9:13,9:13,6,0,0,2300 BLK CURTIS ST & 24TH ST,1,1,3,1,1,1,0,0,25,0,0,0,0,0,4,2,16
,2021-29148,39.72567353,-105.0132199,7/9/2021 8:10,8:10,15,0,0,I-25 & 6TH AVE W,1,1,3,1,1,4,0,0,55,0,0,0,0,0,2,2,13
,2021-29149,39.76381352,-104.9175899,7/8/2021 15:30,15:30,6,0,0,KEARNEY ST N & 33RD AVE E,1,1,3,0,1,4,0,0,25,0,0,0,0,0,4,2,3
,2021-29151,39.73442353,-104.9741099,7/13/2021 9:00,9:00,6,0,0,CORONA ST N & 11TH AVE E,1,1,3,0,1,4,0,0,30,0,0,0,0,0,4,3,10
,2021-29152,39.72564353,-105.0029699,7/9/2021 9:08,9:08,12,0,0,6TH AVE W & KALAMATH ST N,1,1,3,1,1,3,0,0,45,0,0,0,0,1,2,2,13
,2021-29156,39.75705253,-104.9928964,7/13/2021 17:30,17:30,12,0,0,PARK AVE W & WAZZE ST,1,1,3,0,1,1,0,0,30,0,0,0,0,0,4,2,3
,2021-29159,39.75425027,-104.9804394,7/14/2021 10:45,10:45,3,0,0,DOWNING ST N & CALIFORNIA ST,1,1,3,0,1,1,0,0,30,0,0,0,0,0,4,2,1
,2021-29162,39.69999354,-104.9799899,7/15/2021 17:15,17:15,3,0,0,E DAKOTA AVE & S LINCOLN ST,1,1,3,0,1,1,0,0,35,0,0,0,0,0,4,2,11
,2021-29163,39.67844354,-104.9337599,7/15/2021 14:15,14:15,12,0,0,I-25 NB ON RAMP FROM & EVANS AVE E,1,1,3,0,1,8,0,0,45,0,0,0,0,1,1,2,13
,2021-29164,39.71999353,-104.9399899,7/13/2021 17:24,17:24,3,0,0,E 3RD AVE & N ADAMS ST,1,1,3,0,1,1,0,0,25,0,0,0,0,0,4,2,13
,2021-29167,39.71999353,-104.8699899,7/7/2021 9:10,9:10,6,0,0,DALLAS ST N & 5TH AVE E,1,1,3,0,1,3,0,0,25,0,0,0,0,0,4,2,13
,2021-29168,39.66762354,-104.9128599,7/16/2021 14:20,14:20,12,0,0,6500 E YALE AVE & S MONACO ST,1,1,3,0,1,4,0,0,30,0,0,0,0,0,4,2,3
,2021-29169,39.69045354,-104.9928099,7/14/2021 15:19,15:19,12,0,0,SANTA FE DR S & ARKANSAS AVE W,1,1,3,0,1,4,0,0,,0,0,0,0,0,2,4,16
,2021-29170,39.75512353,-105.0127099,7/15/2021 14:06,14:06,12,0,0,I-25 & SPEER BLVD N,1,1,3,0,1,4,0,0,,0,0,0,0,0,1,2,16
,2021-29171,39.65308354,-104.9153399,7/14/2021 12:44,12:44,15,0,0,HAMPDEN AVE E & LOCUST ST S,1,1,3,0,1,4,0,0,45,0,0,0,0,1,2,2,13
,2021-29172,39.74167353,-104.9823199,7/14/2021 16:15,16:15,10,0,1,N LOGAN ST & E 16TH AVE,1,1,3,0,1,1,0,0,25,0,0,0,0,1,4,2,8
,2021-29173,39.72586826,-105.0150632,7/16/2021 7:25,7:25,12,0,0,I-25 & 6TH AVE W,1,1,3,0,1,4,0,0,55,0,0,0,0,1,1,2,13
,2021-29174,39.70768354,-105.0505399,7/16/2021 10:20,10:20,6,0,0,4900 BLK W VIRGINIA AVE & S XAVIER ST,1,1,3,1,1,1,0,0,25,0,0,0,0,0,4,2,16
,2021-29177,39.76054404,-104.9659414,7/16/2021 16:36,16:36,3,0,0,E 18TH AVE & N WILLIAMS ST,1,1,3,0,1,1,0,0,30,0,0,0,0,0,4,2,11
,2021-29200,39.65699053,-104.866451,7/15/2021 6:12,6:12,12,0,0,HAVANA ST S & PARKER RD S,1,2,3,0,1,4,0,0,45,0,0,0,0,0,2,2,13
,2021-29201,39.73644352,-104.8905599,7/14/2021 11:28,11:28,6,0,0,VERBENA ST N & 12TH AVE E,1,1,3,0,3,4,0,0,25,0,0,0,0,0,4,2,1
,2021-29206,39.70476353,-104.9674799,7/14/2021 12:00,12:00,6,0,0,600 BLK S GILPIN ST & E EXPOSITION AVE,1,1,3,0,1,4,0,0,25,0,0,0,0,0,4,3,16
,2021-29208,39.65615355,-105.0532099,7/10/2021 12:15,12:15,12,0,0,SHERIDAN BLVD S & DARTMOUTH AVE W,1,1,3,0,1,1,0,0,35,0,0,0,0,0,2,2,16
,2021-29209,39.76999352,-104.9199899,7/13/2021 10:44,10:44,12,0,0,N HOLLY ST & E STAPLETON N DR,1,1,3,0,1,3,0,0,30,0,0,0,0,0,4,2,16
,2021-29210,39.73048353,-104.9601599,7/14/2021 18:06,18:06,10,0,0,YORK ST N & 9TH AVE E,1,2,3,0,1,2,0,0,25,0,0,0,0,0,4,2,8
,2021-29211,39.69661354,-104.9827599,7/15/2021 14:42,14:42,12,0,0,S LOGAN ST & E MISSISSIPPI AVE,1,1,3,0,1,3,0,0,30,0,0,0,0,0,4,2,13
,2021-29212,39.72558215,-105.0251705,7/16/2021 7:28,7:28,12,0,0,6TH AVE W & FEDERAL BLVD N,1,1,3,1,1,4,0,0,55,0,0,0,0,1,2,2,13
,2021-29213,39.74084353,-104.9810899,7/15/2021 16:45,16:45,6,0,0,PENNSYLVANIA ST N & 16TH  AVE,1,1,3,7,1,4,0,0,35,0,0,0,0,0,4,2,1
,2021-29214,39.7566234,-105.0167346,7/5/2021 17:19,17:19,3,0,0,SPEER BLVD N & ZUNI ST N,1,1,3,0,1,2,0,0,,0,0,0,0,0,4,2,16
,2021-29215,39.79825351,-104.8200299,7/15/2021 18:08,18:08,3,0,0,CROWN BLVD N & 56TH AVE E,1,1,3,0,1,1,0,0,25,0,0,0,0,0,4,2,11
,2021-29218,39.72551353,-105.0133499,7/16/2021 7:23,7:23,12,0,1,I-25 & 6TH AVE W,1,1,3,0,1,4,0,0,55,0,0,0,0,2,1,2,13
,2021-29219,39.78544352,-104.8879899,7/14/2021 13:34,13:34,3,0,2,WILLOW ST N & NORTHFIELD BLVD E,1,1,3,0,1,1,0,0,,0,0,0,0,3,4,2,1
,2021-29221,39.63427354,-104.9070899,7/14/2021 8:35,8:35,15,0,0,I-25 SB EXIT GORE PT TO & I-225 NB,1,1,3,0,1,4,0,0,65,0,0,0,0,0,1,2,13
,2021-29222,39.69999354,-104.9799899,7/15/2021 16:13,16:13,12,0,1,S LINCOLN ST & E CENTER AVE,1,1,3,0,1,3,0,0,30,0,0,0,0,2,4,3,10
,2021-29223,39.72513332,-104.9811228,7/16/2021 14:16,14:16,3,0,0,E 8TH AVE & N PENNSYLVANIA ST,1,1,3,0,1,1,0,0,30,0,0,0,0,0,4,2,13
,2021-29225,39.78525352,-104.8824899,7/15/2021 5:46,5:46,3,0,0,E NORTHFIELD BLVD & N CENTRAL PARK BLVD,1,3,3,0,1,1,0,0,35,0,0,0,0,0,4,2,11
,2021-29227,39.69763354,-105.0238399,7/15/2021 6:20,6:20,6,0,0,1000 BLK S ELIOT ST & W TENNESSEE AVE,1,1,3,0,1,4,0,0,25,0,0,0,0,0,4,2,13
,2021-29228,39.78525352,-104.8824899,7/14/2021 13:30,13:30,15,0,0,NORTHFIELD BLVD E & CENTRAL PARK BLVD N,1,1,3,0,1,1,0,0,35,0,0,0,0,0,4,2,8
,2021-29235,39.75309353,-104.9879299,7/13/2021 15:00,15:00,6,0,0,1000 BLK 22ND ST & BROADWAY ST,1,1,3,0,1,3,0,0,30,0,1,0,0,0,4,2,9
,2021-29240,39.70294453,-104.9129359,7/13/2021 14:20,14:20,15,0,0,MONACO ST S & LEETSDALE DR,1,1,3,0,1,3,0,0,40,0,0,0,0,0,4,2,13
,2021-29242,39.73754353,-104.9161499,7/15/2021 8:49,8:49,10,0,0,KRAMERIA ST N & 14TH AVE E,1,1,3,0,1,1,0,0,30,0,0,0,0,0,4,2,11
,2021-29243,39.69845353,-104.9128865,7/9/2021 18:18,18:18,1,0,2,S HAVANA ST & E TENNESSEE AVE,1,4,3,0,1,1,0,0,40,0,0,0,0,1,2,2,8
,2021-29244,39.70741353,-104.9228499,7/15/2021 13:16,13:16,15,0,0,LEETSDALE DR & HOLLY ST S,1,1,3,0,1,3,0,0,45,0,0,0,0,0,2,2,8
,2021-29247,39.75333353,-104.9955099,7/13/2021 14:44,14:44,6,0,0,19TH ST & BLAKE ST,1,1,3,0,1,9,0,0,25,0,0,0,0,0,4,2,8
,2021-29250,39.72941354,-105.0361999,7/15/2021 8:30,8:30,6,0,1,800 BLK N MEADE ST & W 9TH AVE,1,1,3,0,1,4,0,0,25,0,0,0,0,2,4,2,13
,2021-29254,39.62421222,-104.8898544,7/15/2021 10:17,10:17,12,0,1,E BELLEVIEW AVE & S NIAGARA ST,1,1,3,0,1,4,0,0,40,0,0,0,0,1,2,2,13
,2021-29262,39.74011353,-104.9587899,7/15/2021 14:00,14:00,15,0,0,COLFAX AVE E & JOSEPHINE ST N,1,1,3,0,1,1,0,0,35,0,0,0,0,0,2,2,8
,2021-29270,39.72561553,-104.9787619,7/15/2021 9:18,9:18,12,0,0,E 6TH AVE & N WASHINGTON ST,1,1,3,0,1,4,0,0,30,0,0,0,0,0,4,2,13
,2021-29272,39.72561353,-104.9823499,7/15/2021 16:37,16:37,12,0,0,LOGAN ST N & 6TH AVE E,1,1,3,0,1,3,0,0,30,0,0,0,0,0,4,2,6
,2021-29278,39.69204354,-104.9593399,7/16/2021 12:45,12:45,12,0,0,1300 BLK S UNIVERSITY BLVD & E ARKANSAS AVE,1,1,3,0,1,4,0,0,35,0,0,0,0,0,4,2,13
,2021-29392,39.79840751,-104.7872825,8/5/2021 0:14,0:14,12,0,0,PENA BLVD & E 56TH AVE,1,3,0,0,1,4,0,1,65,0,0,0,0,0,4,2,8
,2021-29393,39.72823354,-105.0372799,8/11/2021 20:00,20:00,6,0,0,W 7TH AVE & N NEWTON ST,1,2,1,0,1,4,0,0,,0,0,0,0,0,4,2,16
,2021-29394,39.76094353,-105.0043199,7/25/2021 2:43,2:43,15,0,1,I-25 & 20TH ST,1,3,1,0,1,4,0,0,55,0,0,0,0,2,1,2,5
,2021-29395,39.76944553,-105.0393364,8/16/2021 8:15,8:15,15,0,0,W 38TH AVE & N PERRY ST,1,1,0,0,1,4,0,0,30,0,0,0,0,0,4,2,13
,2021-29396,39.76262101,-104.9835188,8/15/2021 23:59,23:59,3,0,0,22ND ST & BLAKE ST,1,3,0,0,1,1,0,0,35,0,0,0,0,0,4,2,16
,2021-29397,39.70368354,-105.0236399,4/12/2021 2:07,2:07,6,0,0,700 BLK S ELIOT ST & W EXPOSITION AVE,1,4,0,0,1,4,0,0,25,0,0,0,0,0,4,2,5
,2021-29398,39.72565154,-105.0531559,8/16/2021 6:34,6:34,12,0,0,HWY 6 EB ON RAMP ENT GORE PT FROM & SHERIDAN BLVD N,1,1,0,0,1,8,0,0,55,0,0,0,0,0,1,2,14
,2021-29399,39.74004353,-105.0430599,7/24/2021 13:50,13:50,12,0,0,COLFAX AVE W & 4300 BLK W,1,1,0,0,1,4,0,0,30,0,0,0,0,0,2,2,1
,2021-29400,39.67127354,-104.9974299,8/15/2021 23:20,23:20,9,0,1,PLATTE RIVER DR S & HARVARD AVE W,1,4,0,0,2,4,0,0,30,0,0,0,0,2,4,1,13
,2021-29401,39.68485354,-104.9734099,8/15/2021 22:53,22:53,9,0,0,DOWNING ST S & COLORADO AVE E,1,3,0,0,1,4,0,0,30,0,0,0,0,0,4,2,5
,2021-29402,39.75108353,-104.9950099,8/16/2021 9:33,9:33,10,0,0,18TH ST & LARIMER ST,1,1,0,0,1,1,0,0,25,0,0,0,0,0,4,2,7
,2021-29403,39.73839353,-104.9634699,8/16/2021 0:02,0:02,3,0,1,N RACE ST & E 14TH AVE,1,4,0,0,1,1,0,0,30,0,0,0,0,2,4,2,13
,2021-29404,39.77766352,-104.9530199,8/14/2021 2:00,2:00,6,0,0,E 44TH AVE & N FILLMORE ST,1,3,0,0,1,4,0,0,25,0,0,0,0,0,4,2,16
,2021-29405,39.65304354,-104.87565,8/16/2021 13:46,13:46,1,0,0,E HAMPDEN AVE & S DAYTON ST,1,1,0,0,1,1,0,0,25,0,0,0,0,0,4,2,13
,2021-29406,39.71477353,-104.9875099,7/23/2021 23:15,23:15,15,0,0,E BAYAUD AVE & S BROADWAY ST,1,3,0,0,1,4,0,0,35,0,0,0,0,0,4,2,1
,2021-29407,39.69656353,-104.8810699,8/15/2021 21:10,21:10,12,0,0,9100 BLK E MISSISSIPPI AVE & S ALTON ST,1,3,0,0,1,3,0,0,35,0,0,0,0,0,4,2,13
,2021-29408,39.72890353,-104.9985999,8/16/2021 15:32,15:32,3,0,0,W 8TH AVE & N SANTA FE,1,1,0,0,1,1,0,0,35,0,0,0,0,0,4,2,13
,2021-29409,39.65307354,-104.9182499,8/16/2021 13:17,13:17,15,0,0,I-25 & HAMPDEN AVE E,1,1,0,0,1,4,0,0,65,0,0,0,0,1,1,2,1
,2021-29410,39.78742353,-105.0135399,8/16/2021 15:29,15:29,6,0,1,N VALLEJO ST & W 50TH AVE,1,1,0,0,1,4,0,0,25,0,0,0,0,2,4,2,3
,2021-29411,39.68472354,-104.9594399,8/16/2021 8:15,8:15,12,0,0,I-25 & UNIVERSITY BLVD S,1,1,0,0,1,4,0,0,55,0,0,0,0,0,1,2,14
,2021-29412,39.79840751,-104.7872825,8/16/2021 16:14,16:14,12,0,0,E 56TH AVE & PENA BLVD,1,1,0,0,1,4,0,0,45,0,0,0,0,0,4,3,7
,2021-29413,39.74194353,-104.9297999,8/15/2021 20:59,20:59,6,0,0,E 16TH AVE & N ELM ST,1,3,0,0,1,4,0,0,25,0,0,0,0,0,4,2,13
,2021-29414,39.74014352,-104.8928499,7/14/2021 22:13,22:13,1,0,0,COLFAX AVE E & UINTA ST N,1,3,0,0,1,1,0,0,30,0,0,0,0,0,2,2,16
,2021-29415,39.74178353,-104.9913499,8/16/2021 8:12,8:12,12,0,0,1400 BLK TREMONT PL & 1400 BLK,1,1,0,0,1,4,0,0,25,0,0,0,0,0,4,2,7
,2021-29416,39.74011453,-104.9903899,8/16/2021 18:12,18:12,12,0,0,COLFAX AVE E & BANNOCK ST,1,1,0,0,1,4,0,0,,0,0,0,0,0,2,3,13
,2021-29417,39.76668353,-104.9765599,8/16/2021 14:56,14:56,3,0,0,34TH ST & WALNUT ST,1,1,1,0,1,1,0,0,30,0,0,0,0,0,4,2,13
,2021-29418,39.76182254,-104.9536384,8/12/2021 19:16,19:16,12,0,1,2800 BLK E 1ST AVE & N FILLMORE ST,1,1,0,0,1,4,0,0,30,0,0,0,0,2,4,3,2
,2021-29419,39.65350353,-104.8684,7/19/2021 23:45,23:45,12,0,0,HAMPDEN AVE E & GALENA ST S,1,2,0,0,1,3,0,0,45,0,0,0,0,0,2,2,14
,2021-29420,39.71119354,-105.0006399,8/16/2021 9:12,9:12,12,0,0,W ALAMEDA AVE & S PLATTE RIVER DR,1,1,0,0,1,3,0,0,35,0,0,0,0,0,2,2,13
,2021-29421,39.77845352,-104.9222799,8/16/2021 7:50,7:50,12,0,0,I-70 & HOLLY ST N,1,1,1,0,1,4,0,1,55,0,0,0,0,1,1,3,2
,2021-29422,39.70778353,-104.9252199,8/15/2021 18:09,18:09,12,0,0,5400 BLK LEETSDALE DR & S FOREST ST,1,1,0,0,1,4,0,0,35,0,0,0,0,0,4,3,13
,2021-29423,39.74014353,-104.9459399,8/15/2021 21:20,21:20,6,0,0,COLFAX AVE E & MADISON ST N,1,3,0,0,1,4,0,0,30,0,0,0,0,0,2,2,5
,2021-29424,39.65307354,-104.9182499,8/16/2021 15:30,15:30,12,0,1,I-25 & HAMPDEN AVE E,1,1,0,0,1,4,0,0,65,0,0,0,0,2,1,3,3
,2021-29425,39.72931353,-105.0251499,8/15/2021 19:15,19:15,12,0,1,FEDERAL BLVD N & 8TH AVE W,1,1,0,0,1,4,0,0,35,0,0,0,0,2,2,3,1
,2021-29426,39.75941038,-104.9597724,8/16/2021 16:30,16:30,12,0,0,I-70 & YORK ST N,1,1,0,0,1,4,0,0,45,0,0,0,0,0,1,3,13
,2021-29427,39.75333353,-104.9955099,8/15/2021 22:24,22:24,5,0,0,BLAKE ST & 19TH ST,1,3,0,0,3,1,0,0,30,0,0,0,0,0,4,1,5
,2021-29739,39.71134354,-105.0531899,7/17/2021 3:23,3:23,1,0,3,SHERIDAN BLVD S & ALAMEDA AVE W,1,3,3,0,1,1,0,0,35,0,0,0,0,2,2,2,14
,2021-29766,39.63977109,-105.0532939,7/21/2021 15:09,15:09,1,0,0,SHERIDAN BLVD S & FLORIDA AVE W,1,1,3,0,1,1,0,0,35,0,0,0,0,0,2,2,16
,2021-29832,39.78665822,-104.9454152,8/4/2021 7:37,7:37,1,0,0,SHERIDAN BLVD N & HWY 6 WB ON RAMP,1,1,3,0,1,1,0,0,35,0,0,0,0,0,2,2,8
,2021-29891,39.73527353,-104.9861299,7/16/2021 12:48,12:48,12,0,0,E 12TH AVE & N LINCOLN ST,1,1,3,0,1,3,0,0,35,0,0,0,0,0,4,4,16
,2021-29905,39.75519353,-105.0129099,7/19/2021 5:56,5:56,12,0,0,I-25 SB ON RAMP FROM & SPEER BLVD N,1,1,3,1,1,8,0,0,35,0,0,0,0,0,1,2,13
,2021-29907,39.75482952,-104.9696173,7/19/2021 10:45,10:45,1,0,0,E 18TH AVE & N HUMBOLDT ST,1,1,3,0,1,1,0,0,30,0,0,0,0,0,4,2,13
,2021-29910,39.67844354,-104.9337599,7/19/2021 11:57,11:57,12,0,0,I-25 NB ON RAMP FROM & EVANS AVE E,1,1,3,0,1,8,0,0,25,0,0,0,0,0,1,2,3
,2021-29911,39.67842354,-104.9593799,7/19/2021 7:17,7:17,3,0,0,E EVANS AVE & S UNIVERSITY BLVD,1,1,3,1,1,1,0,0,35,0,0,0,0,0,4,2,16
,2021-29921,39.76060352,-104.9000999,7/16/2021 11:45,11:45,15,0,0,E MLK BLVD & N ROSYLN ST,1,1,3,0,1,4,0,0,35,0,0,0,0,0,4,2,13
,2021-29924,39.79354352,-104.9034199,7/16/2021 10:40,10:40,3,0,0,N QUEBEC ST & E 53RD PL,1,1,3,0,1,1,0,0,40,0,0,0,0,0,2,2,13
,2021-29925,39.73681353,-104.9659999,7/19/2021 9:50,9:50,6,0,0,13TH AVE E & GILPIN ST N,1,1,3,1,1,1,0,0,,0,0,0,0,0,4,2,16
,2021-29926,39.73130353,-104.9494899,7/19/2021 12:00,12:00,6,0,0,900 BLK N STEELE ST & E 9TH AVE,1,1,3,0,1,4,0,0,30,0,0,0,0,1,4,2,2
,2021-29928,39.75536353,-105.0126899,7/15/2021 16:03,16:03,12,0,0,I-25 & SPEER BLVD N,1,1,3,0,1,4,0,0,55,0,0,0,0,1,1,2,8
,2021-29931,39.76977353,-104.9742899,7/18/2021 12:57,12:57,12,0,0,3600 BLK BLAKE ST & 36TH ST,1,1,3,1,1,1,0,0,25,0,0,0,0,0,4,2,16
,2021-29933,39.73763353,-104.9873999,7/19/2021 13:30,13:30,15,0,0,1300 BLK N BROADWAY ST & W 13TH AVE,1,1,3,0,1,4,0,0,30,0,0,0,0,0,4,2,13
,2021-29935,39.73385353,-104.9895399,7/18/2021 11:36,11:36,6,0,0,11TH AVE W & ACOMA ST N,1,1,3,1,1,1,0,0,,0,0,0,0,0,4,2,16
,2021-29938,39.78923353,-105.0251799,7/15/2021 18:25,18:25,15,0,0,FEDERAL BLVD N & 51ST AVE W,1,1,3,0,1,4,0,0,35,0,0,0,0,0,2,2,7
,2021-29939,39.71133354,-105.0526399,7/20/2021 10:35,10:35,12,0,0,ALAMEDA AVE W & SHERIDAN BLVD,1,1,3,0,1,3,0,0,35,0,0,0,0,0,2,2,3
,2021-29940,39.70033354,-105.0297599,7/20/2021 9:15,9:15,3,0,0,W KENTUCKY AVE & S IRVING ST,1,1,3,1,1,1,0,0,25,0,0,0,0,0,4,2,13