id,drcog_id,latitude,longitude,crashtime,time,crashtype,numbkilled,numbinjurd,drcoglocat,rdconditin,lightngcon,roadcntgrd,weatherco,location,roaddescrp,schoolzone,constrzone,splimit,bikeinv,pedinv,sctrinv,motoinv,svrty,rdsystem,ttlvehcls,hcf
,2021-29944,39.70976353,-104.9449799,7/20/2021 8:25,8:25,3,0,0,MONROE ST S & CHERRY CREEK DR NE,1,1,3,0,1,1,0,0,30,0,0,0,0,0,4,2,8
,2021-29946,39.74440055,-105.0105911,7/20/2021 14:25,14:25,3,0,0,N SPEER BLVD & AURARIA PKWY,1,1,3,0,1,1,0,0,35,0,0,0,0,0,4,2,13
,2021-29948,39.68396354,-104.9875299,8/2/2021 16:17,16:17,1,0,1,BROADWAY ST S & COLORADO AVE W,1,1,0,0,1,1,0,0,35,0,0,0,0,2,4,3,3
,2021-29988,39.71115253,-104.9875774,7/23/2021 12:40,12:40,12,0,0,S BROADWAY ST & E ALAMEDA AVE,1,1,3,0,1,4,0,0,35,0,0,0,0,0,4,2,13
,2021-30032,39.74882353,-104.9597599,7/18/2021 11:49,11:49,5,0,0,YORK ST N & 22ND AVE E,1,1,3,1,3,1,0,0,30,0,0,0,0,0,4,1,16
,2021-30040,39.74931353,-104.9453099,7/20/2021 9:42,9:42,16,0,0,23RD AVE & 2900 E,1,1,3,0,5,7,0,0,,0,0,0,0,0,3,1,14
,2021-30048,39.65196354,-104.9129299,8/19/2021 12:35,12:35,12,0,0,3500 BLK S MONACO ST & E HAMPDEN AVE,1,1,3,0,1,4,0,0,35,0,0,0,0,0,4,3,13
,2021-30067,39.76054353,-105.0255799,5/12/2021 18:30,18:30,12,0,0,SPEER BLVD 3000 BLK N & N FEDERAL BLVD,1,1,0,0,1,3,0,0,35,0,0,0,0,0,2,2,1
,2021-30068,39.75128353,-105.0167799,7/30/2021 12:30,12:30,15,0,0,I-25 & 23RD AVE W,1,1,0,0,1,4,0,0,55,0,0,0,0,0,1,2,5
,2021-30069,39.74999352,-104.8901799,7/21/2021 18:29,18:29,12,0,0,N CENTRAL PARK BLVD & E MLK BLVD,1,3,0,0,1,3,0,0,40,0,0,0,0,0,4,2,13
,2021-30070,39.70562354,-105.0144999,7/27/2021 18:40,18:40,6,0,0,2200 BLK W CENTER AVE & S CANOSA CT,1,1,0,0,1,4,0,0,25,0,0,0,0,0,4,2,13
,2021-30071,39.86662778,-104.6717006,7/23/2021 14:40,14:40,1,0,0,40TH AVE E & PENA BLVD N,1,1,0,0,1,1,0,0,40,0,0,0,0,0,4,2,16
,2021-30072,39.64023354,-104.9123699,7/29/2021 12:00,12:00,6,0,0,HAPPY CANYON RD E & 6495 E HAPPY CANYON RD,1,1,0,0,1,4,0,0,15,0,0,0,0,0,4,2,3
,2021-30073,39.78223515,-104.8675378,7/25/2021 3:38,3:38,5,0,2,E 47TH AVE & N HIMALAYA ST,1,3,0,0,2,1,0,0,35,0,0,0,0,2,4,1,5
,2021-30074,39.77272352,-104.9034899,7/30/2021 8:15,8:15,3,0,0,QUEBEC ST S & 40TH AVE E,1,1,0,0,1,1,0,0,35,0,0,0,0,0,4,2,13
,2021-30075,39.70145354,-104.9875299,7/28/2021 5:00,5:00,12,0,0,I-25 & BROADWAY ST S,1,3,0,0,1,4,0,0,60,0,0,0,0,0,1,2,13
,2021-30076,39.78791352,-104.9404699,7/30/2021 13:49,13:49,15,0,0,COLORADO BLVD N & 50TH AVE RD E,1,1,0,0,1,3,0,0,40,0,0,0,0,0,2,1,1
,2021-30077,39.79771351,-104.8706799,7/20/2021 15:19,15:19,15,0,0,56TH AVE E & GALENA ST N,1,1,0,0,1,4,0,0,40,0,0,0,0,0,4,2,16
,2021-30078,39.76115353,-105.0047499,8/17/2021 22:00,22:00,9,0,1,I-25 & 20TH ST,1,3,0,0,1,4,0,0,55,0,0,0,1,3,1,1,7
,2021-30079,39.79486351,-104.8354399,8/5/2021 3:44,3:44,6,0,0,MAXWELL PL & UVALDA ST N,1,4,0,0,1,4,0,0,35,0,0,0,0,0,4,2,1
,2021-30080,39.83230305,-104.9834911,7/18/2021 0:53,0:53,12,0,0,I-25 SB ENT GORE PT FROM & I-70 WB,1,3,0,0,1,4,0,0,,0,0,0,0,0,2,2,13
,2021-30081,39.77681352,-104.9501099,8/2/2021 23:37,23:37,6,0,0,STEELE ST N & 43RD AVE E,1,3,0,0,1,4,0,0,35,0,0,0,0,0,4,2,5
,2021-30082,39.71799353,-104.9511699,8/18/2021 8:00,8:00,1,0,0,1ST AVE E & ST PAUL ST N,1,1,0,0,1,1,0,0,30,0,0,0,0,0,4,2,13
,2021-30083,39.76937353,-105.0428499,8/4/2021 22:33,22:33,6,0,0,STUART ST N & 38TH AVE W,1,3,0,0,1,2,0,0,25,0,0,0,0,0,4,2,13
,2021-30084,39.78024553,-105.0251344,7/29/2021 13:39,13:39,1,0,0,FEDERAL BLVD N & 46TH AVE W,1,1,1,0,1,1,0,0,35,0,0,0,0,0,2,2,16
,2021-30085,39.74166353,-104.9775499,7/31/2021 14:35,14:35,12,0,0,N CLARKSON ST & E 16TH AVE,1,1,0,0,1,1,0,0,30,0,0,0,0,0,4,2,16
,2021-30086,39.72251053,-104.9942755,8/21/2021 19:30,19:30,6,0,0,300 BLK N OSCEOLA ST & W 4TH AVE,1,3,1,0,1,4,0,0,25,0,0,0,0,0,4,2,14
,2021-30087,39.68989353,-104.9414099,8/6/2021 0:06,0:06,16,0,0,1485 S COLORADO BLVD & PRIVATE PROPERTY,1,3,0,0,5,7,0,0,35,0,0,0,0,0,3,2,16
,2021-30088,39.77711352,-104.8827799,7/21/2021 22:10,22:10,15,0,0,I-70 EB ON RAMP FROM & CENTRAL PARK BLVD N,1,3,0,0,1,8,0,0,55,0,0,0,0,0,1,2,14
,2021-30089,39.67999454,-104.9588449,8/22/2021 18:55,18:55,12,0,0,2000 BLK S UNIVERSITY BLVD & E EVANS AVE,1,1,1,0,1,4,0,0,35,0,0,0,0,0,4,2,3
,2021-30090,39.72541754,-105.0252199,8/5/2021 19:29,19:29,5,0,0,HWY 6 EB EXIT GORE PT TO & FEDERAL BLVD,1,1,0,0,3,4,0,0,55,0,0,0,0,0,1,1,13
,2021-30091,39.78561353,-105.0158299,8/5/2021 20:55,20:55,3,0,0,N ZUNI ST & W 49TH AVE,1,4,0,0,1,1,0,0,25,0,0,0,0,0,4,2,1
,2021-30092,39.74716514,-104.9405868,7/18/2021 20:50,20:50,6,0,0,2001 N STELLE ST & 2001 BLK N,1,1,0,0,1,7,0,0,10,0,0,0,0,0,3,2,13
,2021-30093,39.77967353,-104.9791499,7/30/2021 19:50,19:50,12,0,0,WASHINGTON ST N & I-70 WB ON RAMP,1,2,0,0,1,1,0,0,35,0,0,0,0,1,1,2,16
,2021-30094,39.73918353,-104.9609999,8/5/2021 14:30,14:30,6,0,0,GAYLORD ST & COLFAX AVE E,1,1,0,0,1,4,0,0,25,0,0,0,0,0,4,2,7
,2021-30095,39.65297353,-104.87382,8/1/2021 18:44,18:44,12,0,0,HAMPDEN AVE & S FLORENCE ST,1,1,0,0,1,3,0,0,45,0,0,0,0,0,4,2,3
,2021-30096,39.69305354,-105.0150799,8/1/2021 20:00,20:00,3,0,0,LOUISIANA AVE W & ZUNI ST S,1,4,0,0,1,3,0,0,25,0,0,0,0,0,4,2,5
,2021-30097,39.73832353,-104.9183499,8/10/2021 11:30,11:30,5,0,0,14TH AVE E & JASMINE ST,1,1,0,0,3,2,0,0,,0,0,0,0,0,4,1,13
,2021-30098,39.72733354,-105.0532299,8/18/2021 8:32,8:32,12,0,0,HWY 6 EB ON RAMP ENT GORE PT FROM & SHERIDAN BLVD N,1,1,0,0,1,8,0,0,55,0,0,0,0,0,1,2,13
,2021-30099,39.77994352,-104.9406599,8/8/2021 21:24,21:24,5,0,0,COLORADO BLVD N & I-70 EB ON RAMP,1,3,0,0,2,1,0,0,40,0,0,0,0,0,2,1,16
,2021-30100,39.77804052,-104.8471054,8/11/2021 15:56,15:56,3,0,0,PEORIA ST N & 45TH ST E,1,1,0,0,1,2,0,0,35,0,0,0,0,0,4,2,13
,2021-30101,39.77400352,-104.8470199,8/18/2021 12:41,12:41,12,0,0,I-70 & PEORIA ST N,1,1,0,0,1,4,0,0,55,0,0,0,0,0,1,2,13
,2021-30102,39.72922353,-104.9359999,8/15/2021 3:47,3:47,6,0,0,N BIRCH ST & E 8TH AVE,1,3,0,0,1,4,0,0,25,0,0,0,0,0,4,2,14
,2021-30103,39.78124453,-104.9777044,8/18/2021 7:58,7:58,3,0,0,WASHINGTON ST N & 4700 BLK N,1,1,0,0,1,2,0,0,30,0,0,0,0,0,4,2,7
,2021-30104,39.74015352,-104.8999799,8/17/2021 20:14,20:14,3,0,1,COLFAX AVE E & ROSEMARY ST N,1,2,0,0,1,1,0,0,25,0,0,0,0,2,2,2,13
,2021-30105,39.78020353,-104.9891799,8/18/2021 14:31,14:31,5,0,0,I-25 & I-70 WB,1,1,0,0,3,4,0,0,45,0,0,0,0,0,1,1,10
,2021-30106,39.71028354,-105.0250799,8/14/2021 19:13,19:13,15,0,0,FEDERAL BLVD S & DAKOTA AVE W,1,1,1,0,1,4,0,0,35,0,0,0,0,0,2,2,13
,2021-30107,39.68071354,-105.0532199,8/17/2021 20:24,20:24,12,0,1,SHERIDAN BLVD S & EVANS AVE W,1,3,0,0,1,4,0,0,35,0,0,0,0,2,2,2,13
,2021-30108,39.76025353,-105.0252299,8/17/2021 17:38,17:38,1,0,0,FEDERAL BLVD N & SPEER BLVD N,1,1,0,0,1,1,0,0,35,0,0,0,0,0,2,2,13
,2021-30109,39.75829353,-104.9994399,8/1/2021 2:12,2:12,15,0,0,2000 BLOCK 20TH ST & LITTLE RAVEN ST,1,3,1,0,1,4,0,0,35,0,0,0,0,0,4,2,5
,2021-30110,39.69670354,-105.0015099,8/18/2021 12:32,12:32,2,0,0,LIPAN ST S & MISSISSIPPI AVE W,1,1,1,0,1,3,0,0,0,1,0,0,0,0,4,2,16
,2021-30111,39.70033354,-105.0297599,8/18/2021 20:09,20:09,12,0,0,W KENTUCKY AVE & S IRVING ST,1,3,0,0,1,1,0,0,25,0,0,0,0,0,4,2,13
,2021-30112,39.86662778,-104.6717006,8/20/2021 0:25,0:25,12,0,0,PENA BLVD N & 40TH AVE E,1,3,0,0,1,4,0,0,65,0,0,0,0,0,4,2,4
,2021-30113,39.72540791,-105.1414387,8/14/2021 12:59,12:59,15,0,0,I-25 SB EXIT GORE PT TO & HWY 6 WB,1,1,0,0,1,4,0,0,55,0,0,0,0,0,1,2,13
,2021-30114,39.78026447,-104.8962611,8/17/2021 20:06,20:06,9,0,1,TRENTON ST N & 45TH AVE E,1,3,0,0,2,4,0,0,30,0,0,0,1,2,4,1,5
,2021-30115,39.74190553,-104.9222513,8/4/2021 18:04,18:04,15,0,0,E 16TH AVE & YORK ST,1,1,0,0,1,3,0,0,30,0,0,0,1,1,4,2,14
,2021-30116,39.72908053,-104.9874064,8/19/2021 22:32,22:32,3,0,0,E 8TH AVE & N BROADWAY ST,1,3,0,0,1,1,0,0,30,0,0,0,0,0,4,2,4
,2021-30117,39.70973354,-105.0460699,8/15/2021 20:25,20:25,6,0,0,400 BLK S UTICA ST & W ALASKA PL,1,3,1,0,1,4,0,0,25,0,0,0,0,0,4,2,16
,2021-30118,39.75441353,-104.9405999,8/16/2021 21:23,21:23,1,0,0,COLORADO BLVD N & 26TH AVE E,1,3,0,0,1,1,0,0,35,0,0,0,0,1,2,2,1
,2021-30119,39.74043353,-105.0141499,8/17/2021 22:05,22:05,15,0,0,I-25 SB OFF RAMP TO & COLFAX AVE W,1,3,0,0,1,8,0,0,65,0,0,0,0,0,1,2,8
,2021-30120,39.72850353,-104.9015099,8/19/2021 21:32,21:32,6,0,0,766 N QUINCE ST & 766 BLK N,1,4,0,0,1,4,0,0,25,0,0,0,0,0,4,2,13
,2021-30121,39.77582352,-104.8657299,8/18/2021 9:30,9:30,12,0,0,I-70 & HAVANA ST N,1,1,0,0,1,4,0,0,55,0,0,0,0,0,1,2,13
,2021-30122,39.67480658,-104.9361693,8/20/2021 4:23,4:23,1,0,0,QUEBEC ST S & ILIFF AVE E,11,3,0,1,1,1,0,0,35,0,0,0,0,1,4,2,3
,2021-30123,39.68011354,-104.9850099,6/25/2021 21:00,21:00,6,0,0,2000 BLK S SHERMAN ST & E EVANS AVE,1,4,0,0,1,4,0,0,,0,0,0,0,0,4,2,13
,2021-30124,39.77831353,-104.9801499,8/18/2021 8:26,8:26,3,0,0,PEARL ST N & 45TH AVE E,1,1,1,0,1,1,0,0,25,0,0,0,0,0,4,2,13
,2021-30125,39.8311435,-104.77945,8/19/2021 12:49,12:49,12,0,0,6000 BLK PENA BLVD OUTBOUND & E 56TH AVE,1,1,0,0,1,4,0,0,65,0,0,0,0,0,4,2,1
,2021-30126,39.65277354,-104.8843299,7/30/2021 17:09,17:09,3,0,0,HAMPDEN AVE E & 8900 BLK E,1,1,0,0,1,2,0,0,10,0,0,0,0,1,2,2,14
,2021-30127,39.68229354,-105.0203599,8/19/2021 18:30,18:30,3,0,0,W JEWELL AVE & S CLAY ST,1,1,0,0,1,1,0,0,25,0,0,0,0,0,4,2,13
,2021-30128,39.77420352,-104.8470299,8/18/2021 12:00,12:00,12,0,0,I-70 WB ON RAMP FROM & PEORIA ST N,1,1,0,0,1,8,0,0,35,0,0,0,0,0,1,2,13
,2021-30129,39.72031522,-104.880304,8/18/2021 11:30,11:30,12,0,0,N YOSEMITE & 1355 BLK,1,1,0,0,5,7,0,0,20,0,0,0,0,0,3,2,7
,2021-30130,39.74585353,-104.9878299,8/20/2021 8:45,8:45,12,0,0,1800 BLK GLENARM PL & 18TH ST,1,1,0,0,1,4,0,0,25,0,0,0,0,0,4,2,2
,2021-30131,39.76630352,-104.9404899,8/15/2021 10:21,10:21,16,0,0,3550 N COLORADO BLVD & 3550 BLK N,1,1,0,0,5,7,0,0,,0,0,0,0,0,3,2,13
,2021-30132,39.77287352,-104.9429199,8/18/2021 17:07,17:07,3,0,0,40TH AVE E & JACKSON ST N,1,1,0,0,1,1,0,0,35,0,0,0,0,0,4,2,13
,2021-30133,39.68489353,-104.9034999,8/18/2021 20:55,20:55,12,0,1,S QUEBEC ST & E CHERRY CREEK S DR,1,3,0,0,1,4,0,0,35,0,0,0,0,2,4,2,13
,2021-30134,39.76193052,-104.9027344,8/20/2021 9:55,9:55,3,0,0,MLK BLVD E & QUEBEC ST S,1,1,0,0,1,1,0,0,35,0,0,0,0,0,4,2,13
,2021-30135,39.68182354,-104.9326299,8/19/2021 22:32,22:32,11,0,0,JEWELL AVE E & 4720 E JEWELL AVE,1,3,0,0,1,2,0,0,25,0,1,0,0,1,4,1,13
,2021-30139,39.68485354,-104.9594399,7/16/2021 15:15,15:15,12,0,0,I-25 NB OFF RAMP SLIP TO & UNIVERSITY BLVD S,1,1,3,0,1,8,0,0,45,0,0,0,0,0,1,2,3
,2021-30140,39.74032353,-105.0141399,7/8/2021 5:26,5:26,15,0,0,I-25 SB ON RAMP FROM & COLFAX AVE W,1,2,3,0,1,8,0,0,55,0,0,0,0,0,1,2,13
,2021-30142,39.72807353,-104.9034499,7/15/2021 13:00,13:00,12,0,0,700 BLK N QUEBEC ST & E SEVERN PL,1,1,3,0,1,4,0,0,30,0,0,0,0,0,4,2,13
,2021-30163,39.73514353,-104.9822899,7/8/2021 14:49,14:49,3,0,0,E 12TH AVE & N LOGAN ST,1,1,3,0,1,1,0,0,25,0,0,0,0,0,4,2,8
,2021-30240,39.82518502,-104.9816053,8/19/2021 8:04,8:04,12,0,0,I-25 NB EXIT GORE PT TO & 6TH AVE W,1,1,0,0,1,8,0,0,55,0,0,0,0,0,1,3,14
,2021-30241,39.78383353,-105.0064299,8/19/2021 15:04,15:04,3,0,0,PECOS ST N & I-70 WB OFF RAMP,1,1,1,0,1,6,0,0,20,0,0,0,0,0,1,2,13
,2021-30242,39.73675353,-104.9216499,8/18/2021 16:46,16:46,3,0,2,E 13TH AVE & N IVANHOE ST,1,1,0,0,1,1,0,0,30,0,0,0,0,2,4,2,8
,2021-30243,39.77169352,-104.9029799,8/19/2021 16:30,16:30,3,0,2,E SMITH RD & N QUEBEC ST,1,1,0,0,1,1,0,0,30,0,0,0,0,1,4,3,2
,2021-30244,39.65315654,-104.9090839,8/16/2021 10:43,10:43,1,0,0,HAMPDEN AVE E & ONEIDA WY S,1,1,0,0,1,1,0,0,40,0,0,0,0,1,2,2,13
,2021-30245,39.75128353,-105.0167799,8/19/2021 10:40,10:40,12,0,0,I-25 & 23RD AVE W,1,1,0,0,1,4,0,0,55,0,0,0,0,1,1,3,1
,2021-30246,39.73751353,-105.0322399,8/10/2021 17:31,17:31,6,0,0,KNOX CT N & 14TH AVE W,1,1,1,0,1,4,0,0,30,0,0,0,0,1,4,3,10
,2021-30247,39.75766275,-104.9985601,8/18/2021 22:31,22:31,11,0,1,20TH ST & CHESTNUT ST,1,3,0,0,1,1,0,0,0,0,0,1,0,2,4,1,16
,2021-30250,39.70009353,-104.9078799,8/15/2021 3:30,3:30,12,0,0,6900 BLK LEETSDALE DR & S ONEIDA ST,1,3,0,0,1,1,0,0,35,0,0,0,0,0,4,3,14
,2021-30251,39.74197353,-105.0145799,8/18/2021 16:18,16:18,12,0,0,I-25 & AURARIA PKWY,1,1,0,0,1,4,0,0,65,0,0,0,0,0,1,2,3
,2021-30252,39.75774353,-104.9985699,8/16/2021 23:44,23:44,1,0,0,20TH ST & CHESTNUT PL,1,3,0,0,1,1,0,0,30,0,0,0,0,0,4,2,13
,2021-30253,39.76929253,-105.0253144,8/17/2021 0:50,0:50,3,0,0,FEDERAL BLVD N & 38TH AVE W,1,3,0,0,1,1,0,0,35,0,0,0,0,1,2,2,13
,2021-30254,39.76418353,-104.9544999,8/17/2021 3:03,3:03,5,0,0,3356 N CLAYTON ST & 3356 BLK N,1,3,1,0,2,4,0,0,30,0,0,0,0,0,4,1,16
,2021-30255,39.74924053,-104.9407684,8/13/2021 12:54,12:54,12,0,0,COLORADO BLVD N & 22ND AVE E,1,1,0,0,1,1,0,0,35,0,0,0,0,0,2,3,1
,2021-30256,39.65307354,-104.9182499,8/17/2021 6:17,6:17,12,0,0,I-25 NB OFF RAMP TO & HAMPDEN AVE E,1,1,1,0,1,8,0,0,55,0,0,0,0,0,1,2,16
,2021-30257,39.73562353,-104.8987399,8/16/2021 19:06,19:06,3,0,0,12TH AVE E & SYRACUSE ST N,1,1,0,0,1,1,0,0,25,0,0,0,0,0,4,2,13
,2021-30258,39.78320338,-105.0363329,8/16/2021 22:08,22:08,3,0,4,N LOWELL BLVD & W 48TH AVE S DR,1,3,0,0,1,1,0,0,30,0,0,0,0,1,4,2,5
,2021-30260,39.73203353,-104.9775799,8/17/2021 16:30,16:30,3,0,0,E 10TH AVE & N CLARKSON ST,1,1,0,0,1,1,0,0,30,0,0,0,0,0,4,2,13
,2021-30261,39.73829353,-104.9234199,8/18/2021 13:36,13:36,15,0,0,E 14TH AVE & N HUDSON ST,1,1,1,0,1,4,0,0,30,0,0,0,0,0,4,2,7
,2021-30262,39.74378352,-104.9034499,8/17/2021 16:50,16:50,3,0,0,17TH AVE E & QUEBEC ST S,1,1,0,0,1,1,0,0,35,0,0,0,0,1,4,2,1
,2021-30263,39.87088912,-104.7149793,8/17/2021 5:27,5:27,10,0,0,75TH AVE & GUN CLUN RD,1,3,0,0,1,1,0,0,45,0,0,0,0,1,4,2,8
,2021-30264,39.73677353,-104.9494799,8/17/2021 17:25,17:25,6,0,0,STEELE ST N & 13TH AVE E,1,1,0,0,1,4,0,0,30,0,0,0,0,1,4,2,14
,2021-30266,39.72452354,-105.0361799,8/18/2021 17:10,17:10,3,0,0,N MEADE ST & W 5TH AVE,1,1,0,0,1,1,0,0,25,0,0,0,0,0,4,2,3
,2021-30267,39.72527841,-105.1417334,8/17/2021 13:47,13:47,5,0,0,I-25 & 6TH AVE W,1,1,1,0,3,4,0,0,25,0,0,0,0,0,1,1,13
,2021-30268,39.77293353,-105.0247799,8/18/2021 13:00,13:00,6,0,0,41ST AVE W & FEDERAL BLVD N,1,1,0,0,1,4,0,0,25,0,0,0,0,0,4,2,1
,2021-30269,39.73000773,-105.0150067,7/19/2021 15:42,15:42,15,0,0,I-25 NB ON RAMP EXIT GORE PT FROM & HWY 6,1,1,0,0,1,8,0,0,55,0,0,0,0,0,2,2,13
,2021-30270,39.74017753,-104.9257834,8/18/2021 16:26,16:26,3,0,0,N GLENCOE ST & E COLFAX AVE,1,1,0,0,1,1,0,0,35,0,0,0,0,0,4,2,13
,2021-30271,39.79830351,-104.80959,8/17/2021 16:20,16:20,12,0,0,E 56TH AVE & N CHAMBERS RD,1,1,0,0,1,1,0,0,40,0,0,0,0,0,4,2,3
,2021-30272,39.68925444,-104.9730575,8/18/2021 17:54,17:54,5,0,0,I-25 SB ON RAMP & DOWNING ST S,1,1,1,0,2,8,0,0,30,0,0,0,0,0,4,1,1
,2021-30273,39.77467351,-104.77206,8/18/2021 15:32,15:32,12,0,0,N TOWER RD & E 43RD AVE,1,1,0,0,1,1,0,0,40,0,0,0,0,0,4,2,2
,2021-30274,39.77911352,-104.9791399,7/6/2021 4:56,4:56,1,0,1,WASHINGTON ST N & I-70 EB,1,2,0,0,1,1,0,0,35,0,0,0,0,1,4,2,1
,2021-30275,39.74190553,-104.9222513,8/17/2021 16:54,16:54,3,0,0,E 16TH AVE & N GRANT ST,1,1,0,0,1,1,0,0,30,0,0,0,0,0,4,2,13
,2021-30276,39.76453353,-104.9948099,8/17/2021 14:08,14:08,12,0,1,3100 BLK PARK AVE W & N GLOBEVILLE RD,1,1,1,0,1,4,0,0,35,0,0,0,0,1,4,2,13
,2021-30277,39.75638353,-104.9873799,8/17/2021 13:35,13:35,12,0,0,24TH ST & N BROADWAY ST,1,1,0,0,1,3,0,0,30,0,0,0,0,0,4,2,13
,2021-30278,39.67846354,-104.9286799,8/17/2021 10:40,10:40,12,0,0,5100 BLK E EVANS AVE & S GRAPE ST,1,1,0,0,1,4,0,0,35,0,0,0,0,0,4,2,13
,2021-30279,39.72529773,-105.013083,8/5/2021 0:14,0:14,5,0,0,I-25 NB ON RAMP LOOP FROM & HWY 6 EB,1,4,1,0,2,8,0,0,60,0,0,0,0,0,2,1,16
,2021-30280,39.75828353,-104.9405799,8/11/2021 20:04,20:04,1,0,1,N COLORADO BLVD & E 29TH AVE,1,2,0,0,1,1,0,0,35,0,0,0,0,3,4,2,5
,2021-30281,39.76832353,-104.9949599,8/17/2021 7:03,7:03,12,0,0,I-25 SB ENT LOOP GORE PT FROM & PARK AVE W,1,1,0,0,1,4,0,0,65,0,0,0,0,0,1,2,16
,2021-30282,39.77107452,-104.8464169,8/17/2021 12:25,12:25,15,0,0,N PEORIA ST & E 39TH AVE,1,1,0,0,1,4,0,0,35,0,0,0,0,0,4,2,13
,2021-30283,39.66631897,-105.0250984,8/12/2021 22:58,22:58,15,0,0,FEDERAL BLVD S & EVANS AVE W,1,3,0,0,1,4,0,0,40,0,0,0,0,0,2,2,1
,2021-30284,39.72531604,-105.0219925,8/17/2021 8:53,8:53,12,0,0,HWY 6 EB ON RAMP FROM & FEDERAL BLVD N,1,1,1,0,1,8,0,0,65,0,0,0,0,0,1,2,13
,2021-30386,39.67850954,-104.9734294,7/29/2021 21:25,21:25,12,0,0,E EVANS AVE & S DOWNING ST,1,3,0,0,1,1,0,0,30,0,0,0,0,0,4,2,13
,2021-30387,39.74326353,-104.9835799,7/31/2021 20:12,20:12,3,0,0,17TH AVE E & GRANT ST N,11,3,0,1,1,1,0,0,30,0,0,0,0,0,4,2,1
,2021-30388,39.72113353,-104.9802699,8/20/2021 16:46,16:46,3,0,0,SPEER BLVD E & PEARL ST N,1,1,0,0,1,1,0,0,35,0,0,0,0,0,4,2,5
,2021-30389,39.74043353,-105.0141499,6/17/2021 21:59,21:59,12,0,0,I-25 & COLFAX AVE W,1,3,0,0,1,4,0,0,,0,0,0,0,0,1,2,6
,2021-30390,39.72561353,-104.9787699,8/8/2021 18:56,18:56,11,0,1,6TH AVE E & WASHINGTON ST N,1,1,0,0,1,1,0,0,35,0,1,0,0,2,4,1,13
,2021-30391,39.67337954,-105.0203644,4/20/2021 15:09,15:09,6,0,0,S DOWNING ST & W WESLEY AVE,1,1,0,0,1,4,0,0,30,0,0,0,0,0,4,2,8
,2021-30392,39.78026353,-104.9895499,4/19/2021 15:38,15:38,12,0,0,I-25 & I-70,11,1,0,1,1,4,0,0,65,0,0,0,0,1,1,4,16
,2021-30393,39.77064702,-104.9317414,4/18/2021 13:44,13:44,12,0,0,I-70 & DAHLIA ST N,1,1,0,0,1,4,0,0,55,0,0,0,0,0,1,2,13
,2021-30394,39.73726353,-104.9046299,8/20/2021 16:23,16:23,3,0,1,13TH AVE E & POPLAR ST N,1,1,0,0,1,1,0,0,25,0,0,0,0,2,4,2,3
,2021-30395,39.71563353,-104.9405999,8/7/2021 2:38,2:38,5,0,1,COLORADO BLVD S & BAYAUD ST E,1,3,1,0,2,3,0,0,35,0,0,0,1,3,2,1,14
,2021-30397,39.74053353,-105.0237799,4/20/2021 12:51,12:51,12,0,0,COLFAX AVE 2800 BLK W & N ELIOT ST,1,1,1,0,1,4,0,0,40,0,0,0,0,0,2,2,13
,2021-30398,39.78631352,-104.8849599,7/28/2021 1:50,1:50,6,0,0,YOSEMITE ST N & 49TH PL E,1,3,0,0,1,4,0,0,25,0,0,0,0,1,4,2,14
,2021-30399,39.67298354,-105.0523399,7/29/2021 18:43,18:43,14,2,2,SHERIDAN BLVD & 2600 BLOCK S,1,1,0,0,1,4,0,0,40,0,0,0,0,4,2,2,5
,2021-30400,39.67923354,-104.9589599,7/31/2021 15:05,15:05,15,0,0,UNIVERSITY BLVD & 2040 S,1,1,0,0,5,7,0,0,10,0,0,0,0,0,3,2,13
,2021-30401,39.76119352,-104.9027399,5/22/2021 6:40,6:40,11,0,1,MLK BLVD E & QUEBEC ST N,1,1,0,0,1,1,0,0,0,0,1,0,0,3,4,1,16
,2021-30402,39.63413354,-104.9067299,8/20/2021 16:13,16:13,12,0,0,I-25 & I-225 NB FLYOVER,1,1,0,0,1,4,0,0,65,0,0,0,0,0,1,2,3
,2021-30403,39.71207354,-105.0249899,7/3/2021 21:15,21:15,12,0,0,FEDERAL BLVD S & ALAMEDA AVE W,1,3,0,0,1,3,0,0,35,0,0,0,0,0,2,2,16
,2021-30404,39.75790353,-105.0111499,8/20/2021 11:55,11:55,6,0,0,15TH ST & BOULDER ST,1,1,1,0,1,4,0,0,30,0,0,0,0,0,4,2,16
,2021-30405,39.66748354,-104.9254699,8/20/2021 13:01,13:01,15,0,0,I-25 & YALE AVE E,1,1,0,0,1,4,0,0,65,0,0,0,0,0,1,1,16
,2021-30406,39.77320751,-104.8099085,8/21/2021 9:16,9:16,12,0,0,E 40TH AVE & N CHAMBERS RD,1,1,0,0,1,4,0,0,25,0,0,0,0,0,4,2,13
,2021-30407,39.68499414,-104.9591529,8/21/2021 11:16,11:16,12,0,0,I-25 NB OFF RAMP & UNIVERSITY BLVD S,1,1,0,0,1,8,0,0,35,0,0,0,0,0,1,2,7
,2021-30408,39.77663463,-104.9897738,8/21/2021 18:14,18:14,12,0,0,I-25 SB ON RAMP FROM & I-70 WB OFF RAMP LOOP,1,1,0,0,1,8,0,0,65,0,0,0,0,0,1,2,13
,2021-30409,39.74043353,-105.0139599,8/21/2021 12:57,12:57,12,0,0,I-25 & COLFAX AVE W,1,1,0,0,1,4,0,0,65,0,0,0,0,0,1,2,1