id,drcog_id,latitude,longitude,crashtime,time,crashtype,numbkilled,numbinjurd,drcoglocat,rdconditin,lightngcon,roadcntgrd,weatherco,location,roaddescrp,schoolzone,constrzone,splimit,bikeinv,pedinv,sctrinv,motoinv,svrty,rdsystem,ttlvehcls,hcf
,2021-30410,39.72527841,-105.1417334,8/20/2021 13:02,13:02,15,0,0,6TH AVE W & I-25,1,1,0,0,1,4,0,0,35,0,0,0,0,0,1,2,13
,2021-30411,39.79815351,-104.8422999,8/20/2021 15:33,15:33,12,0,0,56TH AVE E & REVERE ST N,1,1,0,0,1,1,0,0,40,0,0,0,0,0,4,2,13
,2021-30412,39.72568353,-104.9951799,8/21/2021 11:35,11:35,8,0,0,W 6TH AVE & N FOX ST,1,1,0,0,1,3,0,0,25,0,0,0,0,0,4,2,14
,2021-30413,39.76114857,-105.0532414,8/20/2021 14:25,14:25,15,0,0,I-70 & SHERIDAN BLVD N,1,1,1,0,1,4,0,0,65,0,0,0,0,0,1,2,1
,2021-30414,39.71835353,-104.9127699,8/16/2021 21:50,21:50,8,0,2,N MONACO ST & E 1ST AVE,1,3,0,0,1,1,0,0,30,0,0,0,0,2,4,2,13
,2021-30415,39.72013353,-104.9921399,8/18/2021 23:31,23:31,6,0,1,200 BLK N CHEROKEE ST & W 3RD AVE,1,3,0,0,1,4,0,0,25,0,0,0,1,2,4,2,5
,2021-30416,39.65708353,-104.85876,8/21/2021 10:04,10:04,6,0,0,KENTON ST S & DARTMOUTH AVE E,1,1,0,0,1,4,0,0,30,0,0,0,0,0,4,2,3
,2021-30417,39.69657353,-104.9593099,8/21/2021 10:25,10:25,12,0,0,S UNIVERSITY BLVD & E MISSISSIPPI AVE,1,1,0,0,1,4,0,0,30,0,0,0,0,0,4,2,13
,2021-30418,39.68033747,-105.0250464,8/20/2021 21:50,21:50,11,0,0,FEDERAL BLVD S & EVANS AVE W,1,3,0,0,1,3,0,0,0,0,1,0,0,0,2,1,16
,2021-30419,39.67851354,-104.9875599,8/20/2021 21:56,21:56,1,0,0,BROADWAY ST S & EVANS AVE W,1,3,0,0,1,1,0,0,35,0,0,0,0,0,4,2,3
,2021-30420,39.8311435,-104.77945,8/19/2021 13:43,13:43,12,0,3,PENA BLVD & E-470,1,1,1,0,1,4,0,0,65,0,0,0,0,1,4,2,3
,2021-30421,39.76201353,-105.0158299,8/21/2021 11:48,11:48,1,0,0,ZUNI ST N & 32ND AVE W,1,1,0,0,1,1,0,0,25,0,0,0,1,0,4,2,16
,2021-30422,39.66761354,-104.9257499,8/19/2021 14:04,14:04,15,0,0,I-25 & YALE AVE E,1,1,0,0,1,4,0,0,65,0,0,0,0,0,1,2,7
,2021-30423,39.74010353,-104.9988499,8/21/2021 2:41,2:41,15,0,0,COLFAX AVE W & SPEER BLVD,1,3,0,0,1,4,0,0,30,0,0,0,0,0,2,2,5
,2021-30424,39.71117354,-105.0145099,8/19/2021 13:00,13:00,3,0,2,ALAMEDA AVE W & YUMA ST S,1,1,0,0,1,1,0,0,30,0,0,0,0,3,2,2,1
,2021-30425,39.77994352,-104.9406599,8/13/2021 15:30,15:30,12,0,0,I-70 & COLORADO BLVD N,1,1,0,0,1,4,0,0,65,0,0,0,0,0,1,2,5
,2021-30426,39.64223355,-105.0299499,8/19/2021 15:49,15:49,12,0,0,S IRVING ST & W OXFORD AVE,1,1,0,0,1,4,0,0,30,0,0,0,0,0,4,2,4
,2021-30427,39.78008352,-104.9404999,8/19/2021 7:15,7:15,12,0,0,I-70 & COLORADO BLVD N,1,1,0,0,1,4,0,0,65,0,0,0,0,1,1,2,13
,2021-30428,39.73841353,-104.9764499,8/19/2021 7:39,7:39,3,0,0,E 14TH AVE & N EMERSON ST,1,1,0,0,1,1,0,0,30,0,0,0,0,0,4,2,14
,2021-30429,39.75120353,-105.0252199,8/21/2021 1:55,1:55,2,0,1,FEDERAL BLVD N & 23RD AVE W,1,3,0,0,1,1,0,0,35,1,0,0,0,2,2,2,14
,2021-30430,39.75311953,-104.9402284,8/19/2021 9:34,9:34,5,0,0,COLORADO BLVD N & 2500 BLK N,1,1,0,0,3,4,0,0,35,0,0,0,0,0,2,1,16
,2021-30431,39.77104352,-104.9487099,8/20/2021 23:59,23:59,6,0,0,ADAMS ST N & 39TH AVE E,1,4,0,0,1,4,0,0,25,0,0,0,0,0,4,2,13
,2021-30432,39.73848354,-105.0520599,8/21/2021 3:17,3:17,6,0,0,ZENOBIA ST N & 14TH AVE W,1,3,0,0,1,5,0,0,25,0,0,0,0,0,4,2,7
,2021-30433,39.77400352,-104.8470199,8/19/2021 11:55,11:55,15,0,0,PEORIA ST N & I-70 EB OFF RAMP,1,1,0,0,1,1,0,0,35,0,0,0,0,0,1,2,8
,2021-30434,39.72551353,-105.0133499,8/12/2021 11:55,11:55,12,0,0,I-25 & 6TH AVE W,1,1,0,0,1,4,0,0,65,0,0,0,0,0,1,2,1
,2021-30435,39.75239353,-104.9878599,8/18/2021 23:50,23:50,6,0,0,2142 CURTIS ST & 22ND ST,1,3,0,0,1,4,0,0,25,0,0,0,0,0,4,2,5
,2021-30436,39.71332354,-105.0532599,8/22/2021 10:20,10:20,3,0,0,SHERIDAN BLVD S & CEDAR AVE W,1,1,0,0,1,1,0,0,40,0,0,0,0,0,2,2,1
,2021-30437,39.75482353,-105.0299299,8/22/2021 13:06,13:06,6,0,0,N IRVING ST & W 26TH AVE,1,1,0,0,1,4,0,0,25,0,0,0,0,0,4,2,13
,2021-30438,39.75312353,-105.0080399,8/19/2021 15:12,15:12,15,0,0,N SPEER BLVD & LITTLE RAVEN ST,11,1,0,1,1,4,0,0,35,0,0,0,0,0,4,2,16
,2021-30439,39.75529353,-105.0124799,8/22/2021 1:25,1:25,12,0,0,I-25 NB ON RAMP FROM & SPEER BLVD N,1,3,1,0,1,8,0,0,45,0,0,0,0,0,1,2,13
,2021-30440,39.71468353,-104.9859499,8/11/2021 17:30,17:30,8,0,0,100 BLK E BAYAUD AVE & S LINCOLN ST,1,1,0,0,1,5,0,0,25,0,0,0,0,0,4,2,13
,2021-30441,39.73848354,-105.0532099,8/11/2021 15:56,15:56,12,0,0,SHERIDAN BLVD N & 14TH AVE W,1,1,0,0,1,1,0,0,30,0,0,0,0,0,2,2,13
,2021-30442,39.72931353,-105.0150399,8/22/2021 0:13,0:13,15,0,0,I-25 & 8TH AVE W,1,3,0,0,1,4,0,0,65,0,0,0,0,1,1,2,5
,2021-30443,39.71137753,-104.9142004,8/16/2021 11:13,11:13,12,0,1,E ALAMEDA AVE & S LOCUST ST,1,1,0,0,1,3,0,0,35,0,0,0,0,1,4,3,3
,2021-30444,39.8279205,-104.692991,8/18/2021 19:27,19:27,3,0,0,75TH AVE & JACKSON GAP,1,1,1,0,1,1,0,0,35,0,0,0,0,0,4,2,3
,2021-30445,39.67098354,-105.0227399,8/11/2021 20:01,20:01,3,0,0,DECATUR ST S & HILLSIDE AVE W,1,1,0,0,1,1,0,0,25,0,0,0,0,0,4,2,5
,2021-30446,39.70044254,-105.0532324,8/22/2021 2:15,2:15,14,0,0,SHERIDAN BLVD S & KENTUCKY AVE W,1,3,0,0,6,4,0,0,35,0,0,0,0,0,2,2,3
,2021-30447,39.70113354,-104.9686999,8/21/2021 15:30,15:30,6,0,0,FRANKLIN ST S & OHIO AVE E,1,1,0,1,1,4,0,0,25,0,0,0,0,0,4,2,1
,2021-30448,39.74033353,-105.0393199,8/12/2021 22:32,22:32,3,0,0,COLFAX AVE W & PERRY ST N,1,3,0,0,1,1,0,0,,0,0,0,0,0,2,2,13
,2021-30449,39.72553353,-105.0131199,8/21/2021 20:21,20:21,12,0,0,I-25 NB OFF RAMP LOOP TO & HWY 6 WB,1,2,1,0,1,8,0,0,35,0,0,0,0,0,1,2,16
,2021-30450,39.74196352,-104.8846399,8/19/2021 18:38,18:38,3,0,0,E 16TH AVE & N YOSEMITE ST,1,1,0,0,1,1,0,0,30,0,0,0,0,0,4,2,16
,2021-30451,39.69675254,-105.0250579,8/19/2021 17:14,17:14,1,0,0,FEDERAL BLVD S & MISSISSIPPI AVE W,1,1,0,0,1,1,0,0,40,0,0,0,0,0,2,2,13
,2021-30452,39.74824153,-104.9864389,8/17/2021 9:55,9:55,3,0,0,20TH ST & WELTON ST,1,1,0,0,1,1,0,0,35,0,0,0,0,0,4,2,3
,2021-30453,39.79815351,-104.8422999,8/19/2021 15:35,15:35,10,0,0,E 56TH AVE & N REVERE ST,1,1,0,1,1,1,0,0,35,0,0,0,0,0,4,2,13
,2021-30454,39.72527841,-105.1417334,8/22/2021 12:02,12:02,12,0,0,I-25 & 6TH AVE W,1,1,0,0,1,4,0,0,65,0,0,0,0,0,1,2,13
,2021-30455,39.76193052,-104.9027344,8/18/2021 19:18,19:18,12,0,0,E MLK BLVD & N QUEBEC ST,1,2,0,0,1,4,0,0,35,0,0,0,0,0,4,2,1
,2021-30590,39.70810353,-104.9269699,7/23/2021 14:11,14:11,12,0,0,LEETSDALE DR & S FOREST ST,1,1,3,0,1,3,0,0,35,0,0,0,0,0,2,2,13
,2021-30591,39.68885354,-105.0489599,7/23/2021 6:47,6:47,6,0,1,1500 BLK S WOLCOTT CT & W FLORIDA AVE,1,1,3,1,1,1,0,0,25,0,0,0,0,2,4,2,16
,2021-30593,39.68211354,-104.9687199,7/22/2021 14:31,14:31,3,0,0,E JEWELL AVE & S FRANKLIN ST,1,1,3,0,1,1,0,0,25,0,0,0,0,1,4,2,16
,2021-30594,39.69589353,-104.9222399,7/18/2021 4:52,4:52,5,0,0,HOLLY ST S & CHERRY CREEK DR SE,1,2,3,0,2,1,0,0,30,0,0,0,0,0,4,1,1
,2021-30595,39.74013353,-104.9034499,7/23/2021 9:40,9:40,12,0,0,COLFAX AVE E & QUEBEC ST N,1,1,3,0,1,3,0,0,35,0,0,0,0,0,2,2,13
,2021-30596,39.74013353,-104.9216499,7/23/2021 12:57,12:57,15,0,0,COLFAX AVE E & IVANHOE ST N,1,1,3,0,1,1,0,0,35,0,0,0,0,0,2,2,11
,2021-30598,39.75990666,-104.9818438,7/7/2021 3:51,3:51,5,0,0,LAWRENCE ST & 32ND ST,1,3,3,0,2,3,0,0,25,0,0,0,0,0,4,1,16
,2021-30599,39.72821353,-104.9590199,7/22/2021 17:00,17:00,6,0,0,JOSEPHINE ST N & 8TH AVE E,1,2,3,0,1,4,0,0,,0,0,0,0,0,4,2,16
,2021-30600,39.70144354,-104.9967999,7/23/2021 9:06,9:06,5,0,0,HURON ST S & EXPOSITION AVE W,1,1,3,1,1,1,0,0,,0,0,0,0,0,4,1,16
,2021-30602,39.65354354,-104.9156899,7/23/2021 6:41,6:41,16,0,0,HAMPDEN AVE & 6395 E,1,1,3,0,5,7,0,0,,0,0,0,0,0,3,2,13
,2021-30603,39.74230353,-104.9993299,7/23/2021 7:05,7:05,3,0,0,CHAMPA ST & N SPEER BLVD,1,1,3,0,1,1,0,0,30,0,0,0,0,1,4,2,13
,2021-30604,39.71935353,-104.9849899,7/23/2021 9:07,9:07,15,0,0,2ND AVE E & SHERMAN ST N,1,1,3,0,1,4,0,0,25,0,0,0,0,0,4,2,13
,2021-30607,39.69847354,-104.9934899,7/23/2021 13:37,13:37,6,0,0,500 BLK W TENNESSEE AVE & S FOX ST,1,1,3,0,1,4,0,0,25,0,0,0,0,0,4,2,13
,2021-30610,39.75157353,-104.9873799,7/23/2021 9:30,9:30,15,0,0,CHAMPA ST & N BROADWAY ST,1,1,3,0,1,1,0,0,30,0,0,0,0,0,4,2,16
,2021-30611,39.72333353,-104.9874799,7/22/2021 17:10,17:10,12,0,0,400 BLK N BROADWAY ST & W 4TH AVE,1,1,3,0,1,4,0,0,35,0,0,0,0,0,4,2,3
,2021-30614,39.74630353,-104.9924599,7/23/2021 15:05,15:05,15,0,0,STOUT ST & 16TH ST,1,1,3,0,1,4,0,0,25,0,0,0,0,0,1,2,13
,2021-30616,39.72564353,-104.9862499,7/22/2021 15:04,15:04,15,0,0,LINCOLN ST N & 6TH AVE W,1,1,3,0,1,1,0,0,30,0,0,0,0,0,4,2,14
,2021-30635,39.81976488,-104.9874604,8/17/2021 20:30,20:30,6,0,0,BROADWAY & ALAMEDA,1,2,0,0,1,4,0,0,30,0,0,0,0,0,4,4,7
,2021-30637,39.77329409,-104.8387698,8/21/2021 22:44,22:44,15,0,0,I-70 & MM 282.30,1,3,0,0,1,4,0,0,65,0,0,0,0,0,1,3,1
,2021-30638,39.69755354,-104.9926199,7/26/2021 9:21,9:21,15,0,0,1000 BLK S PLATTE RIVER DR & W MISSISSIPPI AVE,1,1,0,0,1,4,0,0,40,0,0,0,0,0,4,3,16
,2021-30639,39.68472354,-104.9594399,8/19/2021 17:47,17:47,12,0,0,I-25 & UNIVERSITY BLVD S,1,1,1,0,1,4,0,0,65,0,0,0,0,1,1,3,3
,2021-30641,39.75718353,-105.0117899,8/8/2021 23:54,23:54,6,0,0,28TH AVE W & UMATILLA ST N,1,3,0,0,1,4,0,0,35,0,0,0,0,0,4,3,1
,2021-30642,39.71134153,-104.9035399,8/17/2021 19:24,19:24,3,0,0,ALAMEDA AVE E & QUEBEC ST S,1,1,0,0,1,1,0,0,45,0,0,0,0,0,4,4,1
,2021-30643,39.69669854,-104.9918704,7/30/2021 16:54,16:54,1,0,0,SANTA FE DR S & MISSISSIPPI AVE W,1,1,0,0,1,1,0,0,35,0,0,0,0,0,2,3,14
,2021-30644,39.76810352,-104.9498999,8/6/2021 22:10,22:10,12,0,0,N STEELE ST & E 37TH AVE,1,3,0,0,1,1,0,0,30,0,0,0,0,0,4,3,14
,2021-30647,39.76449353,-104.9659399,7/22/2021 12:43,12:43,6,0,0,BRUCE RANDOLPH AVE E & WILLIAMS ST N,1,1,0,0,3,4,0,0,30,0,0,0,0,0,4,2,7
,2021-30648,39.73047895,-104.9143534,8/12/2021 11:19,11:19,6,0,0,9TH AVE E & 6001 BLK E,1,1,0,0,1,4,0,0,25,0,0,0,0,0,4,4,1
,2021-30649,39.65311154,-104.8988149,8/15/2021 16:36,16:36,15,0,0,HAMPDEN AVE E & TAMARAC DR S,1,1,0,0,1,4,0,0,40,0,0,0,0,0,2,3,5
,2021-30650,39.68837354,-105.0343599,8/20/2021 16:58,16:58,6,0,0,LOWELL BLVD S & MICHIGAN WY S,1,1,0,0,1,4,0,0,30,0,1,0,0,1,4,2,5
,2021-30651,39.76115353,-105.0047499,8/20/2021 13:25,13:25,12,0,0,I-25 & 20TH ST,1,1,1,0,1,4,0,0,55,0,0,0,0,0,1,2,13
,2021-30652,39.67566554,-105.0532684,8/20/2021 15:55,15:55,1,0,0,SHERIDAN BLVD S & WARREN AVE W,1,1,0,0,1,1,0,0,35,0,0,0,0,1,2,3,1
,2021-30653,39.76805353,-105.0064399,8/17/2021 12:49,12:49,3,0,0,W 37TH AVE & N PECOS ST,1,1,1,0,1,1,0,0,25,0,0,0,0,0,4,2,13
,2021-30654,39.65308354,-104.9432899,8/17/2021 15:26,15:26,12,0,0,3500 BLK E HAMPDEN AVE & S FOREST ST,1,1,0,0,1,4,0,0,40,0,0,0,0,0,4,3,14
,2021-30655,39.69658353,-104.8928999,8/21/2021 12:17,12:17,3,0,0,MISSISSIPPI AVE E & VALENTIA ST S,1,1,0,0,1,1,0,0,30,0,0,0,0,0,4,3,4
,2021-30656,39.74000353,-104.9659799,8/17/2021 7:44,7:44,12,0,0,COLFAX AVE E & WILLIAMS ST N,1,1,0,0,1,3,0,0,30,0,0,0,0,0,2,3,13
,2021-30657,39.79756351,-104.8307299,8/20/2021 10:40,10:40,3,0,1,E RANDOLPH PL & N WORCHESTER ST,1,1,0,0,1,1,0,0,25,0,0,0,0,1,4,3,8
,2021-30658,39.72931353,-105.0148199,8/20/2021 19:20,19:20,12,0,0,I-25 & 8TH AVE W,1,1,1,0,1,4,0,0,55,0,0,0,0,0,1,3,3
,2021-30659,39.78047352,-104.9393399,8/21/2021 5:55,5:55,12,0,0,I-70 WB OFF RAMP & COLORADO BLVD N,1,3,1,0,1,8,0,0,25,0,0,0,0,0,1,2,13
,2021-30660,39.75267353,-104.9946599,8/1/2021 2:00,2:00,11,0,1,19TH ST & MARKET ST,1,3,0,0,1,4,0,0,25,0,1,0,0,3,4,2,3
,2021-30661,39.74043353,-105.0139599,8/22/2021 17:52,17:52,3,0,0,COLFAX AVE W & I-25 NB OFF RAMP,1,1,0,0,1,1,0,0,45,0,0,0,0,0,2,3,13
,2021-30662,39.77026858,-104.8996366,8/20/2021 20:35,20:35,3,0,1,E 12TH AVE & N SYRACUSE ST,1,3,0,0,1,1,0,0,25,0,0,0,0,2,4,3,1
,2021-30663,39.77499975,-104.8107869,8/21/2021 19:59,19:59,1,0,0,E ANDREWS DR & N GRANBY ST,11,3,0,1,1,1,0,0,25,0,0,0,0,0,4,2,8
,2021-30664,39.77400352,-104.8470199,8/16/2021 18:04,18:04,12,0,0,I-70 & PEORIA ST N,1,1,0,0,1,4,0,0,65,0,0,0,0,0,1,3,14
,2021-30665,39.98885287,-104.7581389,8/22/2021 6:48,6:48,5,0,1,PENA BLVD & E-470,1,1,0,0,3,4,0,0,65,0,0,0,0,3,4,1,2
,2021-30666,39.78562352,-104.8948299,8/16/2021 18:53,18:53,6,0,0,4900 N TAMARAC ST & 4900 BLK N,1,1,0,0,1,4,0,0,25,0,0,0,0,0,4,2,5
,2021-30667,39.77705982,-104.9701395,8/22/2021 17:10,17:10,5,0,0,I-70 & BRIGHTON BLVD N,1,1,0,0,3,4,0,1,65,0,0,0,0,0,1,3,13
,2021-30668,39.76558352,-104.9293599,8/18/2021 13:24,13:24,5,0,0,35TH AVE E & ELM ST N,1,1,0,0,1,4,0,0,25,0,0,0,0,0,4,2,14
,2021-30669,39.78555352,-104.9497199,7/3/2021 6:37,6:37,6,0,0,4900 BLK N STEELE ST & E 50TH AVE,1,3,0,0,1,4,0,0,25,0,0,0,0,0,4,3,3
,2021-30670,39.72263353,-104.8785299,8/9/2021 18:30,18:30,6,0,0,9300 E 5TH AVE & E 4TH PL,1,1,0,0,1,4,0,0,25,0,0,0,0,0,4,3,13
,2021-30676,39.74015353,-104.9500499,7/14/2021 18:35,18:35,1,0,0,COLFAX AVE E & STEELE ST N,1,1,3,0,1,1,0,0,30,0,0,0,0,0,2,2,1
,2021-30677,39.74999353,-104.9890199,7/20/2021 9:33,9:33,12,0,0,2100 BLK ARAPAHOE ST & 21ST ST,1,1,3,0,1,4,0,0,25,0,0,0,0,0,4,2,16
,2021-30681,39.73369353,-104.9574399,7/21/2021 10:39,10:39,3,0,0,2500 BLK E 11TH AVE & N COLUMBINE ST,1,1,3,0,1,9,0,0,25,0,0,0,0,1,4,2,13
,2021-30682,39.65621298,-104.8846932,7/20/2021 13:30,13:30,3,0,0,YOSEMITE ST S & OXFORD AVE E,1,1,3,0,1,1,0,0,25,0,0,0,0,0,4,2,3
,2021-30683,39.72564353,-105.0008899,6/26/2021 14:40,14:40,12,0,0,W 6TH AVE & N KALAMATH ST,11,1,3,0,1,4,0,0,,0,0,0,0,0,4,2,1
,2021-30684,39.74159353,-104.9403399,7/11/2021 9:14,9:14,15,0,0,COLORADO BLVD N & 17TH AVE E,1,1,3,1,1,3,0,0,35,0,0,0,0,0,2,2,16
,2021-30686,39.77549352,-104.9176099,6/28/2021 10:00,10:00,6,0,0,KEARNEY ST N & 42ND AVE E,1,1,3,0,1,4,0,0,30,0,0,0,0,0,4,2,16
,2021-30687,39.64590354,-104.88501,7/20/2021 17:58,17:58,15,0,0,S YOSEMITE ST & E MANSFIELD AVE,1,1,3,0,1,3,0,0,35,0,0,0,0,0,4,2,16
,2021-30691,39.73870353,-104.9695299,6/26/2021 20:45,20:45,6,0,0,1400 BLK N HUMBOLDT ST & E COLFAX AVE,11,2,3,1,1,2,0,0,25,0,0,0,0,0,4,2,4
,2021-30694,39.75638353,-104.9873799,7/21/2021 16:52,16:52,8,0,0,24TH ST & N BROADWAY ST,1,1,3,0,1,1,0,0,25,0,0,0,0,0,4,2,1
,2021-30695,39.69848354,-104.9926899,7/21/2021 7:50,7:50,12,0,0,S PLATTE RIVER DR & W TENNESSEE AVE,1,1,3,0,1,4,0,1,35,0,0,0,0,0,2,2,13
,2021-30696,39.67844354,-104.9337599,7/21/2021 10:27,10:27,12,0,0,I-25 NB ON RAMP FROM & EVANS AVE E,1,1,3,0,1,8,0,0,45,0,0,0,0,0,1,2,13
,2021-30697,39.75801769,-104.8905233,7/22/2021 13:59,13:59,12,0,0,2900 BLK N CENTRAL PARK BLVD & E 29TH AVE,1,1,3,0,1,4,0,0,30,0,0,0,0,0,4,2,3
,2021-30698,39.77940353,-104.9858399,7/22/2021 9:40,9:40,12,0,0,E 46TH AVE & N LINCOLN ST,1,1,3,0,1,3,0,0,25,0,0,0,0,0,4,2,13
,2021-30699,39.74000653,-104.9684659,7/23/2021 19:35,19:35,12,0,0,COLFAX AVE E & PARK AVE W,1,1,3,0,1,1,0,0,35,0,0,0,0,0,2,2,8
,2021-30701,39.75161353,-105.0029899,7/21/2021 15:52,15:52,6,0,0,WEWATTA ST & 15TH ST,1,1,3,0,1,4,0,0,25,0,0,0,0,0,4,2,13
,2021-30703,39.74611353,-104.9909599,6/14/2021 15:40,15:40,12,0,0,17TH ST & CALIFORNIA ST,1,1,3,0,1,3,0,0,30,0,0,0,0,0,4,2,1
,2021-30705,39.73426353,-104.9127899,7/22/2021 17:15,17:15,12,0,0,N MONACO ST & E RICHTHOFEN PL,1,1,3,0,1,1,0,0,35,0,0,0,0,0,4,2,7
,2021-30708,39.73758353,-104.9527899,7/21/2021 12:43,12:43,6,0,0,FILLMORE ST & 1300 BLK N,1,1,3,0,1,4,0,0,25,0,0,0,0,0,4,2,16
,2021-30709,39.75790774,-104.8918175,7/21/2021 6:37,6:37,3,0,0,N YORK ST & E 29TH AVE,1,1,3,0,1,1,0,0,30,0,0,0,0,0,4,2,13
,2021-30711,39.74432353,-104.9372099,7/21/2021 7:08,7:08,6,0,0,1700 BLK N BELLAIRE ST & E 17TH AVE,1,1,3,0,1,4,0,0,25,0,0,0,0,0,4,2,3
,2021-30712,39.74793353,-104.9860999,7/4/2021 11:14,11:14,15,0,0,LINCOLN ST N & 20TH ST,1,1,3,1,1,1,0,0,,0,0,0,0,0,4,2,16
,2021-30713,39.71219353,-104.9375299,7/22/2021 11:47,11:47,12,0,0,LEETSDALE DR & CEDAR AVE E,1,1,3,0,1,4,0,0,25,0,0,0,0,0,2,2,13
,2021-30714,39.72332353,-104.9509899,7/21/2021 14:50,14:50,6,0,0,ST PAUL ST N & 400 BLK N,1,1,3,0,1,4,0,0,25,0,0,0,0,0,4,2,16
,2021-30716,39.62378354,-104.9017099,7/21/2021 18:15,18:15,12,0,0,I-25 & BELLEVIEW AVE,1,1,3,0,1,4,0,0,65,0,0,0,0,0,1,2,3
,2021-30718,39.72563353,-104.9811299,7/22/2021 10:23,10:23,15,0,0,400 BLK E 6TH AVE & GRANT ST,1,1,3,0,1,4,0,0,30,0,0,0,0,0,4,2,13
,2021-30719,39.73284353,-104.8919699,7/21/2021 5:30,5:30,12,0,0,11TH AVE & 8200 BLK E,1,2,3,0,1,4,0,0,30,0,0,0,0,0,4,2,8
,2021-30720,39.74485353,-104.9798699,7/22/2021 11:12,11:12,10,0,0,18TH AVE E & PEARL ST N,1,1,3,0,1,1,0,0,25,0,0,0,0,0,4,2,16
,2021-30721,39.70018353,-104.9406799,7/21/2021 16:59,16:59,12,0,0,COLORADO BLVD S & KENTUCKY AVE E,1,1,3,0,1,4,0,0,35,0,0,0,0,0,2,2,8
,2021-30722,39.66149975,-104.9072351,7/21/2021 8:14,8:14,12,0,0,E YALE AVE & S ONEIDA ST,1,1,3,0,1,4,0,0,30,0,0,0,0,0,4,2,13
,2021-30723,39.75484353,-105.0532299,7/21/2021 11:30,11:30,1,0,0,W 26TH AVE & N SHERIDAN BLVD,1,1,3,0,1,1,0,0,30,0,0,0,0,0,4,2,13
,2021-30724,39.76194852,-104.9406604,6/18/2021 13:20,13:20,12,0,0,E MLK BLVD & N COLORADO BLVD,1,1,3,0,1,1,0,0,,0,0,0,0,0,2,2,16
,2021-30725,39.67212354,-104.9605599,7/21/2021 14:54,14:54,15,0,0,2400 BLK S YORK ST & E HARVARD AVE,1,1,3,0,1,4,0,0,25,0,0,0,0,0,4,2,13
,2021-30726,39.65307354,-104.9432899,7/22/2021 10:59,10:59,12,0,0,HAMPDEN AVE E & COLORADO BLVD S,1,1,3,0,1,4,0,0,45,0,0,0,0,0,2,2,13
,2021-30727,39.74034354,-105.0531999,7/21/2021 9:30,9:30,15,0,0,SHERIDAN BLVD N & COLFAX AVE W,1,1,3,0,1,3,0,0,35,0,0,0,0,0,2,2,13
,2021-30728,39.74751353,-104.9891699,7/21/2021 17:40,17:40,3,0,0,18TH ST & CALIFORNIA ST,1,1,3,0,1,2,0,0,35,0,0,0,0,0,4,2,1
,2021-30729,39.67030354,-104.9593799,7/4/2021 12:45,12:45,12,0,0,2500 BLK S UNIVERSITY BLVD & E VASSAR AVE,1,1,3,0,1,4,0,0,30,0,0,0,1,0,4,2,13
,2021-30731,39.75791353,-104.9917599,7/21/2021 16:03,16:03,12,0,0,PARK AVE W & WAZEE ST,1,1,3,0,1,4,0,0,30,0,0,0,0,1,4,2,16
,2021-30732,39.73919353,-104.9406599,7/22/2021 10:06,10:06,12,0,0,COLORADO BLVD N & COLFAX AVE E,1,1,3,0,1,3,0,0,30,0,0,0,0,0,2,2,1
,2021-30733,39.66763354,-104.9058799,7/21/2021 12:00,12:00,12,0,1,E YALE AVE & S ONEIDA ST,1,1,3,0,1,5,0,0,30,0,0,0,0,2,4,2,13
,2021-30734,39.74011353,-104.9988499,7/22/2021 10:22,10:22,3,0,0,COLFAX AVE W & SPEER BLVD SB,1,1,3,0,1,1,0,0,30,0,0,0,0,1,2,2,13
,2021-30735,39.68935353,-104.9233599,7/24/2021 8:47,8:47,12,0,0,5500 BLK E FLORIDA AVE & S HOLLY ST,1,1,3,1,1,1,0,0,30,0,0,0,0,0,4,2,13
,2021-30738,39.71652353,-104.9768999,7/7/2021 11:12,11:12,6,0,0,EMERSON ST N & ELLSWORTH AVE E,1,1,3,0,1,4,0,0,25,0,0,0,0,0,4,2,13
,2021-30740,39.70572354,-104.9875499,7/22/2021 13:18,13:18,3,0,1,S BROADWAY ST & E CENTER AVE,1,1,3,0,1,1,0,0,35,0,0,0,0,2,4,2,3
,2021-30741,39.69661353,-104.9218799,7/13/2021 16:21,16:21,12,0,1,S HOLLY ST & E CHERRY CREEK N DR,1,1,3,0,1,1,0,0,30,0,0,0,0,1,4,2,16
,2021-30744,39.65308354,-104.9153399,7/22/2021 13:07,13:07,1,0,0,HAMPDEN AVE E & LOCUST ST S,1,1,3,0,1,1,0,0,40,0,0,0,0,0,2,2,13
,2021-30745,39.69793831,-104.8823775,7/23/2021 15:09,15:09,3,0,0,E MISSISSIPPI AVE & S ALTON ST,1,1,3,0,1,1,0,0,25,0,0,0,0,0,4,2,14
,2021-30746,39.77027037,-104.975429,7/18/2021 16:55,16:55,12,0,0,1600 BLK 17TH ST & WAZEE ST,1,1,3,0,1,4,0,0,30,0,0,0,0,0,4,2,13
,2021-30747,39.76137303,-105.0052443,6/24/2021 7:20,7:20,10,0,0,20TH ST & I-25 SB OFF RAMP,1,1,3,0,1,1,0,0,45,0,0,0,0,0,1,2,16
,2021-30750,39.72869353,-104.9034599,7/1/2021 5:33,5:33,12,0,0,N QUEBEC ST & E SEVERN PL,1,2,3,0,1,4,0,0,30,0,0,0,0,0,4,2,13