id,drcog_id,latitude,longitude,crashtime,time,crashtype,numbkilled,numbinjurd,drcoglocat,rdconditin,lightngcon,roadcntgrd,weatherco,location,roaddescrp,schoolzone,constrzone,splimit,bikeinv,pedinv,sctrinv,motoinv,svrty,rdsystem,ttlvehcls,hcf
,2021-30753,39.74631353,-104.9767899,7/16/2021 8:48,8:48,15,0,0,1900 BLK PARK AVE & WEWATTA ST,1,1,3,1,1,1,0,0,35,0,0,0,0,0,4,2,16
,2021-30754,39.67845353,-104.9159499,7/20/2021 17:00,17:00,12,0,0,E EVANS AVE & S LEYDEN ST,1,1,3,0,1,3,0,0,30,0,0,0,0,0,4,2,3
,2021-30756,39.75574753,-104.9889544,7/21/2021 13:12,13:12,10,0,0,PARK AVE W & LARIMER ST,1,1,3,0,1,1,0,0,30,0,0,0,0,0,4,2,8
,2021-30757,39.78363351,-104.79137,6/25/2021 14:09,14:09,12,0,0,E GVR BLVD & PENA BLVD,1,1,3,0,1,8,0,0,35,0,0,0,0,0,4,2,1
,2021-30758,39.72564353,-104.9862499,7/22/2021 13:54,13:54,10,0,0,SPEER BLVD E & LINCOLN ST N,1,1,3,0,1,1,0,0,30,0,0,0,0,0,4,2,14
,2021-30760,39.78179351,-104.73453,7/19/2021 14:50,14:50,3,0,0,E GVR BLVD & N PICADILLY RD,1,1,3,0,1,1,0,0,40,0,0,0,0,0,4,2,7
,2021-30761,39.67842354,-104.9579199,7/20/2021 18:50,18:50,12,0,0,E EVANS AVE & S JOSEPHINE ST,1,1,3,0,1,1,0,0,30,0,0,0,0,0,4,2,3
,2021-30763,39.77996352,-104.9497999,4/20/2021 11:00,11:00,12,0,0,I-70 & STEELE ST N,11,1,0,0,1,4,0,0,65,0,0,0,0,0,1,2,13
,2021-30764,39.78346312,-105.0112166,8/5/2021 15:49,15:49,15,0,1,I-70 & MM 282.2,1,1,0,0,1,4,0,0,55,0,0,0,0,2,1,2,16
,2021-30768,39.72906353,-104.9835899,7/1/2021 19:30,19:30,3,0,0,E 8TH AVE & N GRANT ST,1,1,3,0,1,1,0,0,35,0,0,0,0,0,4,2,8
,2021-30796,39.66607274,-105.0814609,8/31/2021 7:29,7:29,12,0,0,WADSWORTH BLVD S & YALE AVE W,1,1,3,0,1,3,0,0,45,0,0,0,0,0,2,2,13
,2021-30881,39.69971354,-105.0297499,6/24/2021 9:43,9:43,14,0,0,900 BLK S IRVING ST & W KENTUCKY AVE,1,1,3,0,6,4,1,0,20,0,0,0,0,0,4,2,1
,2021-30882,39.73828353,-104.9315299,7/22/2021 10:00,10:00,3,0,1,E 14TH AVE & N DAHLIA ST,1,5,3,0,1,1,0,0,25,0,0,0,0,2,4,2,1
,2021-30922,39.68586354,-105.0250499,7/22/2021 14:39,14:39,15,0,0,1700 BLK S FEDERAL BLVD & W MEXICO AVE,1,1,3,0,1,4,0,0,40,0,0,0,0,0,4,3,1
,2021-30935,39.70126354,-104.9874599,7/22/2021 14:31,14:31,12,0,0,BROADWAY ST S & I-25 SB RAMPS,1,1,3,0,1,1,0,0,30,0,0,0,0,0,4,3,3
,2021-30939,39.76631352,-104.8869199,7/16/2021 12:01,12:01,6,0,0,8700 BLK E 35TH DR & N XANTHIA CT,1,1,3,0,1,4,0,0,25,0,0,0,0,0,4,3,16
,2021-30940,39.70810353,-104.9269699,7/23/2021 13:28,13:28,12,0,1,LEETSDALE DR & S FOREST ST,1,1,3,0,1,3,0,0,35,0,0,0,0,1,2,3,14
,2021-30947,39.75949352,-104.8641999,7/15/2021 17:22,17:22,12,0,0,MLK BLVD E & HAVANA ST N,1,1,3,0,1,1,0,0,,0,0,0,0,0,4,3,16
,2021-30951,39.72189353,-104.9814899,7/22/2021 16:38,16:38,12,0,0,400 BLK E SPEER BLVD & N LOGAN ST,1,1,3,0,1,3,0,0,,0,0,0,0,1,4,3,16
,2021-30954,39.77278352,-104.9223099,7/9/2021 15:00,15:00,6,0,0,4000 BLK N HOLLY ST & E SMITH RD,2,1,3,7,1,4,0,1,35,0,0,0,0,0,4,3,1
,2021-30963,39.67474353,-104.87244,7/21/2021 11:43,11:43,12,0,1,ILIFF AVE 9900 BLK E & S PARKER ROAD,1,1,3,0,1,3,0,0,40,0,0,0,0,1,4,3,3
,2021-30968,39.74864353,-104.9894399,7/22/2021 12:01,12:01,3,0,0,19TH ST & STOUT ST,1,1,3,0,1,1,0,0,25,0,0,0,0,0,4,3,13
,2021-31009,39.71119353,-104.9234399,8/18/2021 11:45,11:45,12,0,0,5500 BLK E ALAMEDA AVE & S HOLLY ST,1,1,0,0,1,3,0,0,35,0,0,0,0,0,4,3,13
,2021-31010,39.72541864,-105.0526107,4/29/2021 10:35,10:35,12,0,0,HWY 6 EB ON RAMP FROM & SHERIDAN BLVD N,1,1,0,0,1,8,0,0,45,0,0,0,0,0,1,3,13
,2021-31012,39.74963353,-105.0000999,7/31/2021 16:37,16:37,12,0,0,1500 BLOCK BLAKE ST & 16TH ST,1,1,0,0,1,4,0,0,30,0,0,0,0,0,4,2,1
,2021-31013,39.66768354,-104.9962099,8/29/2021 15:45,15:45,12,0,0,SANTA FE DR S & DARTMOUTH AVE W,1,1,1,0,1,4,0,0,55,0,0,0,0,1,2,2,3
,2021-31014,39.71206354,-104.9863399,8/29/2021 15:46,15:46,12,0,1,200 BLK S LINCOLN ST & E CEDAR AVE,1,1,0,0,1,4,0,0,30,0,0,0,0,1,4,2,13
,2021-31015,39.71135624,-104.9391715,8/29/2021 10:22,10:22,1,0,0,ALAMEDA AVE E & 4200 E ALAMEDA AVE,1,1,0,0,1,2,0,0,35,0,0,0,0,0,4,2,14
,2021-31016,39.66389354,-104.9154099,8/29/2021 4:18,4:18,5,0,0,LOCUST ST S & 2929 S LOCUST ST,1,3,0,0,3,4,0,0,25,0,0,0,0,0,4,2,3
,2021-31017,39.72559353,-104.9636399,8/29/2021 10:55,10:55,5,0,0,6TH AVE E & RACE ST N,1,1,0,0,2,3,0,0,30,0,0,0,0,1,4,1,16
,2021-31040,39.77804052,-104.8471054,7/26/2021 6:05,6:05,12,0,0,N PEORIA ST & E 45TH AVE,1,1,3,0,1,4,0,0,35,0,0,0,0,1,4,2,13
,2021-31044,39.77429353,-104.9771699,7/26/2021 7:55,7:55,12,0,0,CHESTNUT PL & 38TH ST,1,1,3,0,1,3,0,0,25,0,0,0,0,0,4,2,13
,2021-31065,39.68833354,-104.9772599,7/25/2021 14:07,14:07,5,0,0,EMERSON ST S & FLORIDA AVE E,1,1,3,0,5,7,0,0,,0,0,0,0,0,3,2,16
,2021-31071,39.74743352,-104.9081599,7/27/2021 12:13,12:13,12,0,0,E MONTVIEW BLVD & N ONEIDA ST,1,1,3,0,1,3,0,0,35,0,0,0,0,0,4,2,13
,2021-31072,39.69142353,-104.9128799,7/27/2021 8:01,8:01,1,0,0,S MONACO ST & E CHERRY CREEK N DR,1,1,3,0,1,1,0,0,35,0,0,0,0,0,4,2,11
,2021-31073,39.75007353,-104.9997599,7/27/2021 12:25,12:25,15,0,0,BLAKE ST & 16TH ST,1,1,3,0,1,4,0,0,30,0,0,0,0,0,4,2,8
,2021-31074,39.75304753,-104.9854579,7/25/2021 8:54,8:54,3,0,0,PARK AVE W & CHAMPA ST,1,1,3,0,1,1,0,0,30,0,0,0,0,0,4,2,13
,2021-31075,39.72409353,-104.9787599,7/27/2021 0:30,0:30,6,0,0,600 BLK E 5TH AVE & N PEARL ST,1,3,3,0,1,4,0,0,25,0,0,0,0,0,4,2,16
,2021-31076,39.72906353,-104.9848599,7/26/2021 13:00,13:00,3,0,1,N SHERMAN ST & E 8TH AVE,1,1,3,0,1,1,0,0,30,0,0,0,0,2,4,2,13
,2021-31081,39.73844353,-104.9902299,7/26/2021 15:30,15:30,12,0,0,W 14TH AVE & N BANNOCK ST,1,1,3,0,1,1,0,0,25,0,0,0,0,0,4,2,3
,2021-31084,39.6452545,-105.034646,7/25/2021 12:56,12:56,6,0,0,2600 BLK S LOWELL BLVD & W YALE AVE,1,1,3,1,1,1,0,0,30,0,0,0,0,1,4,2,3
,2021-31085,39.75330247,-104.9799717,7/25/2021 13:54,13:54,3,0,0,20TH ST & WELTON ST,1,1,3,0,1,1,0,0,30,0,0,0,0,0,4,2,8
,2021-31090,39.74562352,-104.8858099,7/22/2021 14:15,14:15,3,0,0,E 19TH AVE & N XENTHIA,1,1,3,0,1,1,0,0,35,0,0,0,0,0,4,2,1
,2021-31092,39.69309354,-105.0284699,7/26/2021 7:32,7:32,3,0,0,LOUISIANA AVE W & HOOKER ST S,1,1,3,1,1,1,0,0,25,0,0,0,0,0,4,2,13
,2021-31093,39.72501354,-105.0394499,7/25/2021 9:47,9:47,10,0,0,500 BLK N PERRY ST & W 5TH AVE,1,1,3,1,1,1,0,0,25,0,0,0,0,0,4,2,13
,2021-31094,39.76146352,-104.8925399,7/27/2021 13:36,13:36,10,0,0,E 32ND AVE & N UINTA ST,1,1,3,0,1,1,0,0,30,0,0,0,0,0,4,2,13
,2021-31095,39.77314352,-104.8470199,7/27/2021 13:02,13:02,12,0,0,I-70 EB OFF RAMP SLIP TO & PEORIA ST N,1,1,3,0,1,8,0,0,25,0,0,0,0,0,4,2,14
,2021-31096,39.72484353,-104.9775499,7/24/2021 15:00,15:00,15,0,0,CLARKSON ST N & 6TH AVE E,1,1,3,0,1,4,0,0,25,0,0,0,0,0,4,2,11
,2021-31098,39.73786353,-104.9536299,7/24/2021 10:40,10:40,6,0,0,DETROIT ST N & 14TH AVE E,1,1,3,0,1,4,0,0,25,0,0,0,0,0,4,2,14
,2021-31099,39.75193353,-104.9406099,7/24/2021 13:40,13:40,12,0,0,COLORADO BLVD N & 23RD AVE E,1,1,3,0,1,4,0,0,35,0,0,0,0,0,2,2,1
,2021-31101,39.67116354,-104.9827899,7/26/2021 16:30,16:30,3,0,0,S LOGAN ST & E ARKANSAS AVE,1,1,3,0,1,1,0,0,25,0,0,0,0,0,4,2,13
,2021-31102,39.68496354,-105.0110399,7/26/2021 11:37,11:37,6,0,0,TEJON ST S & MEXICO AVE W,1,1,3,0,1,2,0,0,25,0,0,0,0,0,4,2,13
,2021-31103,39.71960979,-105.0015831,7/26/2021 15:45,15:45,6,0,0,1100 BLK W 37TH AVE & N LIPAN ST,1,1,3,0,1,4,0,0,25,0,0,0,0,0,4,2,13
,2021-31104,39.73647353,-104.9344199,7/27/2021 7:52,7:52,12,0,0,13TH AVE E & CHERRY ST N,1,1,3,0,1,4,0,0,30,0,0,0,0,0,4,2,1
,2021-31105,39.80061352,-104.8782699,7/27/2021 13:02,13:02,1,0,0,CHESTER WY N & 57TH AVE E,1,1,3,0,1,5,0,0,25,0,0,0,0,0,4,2,11
,2021-31106,39.72727353,-104.9740699,7/27/2021 15:20,15:20,1,0,1,E 7TH AVE & N CORONA ST,1,1,3,0,1,1,0,0,25,0,0,0,0,2,4,2,11
,2021-31107,39.75786353,-105.0275999,7/26/2021 11:56,11:56,14,0,0,2800 BLK N HAZEL CT & W 29TH AVE,1,1,3,0,1,4,0,0,25,0,0,0,0,0,4,2,3
,2021-31108,39.73644353,-104.9034499,7/24/2021 14:30,14:30,12,0,0,1200 BLK N QUEBEC ST & E 12TH AVE,1,1,3,0,1,4,0,0,30,0,0,0,0,1,4,2,7
,2021-31109,39.74565353,-104.9915799,7/26/2021 12:00,12:00,6,0,0,CALIFORNIA ST & 16TH ST,1,1,3,0,1,4,0,0,30,0,0,0,0,0,4,2,13
,2021-31111,39.75024353,-104.9890899,7/27/2021 14:40,14:40,10,0,0,20TH ST & CHAMPA ST,1,1,3,0,1,1,0,0,30,0,0,0,0,0,4,2,13
,2021-31112,39.66755354,-104.9406699,7/26/2021 13:00,13:00,3,0,0,COLORADO BLVD S & YALE AVE E,1,1,3,0,1,1,0,0,25,0,0,0,0,0,2,2,3
,2021-31113,39.73994353,-105.0021799,7/26/2021 18:01,18:01,12,0,0,COLFAX AVE W & KALAMATH ST N,14,1,3,0,1,3,0,0,,0,0,0,0,0,2,2,16
,2021-31114,39.73969353,-105.0036099,7/26/2021 16:39,16:39,12,0,0,COLFAX AVE W & MARIPOSA ST N,1,1,3,0,1,4,0,0,35,0,0,0,0,0,2,2,13
,2021-31118,39.73827353,-104.9372799,7/27/2021 6:52,6:52,3,0,0,N BELLAIRE ST & E 14TH AVE,1,1,3,0,1,1,0,0,25,0,0,0,0,1,4,2,11
,2021-31119,39.72585353,-104.9862099,7/20/2021 9:16,9:16,15,0,0,N LINCOLN ST & E SPEER BLVD,1,1,3,0,1,3,0,0,35,0,0,0,0,0,4,2,16
,2021-31120,39.66701354,-104.9477799,7/23/2021 11:27,11:27,12,0,0,S COOK ST & E YALE WAY,1,1,3,0,1,4,0,0,25,0,0,0,0,0,4,2,13
,2021-31121,39.72921353,-104.9394499,7/24/2021 13:02,13:02,11,0,0,ALBION ST N & 8TH AVE E,1,1,3,0,1,1,0,0,25,0,0,1,0,0,4,1,11
,2021-31122,39.73384353,-104.9861199,7/15/2021 8:50,8:50,12,0,0,N LINCOLN ST & E 11TH AVE,1,1,3,0,1,4,0,0,30,0,0,0,0,0,4,2,16
,2021-31124,39.74000353,-104.9776299,7/26/2021 6:49,6:49,2,0,1,CLARKSON ST N & COLFAX AVE E,1,1,3,0,1,1,0,0,30,1,0,0,0,2,2,1,3
,2021-31125,39.73561353,-104.8964099,7/26/2021 14:39,14:39,3,0,0,N TRENTON ST & E 17TH AVE,1,1,3,0,1,1,0,0,25,0,0,0,0,0,4,2,11
,2021-31127,39.74078353,-104.9708999,8/18/2021 11:45,11:45,12,0,0,1500 BLK N LAFAYETTE ST & E 16TH AVE,1,1,0,0,1,4,0,0,25,0,0,0,0,0,4,2,3
,2021-31128,39.76190352,-104.9126099,7/23/2021 2:14,2:14,3,0,0,MLK BLVD E & MONACO ST N,1,3,0,0,1,1,0,0,35,0,0,0,0,1,4,2,16
,2021-31129,39.71134153,-104.9035399,8/17/2021 17:35,17:35,12,0,1,E ALAMEDA AVE & S QUEBEC ST,1,1,0,0,1,1,0,0,35,0,0,0,0,1,4,2,16
,2021-31130,39.63957354,-104.8851,8/1/2021 15:20,15:20,12,0,0,I-225 & YOSEMITE ST S,1,1,1,0,1,4,0,0,30,0,0,0,0,1,1,3,10
,2021-31131,39.76359353,-104.9800699,5/4/2021 4:10,4:10,5,0,0,31ST ST & 1350 31ST ST,11,3,0,1,2,4,0,0,25,0,0,0,0,0,4,1,1
,2021-31132,39.68217354,-105.0018199,8/19/2021 16:54,16:54,10,0,0,PLATTE RIVER DR S & JEWELL AVE W,1,1,0,0,1,1,0,0,35,0,0,0,0,0,4,2,1
,2021-31133,39.73513353,-104.9764099,8/20/2021 11:50,11:50,1,0,0,900 BLK E 12TH AVE & N EMERSON ST,1,1,0,0,1,5,0,0,25,0,0,0,0,0,4,2,8
,2021-31134,39.75259039,-104.9848982,8/21/2021 18:26,18:26,15,0,0,I-25 & PARK AVE W,1,1,0,0,1,4,0,0,65,0,0,0,0,0,4,2,13
,2021-31135,39.74043353,-105.0139599,8/21/2021 15:28,15:28,12,0,0,I-25 & COLFAX AVE W,11,1,0,1,1,4,0,0,65,0,0,0,0,0,1,2,7
,2021-31136,39.67845353,-104.9251899,8/18/2021 8:14,8:14,12,0,0,E EVANS AVE & S GRAPE ST,1,1,0,0,1,4,0,0,35,0,0,0,0,0,4,2,16
,2021-31137,39.72910353,-104.9601799,8/20/2021 18:15,18:15,12,0,1,E 8TH AVE & N YORK AVE,1,2,0,0,1,4,0,0,35,0,0,0,0,1,4,2,7
,2021-31138,39.86662778,-104.6717006,8/21/2021 21:11,21:11,1,0,0,GVR BLVD E & PENA BLVD,1,3,0,0,1,1,0,0,45,0,0,0,0,1,4,2,13
,2021-31139,39.75614352,-104.8907099,8/29/2021 4:48,4:48,15,0,0,CENTRAL PARK BLVD N & 28TH AVE E,1,2,0,0,1,1,0,0,30,0,0,0,0,0,4,2,7
,2021-31140,39.75618185,-105.0155256,8/18/2021 16:32,16:32,12,0,0,I-25 & SPEER BLVD N,1,1,0,0,1,4,0,0,65,0,0,0,0,0,1,3,8
,2021-31141,39.68472354,-104.9594399,8/18/2021 16:11,16:11,12,0,0,I-25 & UNIVERSITY BLVD S,1,1,0,0,1,4,0,0,65,0,0,0,0,0,1,3,13
,2021-31142,39.85149548,-105.0001884,8/22/2021 16:55,16:55,15,0,0,600 BLK N KALAMATH ST & W 6TH AVE,1,1,0,0,1,4,0,0,35,0,0,0,0,0,4,2,13
,2021-31143,39.72643353,-104.9775499,7/1/2021 4:01,4:01,6,0,0,600 BLK N CLARKSON ST & E 7TH AVE,1,3,0,0,1,4,0,0,25,0,0,0,0,0,4,5,3
,2021-31144,39.77400352,-104.8470199,4/27/2021 18:14,18:14,12,0,0,I-70 & PEORIA ST N,11,1,0,1,1,4,0,0,55,0,0,0,0,0,1,2,14
,2021-31145,39.78010353,-104.9895499,8/6/2021 12:10,12:10,12,0,0,I-25 & I-70 EB,1,1,1,0,1,4,0,0,65,0,0,0,0,1,1,2,13
,2021-31146,39.74500353,-104.9729699,8/5/2021 23:47,23:47,12,0,0,DOWNING ST & 1800 N,1,3,0,0,5,7,0,0,10,0,0,0,0,0,3,2,13
,2021-31147,39.72886353,-104.9931499,7/31/2021 15:58,15:58,12,0,0,400 BLK W 8TH AVE & N ELATI ST,1,1,0,0,1,4,0,0,35,0,0,0,0,0,4,2,13
,2021-31148,39.76575353,-104.9851999,8/21/2021 22:12,22:12,6,0,0,BRIGHTON BLVD & 3063 N,1,3,0,0,5,7,0,0,10,0,0,0,0,0,3,2,13
,2021-31149,39.74325353,-104.9798799,4/23/2021 23:05,23:05,10,0,0,E 17TH AVE & N PEARL ST,1,3,0,0,1,1,0,0,30,0,0,0,0,0,4,2,13
,2021-31150,39.71465035,-104.9453763,8/28/2021 20:01,20:01,10,0,0,STEELE ST S & BAYAUD AVE E,1,3,0,0,1,1,0,0,30,0,0,0,0,1,4,2,7
,2021-31151,39.77705982,-104.9701395,8/17/2021 18:20,18:20,12,0,0,I-70 & BRIGHTON BLVD N,1,1,0,0,1,4,0,0,65,0,0,0,0,0,1,2,16
,2021-31152,39.74032353,-105.0339999,8/28/2021 20:25,20:25,15,0,0,COLFAX AVE W & KING ST N,1,3,0,0,1,4,0,0,,0,0,0,0,0,2,2,13
,2021-31153,39.77169352,-104.9029799,8/28/2021 19:16,19:16,10,0,0,SMITH RD E & QUEBEC ST N,1,1,0,0,1,1,0,0,,0,0,0,0,0,4,2,16
,2021-31154,39.71808354,-105.0266399,8/15/2021 11:12,11:12,12,0,0,3100 BLK W 1ST AVE & N HAZEL CT,1,1,0,0,1,5,0,0,40,0,0,0,0,0,4,2,13
,2021-31155,39.63403564,-104.9074549,8/19/2021 15:45,15:45,12,0,0,I-25 SB OFF RAMP TO BELLEVIEW AVE & I-225 NB FLYOVER,1,3,1,0,1,8,0,0,65,0,0,0,0,0,1,2,13
,2021-31156,39.66752355,-105.0555899,8/28/2021 19:33,19:33,5,0,0,YALE AVE W & BENTON ST S,1,1,0,0,2,3,0,0,30,0,0,0,0,0,4,1,5
,2021-31157,39.72488353,-104.9874499,8/13/2021 15:20,15:20,15,0,0,500 BLK N BROADWAY ST & E 5TH AVE,1,1,0,0,1,4,0,0,30,0,0,0,0,0,4,2,13
,2021-31158,39.73827353,-104.9406499,8/28/2021 13:02,13:02,12,0,1,COLORADO BLVD N & 14TH AVE E,1,1,0,0,1,1,0,0,40,0,0,0,1,2,2,2,3
,2021-31159,39.77950352,-104.8930599,8/28/2021 18:48,18:48,16,0,0,8268 E NORTHFIELD BLVD & PRIVATE PROPERTY,1,1,0,0,5,7,0,0,,0,0,0,0,0,3,1,6
,2021-31160,39.74481353,-104.9696699,8/15/2021 1:00,1:00,5,0,0,E 18TH AVE & N HUMBOLDT ST,1,3,0,0,2,1,0,0,35,0,0,0,0,0,4,1,14
,2021-31161,39.77496353,-104.9780399,8/11/2021 22:00,22:00,15,0,0,38TH ST & ARKINS CT,1,3,0,0,1,1,0,0,30,0,0,0,0,0,4,2,13
,2021-31162,39.73362353,-104.9940899,8/22/2021 19:30,19:30,12,0,0,W 11TH AVE & N SPEER BLVD,1,2,0,0,1,1,0,0,30,0,0,0,0,0,4,2,16
,2021-31163,39.79837151,-104.772212,8/28/2021 21:17,21:17,12,0,0,E 56TH AVE & N TOWER RD,1,3,0,0,1,3,0,0,45,0,0,0,0,0,4,2,3
,2021-31164,39.73292875,-104.9313809,8/28/2021 13:15,13:15,3,0,1,N ELM ST & HALE PKWY,1,1,0,0,1,1,0,0,25,0,0,0,1,2,4,2,13
,2021-31165,39.75512711,-105.0000479,8/28/2021 19:13,19:13,15,0,0,19TH ST & WEWATTA ST,1,3,0,0,1,4,0,0,35,0,0,0,0,0,4,2,13
,2021-31166,39.67845554,-104.9222509,8/28/2021 22:20,22:20,3,0,0,S HOLLY ST & E EVANS AVE,1,4,0,0,1,1,0,0,35,0,0,0,0,0,4,2,13
,2021-31167,39.78402353,-105.0520399,8/22/2021 14:50,14:50,9,0,1,I-70 & SHERIDAN BLVD N,1,1,0,0,1,4,0,0,65,0,0,0,1,3,2,1,13
,2021-31168,39.69112307,-104.9511906,8/27/2021 18:00,18:00,6,0,0,1881 S ST PAUL ST & JEWELL AVE,1,4,0,0,1,4,0,0,35,0,0,0,0,0,4,2,16
,2021-31169,39.75528353,-105.0124899,7/30/2021 11:30,11:30,15,0,0,I-25 & SPEER BLVD N,1,1,0,0,1,4,0,0,55,0,0,0,0,0,2,2,16
,2021-31170,39.74043353,-105.0141499,8/29/2021 17:30,17:30,3,0,1,COLFAX AVE W & I-25 SB OFF RAMP,1,1,0,0,1,1,0,0,45,0,0,0,1,3,2,3,1
,2021-31171,39.68235354,-104.9923499,8/27/2021 18:28,18:28,5,0,0,SANTA FE DR S & JEWELL AVE W,1,1,0,0,3,4,0,0,45,0,0,0,0,1,2,1,14
,2021-31172,39.85294516,-104.9753736,8/28/2021 10:04,10:04,10,0,0,23ND AVE E & OGDEN ST,1,1,0,0,1,1,0,0,25,0,0,0,1,0,4,2,16
,2021-31173,39.72083625,-105.1127654,8/27/2021 22:54,22:54,5,0,0,PERRY ST N & 1ST AVE W,1,4,0,0,2,3,0,0,25,0,0,0,0,0,4,2,13
,2021-31174,39.74015053,-104.9498004,8/27/2021 12:26,12:26,6,0,0,CITY PARK ESPLANADE N & COLFAX AVE E,1,1,0,0,1,3,0,0,25,0,0,0,0,0,4,2,14
,2021-31175,39.73682353,-104.9672299,8/28/2021 16:11,16:11,12,0,1,E 13TH AVE & N GILPIN ST,1,1,0,0,1,4,0,0,30,0,0,0,1,3,4,2,3
,2021-31176,39.74043353,-105.0141499,8/28/2021 1:56,1:56,15,0,0,COLFAX AVE W & I-25 SB OFF RAMP,1,3,0,0,1,4,0,0,40,0,0,0,0,0,2,2,14
,2021-31177,39.67220272,-104.9284178,8/27/2021 21:19,21:19,14,0,0,HAMPDEN AVE SERVICE RD (NOT CDOT) & 5400 BLK W,1,3,0,0,1,4,0,0,35,0,0,0,0,0,4,2,13
,2021-31178,39.75774353,-104.9985699,8/7/2021 22:03,22:03,6,0,0,20TH ST & CHESTNUT PL,1,3,0,0,1,3,0,0,30,0,0,0,0,0,4,2,13
,2021-31179,39.73997953,-104.9787169,8/27/2021 18:20,18:20,12,0,0,WASHINGTON ST & COLFAX AVE,1,4,0,0,1,1,0,0,25,0,0,0,0,0,2,2,13
,2021-31180,39.69675354,-105.0156799,8/26/2021 11:32,11:32,15,0,0,W MISSISSIPPI AVE & S ZUNI ST,1,1,0,0,1,1,0,0,30,0,0,0,0,0,4,2,14
,2021-31181,39.66754846,-104.8660806,8/27/2021 20:55,20:55,11,0,0,HAVANA ST S & YALE AVE E,1,3,0,0,1,1,0,0,45,0,1,0,0,1,2,1,7
,2021-31182,39.68485354,-104.9594399,7/3/2021 9:45,9:45,12,0,0,I-25 NB OFF RAMP TO & UNIVERSITY BLVD S,1,1,0,0,1,8,0,0,45,0,0,0,0,0,1,2,1
,2021-31183,39.68040354,-105.0343499,8/29/2021 2:00,2:00,3,0,0,LOWELL BLVD S & JEWELL AVE W,1,3,0,0,1,1,0,0,30,0,0,0,0,0,4,4,5
,2021-31184,39.71953149,-104.9985709,8/27/2021 18:00,18:00,16,0,0,SANTA FE DR & 1395 S,1,1,1,0,5,7,0,0,10,0,0,0,0,0,3,2,16
,2021-31185,39.74743153,-104.9128279,8/29/2021 12:38,12:38,3,0,0,N MONACO ST & E MONTVIEW BLVD,1,1,0,0,1,3,0,0,30,0,0,0,0,0,4,3,7
,2021-31186,39.68398354,-104.9834199,8/28/2021 2:45,2:45,6,0,0,300 BLK E COLORADO AVE & S GRANT ST,1,3,0,0,1,4,0,0,25,0,0,0,0,0,4,2,13
,2021-31187,39.75520353,-105.0129099,6/23/2021 18:04,18:04,12,0,0,I-25 & SPEER BLVD N,1,1,0,0,1,4,0,0,55,0,0,0,0,0,1,2,13
,2021-31188,39.68228054,-105.0531784,8/29/2021 9:45,9:45,1,0,3,SHERIDAN BLVD S & JEWELL AVE W,1,1,0,0,1,1,0,0,40,0,0,0,0,2,2,3,13
,2021-31189,39.75482353,-105.0205199,8/27/2021 22:25,22:25,3,0,0,N CLAY ST & W 26TH AVE,1,3,1,0,1,1,0,0,25,0,0,0,0,0,4,2,13
,2021-31190,39.77582352,-104.8657299,7/21/2021 21:19,21:19,5,0,0,I-70 & HAVANA ST N,1,3,1,0,3,4,0,0,65,0,0,0,0,0,1,1,16
,2021-31191,39.72577353,-105.0058399,8/28/2021 8:58,8:58,15,0,0,W 6TH AVE & N OSAGE ST,1,1,0,0,1,4,0,0,35,0,0,0,0,0,4,2,8
,2021-31192,39.68398354,-104.9857399,8/28/2021 2:46,2:46,6,0,0,100 BLK E COLORADO AVE & S BROADWAY ST,1,4,0,0,1,4,0,0,25,0,0,0,0,0,4,2,3
,2021-31193,39.65308354,-104.9217299,8/28/2021 15:27,15:27,3,0,2,HAMPDEN AVE E & IVANHOE WY S,1,1,1,0,1,1,0,0,35,0,0,0,0,2,2,2,13
,2021-31194,39.68949354,-105.0203699,8/29/2021 9:59,9:59,3,0,0,W FLORIDA AVE & S CLAY ST,1,1,1,0,1,1,0,0,25,0,0,0,0,0,4,3,13
,2021-31195,39.71463353,-104.9406799,8/29/2021 10:44,10:44,3,0,0,COLORADO BLVD S & BAYAUD AVE E,1,1,0,0,1,1,0,0,25,0,0,0,0,1,2,2,16
,2021-31196,39.72563353,-104.9874244,8/29/2021 6:47,6:47,3,0,0,W 6TH AVE & N BROADWAY ST,1,1,0,0,1,1,0,0,30,0,0,0,0,1,4,2,1
,2021-31198,39.77727352,-104.8827699,8/28/2021 16:55,16:55,12,0,0,I-70 & CENTRAL PARK BLVD N,1,1,0,0,1,4,0,0,65,0,0,0,0,0,1,3,3
,2021-31199,39.66684354,-104.9642299,7/3/2021 15:25,15:25,6,0,2,2700 BLK S RACE ST & E YALE AVE,1,1,0,0,1,4,0,0,25,0,1,0,0,2,4,2,10
,2021-31200,39.79838352,-104.9033799,8/29/2021 0:30,0:30,15,0,0,N QUEBEC ST & E 56TH AVE,1,3,0,0,1,4,0,0,40,0,0,0,0,0,4,2,5
,2021-31201,39.73726352,-104.8952299,8/28/2021 16:48,16:48,3,0,0,13TH AVE E & TAMARAC ST N,1,1,0,0,1,1,0,0,30,0,0,0,0,1,4,2,1
,2021-31202,39.66746654,-104.9323049,4/19/2021 20:30,20:30,12,0,0,I-25 & YALE AVE E,4,4,0,2,1,4,0,0,65,0,0,0,0,0,1,2,13