id,drcog_id,latitude,longitude,crashtime,time,crashtype,numbkilled,numbinjurd,drcoglocat,rdconditin,lightngcon,roadcntgrd,weatherco,location,roaddescrp,schoolzone,constrzone,splimit,bikeinv,pedinv,sctrinv,motoinv,svrty,rdsystem,ttlvehcls,hcf
,2021-31203,39.71473353,-104.9832399,8/28/2021 0:27,0:27,6,0,0,300 BLK E BAYAUD AVE & S LOGAN ST,1,4,0,0,1,4,0,0,30,0,0,0,0,0,4,3,5
,2021-31204,39.78075294,-104.970202,8/28/2021 18:42,18:42,15,0,0,I-70 & MM 281,1,1,0,0,1,4,0,0,65,0,0,0,0,0,1,2,13
,2021-31205,39.74395353,-105.0416599,8/28/2021 18:39,18:39,6,0,0,W 17TH AVE & N RALEIGH ST,1,1,0,0,1,4,0,0,15,0,0,0,0,0,4,3,13
,2021-31206,39.71348354,-104.9982699,8/12/2021 9:27,9:27,12,0,0,W CEDAR AVE & S SANTA FE DR,1,1,0,0,1,4,0,0,25,0,0,0,0,0,4,2,13
,2021-31207,39.67417354,-104.9175699,7/29/2021 1:30,1:30,6,0,0,2300 BLK S KEARNEY ST & E ILIFF AVE,1,3,0,0,1,4,0,0,25,0,0,0,0,0,4,2,13
,2021-31208,39.75106244,-104.9781184,8/28/2021 10:45,10:45,15,0,0,I-70 & WASHINGTON ST N,1,1,0,0,1,4,0,0,55,0,0,0,0,0,1,3,13
,2021-31209,39.71121354,-105.0330499,7/26/2021 18:30,18:30,15,0,0,ALAMEDA AVE 3400 BLK W & S KNOX CT,1,1,0,0,1,3,0,0,40,0,0,0,0,0,4,2,16
,2021-31210,39.68075354,-105.0536399,8/27/2021 18:06,18:06,16,0,1,SHERIDAN BLVD & 1985 S,1,1,0,0,5,7,0,0,35,0,0,0,0,2,3,5,2
,2021-31275,39.73686353,-104.9764499,7/25/2021 13:40,13:40,15,0,0,800 BLK E 13TH AVE & N CLARKSON ST,1,1,3,0,1,4,0,0,30,0,0,0,0,0,4,3,11
,2021-31280,39.71132353,-104.9365599,7/26/2021 17:40,17:40,12,0,0,E ALAMEDA AVE & LEETSDALE DR,1,1,3,0,1,3,0,0,,0,0,0,0,0,4,3,16
,2021-31290,39.67842354,-104.9593799,7/24/2021 9:00,9:00,12,0,0,S UNIVERSITY BLVD & E EVANS AVE,1,1,3,0,1,1,0,0,30,0,0,0,0,0,4,3,3
,2021-31330,39.68219354,-105.0575199,7/26/2021 12:15,12:15,12,0,0,5600 BLK W JEWELL AVE & S DEPEW ST,1,1,3,0,1,4,0,0,30,0,0,0,0,0,4,3,13
,2021-31350,39.80711051,-104.8846489,8/24/2021 19:28,19:28,5,0,1,I-70 WB EXIT GORE PT TO & CENTRAL PARK BLVD,1,1,0,0,3,4,0,0,55,0,0,0,0,2,1,1,5
,2021-31351,39.72590354,-105.0252334,8/25/2021 7:44,7:44,12,0,0,6TH AVE W & FEDERAL BLVD N,1,1,1,0,1,4,0,0,55,0,0,0,0,0,1,2,14
,2021-31352,39.79004451,-104.809768,8/24/2021 18:32,18:32,1,0,0,CHAMBERS RD N & GVR BLVD E,1,1,0,0,1,1,0,0,35,0,0,0,0,0,4,2,13
,2021-31353,39.72383353,-104.8841944,8/25/2021 2:23,2:23,5,0,0,LOWRY BLVD E & YOSEMITE ST N,1,3,0,0,6,6,0,0,30,0,0,0,0,0,4,1,14
,2021-31354,39.71150353,-104.9466099,4/28/2021 23:34,23:34,5,0,0,CHERRY CREEK DR NE & ALAMEDA AVE E,1,3,0,0,3,4,0,0,30,0,0,0,0,1,4,1,4
,2021-31355,39.74035354,-105.0486599,8/25/2021 8:11,8:11,12,0,0,COLFAX AVE W & WOLFF ST N,1,1,0,0,1,3,0,0,30,0,0,0,0,0,2,2,13
,2021-31356,39.75175352,-104.8985999,7/30/2021 11:35,11:35,5,1,1,2300 BLOCK N SYRACUSE ST & E 23RD AVE,1,1,0,0,3,4,0,0,30,0,0,0,0,4,4,1,4
,2021-31357,39.67750353,-104.9056199,6/24/2021 1:48,1:48,5,1,0,EVANS AVE (7100 BLK E) & S PONTIAC WAY,11,3,0,1,3,4,0,0,35,0,0,0,0,4,4,1,5
,2021-31358,39.73200978,-104.982259,8/25/2021 21:32,21:32,5,0,0,LOGAN ST N & 8TH AVE E,1,4,0,0,3,5,0,0,15,0,0,0,0,0,4,1,13
,2021-31359,39.68032354,-104.9734099,8/26/2021 18:38,18:38,3,0,0,S DOWNING ST & E ASBURY AVE,1,1,0,0,1,1,0,0,30,0,0,0,0,0,4,2,8
,2021-31360,39.7437871,-105.1188925,8/25/2021 11:17,11:17,12,0,0,I-25 & 17TH AVE W,1,1,1,0,1,4,0,0,65,0,0,0,0,0,1,1,3
,2021-31361,39.73516353,-104.9712299,8/25/2021 8:05,8:05,8,0,0,1300 BLK E 12TH & N LAFAYETTE ST,1,1,0,0,1,5,0,0,25,0,0,0,0,0,4,2,13
,2021-31362,39.78313353,-105.0064099,8/26/2021 17:47,17:47,12,0,0,I-70 & PECOS ST N,1,1,0,0,1,4,0,0,55,0,0,0,0,1,1,2,1
,2021-31363,39.79256681,-104.7751722,8/26/2021 0:15,0:15,6,0,0,E ELMENDORF DR & N  YAMPA ST,1,4,0,0,1,1,0,0,25,0,0,0,0,0,4,2,7
,2021-31364,39.78051852,-104.8994429,8/26/2021 20:08,20:08,5,0,1,I-270 EB OFF RAMP LOOP TO & QUEBEC ST S,1,3,0,0,2,8,0,0,35,0,0,0,0,1,1,1,1
,2021-31365,39.78408352,-104.8825999,8/25/2021 23:49,23:49,12,0,0,4700 BLK N CENTRAL PARK BLVD & E 47TH AVE,1,3,0,0,1,4,0,0,40,0,0,0,0,0,4,2,3
,2021-31366,39.75537841,-104.9807271,8/26/2021 19:28,19:28,12,0,0,15TH STREET & STOUT STREET,1,3,0,0,1,1,0,0,30,0,0,0,0,0,4,2,13
,2021-31367,39.72342354,-105.0251099,8/26/2021 17:38,17:38,9,0,0,FEDERAL BLVD N & 5TH AVE RD W,1,1,0,0,1,1,0,0,40,0,0,0,0,0,2,1,14
,2021-31368,39.69957354,-105.0493099,8/27/2021 17:20,17:20,3,0,0,MORRISON RD & TENNESSEE AVE W,1,1,1,0,1,2,0,0,30,0,0,0,0,0,4,2,13
,2021-31369,39.72908353,-104.9873999,8/27/2021 2:59,2:59,3,0,1,N BROADWAY ST & E 8TH AVE,1,3,0,0,1,1,0,0,35,0,0,0,0,3,4,2,3
,2021-31370,39.78362951,-104.791364,8/27/2021 9:42,9:42,5,0,2,PENA BLVD & GVR BLVD E,1,1,1,0,3,4,0,0,65,0,0,0,0,2,4,1,2
,2021-31371,39.68604252,-104.9035894,8/26/2021 22:50,22:50,12,0,0,I-70 & QUEBEC ST S,1,3,0,0,1,4,0,0,65,0,0,0,0,0,1,2,3
,2021-31372,39.79097352,-104.9440299,8/25/2021 22:35,22:35,12,0,0,3600 BLK E 52ND AVE & E 52ND AVE / N MONROE ST,1,3,0,0,1,4,0,0,35,0,0,0,0,0,4,2,13
,2021-31373,39.69674354,-105.0126999,8/26/2021 20:52,20:52,11,0,0,MISISSIPPI AVE W & TEJON ST S,1,3,0,0,1,1,0,0,30,0,1,0,0,1,4,1,7
,2021-31374,39.70932354,-104.9863799,8/26/2021 18:30,18:30,15,0,0,S LINCOLN ST & E DAKOTA AVE,1,1,0,0,1,1,0,0,30,0,0,0,0,0,4,2,16
,2021-31375,39.73204353,-104.9916499,8/26/2021 20:00,20:00,2,0,1,CHEROKEE ST N & 10TH AVE W,1,3,1,0,1,1,0,0,0,1,0,0,0,2,4,2,16
,2021-31376,39.79843351,-104.74135,8/26/2021 9:10,9:10,3,0,0,56TH AVE E & NEPAL ST N,1,1,0,0,1,1,0,0,45,0,0,0,0,0,4,2,13
,2021-31377,39.76115353,-105.0047499,8/26/2021 10:58,10:58,15,0,0,I-25 & 20TH ST,1,1,0,0,1,4,0,1,55,0,0,0,0,1,1,2,16
,2021-31378,39.71119754,-105.0251704,8/27/2021 17:09,17:09,12,0,0,W ALAMEDA AVE & S FEDERAL BLVD,1,1,0,0,1,3,0,0,35,0,0,0,0,0,4,2,13
,2021-31379,39.82423807,-104.6954664,8/30/2021 19:35,19:35,15,0,0,PENA BLVD & N JACKSON GAP ST,1,3,1,0,1,4,0,0,65,0,0,0,0,0,4,2,13
,2021-31380,39.74018652,-104.8928569,8/25/2021 23:20,23:20,1,0,0,E COLFAX AVE & N UINTA ST,1,3,0,0,1,1,0,0,,0,0,0,0,0,4,2,16
,2021-31381,39.71109289,-105.0691329,8/26/2021 23:52,23:52,9,0,0,I-25 & ALAMEDA AVE W,1,3,0,0,3,4,0,0,60,0,0,0,0,0,1,1,13
,2021-31382,39.76060352,-104.9000999,8/25/2021 8:57,8:57,1,0,0,N ROSLYN ST & E MLK BLVD,1,1,0,0,1,1,0,0,35,0,0,0,0,0,4,2,3
,2021-31383,39.63875354,-104.885,8/26/2021 10:20,10:20,15,0,0,YOSEMITE ST S & I-225 NB ON RAMP,1,1,0,0,1,1,0,0,35,0,0,0,0,0,4,2,7
,2021-31384,39.72565353,-104.9904599,8/26/2021 13:13,13:13,10,0,0,W 6TH AVE & N BANNOCK ST,1,1,0,0,1,2,0,0,35,0,0,0,0,0,4,2,7
,2021-31385,39.73526353,-104.9986599,8/26/2021 2:57,2:57,6,0,0,12TH AVE W & SANTA FE DR N,1,3,0,0,1,4,0,0,30,0,0,0,0,0,4,2,3
,2021-31386,39.81461351,-104.77208,8/26/2021 23:19,23:19,15,0,0,TOWER RD N & 65TH AVE E,1,3,0,0,1,4,0,0,40,0,0,0,0,0,4,2,1
,2021-31387,39.75128353,-105.0167799,8/27/2021 20:10,20:10,5,0,0,I-25 SB ON RAMP FROM & 23RD AVE W,1,3,1,0,3,8,0,0,65,0,0,0,0,0,1,2,14
,2021-31388,39.68751354,-104.9687199,8/27/2021 15:07,15:07,12,0,0,I-25 & FRANKLIN ST S,14,5,0,7,1,4,0,0,60,0,0,0,0,0,1,2,3
,2021-31389,39.67903353,-104.9266099,8/27/2021 18:34,18:34,12,0,0,5100 BLK E EVANS AVE & S GRAPE ST,1,1,0,0,1,4,0,0,35,0,0,0,0,0,4,2,3
,2021-31390,39.71110353,-104.9733799,8/30/2021 11:35,11:35,3,0,0,ALAMEDA AVE E & DOWNING ST S,1,1,0,0,1,1,0,0,30,0,0,0,0,0,4,2,13
,2021-31391,39.80711051,-104.8846489,8/26/2021 16:23,16:23,15,0,0,I-70 WB EXIT GORE PT TO & CENTRAL PARK BLVD,1,1,0,0,1,4,0,0,55,0,0,0,0,0,1,2,13
,2021-31392,39.74008752,-104.9034634,8/30/2021 18:10,18:10,15,0,0,COLFAX AVE E & QUEBEC ST N,1,1,0,0,1,4,0,0,35,0,0,0,0,0,2,2,13
,2021-31393,39.77674353,-105.0346099,8/27/2021 8:05,8:05,12,0,0,W 44TH AVE & N LOWELL BLVD,1,1,0,0,1,4,0,0,30,0,0,0,0,0,4,2,14
,2021-31394,39.75629353,-105.0158299,8/27/2021 14:19,14:19,3,0,0,N SPEER BLVD & N ZUNI ST,1,1,1,0,1,1,0,0,30,0,0,0,0,0,4,2,13
,2021-31395,39.73455353,-104.9848499,8/29/2021 19:00,19:00,11,0,0,SHERMAN ST N & 1100 BLK N,1,2,0,0,3,1,0,1,,0,1,0,0,1,4,1,16
,2021-31396,39.63219077,-104.9059402,8/27/2021 19:59,19:59,9,0,1,I-25 & MM 200.25,1,4,0,0,1,4,0,0,65,0,0,0,1,2,1,1,7
,2021-31397,39.62421222,-104.8898544,8/30/2021 7:50,7:50,12,0,0,I-25 & BELLEVIEW AVE E,1,1,0,0,1,4,0,0,65,0,0,0,0,1,1,2,7
,2021-31398,39.75846553,-105.0214174,8/27/2021 12:21,12:21,12,0,0,W 29TH AVE & N SPEER BLVD,1,1,1,0,1,3,0,0,30,0,0,0,0,0,4,2,13
,2021-31399,39.79253351,-104.77205,8/30/2021 4:30,4:30,3,0,0,N TOWER RD & E ELMENDORF DR,1,3,0,0,1,1,0,0,45,0,0,0,0,0,4,2,13
,2021-31400,39.76815353,-104.9733299,8/27/2021 7:53,7:53,3,0,0,37TH AVE E & DOWNING ST N,1,1,0,0,1,1,0,0,35,0,0,0,0,0,4,2,13
,2021-31401,39.76929253,-105.0253144,8/29/2021 20:44,20:44,1,0,0,FEDERAL BLVD N & 38TH AVE W,1,3,0,0,1,1,0,0,35,0,0,0,0,0,2,2,13
,2021-31402,39.75987352,-104.8907899,8/29/2021 15:17,15:17,10,0,0,E MLK BLVD & N CENTRAL PARK BLVD,1,1,0,0,1,1,0,0,35,0,0,0,0,0,4,2,13
,2021-31403,39.74002453,-104.9980354,8/30/2021 18:39,18:39,12,0,1,SPEER BLVD SB & COLFAX AVE W,1,1,0,0,1,4,0,0,35,0,0,0,1,2,2,2,14
,2021-31404,39.69710354,-104.9827099,8/30/2021 18:44,18:44,9,0,0,I-25 SB EXIT GORE PT TO & WASHINGTON ST / BUCHTEL ST,1,1,1,0,1,8,0,0,65,0,0,0,0,0,1,1,13
,2021-31405,39.72701354,-105.0405299,8/28/2021 16:35,16:35,6,0,0,600 BLK N QUITMAN ST & W 6TH AVE,1,2,1,0,1,4,0,0,25,0,0,0,0,0,4,2,16
,2021-31406,39.75803353,-105.0205299,8/25/2021 16:55,16:55,3,0,0,CLAY ST N & SPEER BLVD N,1,1,0,0,1,1,0,0,25,0,0,0,0,0,4,2,8
,2021-31407,39.65324784,-104.919112,8/25/2021 13:21,13:21,12,0,0,I-25 SB OFF RAMP TO & HAMPDEN AVE E,1,1,1,0,1,8,0,0,40,0,0,0,0,0,1,2,3
,2021-31408,39.76115353,-105.0047499,8/25/2021 16:25,16:25,12,0,0,I-25 & 20TH ST,1,1,0,0,1,4,0,0,55,0,0,0,0,0,1,2,13
,2021-31409,39.77829352,-104.9034199,8/25/2021 16:13,16:13,15,0,0,QUEBEC ST S & I-70 EB ON RAMP,1,1,1,0,1,1,0,1,65,0,0,0,0,0,2,2,1
,2021-31410,39.81940044,-104.9828907,8/28/2021 9:19,9:19,12,0,0,I-25 & 4TH AVE,1,1,1,0,1,4,0,0,65,0,0,0,0,0,1,2,7
,2021-31411,39.72931353,-105.0148199,8/25/2021 12:27,12:27,12,0,0,I-25 & 8TH AVE W,1,1,0,0,1,4,0,0,65,0,0,0,0,0,1,2,13
,2021-31412,39.72333353,-104.9874699,8/30/2021 14:20,14:20,15,0,0,BROADWAY ST N & 4TH AVE E,1,1,0,0,1,4,0,0,35,0,0,0,0,1,4,2,1
,2021-31413,39.77420352,-104.8470299,8/25/2021 17:03,17:03,12,0,0,I-70 & PEORIA ST N,1,1,1,0,1,4,0,0,65,0,0,0,0,0,1,2,7
,2021-31414,39.70660354,-104.9826999,8/22/2021 13:38,13:38,6,0,0,500 BLK S LOGAN ST & E VIRGINIA AVE,1,1,0,0,1,4,0,0,30,0,0,0,0,0,4,2,16
,2021-31415,39.74378352,-104.9034499,8/30/2021 14:20,14:20,3,0,0,E 17TH AVE & N QUEBEC ST,1,1,0,0,1,1,0,0,35,0,0,0,0,0,4,2,1
,2021-31416,39.76381352,-104.9027299,8/30/2021 17:05,17:05,3,0,0,E 33RD AVE & N QUEBEC ST,1,1,0,0,1,1,0,0,35,0,0,0,0,1,4,2,13
,2021-31417,39.72910353,-104.9590199,8/22/2021 11:45,11:45,10,0,0,E 8TH AVE & N JOSEPHINE ST,1,1,0,0,1,1,0,0,35,0,0,0,0,0,4,2,13
,2021-31418,39.85130952,-104.9988859,8/30/2021 14:09,14:09,14,0,0,JASON ST N & 3800 BLK N,1,1,0,0,1,1,0,0,35,0,0,0,0,0,4,2,3
,2021-31419,39.75520353,-105.0129099,8/25/2021 12:31,12:31,12,0,0,I-25 & SPEER BLVD N,1,1,0,0,1,4,0,0,55,0,0,0,0,0,1,2,13
,2021-31420,39.76366838,-104.9498809,8/30/2021 14:07,14:07,12,0,0,N STEELE ST & E BRUCE RANOLPH AVE,1,1,0,0,1,3,0,0,35,0,0,0,0,0,4,2,7
,2021-31428,39.75070353,-104.9866299,7/3/2021 16:17,16:17,5,0,0,STOUT ST & 2120 STOUT ST,14,5,3,7,1,2,0,0,,0,0,0,0,0,4,1,16
,2021-31526,39.68777354,-105.0532199,8/30/2021 2:17,2:17,3,0,2,SHERIDAN BLVD S & IOWA AVE W,1,3,3,0,1,1,0,0,40,0,0,0,0,3,2,2,13
,2021-31548,39.68959354,-105.0532699,7/26/2021 18:01,18:01,12,0,0,SHERIDAN BLVD S & FLORIDA AVE W,1,1,3,0,1,1,0,0,35,0,0,0,0,0,2,2,3
,2021-31687,39.77400352,-104.8470199,6/27/2021 1:56,1:56,12,0,0,I-70 & PEORIA ST N,1,3,1,0,1,4,0,0,45,0,0,0,0,0,1,2,5
,2021-31688,39.77029353,-104.9719099,8/20/2021 13:23,13:23,2,0,1,WALNUT ST & 38TH ST,1,1,0,0,1,1,0,0,0,1,0,0,0,2,4,2,16
,2021-31689,39.77668083,-104.9705935,8/21/2021 19:14,19:14,3,0,0,BRIGHTON BLVD N & 46TH AVE E,1,1,0,0,1,1,0,0,35,0,0,0,0,0,2,2,13
,2021-31690,39.77666353,-105.0360599,8/8/2021 23:31,23:31,5,0,0,44TH AVE & 3700 BLK W,1,3,0,0,3,4,0,0,30,0,0,0,0,0,4,1,5
,2021-31691,39.75947353,-104.9561099,8/22/2021 19:00,19:00,6,0,0,N ELIZABETH ST & E 30TH AVE,1,2,0,0,1,4,0,0,25,0,0,0,0,0,4,2,1
,2021-31692,39.73354353,-104.9870499,8/5/2021 23:30,23:30,6,0,0,1082 N BROADWAY ST & W 11TH AVE,1,4,0,0,5,7,0,0,10,0,0,0,0,0,3,2,13
,2021-31693,39.70605353,-104.9407399,8/24/2021 8:00,8:00,1,0,0,E CHERRY CREEK S DR & S COLORADO BLVD,1,1,0,0,1,1,0,0,30,0,0,0,0,0,4,2,13
,2021-31694,39.84521349,-104.66739,8/24/2021 15:38,15:38,15,0,0,8000 BLK PENA BLVD INBOUND & SHADY GROVE ST,1,1,0,0,1,4,0,0,35,0,0,0,0,0,4,2,1
,2021-31695,39.66958354,-105.0247599,8/2/2021 22:29,22:29,12,0,0,FEDERAL BLVD & 2630 S,1,3,1,0,5,7,0,0,,0,0,0,0,0,3,2,13
,2021-31696,39.74764353,-105.0024799,8/14/2021 1:52,1:52,3,0,1,N SPEER BLVD & AURARIA PKWY,1,3,0,0,1,1,0,0,35,0,0,0,0,1,4,2,14
,2021-31697,39.77930353,-105.0439599,8/11/2021 15:05,15:05,15,0,0,4500 BLK N TENNYSON ST & W 45TH AVE,1,1,1,0,1,4,0,0,30,0,0,0,0,0,4,2,16
,2021-31698,39.73095353,-104.9393099,7/26/2021 7:20,7:20,6,0,0,9TH AVE E & ALBION ST,1,1,0,0,1,4,0,0,30,0,0,0,0,0,4,2,14
,2021-31699,39.73800353,-105.0251399,8/25/2021 18:30,18:30,1,0,0,FEDERAL BLVD N & HOWARD PL W,1,1,0,0,1,1,0,0,30,0,0,0,0,0,2,2,13
,2021-31700,39.78260803,-104.9985394,8/24/2021 0:35,0:35,3,0,1,COLORADO BLVD N & I-70 WB OFF RAMP,1,3,2,0,1,1,0,0,45,0,0,0,0,2,2,2,13
,2021-31701,39.74153329,-105.0377505,8/23/2021 20:31,20:31,1,0,0,8TH AVE W & CONEJOS CT N,1,1,0,0,1,1,0,0,35,0,0,0,0,1,4,2,13
,2021-31702,39.6651707,-105.1189645,8/23/2021 21:22,21:22,3,0,0,WOLFF ST S & MORRISON RD,1,1,1,0,1,1,0,0,30,0,0,0,0,1,4,2,5
,2021-31703,39.63635754,-104.8938849,8/24/2021 4:25,4:25,5,0,0,I-225 SB OFF RAMP & TAMARAC ST S,1,3,1,0,3,1,0,0,35,0,0,0,0,0,1,1,13
,2021-31704,39.67907354,-104.9421899,8/18/2021 13:00,13:00,16,0,0,2053 S COLORADO BLVD & 2053 BLK S,1,1,0,0,5,7,0,0,15,0,0,0,0,0,3,2,13
,2021-31705,39.68851354,-104.9676599,8/25/2021 18:15,18:15,3,0,0,FRANKLIN ST & 1560 S,1,1,0,0,5,7,0,0,10,0,0,0,1,0,3,2,14
,2021-31706,39.78058352,-104.8416999,8/25/2021 16:12,16:12,3,0,0,N TULSA CT & E ALBROOK DR,1,1,0,0,1,1,0,0,25,0,0,0,0,0,4,2,16
,2021-31707,39.78332353,-105.0345699,8/24/2021 2:27,2:27,5,0,1,I-70 & LOWELL BLVD N,1,3,1,0,3,4,0,0,55,0,0,0,0,3,1,1,13
,2021-31708,39.72889353,-104.9964099,8/24/2021 18:37,18:37,12,0,0,700 BLK W 8TH AVE & N GALAPAGO ST,1,1,0,0,1,4,0,0,25,0,0,0,0,0,4,2,3
,2021-31709,39.78371351,-104.77446,8/23/2021 21:10,21:10,3,0,0,YAMPA ST N & GVR BLVD E,1,3,0,0,1,1,0,0,25,0,0,0,0,1,4,2,1
,2021-31710,39.70758354,-105.0250799,8/17/2021 13:35,13:35,3,0,0,FEDERAL BLVD S & VIRGINIA AVE W,1,1,0,0,1,1,0,0,40,0,0,0,0,0,2,2,1
,2021-31711,39.78026353,-104.9895499,8/24/2021 12:50,12:50,15,0,0,I-25 & I-70 WB,1,1,0,0,1,4,0,0,55,0,0,0,0,0,1,1,16
,2021-31712,39.68214354,-104.9875599,8/24/2021 11:02,11:02,3,0,0,W JEWELL AVE & S BROADWAY ST,1,1,0,0,1,5,0,0,25,0,0,0,0,1,4,2,1
,2021-31713,39.76517353,-104.9909799,8/22/2021 3:38,3:38,6,0,1,ARKINS CT & DENARGO ST,1,4,0,0,2,1,0,0,30,0,0,0,0,2,4,2,8
,2021-31714,39.77400352,-104.8470199,8/23/2021 15:32,15:32,12,0,0,I-70 & PEORIA ST N,1,1,0,0,1,4,0,0,55,0,0,0,0,1,1,2,13
,2021-31715,39.75470352,-104.9163199,7/17/2021 20:21,20:21,3,0,0,KRAMERIA ST N & 26TH AVE E,1,1,0,0,1,1,0,0,25,0,0,0,0,1,4,2,1
,2021-31716,39.71815354,-105.0300099,8/23/2021 18:28,18:28,3,0,0,W 1ST AVE & N IRVING ST,1,1,0,0,1,1,0,0,25,0,0,0,0,1,4,2,13
,2021-31717,39.69298154,-104.9734159,8/14/2021 10:38,10:38,12,0,0,S DOWNING ST & E LOUISIANA AVE,1,1,0,0,1,1,0,0,30,0,0,0,0,0,4,2,13
,2021-31718,39.78026353,-104.9895499,8/24/2021 6:55,6:55,12,0,0,I-25 & I-70 WB,1,1,0,0,1,4,0,0,55,0,0,0,0,0,1,2,3
,2021-31719,39.71118354,-105.0038799,8/23/2021 16:03,16:03,1,0,0,W ALAMEDA AVE & S NAVAJO ST,1,1,0,0,1,1,0,0,30,0,0,0,0,0,4,2,8
,2021-31720,39.73675353,-104.9418099,8/24/2021 18:33,18:33,10,0,0,E 13TH AVE & N HARRISON ST,1,1,1,0,1,1,0,0,30,0,0,0,0,0,4,2,8
,2021-31721,39.76801353,-104.9949599,8/23/2021 15:04,15:04,15,0,0,I-25 NB ON RAMP FROM & PARK AVE W,1,1,0,0,1,8,0,0,55,0,0,0,0,0,1,2,1
,2021-31722,39.76778352,-104.9054999,8/27/2021 21:42,21:42,6,0,0,3610 N PONTIAC ST & 36TH AVE,1,3,0,0,1,3,0,0,15,0,0,0,0,0,4,2,1
,2021-31723,39.63471355,-105.0347299,8/24/2021 14:31,14:31,12,0,0,LOWELL BLVD S & 4300 BLK S,1,1,0,0,1,5,0,0,15,0,0,0,0,1,4,2,3
,2021-31724,39.75259039,-104.9848982,8/24/2021 18:24,18:24,12,0,0,I-25 & PARK AVE W,1,1,1,0,1,4,0,0,55,0,0,0,0,0,1,2,3
,2021-31725,39.72514744,-105.025697,8/24/2021 13:35,13:35,12,0,0,HWY 6 EB OFF RAMP TO & FEDERAL BLVD S,1,1,0,0,1,8,0,0,45,0,0,0,0,0,2,2,13
,2021-31726,39.85149548,-105.0001884,8/24/2021 16:02,16:02,3,0,0,9TH AVE W & KALAMATH ST N,1,1,0,0,1,1,0,0,35,0,0,0,1,1,4,2,16
,2021-31727,39.78745353,-105.0252099,8/31/2021 7:40,7:40,12,0,0,FEDERAL BLVD N & REGIS BLVD W,1,1,0,0,1,4,0,0,35,0,0,0,0,0,2,2,16
,2021-31728,39.83230305,-104.9834911,8/23/2021 20:46,20:46,3,0,0,COLFAX AVE W & I-25 SB OFF RAMP,1,3,0,0,1,1,0,0,25,0,0,0,0,0,2,2,13
,2021-31729,39.71779353,-104.9413299,7/5/2021 1:32,1:32,15,0,0,1ST AVE E & HARRISON ST N,1,3,0,0,1,3,0,0,25,0,0,0,0,0,4,2,13
,2021-31730,39.76449353,-104.9659399,8/24/2021 15:25,15:25,3,0,0,E BRUCE RANDOLPH AVE & N WILLIAMS ST,1,1,0,0,1,1,0,0,30,0,0,0,0,0,4,2,3
,2021-31731,39.71119754,-105.0251704,8/24/2021 11:39,11:39,15,0,0,FEDERAL BLVD S & ALAMEDA AVE W,1,1,0,0,1,4,0,0,35,0,0,0,0,0,2,2,3
,2021-31732,39.70642354,-104.9967799,8/17/2021 17:00,17:00,12,0,0,I-25 & SANTA FE DR S,1,1,1,0,1,4,0,0,65,0,0,0,0,0,1,2,13
,2021-31733,39.75022154,-105.1121535,8/23/2021 17:05,17:05,12,0,0,I-25 & 23RD AVE W,1,1,0,0,1,4,0,0,55,0,0,0,0,0,1,2,7
,2021-31734,39.68939954,-104.9920549,8/16/2021 16:50,16:50,12,0,0,SANTA FE DR S & FLORIDA AVE W,1,1,0,0,1,3,0,0,45,0,0,0,0,0,2,2,3
,2021-31735,39.8332535,-104.77252,8/24/2021 10:44,10:44,12,0,0,PENA BLVD & 75TH AVE E,1,1,0,0,1,4,0,0,55,0,0,0,0,0,4,1,1
,2021-31736,39.71111353,-104.9592499,8/23/2021 7:50,7:50,12,0,0,S UNIVERSITY BLVD & E ALAMEDA AVE,1,2,2,0,1,3,0,0,30,0,0,0,0,1,4,2,13
,2021-31737,39.8311435,-104.77945,8/23/2021 10:57,10:57,9,0,0,PENA BLVD & JACKSON GAP ST N,1,1,0,0,1,4,0,0,65,0,0,0,0,0,4,1,10
,2021-31738,39.74004353,-104.9835699,8/8/2021 2:00,2:00,15,0,0,COLFAX AVE E & GRANT ST N,1,3,1,0,1,1,0,0,25,0,0,0,0,0,2,2,14
,2021-31739,39.77939353,-104.9791399,8/24/2021 15:41,15:41,15,0,0,I-70 & WASHINGTON ST N,1,1,0,0,1,4,0,0,55,0,0,0,0,0,1,2,13
,2021-31740,39.68604252,-104.9035894,8/31/2021 8:39,8:39,12,0,0,I-270 & QUEBEC ST S,1,1,0,0,1,4,0,0,55,0,0,0,0,0,2,2,13
,2021-31741,39.72843353,-105.0001699,8/29/2021 0:30,0:30,15,0,0,8TH AVE W & KALAMATH ST N,1,3,0,0,1,1,0,0,30,0,0,0,0,0,4,2,13
,2021-31742,39.75131353,-105.0165199,8/24/2021 14:40,14:40,12,0,0,I-25 & 23RD AVE W,1,1,0,0,1,4,0,0,55,0,0,0,0,0,1,2,3
,2021-31743,39.74019553,-105.0001549,8/24/2021 15:43,15:43,3,0,0,COLFAX AVE W & KALAMATH ST N,1,1,0,0,1,1,0,0,35,0,0,0,0,0,2,2,7
,2021-31744,39.74015352,-104.8952399,8/25/2021 12:18,12:18,11,0,1,TAMARAC ST N & COLFAX AVE E,1,1,0,0,1,5,0,0,0,0,1,0,0,2,1,1,16
,2021-31745,39.72661353,-105.0015899,8/24/2021 17:30,17:30,6,0,0,N LIPAN ST & N LIPAN MARIPOSA ALY,1,1,0,0,1,4,0,0,30,0,0,0,0,0,4,2,7