id,drcog_id,latitude,longitude,crashtime,time,crashtype,numbkilled,numbinjurd,drcoglocat,rdconditin,lightngcon,roadcntgrd,weatherco,location,roaddescrp,schoolzone,constrzone,splimit,bikeinv,pedinv,sctrinv,motoinv,svrty,rdsystem,ttlvehcls,hcf
,2021-31746,39.76015353,-104.9382999,8/30/2021 20:00,20:00,6,0,0,E 30TH AVE & N ASH ST,1,3,0,0,1,4,0,0,25,0,0,0,0,0,4,2,16
,2021-31747,39.74373353,-104.9187799,8/29/2021 9:00,9:00,6,0,0,1700 N JASMINE ST & E 17TH AVE,1,1,0,0,1,2,0,0,25,0,0,0,0,0,4,2,16
,2021-31748,39.68496354,-105.0250299,8/25/2021 14:41,14:41,12,0,0,FEDERAL BLVD S & COLORADO AVE W,1,1,1,0,1,4,0,0,40,0,0,0,0,1,2,4,3
,2021-31749,39.75261353,-105.0064499,8/30/2021 12:27,12:27,11,0,1,PECOS ST N & 38TH AVE W,1,1,1,0,1,1,0,0,30,0,1,0,0,2,4,1,13
,2021-31750,39.65306654,-104.926777,8/25/2021 14:57,14:57,12,0,0,I-25 & HAMPDEN AVE E,1,1,0,0,1,4,0,0,65,0,0,0,0,0,1,4,3
,2021-31751,39.70431354,-105.0460499,8/30/2021 14:12,14:12,6,0,0,W EXPOSITION AVE & S UTICA ST,1,1,0,0,1,4,0,0,25,0,0,0,0,0,4,2,3
,2021-31752,39.75129353,-105.0033999,8/14/2021 15:55,15:55,15,0,0,WEWATTA ST & SPEER BLVD N,1,1,0,0,1,4,0,0,30,0,0,0,0,0,4,2,4
,2021-31753,39.69675254,-105.0250579,8/31/2021 11:29,11:29,15,0,0,FEDERAL BLVD S & MISSISSIPPI AVE W,1,1,0,0,1,4,0,0,40,0,0,0,0,0,2,2,13
,2021-31754,39.69960354,-104.9921499,8/30/2021 21:47,21:47,12,0,0,SANTA FE DR S & MISSISSIPPI AVE W,1,3,0,0,1,4,0,0,45,0,0,0,0,0,2,2,7
,2021-31755,39.76731352,-104.8904499,8/19/2021 12:20,12:20,15,0,0,N CENTRAL PARK BLVD & E 36TH AVE,1,1,0,0,1,4,0,1,35,0,0,0,0,0,4,2,8
,2021-31756,39.78310352,-104.9009299,8/30/2021 17:12,17:12,12,0,0,I-270 & QUEBEC ST S,1,1,1,0,1,4,0,0,55,0,0,0,0,0,1,2,1
,2021-31757,39.79840751,-104.7872825,8/30/2021 21:05,21:05,5,0,1,PENA BLVD & 56TH AVE E,1,3,0,0,3,4,0,0,65,0,0,0,0,2,4,1,13
,2021-31758,39.72931353,-105.0148199,8/30/2021 17:35,17:35,15,0,0,I-25 & 6TH AVE W,1,1,1,0,1,4,0,0,55,0,0,0,0,0,1,2,3
,2021-31759,39.84979749,-104.6738195,8/31/2021 6:45,6:45,6,0,0,PENA BLVD & 8400 PENA BLVD GATE 1,1,1,0,0,1,2,0,0,15,0,0,0,0,0,4,2,3
,2021-31760,39.77844094,-105.0369372,8/25/2021 17:56,17:56,12,0,0,6TH AVE W & NEWTON ST N,1,1,0,0,1,4,0,0,55,0,0,0,0,0,2,3,16
,2021-31761,39.72266353,-104.9007299,8/21/2021 13:45,13:45,6,0,0,N RAMPART WAY & E 4TH AVE,1,1,0,0,1,4,0,0,25,0,0,0,0,0,4,2,9
,2021-31762,39.77651353,-104.9892199,8/31/2021 6:33,6:33,15,0,0,I-25 & 44TH AVE W,1,1,0,0,1,4,0,0,55,0,0,0,0,0,1,2,13
,2021-31763,39.76634352,-104.8912099,8/29/2021 13:30,13:30,6,0,0,CENTRAL PARK BLVD N & 3555 N CENTRAL PARK BLVD,1,1,0,0,5,7,0,0,15,0,0,0,0,0,3,2,16
,2021-31764,39.77984352,-104.8472899,8/31/2021 17:19,17:19,12,0,0,PEORIA ST & 4601 N,1,1,0,0,1,7,0,0,,0,0,0,0,0,4,2,13
,2021-31765,39.79826352,-104.8788099,8/31/2021 16:47,16:47,15,0,0,9100 BLK E 56TH AVE & CENTRAL PARK BLVD,1,1,0,0,1,4,0,0,40,0,0,0,0,0,4,2,3
,2021-31766,39.67850954,-104.9734294,8/30/2021 22:41,22:41,3,0,0,S DOWNING ST & E EVANS AVE,1,3,0,0,1,1,0,0,35,0,0,0,0,1,4,2,13
,2021-31767,39.72931353,-105.0150399,8/30/2021 13:45,13:45,15,0,0,I-25 SB EXIT GORE PT TO & 8TH AVE W,1,1,1,0,1,4,0,0,55,0,0,0,0,0,1,2,13
,2021-31768,39.78924353,-105.0345899,8/31/2021 15:56,15:56,14,0,0,LOWELL BLVD N & 51ST AVE W,1,1,0,0,1,4,0,0,30,0,0,0,0,0,4,3,3
,2021-31769,39.74939453,-104.9797627,8/31/2021 4:53,4:53,3,0,0,COLFAX AVE W & COURT PL,1,3,0,0,1,1,0,0,30,0,0,0,0,0,2,2,16
,2021-31770,39.74017353,-104.9541599,7/22/2021 15:21,15:21,6,0,0,COLFAX AVE E & DETROIT ST N,1,1,0,0,1,4,0,0,30,0,0,0,0,0,2,2,13
,2021-31771,39.75106244,-104.9781184,8/30/2021 16:58,16:58,15,0,0,I-70 & WASHINGTON ST N,1,1,1,0,1,4,0,0,40,0,0,0,0,0,1,2,13
,2021-31772,39.76378353,-104.9733199,8/31/2021 14:24,14:24,15,0,0,CURTIS ST & DOWNING ST N,1,1,0,0,1,4,0,0,25,0,0,0,0,0,4,2,8
,2021-31773,39.71842354,-105.0532699,8/31/2021 13:55,13:55,12,0,0,SHERIDAN BLVD N & 1ST AVE W,1,1,1,0,1,3,0,0,35,0,0,0,0,0,2,2,3
,2021-31774,39.71145353,-104.9381999,8/30/2021 7:29,7:29,1,0,1,ALAMEDA AVE E & 4100 BLK E,1,1,1,0,1,2,0,0,35,0,0,0,1,2,4,2,14
,2021-31775,39.76345353,-105.0346099,8/26/2021 10:45,10:45,5,0,0,LOWELL BLVD N & 33RD AVE W,1,1,1,0,1,4,0,0,30,0,0,0,0,0,4,1,16
,2021-31776,39.75631353,-105.0158299,8/25/2021 14:14,14:14,3,0,0,ZUNI ST N & 28TH AVE W,1,1,1,0,1,2,0,0,30,0,0,0,0,1,4,2,13
,2021-31777,39.76114748,-104.8956109,8/28/2021 20:55,20:55,15,0,0,HAMPDEN AVE E & TAMARAC ST,1,2,0,0,1,1,0,0,40,0,0,0,1,1,2,3,14
,2021-31778,39.73284353,-104.8846899,8/31/2021 15:43,15:43,1,0,0,YOSEMITE ST N & 11TH AVE E,1,1,0,0,1,1,0,0,35,0,0,0,0,0,4,2,13
,2021-31779,39.72506114,-105.0166184,8/31/2021 8:37,8:37,15,0,0,HWY 6 EB DISTRIBUTOR RAMP GORE PT TO & I-25 NB/SB,1,1,0,0,1,8,0,0,55,0,0,0,0,0,1,2,14
,2021-31780,39.78371351,-104.7649,8/26/2021 16:11,16:11,12,0,0,18600 BLK E GVR BLVD & N ANDES CT,1,1,0,0,1,4,0,0,35,0,0,0,0,1,4,3,13
,2021-31781,39.77955352,-104.9497999,8/27/2021 6:30,6:30,12,0,0,I-70 & STEELE ST N,1,1,0,0,1,4,0,0,55,0,0,0,0,0,1,3,13
,2021-31782,39.78346312,-105.0112166,8/27/2021 17:35,17:35,12,0,0,I-70 & 282.2,1,1,0,0,1,4,0,0,65,0,0,0,1,0,1,2,1
,2021-31783,39.77804052,-104.8471054,8/27/2021 7:53,7:53,12,0,0,N PEORIA ST & E 45TH AVE,1,1,0,0,1,4,0,0,40,0,0,0,0,1,4,3,3
,2021-31784,39.71118354,-105.0156899,8/27/2021 15:37,15:37,12,0,0,S ZUNI ST & W ALAMEDA AVE,1,1,0,0,1,4,0,0,25,0,0,0,0,1,4,4,10
,2021-31785,39.75485353,-105.0381399,8/25/2021 14:25,14:25,6,0,0,N OSCEOLA ST & W 26TH AVE,1,1,0,0,1,3,0,0,30,0,0,0,0,0,4,3,1
,2021-31786,39.74024954,-105.1197344,8/26/2021 15:55,15:55,12,0,0,I-25 & COLFAX AVE W,1,1,1,0,1,4,0,0,55,0,0,0,0,0,1,3,3
,2021-31787,39.76553821,-104.9030252,8/26/2021 18:40,18:40,3,0,0,E 35TH AVE & CENTRAL PARK BLVD,1,1,0,0,1,1,0,0,35,0,0,0,0,0,4,2,13
,2021-31788,39.77705982,-104.9701395,8/26/2021 19:23,19:23,12,0,0,I-70 & BRIGHTON BLVD N,1,1,1,0,1,4,0,1,55,0,0,0,0,1,1,2,1
,2021-31789,39.77393271,-104.8657399,8/31/2021 7:45,7:45,12,0,0,I-70 & HAVANA ST N,1,1,0,0,1,4,0,0,55,0,0,0,0,0,1,3,13
,2021-31790,39.67333354,-105.0250599,8/31/2021 17:19,17:19,12,0,1,FEDERAL BLVD S & WESLEY AVE W,1,1,0,0,1,3,0,0,40,0,0,0,0,2,2,3,3
,2021-31791,39.78924353,-105.0345899,8/24/2021 19:08,19:08,6,0,0,N LOWELL BLVD & W 51ST AVE,1,1,0,0,1,4,0,0,35,0,0,0,0,0,4,3,16
,2021-31792,39.75120353,-105.0247799,8/28/2021 8:05,8:05,15,0,0,23RD AVE & 2900 BLK W,1,1,0,0,1,4,0,0,25,0,0,0,0,0,4,3,7
,2021-31793,39.69669854,-104.9918704,8/23/2021 17:25,17:25,12,0,0,W MISSISSIPPI AVE & S SANTA FE DR,1,1,0,0,1,4,0,0,30,0,0,0,0,0,2,3,14
,2021-31794,39.74405353,-104.9787199,7/7/2021 11:27,11:27,5,0,0,WASHINGTON ST N & 18TH AVE E,1,1,3,0,3,5,0,0,,0,0,0,0,0,4,1,16
,2021-31800,39.77829352,-104.9035599,7/1/2021 15:11,15:11,12,0,0,I-70 EB OFF RAMP TO & QUEBEC ST S,1,1,3,0,1,8,0,0,,0,0,0,0,0,1,2,16
,2021-31828,39.67123353,-104.8992599,8/31/2021 0:24,0:24,6,0,0,HARVARD AVE & 7565 E,1,4,3,0,1,4,0,0,,0,0,0,0,0,4,3,16
,2021-31870,39.70934354,-105.0074299,7/28/2021 16:25,16:25,12,0,0,1400 BLK W DAKOTA AVE & S RARITAN ST,1,1,3,0,1,4,0,0,20,0,0,0,0,0,4,2,11
,2021-31872,39.79837351,-104.78637,7/28/2021 17:45,17:45,12,0,0,E 56TH AVE & PENA BLVD INBOUND,1,1,3,0,1,3,0,0,45,0,0,0,0,1,4,4,3
,2021-31873,39.74044353,-104.9965599,7/28/2021 15:40,15:40,12,0,0,WELTON ST & 1100 BLK,1,1,3,0,1,4,0,0,35,0,0,0,0,0,4,2,11
,2021-31885,39.75129353,-105.0033999,7/28/2021 17:38,17:38,3,0,1,WEWATTA ST & 15TH ST,1,1,3,0,1,5,0,0,35,0,0,0,0,2,4,2,7
,2021-31886,39.72907353,-104.9671299,7/29/2021 7:31,7:31,12,0,0,E 8TH AVE & N GILPIN ST,1,1,3,0,1,4,0,0,30,0,0,0,0,0,4,2,13
,2021-31888,39.70882601,-104.9899897,7/29/2021 11:25,11:25,3,0,0,W DAKOTA AVE & S BANNOCK ST,1,1,3,0,1,1,0,0,25,0,0,0,0,1,4,2,13
,2021-31892,39.70145354,-104.9875199,7/28/2021 15:30,15:30,1,0,0,BROADWAY ST S & I-25 NB ON RAMP,1,1,3,0,1,1,0,0,30,0,0,0,0,0,4,2,3
,2021-31896,39.72561353,-104.9823499,7/23/2021 7:30,7:30,6,0,0,LOGAN ST & 6TH AVE E,1,1,3,0,1,4,0,0,30,0,0,0,0,0,4,4,13
,2021-31897,39.71110354,-105.0312999,7/29/2021 9:45,9:45,15,0,0,ALAMEDA AVE W & JULIAN ST S,1,1,3,0,1,3,0,0,30,0,0,0,0,0,2,2,13
,2021-31898,39.79840751,-104.7872825,8/23/2021 19:45,19:45,5,0,2,PENA BLVD & 56TH AVE E,1,2,0,0,3,4,0,0,65,0,0,0,0,2,4,1,3
,2021-31899,39.73793353,-104.9601199,8/23/2021 21:19,21:19,6,0,0,YORK ST N & 1361 YORK ST N,1,3,0,0,1,4,0,0,30,0,0,0,0,0,4,3,3
,2021-31900,39.78916017,-105.0404206,8/26/2021 5:40,5:40,12,0,0,6TH AVE W & QUITMAN ST N,1,1,1,0,1,4,0,0,55,0,0,0,0,0,2,5,7
,2021-31901,39.74015353,-105.0052299,8/25/2021 12:25,12:25,1,0,1,COLFAX AVE W & 7TH ST,1,1,1,0,1,1,0,0,30,0,0,0,0,2,2,3,13
,2021-31902,39.72918353,-105.0135899,8/12/2021 9:59,9:59,16,0,0,2214 W 8TH AVE & 2214 BLK W,1,1,1,0,5,7,0,0,,0,0,0,0,0,3,7,16
,2021-31903,39.71477353,-104.9875099,8/18/2021 20:35,20:35,10,0,1,S BROADWAY ST & E BAYAUD AVE,1,1,0,0,1,1,0,0,35,0,1,0,0,3,4,2,8
,2021-31904,39.76660353,-105.0532299,8/24/2021 15:26,15:26,12,0,0,SHERIDAN BLVD N & 36TH AVE W,1,1,1,0,1,4,0,0,35,0,0,0,0,1,2,3,13
,2021-31905,39.75774353,-104.9985699,8/20/2021 16:35,16:35,12,0,0,20TH ST & CHESTNUT PL,1,1,1,0,1,3,0,0,35,0,0,0,0,0,4,3,1
,2021-31906,39.71120354,-104.9988899,8/31/2021 21:20,21:20,15,0,0,I-25 & ALAMEDA AVE W,1,3,1,0,1,4,0,0,55,0,0,0,0,0,1,2,13
,2021-31907,39.74676353,-104.9918399,8/23/2021 21:16,21:16,11,0,1,17TH ST & STOUT ST,1,3,0,0,1,2,0,0,0,0,0,1,0,2,4,1,16
,2021-31908,39.71118354,-104.9932299,8/31/2021 17:57,17:57,1,0,3,300 BLK W ALAMEDA AVE & S CHEROKEE ST,1,1,1,0,1,3,0,0,35,0,0,0,0,2,4,4,14
,2021-31909,39.72553353,-105.0131199,8/24/2021 14:35,14:35,12,0,0,I-25 NB EXIT GORE PT TO & 6TH AVE W,1,1,1,0,1,4,0,0,55,0,0,0,0,0,1,2,13
,2021-31910,39.76745352,-104.9128599,8/26/2021 19:05,19:05,6,0,1,MONACO ST N & 36TH AVE E,1,2,1,0,3,3,0,0,30,0,0,0,0,2,4,3,7
,2021-31911,39.73823817,-104.9326808,9/4/2021 12:12,12:12,3,0,1,N DEXTER ST & E 14TH AVE,1,1,0,0,1,1,0,0,25,0,0,0,0,1,4,3,13
,2021-31912,39.76115353,-105.0047499,8/24/2021 11:23,11:23,12,0,0,I-25 & 20TH ST,1,1,0,0,1,4,0,0,65,0,0,0,0,1,1,5,14
,2021-31913,39.78362051,-104.7722075,8/29/2021 23:47,23:47,12,0,0,E GVR BLVD & N TOWER RD,1,3,0,0,1,1,0,0,45,0,0,0,0,0,4,3,13
,2021-31914,39.77287352,-104.9405399,6/22/2021 21:00,21:00,11,0,1,N COLORADO BLVD & E 40TH AVE,1,3,0,0,1,1,0,0,0,0,0,1,0,1,2,2,16
,2021-31915,39.72642353,-104.9740699,8/31/2021 23:02,23:02,6,0,0,600 BLK N CORNA ST & E 6TH AVE,1,3,0,0,1,4,0,0,25,0,0,0,0,0,4,4,14
,2021-31916,39.76115353,-105.0047499,8/22/2021 19:12,19:12,12,0,0,20TH ST & I-25 SB RAMPS,1,2,0,0,1,1,0,0,25,0,0,0,0,0,4,4,1
,2021-31917,39.70670353,-104.8802199,8/26/2021 22:34,22:34,6,0,0,9200 BLK E CENTER AVE & S CLINTON ST,1,4,0,0,1,4,0,0,25,0,0,0,0,0,4,3,5
,2021-31918,39.77703352,-104.8800199,8/31/2021 13:15,13:15,15,0,0,I-70 & MM 279.75,1,1,0,0,1,4,0,0,55,0,0,0,0,0,1,2,16
,2021-31919,39.75978353,-104.9760399,7/2/2021 23:54,23:54,11,0,3,STOUT ST & CHAMPA ST,1,3,0,0,1,5,0,0,,0,1,0,0,2,4,1,5
,2021-31920,39.78363351,-104.78169,9/3/2021 11:10,11:10,1,0,0,GVR BLVD E & TELLURIDE ST N,1,1,0,0,1,1,0,0,35,0,0,0,0,1,4,2,13
,2021-31921,39.72570554,-105.0324874,9/2/2021 7:22,7:22,12,0,0,6TH AVE W & KNOX ST N,1,1,0,0,1,4,0,0,55,0,0,0,0,1,1,6,14
,2021-31922,39.78923353,-105.0192999,7/15/2021 22:48,22:48,6,0,0,W 51ST AVE & N BRYANT ST,1,3,1,0,1,4,0,0,25,0,0,0,0,0,4,3,13
,2021-31923,39.76928353,-105.0064499,9/3/2021 15:34,15:34,1,0,3,W 38TH AVE & N PECOS ST,1,1,1,0,1,1,0,0,30,0,0,0,0,2,4,2,13
,2021-31924,39.70778353,-104.9252199,9/2/2021 17:08,17:08,1,0,0,5300 BLK LEETSDALE DR & S FOREST ST,1,1,0,0,1,2,0,0,30,0,0,0,0,0,4,3,13
,2021-31925,39.79034351,-104.8243999,8/23/2021 7:30,7:30,6,0,0,52ND AVE E & CROWN BLVD N,1,1,0,0,2,3,0,0,25,0,0,0,0,0,4,2,14
,2021-31926,39.72579554,-105.0533449,9/3/2021 11:30,11:30,12,0,0,6TH AVE W & SHERIDAN BLVD N,1,1,0,0,1,4,0,0,55,0,0,0,0,0,2,3,13
,2021-31927,39.78363353,-105.0439299,8/13/2021 17:08,17:08,15,0,1,I-70 & TENNYSON ST N,1,1,1,0,1,4,0,0,55,0,0,0,0,3,1,3,16
,2021-31928,39.75103353,-104.9339199,9/4/2021 1:37,1:37,6,0,0,23ND AVE E & CHERRY ST N,1,4,0,0,1,4,0,0,25,0,0,0,0,1,4,3,2
,2021-31929,39.71656354,-105.0324599,9/4/2021 11:20,11:20,3,0,0,KNOX CT N & ELLSWORTH AVE W,1,1,0,0,1,1,0,0,30,0,0,0,0,1,4,6,13
,2021-31930,39.73038354,-105.0532299,9/2/2021 16:26,16:26,12,0,0,SHERIDAN BLVD N & 9TH AVE W,1,1,0,0,1,4,0,0,30,0,0,0,0,0,1,3,13
,2021-31931,39.6571464,-105.0004561,9/1/2021 3:58,3:58,6,0,0,KNOX CT N & HWY 6 FRONTAGE RD,1,3,0,0,1,4,0,0,25,0,0,0,0,1,4,3,5
,2021-31932,39.77333152,-104.8469249,8/30/2021 14:08,14:08,12,0,1,PEORIA ST N & I-70 EB ON RAMP,1,1,0,0,1,1,0,0,35,0,0,0,0,1,4,3,13
,2021-31933,39.72553353,-105.0131199,9/3/2021 13:57,13:57,15,0,0,I-25 & 6TH AVE W,1,1,0,0,1,4,0,0,55,0,0,0,0,0,1,3,7
,2021-31934,39.74839439,-105.0034037,9/3/2021 15:26,15:26,11,0,0,SPEER BLVD N & BLAKE ST,1,1,0,0,1,1,0,0,0,0,0,1,0,1,4,1,16
,2021-31935,39.71110353,-104.9792099,9/4/2021 14:08,14:08,8,0,0,S WASHINGTON ST & E ALAMEDA AVE,1,1,1,0,6,1,0,0,35,0,0,0,0,0,4,2,13
,2021-31936,39.8334535,-104.692913,9/2/2021 16:24,16:24,1,0,0,JACKSON GAP ST N & PENA BLVD,1,1,0,0,1,1,0,0,30,0,0,0,0,1,4,2,14
,2021-31937,39.73407353,-104.9950799,8/19/2021 18:20,18:20,5,0,0,11TH AVE W & 601 W 11TH AVE,1,1,0,0,3,4,0,0,,0,0,0,0,0,4,3,16
,2021-31938,39.69675254,-105.0250579,9/3/2021 19:19,19:19,3,0,0,FEDERAL BLVD S & MISSISSIPPI AVE W,1,2,0,0,1,2,0,0,40,0,0,0,0,0,2,2,1
,2021-31939,39.69223354,-105.0483999,9/1/2021 20:53,20:53,6,0,0,1300 BLK S WOLFF ST & W ARKANSAS AVE,1,4,0,0,1,4,0,0,25,0,0,0,0,0,4,3,14
,2021-31940,39.78896352,-104.9782799,9/2/2021 12:32,12:32,1,0,0,N WASHINGTON ST & E 51ST AVE,1,1,1,0,1,1,0,0,35,0,0,0,0,0,4,2,16
,2021-31941,39.86662778,-104.6717006,9/3/2021 17:30,17:30,15,0,0,PENA BLVD & 4000 BLK N,1,1,0,0,1,4,0,0,45,0,0,0,0,0,4,2,14
,2021-31942,39.74023166,-104.9406669,8/27/2021 11:54,11:54,11,0,0,COLFAX AVE E & COLORADO BLVD,1,1,0,0,1,1,0,0,0,0,1,0,0,0,2,3,16
,2021-31943,39.76017352,-104.9293799,9/4/2021 17:26,17:26,6,0,0,ELM ST N & 30TH AVE E,1,1,0,0,1,4,0,0,25,0,0,0,0,0,4,2,13
,2021-31944,39.74019553,-105.0001549,9/3/2021 10:56,10:56,3,0,2,COLFAX AVE W & KALAMATH ST N,1,1,1,0,1,1,0,0,30,0,0,0,0,2,2,3,13
,2021-31945,39.8318435,-104.69295,9/3/2021 17:35,17:35,3,0,0,E 75TH AVE & N JACKSON GAP ST,1,1,0,0,1,1,0,0,35,0,0,0,0,0,4,2,1
,2021-31946,39.79823351,-104.8471699,9/4/2021 16:36,16:36,12,0,3,E 56TH AVE & N PEORIA ST,1,1,0,0,1,1,0,0,40,0,0,0,0,1,4,4,3
,2021-31947,39.77655353,-105.0532299,8/31/2021 7:30,7:30,12,0,1,W 44TH AVE & N SHERIDAN BLVD,1,1,0,0,1,1,0,0,30,0,0,0,0,1,4,3,13
,2021-31948,39.78010353,-104.9895499,9/3/2021 17:16,17:16,12,0,0,I-25 & I-70,1,1,0,0,1,4,0,0,55,0,0,0,0,0,1,2,13
,2021-31949,39.78010353,-104.9895499,9/2/2021 14:41,14:41,12,0,0,I-25 & I-70,1,1,0,0,1,4,0,0,55,0,0,0,0,0,1,3,13
,2021-31950,39.65307354,-104.9184399,8/23/2021 18:13,18:13,15,0,0,I-25 & HAMPDEN AVE E,1,1,0,0,1,4,0,0,65,0,0,0,0,0,1,3,1
,2021-31951,39.74323353,-104.9721199,8/29/2021 13:50,13:50,6,0,0,E 17TH AVE & N MARION ST,1,1,0,0,1,3,0,0,30,0,0,0,0,0,4,2,14
,2021-31952,39.77656353,-105.0532299,9/3/2021 20:43,20:43,15,0,0,SHERIDAN BLVD N & 44TH AVE W,1,3,0,0,1,4,0,0,35,0,0,0,0,0,2,2,16
,2021-31953,39.61440356,-105.0912899,9/3/2021 19:34,19:34,15,0,0,WADSWORTH BLVD S & CROSS DR W,1,2,0,0,1,1,0,0,45,0,0,0,0,0,2,2,5
,2021-31954,39.75342691,-104.993233,9/3/2021 17:34,17:34,15,0,0,I-25 & 20TH ST W,1,1,0,0,1,4,0,0,55,0,0,0,0,0,1,2,13
,2021-31955,39.61832356,-105.0912299,9/3/2021 17:35,17:35,12,0,0,WADSWORTH BLVD & W LONG AVE,1,1,0,0,1,4,0,0,25,0,0,0,0,0,4,2,13
,2021-31956,39.77705982,-104.9701395,9/4/2021 11:23,11:23,15,0,0,I-70 & BRIGHTON BLVD N,1,1,0,0,1,4,0,0,55,0,0,0,1,0,1,2,13
,2021-31957,39.78313353,-105.0064099,9/3/2021 17:24,17:24,12,0,0,I-70 & PECOS ST N,1,1,0,0,1,4,0,0,55,0,0,0,0,0,1,2,7
,2021-31958,39.77727352,-104.8827699,9/4/2021 6:50,6:50,15,0,0,I-70 & CENTRAL PARK BLVD N,1,2,0,0,1,4,0,0,55,0,0,0,0,0,1,2,13
,2021-31959,39.75927353,-105.0111899,9/3/2021 18:13,18:13,6,0,0,4300 BLK N TEJON ST & W 43RD AVE,1,1,0,0,1,4,0,0,35,0,0,0,0,0,4,2,16
,2021-31960,39.66767354,-105.0349499,9/4/2021 10:46,10:46,12,0,0,W YALE AVE & S LOWELL BLVD,1,1,0,0,1,4,0,0,30,0,0,0,0,0,4,2,3
,2021-31961,39.70672812,-104.9875831,9/3/2021 15:04,15:04,12,0,0,I-25 & BROADWAY ST S,1,1,0,0,1,4,0,0,55,0,0,0,0,0,1,2,13
,2021-31962,39.74008752,-104.9034634,9/4/2021 7:10,7:10,3,0,1,E COLFAX AVE & N QUEBEC ST,1,1,0,0,1,1,0,0,35,0,0,0,0,1,4,2,5
,2021-31963,39.71120354,-105.0324499,9/4/2021 11:31,11:31,12,0,0,W ALAMEDA AVE & MORRISON RD,1,1,0,0,1,3,0,0,35,0,0,0,0,0,2,2,7
,2021-31964,39.70209353,-104.9034999,9/3/2021 16:57,16:57,12,0,0,700 BLK S QUEBEC ST & E EXPOSITION AVE,1,1,0,0,1,4,0,0,30,0,0,0,0,0,4,2,1
,2021-31965,39.75382251,-104.9708599,9/1/2021 12:25,12:25,15,0,0,18TH AVE E & LAFAYETTE ST N,1,1,1,0,1,1,0,0,30,0,0,0,0,1,4,2,8
,2021-31966,39.73525353,-104.9879499,9/1/2021 11:16,11:16,2,0,0,BROADWAY ST N & 12TH AVE W,1,1,0,0,1,1,0,0,30,1,0,0,0,1,4,2,14
,2021-31967,39.71118354,-105.0027099,9/4/2021 1:57,1:57,5,0,1,1200 BLK W ALAMEDA AVE & S NAVAJO ST,1,3,0,0,3,1,0,0,40,0,0,0,0,1,2,1,7
,2021-31968,39.71134153,-104.9210989,9/3/2021 17:02,17:02,12,0,0,5700 E ALAMEDA AVE & S IVY ST,1,1,0,0,1,4,0,0,35,0,0,0,0,0,4,2,1
,2021-31971,39.75705353,-104.9928699,7/28/2021 8:13,8:13,15,0,0,WAZEE ST & 22ND ST,1,1,3,0,1,4,0,0,30,0,0,0,0,0,4,2,16
,2021-31977,39.70510354,-105.0414299,7/25/2021 1:00,1:00,6,0,0,4100 BLK MORRISON RD & QUITMAN ST,1,4,3,0,1,4,0,0,,0,0,0,0,0,4,2,16
,2021-31978,39.71496354,-105.0372899,7/25/2021 7:44,7:44,3,0,0,W BAYAUD AVE & S NEWTON ST,1,1,3,1,1,1,0,0,25,0,0,0,0,0,4,2,13
,2021-31980,39.75480353,-104.9901699,7/25/2021 15:00,15:00,10,0,0,LARIMER ST & 22ND ST,1,1,3,0,1,2,0,0,30,0,0,0,0,0,4,2,11
,2021-31981,39.74014352,-104.8940199,7/24/2021 11:04,11:04,3,0,0,COLFAX AVE E & ULSTER ST N,1,1,3,0,1,1,0,0,35,0,0,0,0,0,2,2,11
,2021-31982,39.77713352,-104.8829599,7/26/2021 9:05,9:05,12,0,0,I-70 EB OFF RAMP TO & CENTRAL PARK BLVD N,1,1,3,0,1,8,0,0,25,0,0,0,0,0,4,2,2
,2021-31983,39.74945353,-104.9953299,7/30/2021 11:04,11:04,15,0,0,17TH ST & LAWRENCE ST,1,1,3,0,1,1,0,0,25,0,0,0,0,0,4,2,13
,2021-31988,39.75007753,-105.0049384,7/28/2021 9:32,9:32,1,0,2,N SPEER BLVD & WEWATTA ST,1,1,3,0,1,1,0,0,35,0,0,0,0,1,4,2,16
,2021-31991,39.68033354,-104.9828599,7/28/2021 17:20,17:20,3,0,0,LOGAN ST S & ASBURY AVE E,1,1,3,0,1,1,0,0,25,0,0,0,0,0,4,2,3
,2021-31992,39.70797353,-104.9428499,7/28/2021 14:15,14:15,1,0,0,CHERRY CREEK DR NE & COLORADO BLVD S,1,1,3,0,1,2,0,0,25,0,0,0,0,0,4,2,7
,2021-31995,39.78362951,-104.791364,7/28/2021 14:56,14:56,12,0,0,PENA BLVD & GVR BLVD E,1,1,3,0,1,1,0,0,,0,0,0,0,0,4,2,16
,2021-31996,39.72097353,-104.9582399,7/27/2021 17:30,17:30,12,0,0,N JOSEPHINE ST & E 3RD AVE,1,1,3,0,1,1,0,0,25,0,0,0,0,0,4,2,3
,2021-31999,39.74923353,-104.9399999,7/5/2021 15:10,15:10,15,0,0,COLORADO BLVD N & 22ND AVE E,1,1,3,0,1,1,0,0,,0,0,0,0,0,2,2,16
,2021-32004,39.71077354,-104.9973099,7/26/2021 10:47,10:47,12,0,0,ALAMEDA AVE (NOT CDOT) & S SANTA FE DR,1,1,3,0,1,4,0,0,30,0,0,0,0,0,4,2,13
,2021-32006,39.71935354,-104.9985699,7/30/2021 7:32,7:32,15,0,0,N SANTA FE DR (NOT CDOT) & W 2ND AVE,1,1,3,0,1,4,0,0,30,0,0,0,0,0,4,2,13