id,drcog_id,latitude,longitude,crashtime,time,crashtype,numbkilled,numbinjurd,drcoglocat,rdconditin,lightngcon,roadcntgrd,weatherco,location,roaddescrp,schoolzone,constrzone,splimit,bikeinv,pedinv,sctrinv,motoinv,svrty,rdsystem,ttlvehcls,hcf
,2021-32007,39.76127814,-104.9548444,7/27/2021 17:00,17:00,12,0,0,E 1ST AVE & N CLAYTON ST,1,1,3,0,1,1,0,0,25,0,0,0,0,0,4,2,3
,2021-32011,39.69549253,-104.8956469,7/27/2021 14:30,14:30,3,0,0,PARKER RD S & 1160 S PARKER RD,1,1,3,0,1,2,0,0,30,0,0,0,0,0,2,2,3
,2021-32014,39.76005352,-104.8827499,7/28/2021 6:30,6:30,12,0,0,MLK BLVD E & AKRON CT N,1,1,3,0,1,4,0,0,,0,0,0,0,0,4,2,16
,2021-32017,39.71780353,-104.9407774,7/27/2021 19:40,19:40,15,0,0,COLORADO BLVD N & 1ST AVE E,1,1,3,0,1,1,0,0,30,0,0,0,0,0,2,2,3
,2021-32018,39.69112354,-104.9734199,7/27/2021 14:45,14:45,12,0,1,S DOWNING ST & E ARKANSAS AVE,1,1,3,0,1,1,0,0,35,0,0,0,0,2,4,2,1
,2021-32019,39.76927351,-104.75342,7/28/2021 11:45,11:45,3,0,0,38TH AVE E & HIMALAYA RD N,1,1,3,0,1,1,0,0,25,0,0,0,0,0,4,2,8
,2021-32024,39.71119353,-104.9064599,7/27/2021 16:47,16:47,3,0,2,OLIVE WAY S & E ALAMEDA AVE (NOT CDOT),1,1,3,0,1,1,0,0,25,0,0,0,0,1,4,2,14
,2021-32025,39.72015353,-104.9874699,7/28/2021 14:01,14:01,6,0,0,200 BLK N BROADWAY ST & W 2ND AVE,1,1,3,0,1,4,0,0,30,0,0,0,0,0,4,2,13
,2021-32027,39.75705353,-104.9928699,7/28/2021 6:54,6:54,12,0,0,22ND ST & WAZEE ST,1,1,3,0,1,1,0,0,30,0,0,0,0,1,4,2,16
,2021-32029,39.77282351,-104.80162,7/27/2021 17:47,17:47,3,0,0,KITTREDGE ST N & 40TH AVE E,1,1,3,0,1,1,0,0,,0,0,0,0,0,4,2,16
,2021-32030,39.78008352,-104.9404999,7/27/2021 9:06,9:06,15,0,0,I-70 WB OFF RAMP TO & COLORADO BLVD N,1,1,3,0,1,8,0,0,30,0,0,0,0,0,1,2,7
,2021-32031,39.72513332,-104.9811228,7/28/2021 12:16,12:16,3,0,0,E 17TH AVE & N PENNSYLVANIA ST,1,1,3,0,1,1,0,0,25,0,0,0,0,0,4,2,11
,2021-32032,39.72095353,-104.9406899,7/27/2021 18:30,18:30,1,0,0,COLORADO BLVD N & 3RD AVE E,1,1,3,0,1,1,0,0,30,0,0,0,0,0,2,2,3
,2021-32035,39.69940354,-104.9920599,7/28/2021 12:31,12:31,12,0,0,SANTA FE DR S & MISSISSIPPI AVE W,1,1,3,0,1,3,0,0,30,0,0,0,0,0,2,2,13
,2021-32036,39.77262353,-104.9749799,7/28/2021 8:13,8:13,12,0,0,1700 BLK 38TH ST & WYNKOOP ST,1,1,3,0,1,3,0,0,30,0,0,0,0,0,4,2,1
,2021-32037,39.70849354,-105.0250799,7/30/2021 12:44,12:44,12,0,0,FEDERAL BLVD S & DAKOTA AVE W,1,1,3,0,1,4,0,0,30,0,0,0,0,0,2,2,13
,2021-32038,39.72927353,-104.9034599,7/28/2021 13:05,13:05,6,0,0,E 8TH AVE & N QUEBEC ST,1,1,3,0,1,4,0,0,25,0,0,0,0,0,4,2,13
,2021-32040,39.72568353,-104.9963699,7/28/2021 9:35,9:35,10,0,0,6TH AVE W & GALAPAGO ST N,1,1,3,0,1,1,1,0,30,0,0,0,0,0,4,2,8
,2021-32042,39.75312353,-105.0080499,7/28/2021 7:35,7:35,15,0,0,N SPEER BLVD & ELITCH CIR,1,1,3,0,1,4,0,0,35,0,0,0,0,0,4,2,3
,2021-32043,39.76928353,-105.0064499,7/29/2021 18:45,18:45,3,0,0,W 38TH AVE & N PECOS ST,1,1,3,0,1,1,0,0,30,0,0,0,0,0,4,2,8
,2021-32045,39.70476353,-104.9733699,7/28/2021 10:20,10:20,3,0,0,DOWNING ST S & EXPOSITION AVE E,1,1,3,0,1,1,0,0,25,0,0,0,0,0,4,2,3
,2021-32046,39.75671353,-104.9998899,7/25/2021 15:10,15:10,12,0,0,19TH ST & CHESTNUT PL,1,1,3,0,1,4,0,0,30,0,0,0,0,0,4,2,5
,2021-32049,39.69626353,-104.8973799,7/23/2021 8:59,8:59,12,0,1,E MISSISSIPPI AVE & S PARKER RD,1,1,3,0,1,4,0,0,30,0,0,0,0,1,2,2,13
,2021-32050,39.67845554,-104.9222509,7/29/2021 8:28,8:28,1,0,1,EVANS AVE E & HOLLY ST S,1,1,3,0,1,1,0,0,30,0,0,0,0,2,4,3,13
,2021-32055,39.71119354,-104.9983799,7/7/2021 12:27,12:27,1,0,0,W ALAMEDA AVE & S KALAMATH ST,1,1,3,0,1,1,0,0,35,0,0,0,0,0,4,2,13
,2021-32065,39.69782353,-104.9016099,7/29/2021 13:26,13:26,12,0,0,PARKER RD S & QUEBEC ST S,1,1,3,0,1,4,0,0,40,0,0,0,0,0,2,2,1
,2021-32066,39.75191353,-104.9851999,7/15/2021 10:53,10:53,6,0,0,2200 BLK STOUT ST & 22ND ST,1,1,3,0,1,4,0,0,25,0,0,0,0,0,4,2,16
,2021-32069,39.77994352,-104.9404999,7/30/2021 8:00,8:00,12,0,0,I-70 & COLORADO BLVD N,1,1,3,0,1,4,0,1,55,0,0,0,0,0,1,3,13
,2021-32093,39.77473353,-105.0112099,9/3/2021 18:12,18:12,6,0,0,4200 BLK N TEJON ST & W 42ND AVE,1,1,0,0,1,4,0,0,35,0,0,0,0,0,4,2,16
,2021-32094,39.73847354,-105.0486699,6/28/2021 5:45,5:45,6,0,0,14TH AVE W & WOLFF ST N,1,2,0,0,1,4,0,0,30,0,0,0,0,0,4,2,14
,2021-32095,39.71120354,-104.9991199,9/3/2021 8:18,8:18,12,0,0,I-25 & ALAMEDA AVE W,1,1,1,0,1,4,0,0,55,0,0,0,0,0,1,2,3
,2021-32096,39.70642354,-104.9967799,9/3/2021 8:15,8:15,15,0,0,I-25 & SANTA FE DR S,1,1,1,0,1,4,0,0,55,0,0,0,0,0,1,2,13
,2021-32097,39.76003352,-104.8742399,9/3/2021 10:35,10:35,3,0,0,MLK BLVD E & EMPORIA ST N,1,1,0,0,1,1,0,0,35,0,0,0,0,0,4,2,3
,2021-32098,39.76137303,-105.0052443,9/3/2021 10:59,10:59,3,0,0,20TH ST & I-25 SB OFF RAMP,1,1,0,0,1,1,0,0,35,0,0,0,0,0,4,2,13
,2021-32099,39.76137303,-105.0052443,9/2/2021 20:36,20:36,2,0,1,20TH ST & I-25 SB ON RAMP,1,4,1,0,1,1,0,0,0,1,0,0,0,1,1,2,16
,2021-32100,39.67790354,-105.0620699,8/26/2021 21:35,21:35,5,0,0,GREEN MOUNTAIN PL W & HARLAN ST S,1,3,0,0,3,1,0,0,25,0,0,0,0,0,4,1,14
,2021-32101,39.68215354,-105.0432399,9/2/2021 22:33,22:33,5,0,0,STUART ST S & 1907 S STUART ST,1,3,0,0,2,4,0,0,30,0,0,0,0,0,4,1,5
,2021-32102,39.77705982,-104.9701395,9/3/2021 12:30,12:30,12,0,0,I-70 & BRIGHTON BLVD N,1,1,1,0,1,4,0,0,55,0,0,0,0,0,1,2,3
,2021-32103,39.76407353,-105.0325299,9/2/2021 22:39,22:39,6,0,0,JULIAN ST N & 33RD AVE W,1,3,0,0,1,4,0,0,25,0,0,0,0,0,4,2,5
,2021-32104,39.68485354,-104.9594399,8/13/2021 22:29,22:29,15,0,0,I-25 & UNIVERSITY BLVD S,1,4,0,0,1,4,0,0,55,0,0,0,0,1,1,2,16
,2021-32105,39.68939954,-104.9920549,9/3/2021 8:03,8:03,15,0,0,S SANTA FE DR & W FLORIDA AVE,1,1,0,0,1,2,0,0,30,0,0,0,0,0,4,2,13
,2021-32106,39.73925975,-105.0212884,7/25/2021 3:36,3:36,6,0,0,4400 BLK MORRISON ROAD & W OHIO AVE,1,1,0,0,1,4,0,0,35,0,0,0,0,0,4,2,4
,2021-32107,39.71150353,-104.9465499,8/14/2021 4:29,4:29,5,0,0,CHERRY CREEK DR NE & ALAMEDA AVE E,1,3,0,0,6,4,0,0,35,0,0,0,0,0,4,1,5
,2021-32108,39.66631897,-105.0250984,8/20/2021 19:29,19:29,15,0,0,6TH AVE W & FEDERAL BLVD S,1,1,1,0,1,4,0,0,55,0,0,0,0,0,1,2,13
,2021-32109,39.71077354,-104.9973099,8/27/2021 20:34,20:34,11,0,1,ALAMEDA AVE W & SANTA FE DR S,1,3,0,0,1,4,0,0,0,0,1,0,0,3,4,1,16
,2021-32110,39.75645353,-105.0092699,8/1/2021 1:20,1:20,12,0,0,PLATTE ST & 15TH ST,1,3,0,0,1,1,0,0,35,0,0,0,0,0,4,2,13
,2021-32111,39.69077354,-104.9589699,8/11/2021 17:00,17:00,15,0,0,UNIVERSITY BLVD S & ARKANSAS AVE E,1,1,1,0,1,3,0,0,30,0,0,0,0,0,4,1,13
,2021-32112,39.72954353,-104.9902099,8/19/2021 17:35,17:35,12,0,0,800 BLK N SPEER BLVD & W 8TH AVE,1,1,0,0,1,4,0,0,35,0,0,0,0,0,4,2,14
,2021-32113,39.63471355,-105.0347299,8/29/2021 16:53,16:53,3,0,0,LOWELL BLVD S & 4500 BLK S,1,1,2,0,1,5,0,0,30,0,0,0,0,0,4,2,14
,2021-32114,39.74005353,-104.9873799,8/21/2021 1:01,1:01,3,0,2,N BROADWAY ST & E COLFAX AVE,1,3,0,0,1,1,0,0,30,0,0,0,1,3,4,2,3
,2021-32115,39.72564353,-105.0008899,8/16/2021 18:41,18:41,12,0,0,6TH AVE W & KALAMATH ST N,1,1,0,0,1,4,0,0,40,0,0,0,0,0,2,2,16
,2021-32116,39.65274355,-105.0567899,7/31/2021 3:28,3:28,8,0,2,HAMPDEN AVE 5500 W (NOT CDOT) & S SHERIDAN BLVD,1,4,0,0,6,4,0,0,35,0,0,0,0,3,4,2,5
,2021-32117,39.70765354,-105.0275299,9/1/2021 22:09,22:09,3,0,0,S HAZEL CT & W VIRGINIA AVE,1,3,0,0,1,1,0,0,25,0,0,0,0,0,4,2,16
,2021-32118,39.77798351,-104.77206,9/2/2021 19:18,19:18,12,0,1,N TOWER RD & E 45TH AVE,1,3,0,0,1,1,0,0,40,0,0,0,0,2,4,2,7
,2021-32119,39.75025353,-104.9890899,9/3/2021 1:20,1:20,3,0,1,20TH ST & CHAMPA ST,1,3,0,0,1,1,0,0,25,0,0,0,0,1,4,2,5
,2021-32120,39.75378353,-104.9948299,8/29/2021 19:38,19:38,15,0,0,BLAKE ST & 19TH ST,1,2,0,0,1,4,0,0,25,0,0,0,0,0,4,2,13
,2021-32121,39.78626257,-104.9457622,9/4/2021 12:48,12:48,5,0,1,I-70 & VASQUEZ BLVD N,1,1,1,0,1,4,0,0,65,0,0,0,1,2,1,1,13
,2021-32122,39.73367353,-104.9986499,9/2/2021 18:42,18:42,6,0,0,W 11TH AVE & N SANTA FE DR,1,2,0,0,1,4,0,0,30,0,0,0,0,0,4,2,13
,2021-32123,39.74161353,-104.9616199,8/22/2021 14:44,14:44,6,0,0,16TH AVE E & 2100 BLK E,1,1,0,0,1,4,0,0,25,0,0,0,0,0,4,2,14
,2021-32124,39.67880354,-105.0067799,8/7/2021 1:55,1:55,16,0,0,EVANS AVE W & PECOS ST S,1,3,0,0,5,7,0,0,,0,0,0,0,0,3,2,14
,2021-32125,39.76919327,-104.8366076,8/28/2021 20:49,20:49,6,0,2,E 38TH AVE & N POPLAR ST,1,2,0,0,1,4,0,0,30,0,0,0,0,2,4,2,14
,2021-32126,39.70081324,-104.9875304,8/31/2021 23:03,23:03,1,0,2,BROADWAY ST S & I-25 SB ON RAMP,1,3,0,0,1,1,0,0,35,0,0,0,0,2,4,2,1
,2021-32127,39.71116354,-104.9899999,9/1/2021 13:50,13:50,5,0,0,BANNOCK ST S & ALAMEDA AVE W,1,1,0,0,3,4,0,1,30,0,0,0,0,0,4,1,14
,2021-32128,39.77908353,-105.0345899,8/31/2021 9:48,9:48,5,0,1,4500 BLK N LOWELL BLVD & W 45TH AVE,1,1,0,0,2,4,0,0,30,0,0,0,0,2,4,1,9
,2021-32129,39.76094353,-105.0043199,8/31/2021 15:53,15:53,12,0,0,I-25 & 20TH ST,1,1,0,0,1,4,0,0,55,0,0,0,0,0,1,2,3
,2021-32130,39.76208353,-105.0497099,9/1/2021 17:44,17:44,12,0,0,4800 BLK W 32ND AVE & N WOLFF ST,1,1,0,0,1,3,0,0,30,0,0,0,0,1,4,2,10
,2021-32131,39.76010352,-104.8963599,9/1/2021 5:00,5:00,3,0,0,N TRENTON ST & E MLK BLVD,1,3,0,0,1,1,0,0,35,0,0,0,0,1,4,2,8
,2021-32132,39.77393271,-104.8657399,9/1/2021 17:14,17:14,12,0,0,I-70 & HAVANA ST,1,1,0,0,1,4,0,0,55,0,0,0,0,0,4,2,13
,2021-32133,39.75093353,-104.9899699,8/28/2021 2:02,2:02,3,0,1,20TH ST & CURTIS ST,1,3,0,0,1,1,0,0,30,0,0,0,0,1,4,2,5
,2021-32134,39.68999354,-104.9734099,7/20/2021 16:20,16:20,15,0,0,I-25 & DOWNING ST S,1,1,0,0,1,4,0,0,60,0,0,0,0,0,1,2,16
,2021-32135,39.69673354,-105.0297299,8/29/2021 15:05,15:05,3,0,0,S IRVING ST & W MISSISSIPPI AVE,1,1,0,0,1,1,0,0,25,0,0,0,0,0,4,2,16
,2021-32136,39.66049354,-105.0251499,9/1/2021 16:38,16:38,10,0,0,W DARTMOUTH AVE & S FEDERAL BLVD,1,1,1,0,1,3,0,0,35,0,0,0,0,0,4,2,1
,2021-32137,39.76094353,-105.0043199,8/31/2021 16:18,16:18,12,0,0,I-25 & 20TH ST,1,1,0,0,1,4,0,0,55,0,0,0,0,1,1,2,1
,2021-32138,39.68287454,-104.9594749,9/4/2021 13:50,13:50,12,0,0,S UNIVERSITY BLVD & E BUCHTEL BLVD,1,1,0,0,1,1,0,0,30,0,0,0,0,0,4,2,13
,2021-32139,39.79817351,-104.8449899,9/2/2021 15:28,15:28,12,0,0,N QUENTIN ST & E 56TH AVE,1,1,0,0,1,4,0,0,25,0,0,0,0,0,4,2,13
,2021-32140,39.77511352,-104.9497899,8/31/2021 12:35,12:35,3,0,0,N STEELE ST & E 42ND AVE,1,1,1,0,1,1,0,0,25,0,0,0,0,0,4,2,1
,2021-32141,39.72508354,-105.0324699,9/3/2021 17:34,17:34,3,0,0,W 6TH AVE & N KNOX CT,1,1,0,0,1,1,0,0,30,0,0,0,0,0,4,2,13
,2021-32142,39.8320035,-104.71553,8/31/2021 20:35,20:35,10,0,0,E 75TH AVE & N GUN CLUB RD,1,3,0,0,1,1,0,0,45,0,0,0,0,0,4,2,8
,2021-32143,39.72564353,-105.0008899,8/8/2021 14:31,14:31,15,0,0,W 6TH AVE & N KALAMATH LIPAN ALY,1,1,0,0,1,4,0,0,35,0,0,0,0,0,4,2,13
,2021-32144,39.77691352,-104.8880299,8/31/2021 23:11,23:11,15,0,0,I-270 & MM 5.37,1,3,1,0,1,4,0,0,55,0,0,0,0,0,2,2,1
,2021-32145,39.76322353,-105.0173999,9/1/2021 15:10,15:10,3,0,0,33RD AVE W & ALCOTT ST N,1,1,0,0,1,1,0,0,25,0,0,0,0,0,4,2,8
,2021-32146,39.72527841,-105.1417334,8/31/2021 17:32,17:32,12,0,0,6TH AVE W & I-25,1,1,0,0,1,4,0,0,45,0,0,0,0,0,1,2,13
,2021-32147,39.75344353,-104.9836699,8/17/2021 11:20,11:20,12,0,0,800 BLK 24TH ST & STOUT ST,1,1,0,0,1,3,0,0,30,0,0,0,0,0,4,2,13
,2021-32148,39.75105352,-104.9269799,9/1/2021 17:33,17:33,6,0,0,E 23RD AVE & N FOREST ST,1,1,0,0,1,4,0,0,30,0,0,0,0,1,4,2,2
,2021-32149,39.77561352,-104.8657299,8/31/2021 15:07,15:07,5,0,0,I-70 EB OFF RAMP LOOP TO & HAVANA ST N,1,1,1,0,2,8,0,0,55,0,0,0,0,1,1,1,1
,2021-32150,39.77799352,-104.9128699,9/3/2021 17:15,17:15,3,0,0,MONACO ST N & STAPLETON DR SE,1,1,0,0,1,1,0,0,30,0,0,0,0,1,4,2,13
,2021-32151,39.69013353,-104.9128799,9/2/2021 16:24,16:24,12,0,0,1400 BLK S MONACO ST & E CHERRY CREEK DR N,1,1,0,0,1,3,0,0,30,0,0,0,0,0,4,2,3
,2021-32152,39.70928953,-104.9175258,8/31/2021 20:15,20:15,3,0,0,E DAKOTA AVE & S DOWNING ST,1,3,0,0,1,1,0,0,25,0,0,0,0,0,4,2,13
,2021-32153,39.77939353,-104.9791399,9/2/2021 17:24,17:24,12,0,0,I-70 & WASHINGTON ST N,1,1,0,0,1,4,0,0,55,0,0,0,0,1,1,2,10
,2021-32154,39.77689352,-104.8657399,9/3/2021 15:11,15:11,1,0,0,HAVANA ST N & I-70 WB ON RAMP,1,1,0,0,1,1,0,0,40,0,0,0,0,0,4,2,13
,2021-32155,39.69413354,-104.9792399,9/1/2021 13:33,13:33,12,0,1,I-25 & WASHINGTON ST S,1,1,0,0,1,4,0,0,55,0,0,0,1,1,1,2,7
,2021-32156,39.77876352,-104.9493399,9/2/2021 0:05,0:05,6,0,0,45TH AVE & 3200 BLK E,1,3,0,0,5,7,0,0,,0,0,0,0,0,3,2,13
,2021-32157,39.72560353,-104.9582199,9/1/2021 18:04,18:04,8,0,0,E 6TH AVE & N JOSEPHINE ST,1,1,1,0,1,1,0,0,35,0,0,0,0,0,4,2,13
,2021-32158,39.72533653,-104.9127829,9/2/2021 1:21,1:21,3,0,0,MONACO ST N & 6TH AVE E,1,3,0,0,1,1,0,0,35,0,0,0,0,0,4,2,13
,2021-32159,39.78013352,-104.9670799,9/2/2021 7:10,7:10,12,0,0,I-70 & BRIGHTON BLVD N,1,1,1,0,1,4,0,1,55,0,0,0,0,1,1,2,13
,2021-32160,39.78649351,-104.8203399,9/2/2021 7:35,7:35,3,0,0,51ST AVE E & DEEPHAVEN CT N,1,1,0,0,1,1,0,0,30,0,0,0,0,0,4,2,7
,2021-32161,39.75518353,-104.9809699,9/1/2021 23:35,23:35,15,0,0,STOUT ST & 27TH ST,1,3,0,0,1,4,0,0,25,0,0,0,0,0,4,2,5
,2021-32162,39.76193052,-104.9027344,9/2/2021 9:35,9:35,3,0,1,E MLK BLVD & N QUEBEC ST,1,1,0,0,1,1,0,0,35,0,0,0,0,1,4,2,14
,2021-32163,39.71474354,-105.0241499,8/7/2021 17:42,17:42,10,0,0,BAYAUD AVE 2900 BLK W (RD E) & S FEDERAL BLVD,1,1,0,0,1,3,0,0,25,0,0,0,0,0,2,2,16
,2021-32164,39.65307354,-104.9182499,8/19/2021 8:47,8:47,12,0,0,I-25 & HAMPDEN AVE E,1,1,0,0,1,4,0,0,55,0,0,0,0,1,1,2,14
,2021-32165,39.74967353,-104.9968099,8/26/2021 8:30,8:30,5,0,0,1600 BLK LARIMER ST & 16TH ST,1,1,0,0,2,4,0,0,25,0,0,0,0,0,4,1,16
,2021-32166,39.79844351,-104.7581,9/3/2021 15:14,15:14,12,0,0,19500 BLK E 56TH AVE & N DUNKIRK ST,1,1,1,0,1,4,0,0,45,0,0,0,0,0,4,2,13
,2021-32167,39.74327353,-104.9854799,8/7/2021 22:00,22:00,10,0,0,LINCOLN ST N & 17TH AVE E,1,3,0,0,1,1,0,0,,0,0,0,0,0,4,2,16
,2021-32168,39.77286352,-104.8338199,9/2/2021 8:20,8:20,12,0,0,I-70 EB EXIT GORE PT TO & I-225 SB,1,1,1,0,1,4,0,0,55,0,0,0,0,0,1,2,7
,2021-32169,39.84728349,-104.66561,9/2/2021 12:50,12:50,15,0,0,8200 BLK PENA BLVD INBOUND & DIA TERMINAL,1,1,1,0,1,4,0,0,35,0,0,0,0,0,4,2,8
,2021-32170,39.63873355,-105.0816399,9/1/2021 16:46,16:46,15,0,0,WADSWORTH BLVD S & QUINCY AVE W,1,3,0,0,1,3,0,0,25,0,0,0,0,0,2,2,7
,2021-32171,39.75446353,-104.9597499,9/2/2021 8:25,8:25,12,0,0,E 26TH AVE & N YORK ST,1,1,0,0,1,4,0,0,30,0,0,0,0,0,4,2,16
,2021-32172,39.74055353,-104.9885199,9/1/2021 22:07,22:07,5,0,1,COLFAX AVE W & 15TH ST,11,3,0,1,2,1,0,0,35,0,0,0,0,2,2,1,5
,2021-32173,39.77320751,-104.8099085,9/2/2021 6:00,6:00,1,0,0,N CHAMBERS RD & E 40TH AVE,1,1,0,0,1,1,0,0,40,0,0,0,0,0,4,2,13
,2021-32174,39.78008352,-104.9404999,9/2/2021 10:10,10:10,12,0,0,I-70 & COLORADO BLVD N,1,1,0,0,1,4,0,1,55,0,0,0,0,1,1,2,13
,2021-32175,39.77400352,-104.8470199,9/2/2021 9:00,9:00,12,0,0,I-70 & PEORIA ST N,1,1,0,0,1,4,0,0,35,0,0,0,0,0,1,2,13
,2021-32176,39.75259039,-104.9848982,9/2/2021 6:48,6:48,12,0,0,I-25 & PARK AVE W,1,1,0,0,1,4,0,0,55,0,0,0,0,1,1,2,14
,2021-32177,39.71382099,-104.9407909,9/1/2021 20:58,20:58,12,0,1,CHERRY CREEK DR NE & COLORADO BLVD S,11,3,0,1,1,4,0,0,35,0,0,0,0,2,4,1,10
,2021-32284,39.73761354,-105.0532099,7/28/2021 11:50,11:50,12,0,0,SHERIDAN BLVD N & 14TH AVE W,1,1,3,0,1,4,0,1,,0,0,0,0,0,2,2,16
,2021-32291,39.74082353,-104.9760699,7/26/2021 16:30,16:30,6,0,0,EMERSON ST N & COLFAX AVE E,1,1,3,1,1,1,0,0,,0,0,0,0,0,4,2,16
,2021-32292,39.67956354,-105.0250399,8/2/2021 11:33,11:33,3,0,0,FEDERAL BLVD S & EVANS AVE W,1,1,3,0,1,2,0,0,30,0,0,0,0,0,2,2,13
,2021-32293,39.74623353,-104.9960199,7/29/2021 15:07,15:07,12,0,0,15TH ST & CURTIS ST,1,1,3,0,1,1,0,0,25,0,0,0,0,0,4,2,16
,2021-32295,39.74489353,-104.9860834,8/3/2021 15:35,15:35,10,0,0,E 18TH AVE & N LINCOLN ST,1,1,3,0,1,1,0,0,30,0,0,0,0,0,4,2,8
,2021-32296,39.77928353,-105.0532299,8/1/2021 12:41,12:41,12,0,0,SHERIDAN BLVD N & 46TH AVE W,1,1,3,0,1,2,0,0,35,0,0,0,0,0,2,2,4
,2021-32298,39.77595353,-105.0135099,8/2/2021 7:25,7:25,6,0,0,VALLEJO ST 4300 BLK N & W 44TH AVE,1,2,3,0,1,4,0,0,,0,0,0,0,0,4,2,16
,2021-32299,39.76654353,-104.9836299,8/1/2021 6:06,6:06,15,0,0,N BRIGHTON BLVD & 31ST ST,1,1,3,0,1,3,0,0,30,0,0,0,0,0,4,2,3
,2021-32300,39.70047354,-104.9938299,7/31/2021 11:30,11:30,12,0,0,PLATTE RIVER DR S & TENNESSEE AVE W,1,1,3,0,1,4,0,1,45,0,0,0,0,0,2,2,10
,2021-32301,39.65315654,-104.9090839,7/31/2021 10:40,10:40,1,0,0,HAMPDEN AVE E & ONEIDA WY S,1,1,3,0,1,1,0,0,40,0,0,0,0,0,2,2,11
,2021-32302,39.77509351,-104.81229,7/31/2021 13:00,13:00,6,0,0,ANDREWS DR E & FRASER WY N,1,1,3,0,1,4,0,0,25,0,0,0,0,0,4,2,10
,2021-32303,39.75441353,-104.9873699,8/1/2021 15:30,15:30,10,0,0,22ND ST & N BROADWAY ST,1,1,3,0,1,1,0,0,30,0,0,0,0,0,4,2,3
,2021-32304,39.74032353,-105.0298499,8/1/2021 14:32,14:32,12,0,0,COLFAX AVE W & IRVING ST N,1,1,3,0,1,1,0,0,35,0,0,0,0,0,2,2,3
,2021-32306,39.76192353,-104.9406499,5/25/2021 7:15,7:15,15,0,0,COLORADO BLVD N & MLK BLVD E,1,1,3,0,1,1,0,0,35,0,0,0,0,0,2,2,16
,2021-32307,39.74014353,-104.9459499,7/31/2021 14:30,14:30,6,0,0,COLFAX AVE E & MONROE ST N,1,1,3,0,1,3,0,0,35,0,0,0,0,0,2,2,3
,2021-32308,39.73998353,-104.9609999,8/2/2021 13:30,13:30,3,0,0,COLFAX AVE E & GAYLORD ST N,1,1,3,0,1,1,0,0,25,0,0,0,0,0,2,2,3
,2021-32309,39.65309354,-104.9090899,7/21/2021 12:25,12:25,1,0,1,HAMPDEN AVE E & ONEIDA WY S,1,1,3,0,1,1,0,0,40,0,0,0,0,3,2,2,13
,2021-32311,39.76017353,-105.0092899,8/1/2021 10:33,10:33,3,0,0,BOULDER ST & 17TH ST,1,1,3,1,1,5,0,0,25,0,0,0,0,0,4,2,13
,2021-32322,39.67567354,-105.0532599,9/2/2021 10:11,10:11,12,0,0,SHERIDAN BLVD S & WARREN AVE W,1,1,1,0,1,4,0,0,40,0,0,0,0,0,2,2,3
,2021-32333,39.75354353,-104.9970099,8/2/2021 1:39,1:39,6,0,0,WAZEE ST 1800 BLK & 18TH ST,1,3,3,1,1,4,0,0,25,0,0,0,0,0,4,2,16
,2021-32334,39.78094352,-104.8828099,8/3/2021 12:55,12:55,1,0,1,CENTRAL PARK BLVD N & 46TH PL E,1,1,3,0,1,1,0,0,35,0,0,0,0,2,4,2,10
,2021-32387,39.72333353,-104.9874799,8/4/2021 14:14,14:14,6,0,0,BROADWAY ST N & 5TH AVE E,1,1,3,0,1,2,0,0,30,0,0,0,0,0,4,2,4
,2021-32404,39.69628353,-104.8971799,8/24/2021 17:00,17:00,3,0,0,S PARKER RD & MISSISSIPPI AVE,1,1,3,0,1,2,0,0,35,0,0,0,0,0,2,2,16
,2021-32409,39.81698798,-104.9733301,8/1/2021 9:30,9:30,5,0,0,DOWNING ST & 3495 N,1,1,3,0,5,7,0,0,10,0,0,0,0,0,3,1,8
,2021-32419,39.73949353,-104.9976399,5/24/2021 11:20,11:20,12,0,0,SPEER BLVD NB & COLFAX AVE W,1,1,3,0,1,1,0,0,30,0,0,0,0,0,2,4,13
,2021-32429,39.72095353,-104.9406899,8/2/2021 18:15,18:15,12,0,0,COLORADO BLVD N & 3RD AVE E,1,1,3,0,1,1,0,0,35,0,0,0,0,0,2,2,3
,2021-32430,39.73525353,-104.9929299,8/2/2021 15:33,15:33,3,0,0,12TH AVE W & DELAWARE ST N,1,1,3,0,1,1,0,0,25,0,0,0,0,0,4,2,8
,2021-32431,39.69120354,-104.9923199,8/2/2021 16:40,16:40,10,0,0,SANTA FE DR S & ARKANSAS AVE W,1,1,3,0,1,1,0,0,40,0,0,0,0,0,2,2,13
,2021-32432,39.72561353,-104.9787699,8/3/2021 7:16,7:16,6,0,0,E 6TH AVE (NOT CDOT) & N WASHINGTON ST,1,1,3,0,1,3,0,0,30,0,0,0,0,0,4,2,14
,2021-32434,39.71705353,-104.9036999,8/2/2021 14:41,14:41,12,0,0,N QUEBEC  ST (NOT CDOT) & E LOWRY BLVD,1,1,3,0,1,3,0,0,35,0,0,0,0,0,4,2,2
,2021-32435,39.67417354,-104.9175699,7/29/2021 18:00,18:00,6,0,0,2300 BLK S KEARNEY ST & E ILIFF AVE,1,3,3,0,1,4,0,0,25,0,0,0,0,0,4,2,16
,2021-32438,39.72735747,-105.0951281,8/2/2021 8:52,8:52,5,0,0,N SANTE FE DR (NOT CDOT) & W 7TH AVE,1,1,3,0,3,1,0,0,30,0,0,0,0,0,4,1,11
,2021-32439,39.71123991,-104.9971485,8/2/2021 15:15,15:15,15,0,0,ALAMEDA AVE W & SANTA FE DR S,1,1,3,0,1,1,0,0,30,0,0,0,0,0,4,2,7