id,drcog_id,latitude,longitude,crashtime,time,crashtype,numbkilled,numbinjurd,drcoglocat,rdconditin,lightngcon,roadcntgrd,weatherco,location,roaddescrp,schoolzone,constrzone,splimit,bikeinv,pedinv,sctrinv,motoinv,svrty,rdsystem,ttlvehcls,hcf
,2021-32440,39.75193353,-104.9973499,8/2/2021 15:40,15:40,15,0,0,BLAKE ST & 17TH ST,1,1,3,0,1,4,0,0,30,0,0,0,0,0,4,2,13
,2021-32441,39.76999352,-104.9199899,8/3/2021 11:05,11:05,15,0,0,HOLLY ST N & STAPLETON DR NE,1,1,3,0,1,1,0,0,30,0,0,0,0,0,4,2,13
,2021-32444,39.71127353,-104.9034899,8/2/2021 13:30,13:30,12,0,0,E ALAMEDA AVE (NOT CDOT) & S QUEBEC ST,1,1,3,0,1,4,0,0,40,0,0,0,0,0,4,2,3
,2021-32445,39.70849354,-105.0250799,8/3/2021 12:30,12:30,12,0,0,FEDERAL BLVD S & DAKOTA AVE W,1,1,3,0,1,4,0,0,35,0,0,0,0,1,2,2,1
,2021-32446,39.76194852,-104.9406604,8/3/2021 7:35,7:35,5,0,0,COLORADO BLVD N & MLK BLVD E,1,1,3,0,1,4,0,0,40,0,0,0,0,0,2,2,13
,2021-32449,39.67845354,-104.9286799,8/3/2021 10:20,10:20,5,0,0,5200 BLK E EVANS AVE & S FOREST ST,1,1,3,0,3,4,0,0,35,0,0,0,0,0,4,1,11
,2021-32468,39.72536353,-105.0056299,8/2/2021 8:59,8:59,12,0,1,6TH AVE W & OSAGE ST N,1,1,3,0,1,4,0,0,55,0,0,0,0,2,2,3,10
,2021-32501,39.72931353,-105.0158799,8/29/2021 1:49,1:49,1,0,0,W 8TH AVE & N ZUNI ST,1,3,0,0,1,1,0,0,30,0,0,0,0,0,4,2,16
,2021-32502,39.74000353,-104.9776299,9/4/2021 22:56,22:56,3,0,1,COLFAX AVE E & CLARKSON ST N,1,3,0,0,1,2,0,0,35,0,0,0,1,2,2,2,3
,2021-32503,39.76451639,-104.9404278,9/4/2021 9:55,9:55,10,0,0,COLORADO BLVD N & 3400 BLK N,1,1,0,0,1,2,0,0,40,0,0,0,0,0,2,2,16
,2021-32504,39.65304854,-104.8720445,8/22/2021 22:16,22:16,15,0,0,E HAMPDEN AVE & E FLORENCE AVE,1,3,0,0,1,4,0,0,40,0,0,0,0,0,4,2,14
,2021-32505,39.73656353,-105.0322199,9/5/2021 13:00,13:00,6,0,0,W 13TH AVE & N KNOX CT,1,1,0,0,1,1,0,0,20,0,0,0,0,0,4,2,13
,2021-32506,39.78778352,-104.9428799,8/12/2021 18:06,18:06,5,0,0,JACKSON ST N & 50TH AVE E,1,1,0,0,4,1,0,0,25,0,0,0,0,0,4,1,1
,2021-32507,39.68568354,-104.9406799,9/4/2021 21:14,21:14,1,0,0,S COLORADO BLVD & E MEXICO AVE,1,3,1,0,1,1,0,0,35,0,0,0,0,0,4,2,13
,2021-32508,39.79678351,-104.80736,9/6/2021 12:58,12:58,6,0,0,5500 BLK N HELENA ST & E MAXWELL PL,1,1,0,0,1,2,0,0,10,0,0,0,0,0,4,2,7
,2021-32509,39.79825351,-104.79089,9/4/2021 17:25,17:25,10,0,0,56TH AVE E & BUCKLEY RD N,1,1,0,0,1,4,0,0,40,0,0,0,0,0,2,2,16
,2021-32510,39.78054352,-104.9402399,8/17/2021 23:09,23:09,12,0,2,I-70 WB OFF RAMP TO & COLORADO BLVD,1,3,0,0,1,8,0,0,25,0,0,0,0,1,1,2,14
,2021-32511,39.75486353,-104.9402199,8/30/2021 8:40,8:40,12,0,0,2600 BLOCK N COLORADO BLVD & E 26TH AVE,1,1,0,0,1,4,0,0,40,0,0,0,0,0,4,2,16
,2021-32512,39.67867354,-105.0156899,7/31/2021 21:52,21:52,3,0,0,W EVANS AVE & S ZUNI ST,1,3,0,1,1,1,0,0,30,0,0,0,0,0,4,2,16
,2021-32514,39.65896354,-105.0251599,9/4/2021 14:48,14:48,12,0,0,FEDERAL BLVD S & DARTMOUTH AVE,1,1,0,0,1,4,0,0,40,0,0,0,0,0,2,2,1
,2021-32515,39.74755353,-105.0053099,9/5/2021 3:30,3:30,5,0,0,AURARIA PKWY & 11TH ST,1,3,0,0,2,1,0,0,35,0,0,0,0,0,4,1,2
,2021-32516,39.73698353,-104.9547999,8/29/2021 8:15,8:15,6,0,0,1300 BLOCK N CLAYTON ST & E 13TH AVE,1,1,0,0,1,4,0,0,30,0,0,0,0,0,4,2,14
,2021-32517,39.79837151,-104.772212,9/5/2021 23:00,23:00,12,0,0,E 56TH AVE & N TOWER RD,1,3,1,0,1,1,0,0,40,0,0,0,0,0,4,2,3
,2021-32518,39.72578354,-105.0383599,9/4/2021 18:59,18:59,5,0,1,3800 BLK W 6TH AVE & N NEWTON ST,1,1,0,0,3,2,0,0,30,0,0,0,0,1,4,1,3
,2021-32519,39.8341335,-104.77181,8/7/2021 17:14,17:14,15,0,0,N TOWER RD & PENA BLVD,1,1,0,0,1,4,0,0,40,0,0,0,0,0,4,2,1
,2021-32520,39.74015352,-104.8952399,9/5/2021 1:00,1:00,6,0,0,COLFAX AVE E & TAMARAC ST N,1,3,0,0,1,4,0,0,35,0,0,0,0,0,2,2,14
,2021-32521,39.75079353,-104.9873799,8/28/2021 13:25,13:25,15,0,1,21ST ST & BROADWAY ST N,1,1,0,0,1,4,0,0,30,0,0,0,1,3,4,2,14
,2021-32522,39.76742952,-104.9486994,8/7/2021 4:56,4:56,5,0,0,ADAMS ST N & 3750 N ADAMS ST,1,2,0,0,2,5,0,0,,0,0,0,0,0,4,1,16
,2021-32523,39.74165353,-104.9747599,9/6/2021 15:41,15:41,3,0,0,16TH AVE E & OGDEN ST N,1,1,0,0,1,1,0,0,35,0,0,0,0,0,4,2,14
,2021-32524,39.72557353,-104.9717499,9/6/2021 7:14,7:14,3,0,2,N MARION ST & E 6TH AVE,1,1,0,0,1,1,0,0,25,0,0,0,0,1,4,2,13
,2021-32525,39.72408474,-105.0579642,9/5/2021 19:16,19:16,12,0,0,5000 BLK W 5TH AVE & N SHERIDAN BLVD,1,1,0,0,1,1,0,0,25,0,0,0,0,0,4,2,5
,2021-32526,39.65412354,-104.8980199,9/5/2021 3:07,3:07,5,0,0,8000 E GIRARD AVE & 8000 BLK E,1,3,0,0,2,4,0,0,25,0,0,0,0,0,4,1,1
,2021-32527,39.72405701,-105.0451022,9/5/2021 19:16,19:16,6,0,0,UTICA ST N & 5TH AVE W,1,1,0,0,1,4,0,0,25,0,0,0,0,0,4,2,5
,2021-32528,39.62809354,-104.8998199,8/30/2021 17:10,17:10,11,0,0,UNION AVE E & SYRACUSE ST S,1,1,0,0,1,1,0,0,30,0,1,0,0,0,4,1,13
,2021-32529,39.78749351,-104.8289999,8/28/2021 16:12,16:12,5,0,0,5000 BLK N CROWN BLVD & E 51ST AVE,1,1,0,0,3,4,0,0,30,0,0,0,0,0,4,1,14
,2021-32530,39.72549854,-105.0394624,9/5/2021 18:59,18:59,5,0,0,W 6TH AVE & N PERRY ST,1,1,0,0,3,1,0,0,30,0,0,0,0,0,4,1,3
,2021-32531,39.69294421,-105.1262591,9/2/2021 18:40,18:40,15,0,0,I-25 & LOUISIANA AVE,1,1,0,0,1,4,0,0,65,0,0,0,0,0,1,2,13
,2021-32532,39.69675254,-105.0250579,9/6/2021 16:23,16:23,1,0,1,FEDERAL BLVD S & MISSISSIPPI AVE W,1,1,1,0,1,1,0,0,40,0,0,0,0,2,2,2,1
,2021-32533,39.69467125,-104.8837746,9/5/2021 10:44,10:44,15,0,0,E LOWRY BLVD & S YOSEMITE WAY,1,1,0,0,1,3,0,0,30,0,0,0,0,0,4,2,7
,2021-32534,39.73680353,-104.9597599,9/6/2021 17:17,17:17,12,0,1,2300 BLK E 13TH AVE & N YORK ST,1,1,0,0,1,4,0,0,30,0,0,0,0,1,4,2,3
,2021-32535,39.69297354,-105.0114199,8/7/2021 23:33,23:33,8,0,0,1300 BLOCK S TEJON ST & W LOUISIANA AVE,1,3,0,0,1,4,0,0,25,0,0,0,0,1,4,2,16
,2021-32536,39.69674354,-105.0126999,9/6/2021 1:17,1:17,3,0,2,W MISSISSIPPI AVE & S TEJON ST,1,3,0,0,1,1,0,0,,0,0,0,0,2,4,2,5
,2021-32537,39.78362951,-104.791364,8/6/2021 15:43,15:43,12,0,0,E GVR BLVD & PENA BLVD INBOUND,1,1,0,0,1,1,0,0,40,0,0,0,0,0,4,2,13
,2021-32538,39.77020353,-104.9643699,8/8/2021 19:00,19:00,6,0,0,HIGH ST N & 38TH AVE W,1,3,0,0,1,4,0,0,0,1,0,0,0,0,2,2,16
,2021-32539,39.71111353,-104.9592499,7/26/2021 5:15,5:15,5,0,0,UNIVERSITY BLVD S & ALAMEDA AVE E,1,2,1,0,6,4,0,0,30,0,0,0,0,1,4,1,5
,2021-32540,39.76017352,-104.9293799,8/22/2021 18:46,18:46,3,0,0,E 30TH AVE & N ELM ST,1,1,0,0,1,1,0,0,25,0,0,0,0,1,4,2,14
,2021-32542,39.63323354,-104.9063199,9/1/2021 7:49,7:49,12,0,0,I-25 & QUINCY AVE,1,1,0,0,1,4,0,0,65,0,0,0,0,0,1,2,16
,2021-32543,39.71150353,-104.9465499,9/6/2021 20:06,20:06,5,0,0,CHERRY CREEK DR NE & ALAMEDA AVE E,1,3,0,0,2,3,0,0,30,0,0,0,0,0,4,1,13
,2021-32544,39.76801353,-104.9949599,9/7/2021 7:21,7:21,12,0,0,I-25 & PARK AVE W,1,1,0,0,1,4,0,0,55,0,0,0,0,1,1,2,14
,2021-32545,39.74018653,-104.9211034,9/7/2021 19:01,19:01,3,0,0,COLFAX AVE W & IVANHOE ST N,1,1,0,0,1,1,0,0,25,0,0,0,0,0,2,2,13
,2021-32546,39.68486354,-104.9594399,9/6/2021 10:59,10:59,12,0,0,I-25 NB EXIT GORE PT TO & UNIVERSITY BLVD S,1,1,1,0,1,4,0,0,65,0,0,0,0,0,1,2,3
,2021-32547,39.69478367,-105.1212148,9/6/2021 18:55,18:55,3,0,0,BROADWAY ST S & ARIZONA AVE W,1,1,0,0,1,1,0,0,35,0,0,0,1,0,4,2,16
,2021-32548,39.68074154,-105.0529174,9/7/2021 8:44,8:44,12,0,0,SHERIDAN BLVD & 2000 BLK S,1,1,0,0,1,4,0,0,40,0,0,0,0,0,4,2,7
,2021-32549,39.7437871,-105.1188925,9/6/2021 11:35,11:35,12,0,0,I-25 & 17TH AVE W,1,1,1,0,1,4,0,0,65,0,0,0,0,0,1,2,3
,2021-32550,39.76115353,-105.0047499,9/7/2021 9:45,9:45,5,0,0,I-25 & 20TH ST,1,1,0,0,3,13,0,0,55,0,0,0,0,1,1,1,14
,2021-32551,39.67844354,-104.9348399,9/7/2021 7:58,7:58,15,0,0,4500 BLK E EVANS AVE & S CLERMONT ST,1,1,0,0,1,3,0,0,35,0,0,0,0,0,4,2,13
,2021-32552,39.78010353,-104.9895499,9/7/2021 12:18,12:18,5,0,0,I-25 & I-70 EB,1,1,1,0,3,4,0,0,35,0,0,0,0,0,1,1,1
,2021-32553,39.74011783,-104.9786469,9/6/2021 15:00,15:00,6,0,0,1500 BLKS WASHINGTON ST & E FLORIDA AVE,1,5,0,0,1,4,0,0,25,0,0,0,0,0,4,2,16
,2021-32554,39.74018653,-104.9407414,8/1/2021 15:00,15:00,3,0,0,COLORADO BLVD N & COLFAX AVE E,1,1,0,0,1,1,0,0,30,0,0,0,0,0,2,2,16
,2021-32555,39.77804052,-104.8471054,9/7/2021 16:30,16:30,1,0,0,PEORIA ST N & 45TH AVE E,1,1,0,0,1,1,0,0,35,0,0,0,0,1,4,2,1
,2021-32556,39.67663354,-104.9395799,9/6/2021 21:30,21:30,3,0,0,WARREN AVE E & ALBION ST S,1,3,0,0,1,1,0,0,25,0,0,0,0,1,4,2,16
,2021-32557,39.72527841,-105.1417334,9/7/2021 11:19,11:19,15,0,0,6TH AVE W & I-25,1,1,0,0,1,4,0,0,65,0,0,0,0,1,1,2,14
,2021-32558,39.69293353,-104.9406199,7/12/2021 11:35,11:35,15,0,0,COLORADO BLVD S & LOUISIANA AVE E,1,1,0,0,1,3,0,0,40,0,0,0,0,0,2,2,1
,2021-32559,39.8334535,-104.69293,9/7/2021 19:42,19:42,1,0,0,JACKSON GAP ST N & PENA BLVD,1,3,0,0,1,1,0,0,40,0,0,0,0,0,4,2,7
,2021-32560,39.73827353,-104.9372799,8/27/2021 9:25,9:25,3,0,0,E 14TH AVE & N BELLAIRE ST,1,1,0,0,1,1,0,0,,0,0,0,0,0,4,2,16
,2021-32561,39.8340925,-104.7719825,9/7/2021 12:40,12:40,10,0,0,PENA BLVD & TOWER RD N,1,1,0,0,1,9,0,0,65,0,0,0,0,0,4,2,14
,2021-32562,39.78422353,-105.0251799,9/7/2021 20:35,20:35,1,0,0,FEDERAL BLVD N & I-70 EB ON RAMP,1,3,0,0,1,1,0,0,35,0,0,0,0,0,2,2,13
,2021-32563,39.78235352,-104.8658099,9/7/2021 17:22,17:22,12,0,2,10500 BLK E 47TH AVE & N HAVANA ST,1,1,0,0,1,4,0,0,30,0,0,0,0,1,4,2,3
,2021-32564,39.76211053,-105.0335291,8/21/2021 13:38,13:38,3,0,0,W 32ND AVE & N TEJON ST,1,1,0,0,1,1,0,0,30,0,0,0,0,0,4,5,14
,2021-32565,39.78488351,-104.81425,9/7/2021 18:07,18:07,9,0,0,ENID CT N & GATEWAY AVE E,1,1,0,0,1,4,0,0,30,0,0,0,0,0,4,1,10
,2021-32566,39.77839352,-104.8968799,9/7/2021 8:55,8:55,12,0,0,I-70 & I-270 OVERPASS,1,1,1,0,1,4,0,1,55,0,0,0,0,0,1,2,13
,2021-32567,39.74000353,-104.9665999,9/7/2021 15:58,15:58,12,0,0,COLFAX AVE E & GILPIN ST N,1,1,0,0,1,4,0,0,35,0,0,0,0,1,2,2,5
,2021-32699,39.66607274,-105.0814609,9/3/2021 12:32,12:32,12,0,0,WADSWORTH BLVD S & YALE AVE W,1,1,3,0,1,1,0,0,45,0,0,0,0,0,2,2,10
,2021-32749,39.68485354,-104.9594399,8/4/2021 16:00,16:00,12,0,0,I-25 NB EXIT GORE PT TO & UNIVERSITY BLVD S,1,1,3,0,1,4,0,0,65,0,0,0,0,0,1,3,3
,2021-32750,39.76916353,-104.9989399,7/15/2021 10:20,10:20,12,0,0,38TH AVE W & KALAMATH ST N,1,1,3,0,1,4,0,0,35,0,0,0,0,0,4,2,16
,2021-32764,39.76910353,-104.9952899,7/21/2021 12:48,12:48,2,0,1,FOX ST N & 38TH AVE W,1,1,3,0,1,4,0,0,30,1,0,0,0,3,4,1,13
,2021-32789,39.77999353,-105.0199899,7/26/2021 7:16,7:16,6,0,0,5000 N FEDERAL BLVD & GAS STATION PKG LOT,1,1,3,0,5,7,0,0,,0,0,0,0,0,3,2,16
,2021-32790,39.71109353,-104.9774899,8/4/2021 8:52,8:52,15,0,0,800 BLK E ALAMEDA AVE & S CLARKSON ST,1,1,3,1,1,1,0,0,30,0,0,0,0,0,4,2,13
,2021-32791,39.67302354,-104.9593799,8/5/2021 13:04,13:04,1,0,0,UNIVERSITY BLVD S & WESLEY AVE E,1,1,3,0,1,1,0,0,30,0,0,0,1,0,4,2,11
,2021-32792,39.67845354,-104.9316099,8/3/2021 14:00,14:00,12,0,0,I-25 NB ON RAMP FROM & EVANS AVE E,1,1,3,0,1,8,0,0,25,0,0,0,0,1,1,2,2
,2021-32794,39.72906353,-104.9861399,8/4/2021 11:46,11:46,15,0,0,N LINCOLN ST & E 8TH AVE,1,1,3,0,1,1,0,1,30,0,0,0,0,0,4,2,16
,2021-32795,39.71831353,-104.9791199,8/4/2021 8:38,8:38,3,0,1,E 1ST AVE & N WASHINGTON ST,1,1,3,0,1,3,0,0,25,0,0,0,0,2,4,2,13
,2021-32796,39.67862354,-105.0262899,8/4/2021 7:35,7:35,15,0,0,EVANS AVE W & FEDERAL BLVD N,1,1,3,0,1,4,0,0,30,0,0,0,0,0,4,2,1
,2021-32797,39.73514353,-104.9562799,8/4/2021 13:25,13:25,12,0,0,N ELIZABETH ST & E 12TH AVE,1,1,3,0,1,3,0,0,25,0,0,0,0,0,4,2,11
,2021-32798,39.73869352,-104.8846499,8/5/2021 7:44,7:44,8,0,1,N YOSEMITE ST & E 14TH AVE,1,1,3,0,1,1,0,0,35,0,0,0,0,2,4,3,1
,2021-32799,39.65308354,-104.9129199,8/5/2021 15:45,15:45,12,0,0,HAMPDEN AVE E & MONACO ST S,1,1,3,0,1,3,0,0,35,0,0,0,0,0,2,2,3
,2021-32800,39.78362351,-104.78169,8/5/2021 8:25,8:25,12,0,0,E GVR BLVD & N TELLURIDE ST,1,1,3,0,1,3,0,0,40,0,0,0,0,0,4,2,16
,2021-32806,39.72092353,-105.0015899,8/6/2021 8:40,8:40,3,0,0,LIPAN ST N & 3RD AVE W,1,1,3,0,1,1,0,0,30,0,0,0,0,0,4,2,16
,2021-32807,39.67838534,-104.9938275,8/4/2021 12:35,12:35,12,0,0,W EVANS AVE & S SANTA FE DR,1,1,3,0,1,4,0,0,35,0,0,0,0,0,2,2,13
,2021-32809,39.75131353,-105.0165199,8/6/2021 9:30,9:30,12,0,0,I-25 & 23RD AVE W,1,1,3,0,1,4,0,0,55,0,0,0,0,0,1,2,13
,2021-32811,39.73999353,-104.9999899,8/4/2021 17:54,17:54,8,0,0,14TH ST & WAZEE ST,1,1,3,0,1,1,0,0,15,0,0,0,0,0,4,2,8
,2021-32812,39.67848354,-104.9687399,8/4/2021 13:00,13:00,12,0,0,E EVANS AVE & S FRANKLIN ST,1,1,3,0,1,1,0,0,30,0,0,0,0,0,4,2,3
,2021-32814,39.69035353,-104.9128799,8/4/2021 19:00,19:00,12,0,0,E CHERRY CREEK S DR & S MONACO ST,1,1,3,0,1,1,0,0,25,0,0,0,0,1,4,2,3
,2021-32816,39.65116354,-104.8848099,8/4/2021 14:50,14:50,1,0,0,S YOSEMITE ST & E JEFFERSON AVE,1,1,3,0,1,1,0,0,30,0,0,0,0,0,4,2,3
,2021-32817,39.77229353,-104.9745399,8/5/2021 14:15,14:15,12,0,0,38TH ST & WYNKOOP ST,1,1,3,0,1,1,0,0,,0,0,0,0,0,4,2,16
,2021-32818,39.76260353,-105.0019899,8/5/2021 12:45,12:45,14,0,0,ROCKMONT DR & 20TH ST,1,1,3,0,6,4,0,0,30,0,0,0,0,0,4,2,16
,2021-32820,39.75699353,-105.0177999,8/4/2021 7:25,7:25,1,0,0,N ALCOTT ST & N SPEER BLVD,1,1,3,0,1,1,0,0,25,0,0,0,0,0,4,2,13
,2021-32821,39.70137354,-104.9874399,8/5/2021 16:37,16:37,12,0,0,I-25 NB OFF RAMP TO & OHIO AVE / BROADWAY ST S,1,1,3,0,1,8,0,0,30,0,0,0,0,0,2,2,1
,2021-32824,39.74015352,-104.8846399,8/4/2021 4:28,4:28,1,0,0,COLFAX AVE E & YOSEMITE ST N,1,3,3,0,1,1,0,0,30,0,0,0,0,0,2,2,7
,2021-32826,39.79463351,-104.8416199,7/30/2021 10:00,10:00,6,0,0,E 55TH AVE & N SCRANTON ST,1,1,3,0,1,9,0,0,,0,0,0,0,0,4,2,16
,2021-32827,39.69852353,-104.9035399,8/5/2021 14:31,14:31,12,0,0,S QUEBEC ST & LEETSDALE DR,1,1,3,0,1,3,0,0,30,0,0,0,0,0,2,2,11
,2021-32828,39.69999353,-104.9499899,8/4/2021 14:00,14:00,15,0,0,S UNIVERSITY BLVD & E KENTUCKY AVE,1,1,3,0,1,1,0,0,30,0,0,0,0,0,4,2,3
,2021-32829,39.69999354,-104.9799899,8/5/2021 15:31,15:31,12,0,0,I-25 SB OFF RAMP TO & BROADWAY ST S,1,1,3,0,1,8,0,0,30,0,0,0,0,0,2,2,13
,2021-32830,39.78376352,-104.9405099,8/5/2021 11:55,11:55,12,0,0,COLORADO BLVD N & 48TH AVE E,1,1,3,7,1,3,0,0,30,0,0,0,0,0,2,3,1
,2021-32831,39.67846354,-104.9418099,8/3/2021 16:20,16:20,10,0,0,EVANS AVE E & 3905 E EVANS AVE,1,1,3,0,1,4,0,0,35,0,0,0,0,0,4,2,1
,2021-32832,39.75023353,-104.9873799,8/4/2021 8:39,8:39,12,0,0,STOUT ST & N BROADWAY ST,1,1,3,0,1,3,0,0,25,0,0,0,0,1,4,2,16
,2021-32833,39.73078353,-105.0139699,8/5/2021 8:10,8:10,12,0,0,800 BLK N WYANDOT ST & W 8TH AVE,1,1,3,0,1,3,0,0,30,0,0,0,0,0,4,2,3
,2021-32834,39.69920353,-104.9028099,8/4/2021 17:45,17:45,15,0,0,QUEBEC ST S & 950 S QUEBEC ST,1,1,3,0,5,2,0,0,,0,0,0,0,0,3,2,3
,2021-32835,39.77867352,-104.9128699,8/4/2021 9:38,9:38,10,0,0,E STAPLETON N DR & N MONACO ST,1,1,3,0,1,1,0,0,35,0,0,0,0,0,4,2,1
,2021-32836,39.73999353,-104.9299899,8/5/2021 11:22,11:22,10,0,0,E 17TH AVE & N ELM ST,1,1,3,0,1,1,0,0,30,0,0,0,0,0,4,2,13
,2021-32837,39.8311435,-104.77945,9/6/2021 13:05,13:05,12,0,0,7500 BLK PENA BLVD OUTBOUND & N TOWER RD,1,1,0,7,1,4,0,0,65,0,0,0,0,0,4,3,1
,2021-32838,39.69655353,-104.8659499,7/23/2021 12:25,12:25,10,0,0,HAVANA ST S & MISSISSIPPI AVE E,1,1,0,0,1,1,0,0,35,0,0,0,0,0,2,2,13
,2021-32839,39.72134954,-105.0252244,9/5/2021 23:43,23:43,15,0,0,FEDERAL BLVD N & 3RD AVE RD W,1,4,0,0,1,4,0,0,35,0,0,0,0,0,2,3,13
,2021-32840,39.74378352,-104.9034499,9/6/2021 21:57,21:57,12,0,0,N QUEBEC ST & E 17TH AVE,1,3,0,0,1,4,0,0,10,0,0,0,0,0,4,3,16
,2021-32841,39.75481353,-105.0235999,9/1/2021 7:22,7:22,15,0,0,ELIOT ST N & 26TH AVE W,1,1,0,0,1,4,0,0,25,0,0,0,0,0,4,2,1
,2021-32842,39.74016853,-104.9337979,9/5/2021 11:45,11:45,6,0,0,COLFAX AVE E & CHERRY ST N,1,1,0,0,1,4,0,0,35,0,0,0,0,0,2,3,5
,2021-32843,39.73278654,-104.8847364,9/7/2021 7:15,7:15,3,0,0,1400 BLK N YOSEMITE ST & 1400 BLK N,1,1,0,0,1,2,0,0,30,0,0,0,0,0,4,3,3
,2021-32844,39.77841352,-104.9035599,8/20/2021 8:33,8:33,12,0,1,I-70 & QUEBEC ST S,1,1,1,0,1,4,0,0,65,0,0,0,0,3,1,3,14
,2021-32845,39.63552354,-104.9050999,9/7/2021 15:00,15:00,15,0,0,I-225 SB/WB OFF RAMP TO & I-25 NB,1,1,0,0,1,4,0,0,55,0,0,0,0,0,1,3,13
,2021-32846,39.65699053,-104.866451,9/4/2021 22:18,22:18,12,0,0,PARKER RD S & HAVANA ST S,1,3,0,0,1,4,0,0,45,0,0,0,1,0,2,3,3
,2021-32847,39.75336353,-104.9919199,7/17/2021 23:44,23:44,12,0,2,2000 BLK LARIMER ST & 20TH ST,1,3,0,0,1,2,0,0,30,0,0,0,0,1,4,3,13
,2021-32848,39.72560353,-104.9582199,9/5/2021 22:09,22:09,10,0,0,E 6TH AVE & N JOSEPHINE ST,1,3,0,0,1,1,0,0,25,0,0,0,0,0,4,2,10
,2021-32849,39.74009468,-104.9035119,9/7/2021 10:15,10:15,15,0,0,I-70 & QUEBEC ST N,1,1,1,0,1,4,0,1,55,0,0,0,0,1,1,3,13
,2021-32850,39.69668354,-104.9991399,8/16/2021 14:25,14:25,12,0,2,W MISSISSIPPI AVE & S JASON ST,1,1,0,0,1,1,0,0,35,0,0,0,0,2,4,3,14
,2021-32851,39.73106353,-104.9327999,8/6/2021 10:47,10:47,15,0,0,4600 BLK E 9TH AVE & N CHERRY ST,1,1,3,0,1,4,0,0,25,0,0,0,0,0,4,2,13
,2021-32852,39.79016353,-105.0251799,8/6/2021 7:01,7:01,12,0,0,FEDERAL BLVD N & 52ND AVE W,1,1,3,1,1,4,0,0,35,0,0,0,0,0,2,2,16
,2021-32856,39.74696353,-105.0252099,8/6/2021 11:50,11:50,15,0,0,FEDERAL BLVD N & 20TH AVE W,1,1,3,1,1,4,0,0,35,0,0,0,0,0,2,2,16
,2021-32858,39.73021353,-104.9775799,6/27/2021 9:12,9:12,6,0,0,CLARKSON ST N & 8TH AVE E,1,1,3,1,1,4,0,0,,0,0,0,0,0,4,2,16
,2021-32864,39.70943354,-105.0324299,8/6/2021 14:12,14:12,3,0,0,DAKOTA AVE W & KNOX CT S,1,1,3,0,1,1,0,0,25,0,0,0,0,0,4,2,13
,2021-32878,39.65887353,-104.85888,7/13/2021 23:30,23:30,12,0,0,3100 BLK S KENTON ST & E DARTMOUTH AVE,1,3,3,0,1,4,0,0,25,0,0,0,0,0,4,2,1
,2021-32893,39.72907353,-104.9787599,8/6/2021 12:10,12:10,3,0,0,E 8TH AVE & N WASHISNGTON ST,1,1,3,0,1,3,0,0,30,0,0,0,0,0,4,2,13
,2021-32894,39.74002353,-104.9730899,8/6/2021 13:38,13:38,10,0,0,DOWNING ST N & COLFAX AVE E,1,1,3,0,1,1,0,0,30,0,0,0,0,0,2,2,13
,2021-32902,39.75359353,-104.9886999,6/30/2021 13:15,13:15,12,0,0,1100 BLK 22ND ST & ARAPAHOE ST,1,1,3,0,1,4,0,0,35,0,0,0,0,0,4,2,1
,2021-32946,39.67302354,-104.9593799,9/8/2021 19:00,19:00,12,0,1,S UNIVERSITY BLVD & E WESLEY AVE,1,1,0,0,1,3,0,0,35,0,0,0,0,1,4,3,13
,2021-32947,39.78927398,-105.0392509,9/9/2021 18:37,18:37,12,0,0,6TH AVE W & PERRY ST N,1,1,0,0,1,4,0,0,65,0,0,0,0,0,2,3,1
,2021-32948,39.75259039,-104.9848982,9/10/2021 5:40,5:40,15,0,0,I-25 & PARK AVE W,1,3,0,0,1,4,0,0,65,0,0,0,0,1,1,3,13
,2021-32949,39.77742243,-104.9129089,9/10/2021 21:55,21:55,15,0,0,I-70 & MONACO ST N,1,3,0,0,1,4,0,0,65,0,0,0,0,0,1,3,14
,2021-32950,39.78346312,-105.0112166,9/11/2021 14:26,14:26,3,0,0,QUEBEC ST N & I-70 EB OFF RAMP,1,1,1,0,1,1,0,0,35,0,0,0,0,0,4,2,13
,2021-32951,39.78010352,-104.9497999,9/10/2021 10:00,10:00,12,0,0,I-70 & STEELE ST N,1,1,0,0,1,4,0,1,65,0,0,0,0,1,1,3,13
,2021-32952,39.77026858,-104.8996366,9/9/2021 21:43,21:43,6,0,0,19TH AVE & SYRACUSE ST N,1,3,0,0,1,4,0,0,35,0,0,0,0,1,4,3,16
,2021-32953,39.72527841,-105.1417334,9/9/2021 12:43,12:43,12,0,0,I-25 & 6TH AVE W,1,1,0,0,1,4,0,0,55,0,0,0,0,0,1,3,13
,2021-32954,39.68309354,-104.9405399,9/5/2021 17:23,17:23,15,0,0,I-25 NB ON RAMP FROM & COLORADO BLVD S,1,1,1,0,1,8,0,0,60,0,0,0,0,1,1,3,4
,2021-32955,39.71120354,-104.9991199,9/9/2021 17:48,17:48,12,0,0,I-25 & ALAMEDA AVE W,1,1,0,0,1,4,0,0,65,0,0,0,0,0,1,3,13
,2021-32956,39.76115353,-105.0047499,9/9/2021 7:23,7:23,12,0,0,I-25 & 20TH ST,1,1,0,0,1,4,0,0,55,0,0,0,0,0,1,4,1
,2021-32957,39.75131353,-105.0165199,9/8/2021 16:18,16:18,12,0,0,I-25 & 23RD AVE W,1,1,0,0,1,4,0,0,55,0,0,0,0,0,1,3,3