id,drcog_id,latitude,longitude,crashtime,time,crashtype,numbkilled,numbinjurd,drcoglocat,rdconditin,lightngcon,roadcntgrd,weatherco,location,roaddescrp,schoolzone,constrzone,splimit,bikeinv,pedinv,sctrinv,motoinv,svrty,rdsystem,ttlvehcls,hcf
,2021-32958,39.77990353,-104.9821499,9/8/2021 15:50,15:50,12,0,0,I-70 EB RAMP & I-25 NB,1,1,0,0,1,8,0,0,65,0,0,0,0,0,1,3,3
,2021-32959,39.72527841,-105.1417334,9/9/2021 16:36,16:36,12,0,0,I-25 & 6TH AVE W,1,1,0,0,1,4,0,0,65,0,0,0,0,0,1,3,7
,2021-32960,39.77708352,-104.8654149,9/5/2021 13:37,13:37,15,0,0,I-70 WB OFF RAMP SLIP & HAVANA ST N (NB),1,1,1,0,1,8,0,0,35,0,0,0,0,0,1,2,1
,2021-32961,39.77400352,-104.8470199,9/8/2021 8:00,8:00,15,0,0,I-70 & PEORIA ST N,1,1,0,0,1,4,0,0,65,0,0,0,0,0,1,4,13
,2021-32962,39.8320035,-104.71553,9/9/2021 21:55,21:55,3,0,0,75TH AVE E & GUN CLUB RD N,1,3,0,0,1,1,0,0,35,0,0,0,0,0,4,2,8
,2021-32963,39.74153353,-105.0416599,9/8/2021 9:00,9:00,10,0,0,RALEIGH ST N & CONEJOS PL W,1,1,0,0,1,4,0,0,25,0,0,0,0,0,4,3,7
,2021-32964,39.77400352,-104.8470199,9/8/2021 15:28,15:28,12,0,0,I-70 & PEORIA ST N,1,1,1,0,1,4,0,0,65,0,0,0,0,1,1,3,13
,2021-32965,39.6326459,-105.0415465,9/11/2021 23:49,23:49,3,0,0,W 6TH DR & N PERRY ST,1,4,0,0,1,1,0,0,30,0,0,0,0,1,4,2,14
,2021-32966,39.77832353,-104.9792299,9/10/2021 13:42,13:42,1,0,0,WASHINGTON ST N & 45TH AVE E,1,1,0,0,1,1,0,0,35,0,0,0,0,0,4,2,8
,2021-32967,39.74583352,-104.9127999,9/10/2021 17:34,17:34,12,0,0,1800 BLK N MONACO ST & 18TH AVE,1,1,0,0,1,4,0,0,35,0,0,0,0,0,4,3,3
,2021-32968,39.72553353,-105.0131199,9/12/2021 12:17,12:17,12,0,0,I-25 NB EXIT GORE PT TO & 6TH AVE W,1,1,1,0,1,4,0,0,65,0,0,0,0,1,1,3,13
,2021-32969,39.79066352,-104.8847199,9/10/2021 15:19,15:19,6,0,0,E 51ST AVE & N YOSEMITE CT,1,1,0,0,1,4,0,0,30,0,0,0,0,0,4,2,2
,2021-32970,39.73044353,-104.9854899,9/12/2021 15:14,15:14,6,0,0,9TH AVE E & 100 BLK E,1,1,0,0,1,4,0,0,25,0,0,0,0,0,4,2,14
,2021-32971,39.72553353,-105.0131199,9/12/2021 11:03,11:03,12,0,0,I-25 NB EXIT GORE PT TO & 6TH AVE W,1,1,1,0,1,4,0,0,65,0,0,0,0,0,1,3,13
,2021-32972,39.68840353,-104.9406299,9/12/2021 9:47,9:47,12,0,0,COLORADO BLVD S & IOWA AVE E,1,1,1,0,1,4,0,0,40,0,0,0,0,1,2,2,1
,2021-32973,39.78025353,-105.0251799,7/1/2021 17:42,17:42,12,0,1,FEDERAL BLVD N & 46TH AVE W,11,1,0,1,1,4,0,0,35,0,0,0,0,2,2,3,3
,2021-32974,39.74015353,-104.9023099,9/10/2021 11:02,11:02,6,0,0,E COLFAX AVE & N QUINCE ST,1,1,0,0,1,4,0,0,35,0,0,0,0,0,4,3,15
,2021-32975,39.74375353,-104.9034499,9/10/2021 12:55,12:55,12,0,0,1600 BLK N QUEBEC ST & E 17TH AVE,1,1,0,0,1,4,0,0,30,0,0,0,0,0,4,3,3
,2021-32976,39.78012352,-104.9582299,9/8/2021 6:55,6:55,12,0,0,I-70 & JOSEPHINE ST N,1,1,0,0,1,4,0,1,55,0,0,0,0,0,1,3,13
,2021-32977,39.73387353,-105.0251499,5/18/2021 14:30,14:30,10,0,0,FEDERAL BLVD N & 11TH AVE W,1,1,1,0,1,1,0,0,35,0,0,0,0,1,2,2,13
,2021-32978,39.75929353,-105.0009899,9/7/2021 22:11,22:11,12,0,0,2100 BLK 20TH ST & LITTLE RAVEN ST,1,3,1,0,1,4,0,0,30,0,0,0,0,0,4,3,13
,2021-32979,39.74009468,-104.9035119,9/10/2021 23:56,23:56,12,0,0,I-70 & QUEBEC ST N,1,3,0,0,1,4,0,0,55,0,0,0,0,0,1,4,13
,2021-32980,39.74015053,-104.9488504,9/9/2021 14:51,14:51,12,0,0,COLFAX AVE E & ADAMS ST N,1,1,0,0,1,4,0,0,35,0,0,0,0,0,2,3,13
,2021-32981,39.67933354,-104.9593799,9/11/2021 18:36,18:36,3,0,0,UNIVERSITY BLVD S & EVANS AVE E,1,1,1,0,1,2,0,0,35,0,0,0,0,0,4,2,13
,2021-32982,39.77789844,-104.9057436,9/9/2021 14:26,14:26,12,0,0,I-70 & MM 278.80,1,1,0,0,1,4,0,0,55,0,0,0,0,0,1,5,3
,2021-32983,39.68999354,-104.9734099,9/11/2021 17:16,17:16,12,0,0,I-25 & DOWNING ST S,1,1,1,0,1,4,0,0,60,0,0,0,0,0,1,2,13
,2021-32984,39.78866352,-104.9034199,8/14/2021 2:40,2:40,8,0,4,N QUEBEC ST & E 53RD PL,1,3,0,0,1,4,0,0,35,0,0,0,0,2,2,3,13
,2021-32985,39.74032353,-105.0298499,9/12/2021 12:30,12:30,15,0,0,COLFAX AVE W & IRVING ST N,1,1,1,0,1,3,0,0,30,0,0,0,0,0,2,2,13
,2021-32986,39.65308354,-104.9141299,9/11/2021 14:56,14:56,12,0,0,HAMPDEN AVE E & MONACO ST S,1,1,0,0,1,3,0,0,40,0,0,0,0,0,2,2,14
,2021-32987,39.69845353,-104.9128865,9/11/2021 0:40,0:40,6,0,0,PEARL ST S & TENNESSEE AVE E,1,3,0,0,1,4,0,0,25,0,0,0,0,0,4,2,13
,2021-32988,39.74001353,-104.9690699,9/11/2021 0:25,0:25,11,0,1,COLFAX AVE E & HUMBOLDT ST N,1,3,0,0,1,4,0,0,0,0,1,0,0,2,2,1,16
,2021-32989,39.7924765,-105.0415921,9/9/2021 18:37,18:37,12,0,2,6TH AVE W & RALEIGH ST,1,1,1,0,1,4,0,0,65,0,0,0,0,2,2,3,13
,2021-32990,39.75227486,-105.0090809,9/7/2021 22:11,22:11,12,0,0,20TH ST & LITTLE RAVEN ST,1,3,1,0,1,1,0,0,25,0,0,0,0,0,4,3,13
,2021-33106,39.71119354,-104.9991199,8/3/2021 18:45,18:45,12,0,0,I-25 & ALAMEDA AVE W,1,1,3,0,1,4,0,0,65,0,0,0,0,0,1,2,3
,2021-33112,39.68054354,-104.9313499,8/7/2021 18:00,18:00,5,0,0,1990 S DAHLIA ST & E ASBURY AVE,1,1,3,0,3,1,0,0,25,0,0,0,0,0,4,1,1
,2021-33113,39.75486353,-105.0452399,8/8/2021 10:25,10:25,5,0,0,4400 BLK W 26TH AVE & N TENNYSON ST,1,1,3,0,2,4,0,0,30,0,0,0,0,0,4,1,10
,2021-33117,39.75843134,-105.0814937,8/8/2021 15:10,15:10,6,0,0,INCA ST N & 29TH AVE W,1,1,3,6,1,4,0,0,15,0,0,0,0,0,4,2,13
,2021-33120,39.70999354,-105.0299899,8/8/2021 11:49,11:49,5,0,0,COLFAX AVE W & PERRY ST N,1,1,3,1,2,4,0,0,,0,0,0,0,0,2,1,14
,2021-33121,39.7710732,-104.8429426,8/9/2021 8:00,8:00,6,0,0,E 39TH AVE & N REVERE ST,1,1,3,0,1,4,0,0,,0,0,0,0,0,4,2,16
,2021-33123,39.73203354,-105.0321299,8/8/2021 12:53,12:53,12,0,0,900 BLK N KNOX CT & W 10TH AVE,1,1,3,1,1,4,0,0,25,0,0,0,0,0,4,2,16
,2021-33124,39.72908053,-104.9874064,8/7/2021 12:35,12:35,3,0,0,8TH AVE E & BROADWAY ST N,1,1,3,0,1,1,0,0,30,0,0,0,0,0,4,2,13
,2021-33126,39.73941354,-105.0531999,8/7/2021 9:21,9:21,15,0,0,SHERIDAN BLVD N & COLFAX AVE W,1,1,3,0,1,3,0,0,30,0,0,0,0,0,2,2,13
,2021-33127,39.67850354,-105.0000299,8/9/2021 8:08,8:08,10,0,1,1000 BLK W EVANS AVE & S JASON ST,1,1,3,1,1,1,0,0,30,0,0,0,1,2,4,2,13
,2021-33128,39.61440356,-105.0912899,8/9/2021 5:37,5:37,1,0,0,WADSWORTH BLVD S & CROSS DR W,1,1,3,1,1,1,0,0,45,0,0,0,0,0,2,2,13
,2021-33132,39.75999353,-104.9599899,8/8/2021 10:00,10:00,6,0,0,MLK BLVD E & FRANKLIN ST N,1,1,3,0,1,4,0,0,30,0,0,0,0,0,4,2,14
,2021-33133,39.77650352,-104.9708199,8/8/2021 9:32,9:32,15,0,0,BRIGHTON BLVD N & 41ST AVE W,1,1,3,1,1,1,0,0,30,0,0,0,0,0,4,2,13
,2021-33134,39.86662778,-104.6717006,9/10/2021 10:50,10:50,5,0,0,PENA BLVD & 26200 BLK,1,1,0,0,3,2,0,0,65,0,0,0,0,0,4,1,14
,2021-33135,39.88811483,-104.675484,9/10/2021 15:00,15:00,12,0,0,QUEENSBERG ST & 10300 BLK N,1,1,0,0,1,4,0,0,45,0,0,0,0,0,4,2,13
,2021-33136,39.67333354,-105.0250599,9/11/2021 14:13,14:13,3,0,0,WESLEY AVE W & FEDERAL BLVD S,1,1,0,0,1,2,0,0,25,0,0,0,0,0,4,2,16
,2021-33137,39.78368351,-104.77211,9/11/2021 6:15,6:15,10,0,0,4700 BLK N TOWER RD & 4709 N TOWER RD DRIVEWAY,1,2,0,0,1,2,0,0,35,0,0,0,0,0,4,2,13
,2021-33138,39.72890353,-104.9985999,9/11/2021 14:11,14:11,6,0,0,W 8TH AVE & N SANTA FE DR,1,1,0,0,1,4,0,0,35,0,0,0,0,0,4,2,13
,2021-33139,39.74013253,-104.9861059,9/11/2021 13:31,13:31,10,0,0,LINCOLN AVE N & COLFAX AVE E,1,1,0,0,1,1,0,0,25,0,0,0,0,0,2,2,8
,2021-33140,39.67333354,-105.0250599,9/10/2021 17:50,17:50,5,0,0,FEDERAL BLVD S & HARVARD AVE W,1,5,0,7,3,1,0,0,40,0,0,0,0,1,2,1,3
,2021-33141,39.71655353,-104.9862399,9/11/2021 14:01,14:01,12,0,0,S LINCOLN ST & E ELLSWORTH AVE,1,1,0,0,1,4,0,0,30,0,0,0,0,0,4,2,3
,2021-33142,39.71115354,-105.0232799,9/11/2021 5:08,5:08,5,0,1,ALAMEDA AVE W & ELIOT ST S,1,3,1,0,6,4,0,0,35,0,0,0,0,3,2,1,16
,2021-33143,39.67333354,-105.0250599,9/8/2021 13:47,13:47,12,0,0,S FEDERAL BLVD & W HARVARD AVE,1,1,0,0,1,1,0,0,20,0,0,0,0,0,4,2,13
,2021-33144,39.65309354,-104.9090799,9/10/2021 15:07,15:07,1,0,1,HAMPDEN AVE E & ONEIDA WY S,1,1,0,0,1,1,0,0,40,0,0,0,0,2,2,2,13
,2021-33145,39.74019553,-105.0001549,9/10/2021 20:37,20:37,1,0,0,N KALAMATH ST & W COLFAX ST,1,3,0,0,1,1,0,0,35,0,0,0,0,0,4,2,7
,2021-33146,39.78564351,-104.8186599,9/10/2021 18:27,18:27,12,0,0,5000 BLK N DURHAM CT & N DILLON ST,1,1,0,0,1,4,0,0,25,0,0,0,0,0,4,2,13
,2021-33147,39.6452545,-105.034646,9/11/2021 12:35,12:35,3,0,0,W YALE AVE & S LOWELL BLVD,1,1,0,0,1,1,0,0,30,0,0,0,0,0,4,2,13
,2021-33148,39.67535354,-105.0532599,9/11/2021 2:38,2:38,10,0,0,SHERIDAN BLVD S & WARREN AVE W,1,3,0,0,1,2,0,0,40,0,0,0,0,0,2,2,13
,2021-33150,39.76134352,-104.8704999,9/8/2021 5:05,5:05,6,0,0,3100 BLK N FULTON ST & E 31ST AVE,1,3,1,1,1,4,0,0,35,0,0,0,0,0,4,4,2
,2021-33151,39.78014353,-105.0064399,9/11/2021 9:45,9:45,1,0,0,W 46TH AVE & N PECOS ST,1,1,0,0,1,1,0,0,35,0,0,0,0,1,4,2,13
,2021-33152,39.76448353,-104.9597499,9/11/2021 9:57,9:57,1,0,0,YORK ST N & BRUCE RANDOLPH AVE E,1,1,0,0,1,1,0,0,25,0,0,0,0,0,4,2,7
,2021-33153,39.67845354,-104.9324399,9/10/2021 16:04,16:04,12,0,0,EVANS AVE E & 4700 BLK E,1,1,0,0,1,3,0,0,35,0,0,0,0,0,4,2,13
,2021-33154,39.86662778,-104.6717006,9/9/2021 14:40,14:40,12,0,0,PENA BLVD & 7000 BLK N,1,1,0,0,1,4,0,0,65,0,0,0,0,0,4,2,3
,2021-33155,39.74042353,-105.0137399,9/11/2021 2:03,2:03,15,0,0,AURARIA PKWY & W COLFAX AVE,1,3,1,0,1,4,0,0,40,0,0,0,0,0,4,2,13
,2021-33156,39.76975352,-104.8885599,8/25/2021 19:45,19:45,5,0,0,CENTRAL PARK BLVD N & 36TH AVE E,1,1,1,0,1,4,0,0,35,0,0,0,0,0,4,1,13
,2021-33157,39.73998353,-104.9597699,9/11/2021 1:02,1:02,3,0,0,E COLFAX AVE & N YORK ST,1,3,0,0,1,1,0,0,35,0,0,0,0,0,4,2,16
,2021-33158,39.73726353,-104.9081499,9/10/2021 22:11,22:11,5,0,0,E 13TH AVE & N ONEIDA ST,1,3,0,0,2,4,0,0,35,0,0,0,0,0,4,1,13
,2021-33159,39.75536353,-105.0126899,8/23/2021 13:41,13:41,12,0,1,I-25 & SPEER BLVD N,1,1,0,0,1,4,0,0,55,0,0,0,0,2,1,2,3
,2021-33160,39.8332535,-104.77252,9/9/2021 20:57,20:57,12,0,0,7500 BLK PENA BLVD INBOUND & TOLL PLAZA,1,3,0,0,1,4,0,0,65,0,0,0,0,0,4,2,1
,2021-33161,39.77320751,-104.8099085,9/9/2021 11:05,11:05,5,0,0,CHAMBERS RD N & 40TH AVE E,1,1,0,0,3,1,0,0,40,0,0,0,0,1,4,1,10
,2021-33162,39.68829354,-104.9717099,9/10/2021 17:06,17:06,1,0,2,1200 BLK E BUCHTEL BLVD & S DOWNING ST,1,1,0,0,1,1,0,0,35,0,0,0,0,2,4,2,8
,2021-33163,39.8336335,-104.715503,9/9/2021 4:55,4:55,15,0,0,PENA BLVD & GUN CLUB RD N,1,3,0,0,1,4,0,0,45,0,0,0,0,0,4,2,1
,2021-33164,39.73367353,-104.9986499,9/9/2021 10:35,10:35,12,0,0,SANTA FE DR N & 11TH AVE W,1,1,0,0,1,1,0,0,30,0,0,0,0,0,2,2,3
,2021-33165,39.74377752,-104.9040693,8/20/2021 17:52,17:52,12,0,0,E 17TH AVE & N DETROIT ST,1,1,0,0,1,1,0,0,30,0,0,0,0,0,4,2,3
,2021-33166,39.73387353,-105.0251499,9/10/2021 21:11,21:11,5,0,1,FEDERAL BLVD N & 11TH AVE W,1,3,0,0,3,4,0,0,35,0,0,0,0,2,2,1,2
,2021-33167,39.74395353,-105.0392999,9/10/2021 23:39,23:39,8,0,0,W 17TH AVE & N PERRY ST,1,3,0,0,1,1,0,0,25,0,0,0,0,1,4,2,3
,2021-33168,39.72551353,-105.0133499,9/9/2021 10:50,10:50,15,0,0,I-25 & 6TH AVE W,1,1,1,0,1,4,0,0,65,0,0,0,0,0,1,2,1
,2021-33169,39.77751352,-104.8905699,9/10/2021 16:45,16:45,5,0,1,I-70 EB OFF RAMP TO & CENTRAL PARK BLVD N,1,1,2,0,3,8,0,0,65,0,0,0,0,1,1,1,13
,2021-33170,39.75986352,-104.8901899,9/10/2021 21:46,21:46,3,0,0,CENTRAL PARK BLVD N & MLK BLVD E,1,3,0,0,1,1,0,0,35,0,0,0,0,0,4,2,1
,2021-33171,39.73118353,-105.0251499,9/10/2021 15:01,15:01,3,0,0,FEDERAL BLVD N & 9TH AVE W,1,1,1,0,1,1,0,0,35,0,0,0,0,0,2,2,16
,2021-33172,39.72893353,-104.9928499,9/10/2021 18:26,18:26,15,0,0,W 8TH AVE & N DELAWARE ST,1,1,0,0,1,1,0,0,30,0,0,0,0,0,4,2,13
,2021-33173,39.77900351,-104.8331599,9/10/2021 19:00,19:00,12,0,0,14000 BLK E 46TH AVE & N ANAHEIM CT,1,1,0,0,1,4,0,0,25,0,0,0,0,0,4,2,3
,2021-33174,39.69206354,-104.9769399,9/10/2021 12:05,12:05,12,0,0,I-25 & EMERSON ST S,1,1,0,0,1,4,0,0,60,0,0,0,0,1,1,2,1
,2021-33175,39.78008352,-104.9404999,9/9/2021 6:30,6:30,15,0,0,I-70 & COLORADO BLVD N,1,1,1,0,1,4,0,1,65,0,0,0,0,1,1,2,7
,2021-33176,39.69670754,-104.9929099,9/10/2021 13:38,13:38,12,0,0,W MISSISSIPPI AVE & S PLATTE RIVER DR,1,1,0,0,1,4,0,0,35,0,0,0,0,0,4,2,3
,2021-33177,39.69467734,-104.9592994,9/10/2021 5:50,5:50,15,0,0,I-25 & UNIVERSITY BLVD S,1,1,0,0,1,4,0,0,65,0,0,0,0,0,1,2,13
,2021-33178,39.72529544,-105.018159,9/10/2021 15:04,15:04,12,0,2,HWY 6 EB ON RAMP ENT GORE PT FROM & FEDERAL BLVD N,11,1,1,0,1,8,0,0,55,0,0,0,0,1,2,2,3
,2021-33179,40.01499505,-105.2646449,9/10/2021 6:30,6:30,12,0,0,I-25 & 23RD ST,1,2,0,0,1,4,0,0,65,0,0,0,0,0,1,2,13
,2021-33180,39.76194852,-104.9406604,9/10/2021 8:45,8:45,12,0,0,N COLORADO BLVD & E MLK BLVD,1,1,0,0,1,1,0,0,35,0,0,0,0,0,4,2,13
,2021-33181,39.78431352,-104.8829899,9/8/2021 14:12,14:12,11,0,0,48TH AVE E & CENTRAL PARK BLVD N,1,1,0,0,1,1,0,0,25,0,0,1,0,0,4,2,13
,2021-33182,39.74166353,-104.9775499,9/9/2021 9:54,9:54,3,0,0,16TH AVE E & CLARKSON ST N,1,1,0,0,1,1,0,0,25,0,0,0,0,0,4,2,3
,2021-33183,39.70517354,-105.0273499,9/8/2021 10:30,10:30,5,0,0,634 S HAZEL CT & W GILL PL,1,1,1,0,2,4,0,0,25,0,0,0,0,0,4,1,16
,2021-33184,39.78626257,-104.9457622,9/8/2021 7:10,7:10,12,0,0,I-70 & VASQUEZ BLVD N,1,1,0,0,1,4,0,0,55,0,0,0,0,0,1,2,13
,2021-33185,39.72097199,-104.9497914,9/10/2021 15:00,15:00,11,0,1,STEELE ST N & 3RD AVE E,1,1,0,0,1,1,0,0,25,0,1,0,0,2,4,1,13
,2021-33186,39.71110353,-104.9757299,9/11/2021 9:17,9:17,3,0,0,S OGDEN ST & E ALAMEDA AVE,1,1,0,0,1,3,0,0,25,0,0,0,0,0,4,2,13
,2021-33187,39.69045354,-104.9928099,9/10/2021 5:35,5:35,15,0,0,SANTA FE DR S & 1400 BLK S,1,2,0,0,1,4,0,0,45,0,0,0,0,0,2,2,7
,2021-33188,39.69299354,-104.9779899,9/8/2021 22:43,22:43,9,0,1,I-25 & LOUISIANA AVE E,1,1,0,1,1,4,0,0,60,0,0,0,1,3,1,1,13
,2021-33189,39.65529355,-105.0365999,9/10/2021 8:00,8:00,6,0,0,3788 W HAMILTON AVE & W GREENSBOROUGH PL,1,1,0,0,1,4,0,0,,0,0,0,0,0,4,2,16
,2021-33190,39.76718713,-104.9948588,9/9/2021 22:42,22:42,15,0,0,PARK AVE W & I-25 NB ON RAMP,1,3,0,0,1,1,0,0,,0,0,0,0,0,4,2,16
,2021-33191,39.67941011,-105.1765192,9/9/2021 19:59,19:59,10,0,0,ACOMA ST S & ASBURY AVE W,1,3,0,0,1,1,0,0,25,0,0,0,0,0,4,2,1
,2021-33192,39.70642354,-104.9967799,9/9/2021 19:18,19:18,15,0,0,SANTA FE DR S & I-25,1,1,0,0,1,1,0,0,35,0,0,0,0,0,4,2,7
,2021-33193,39.78003353,-104.9891799,9/9/2021 22:44,22:44,15,0,0,I-70 EB ON RAMP FROM & I-25 NB OFF RAMP,1,4,1,0,1,8,0,0,65,0,0,0,0,0,2,2,16
,2021-33194,39.67472053,-104.8707799,9/9/2021 22:12,22:12,1,0,0,PARKER RD S & ILIFF AVE E,1,3,0,0,1,1,0,0,40,0,0,0,0,1,2,2,3
,2021-33195,39.73203353,-104.9873899,9/9/2021 17:40,17:40,10,0,0,BROADWAY ST N & 10TH AVE E,1,1,0,0,1,2,0,0,35,0,0,0,0,1,4,2,14
,2021-33196,39.75381352,-104.8907099,9/9/2021 17:34,17:34,12,0,0,N CENTRAL PARK BLVD & E 25TH DR,1,1,0,0,1,4,0,0,35,0,0,0,0,1,4,2,13
,2021-33203,39.73664353,-105.0251699,8/8/2021 10:05,10:05,12,0,0,FEDERAL BLVD N & HOLDEN PL W,1,1,3,1,1,4,0,0,35,0,0,0,0,0,2,2,13
,2021-33208,39.75645353,-105.0092699,7/4/2021 12:35,12:35,1,0,1,PLATTE ST & 15TH ST,1,1,3,0,1,1,0,0,30,0,0,0,1,3,4,2,8
,2021-33209,39.71104353,-104.8659699,7/14/2021 16:10,16:10,15,0,0,S HAVANA ST & E ALAMEDA AVE,1,1,3,0,1,1,0,0,30,0,0,0,0,0,2,2,16
,2021-33211,39.72563353,-104.9855599,8/10/2021 9:38,9:38,12,0,0,100 BLK E 6TH AVE & SPEER BLVD,1,1,3,0,1,3,0,0,30,0,0,0,0,0,4,2,3
,2021-33213,39.70810353,-104.9269699,8/6/2021 13:55,13:55,12,0,0,LEETSDALE DR & FOREST ST S,1,1,3,0,1,3,0,0,35,0,0,0,0,0,2,2,11
,2021-33215,39.71109289,-105.0691329,8/9/2021 16:51,16:51,15,0,0,I-25 & ALAMEDA AVE W,1,1,3,0,1,4,0,0,,0,0,0,0,0,1,2,16
,2021-33221,39.73688353,-104.9822899,8/6/2021 14:22,14:22,3,0,0,E 13TH AVE & N LOGAN ST,1,3,3,0,1,1,0,0,25,0,0,0,0,0,4,2,16
,2021-33222,39.74556403,-104.9848347,8/7/2021 18:00,18:00,6,0,0,SHERMAN ST N & 8TH AVE E,1,2,3,0,1,4,0,0,30,0,0,0,0,0,4,2,16
,2021-33224,39.74311353,-104.9931099,8/6/2021 11:51,11:51,10,0,0,WELTON ST & 14TH ST,1,1,3,0,1,2,0,0,25,0,0,0,0,0,4,2,16
,2021-33227,39.73286353,-104.9597899,8/10/2021 14:40,14:40,10,0,2,1000 BLK N YORK ST & E 11TH AVE,1,1,3,0,1,2,0,0,30,0,0,0,0,2,4,2,8
,2021-33228,39.82398723,-104.9648678,8/10/2021 9:12,9:12,15,0,0,QUEBEC ST S & I-270 EB OFF RAMP LOOP,1,1,3,0,1,1,0,0,35,0,0,0,0,0,2,2,13
,2021-33236,39.71999353,-104.9399899,8/9/2021 18:00,18:00,10,0,0,E 8TH AVE & N COLORADO BLVD,1,1,3,0,1,1,0,0,30,0,0,0,0,0,4,2,8
,2021-33237,39.75596353,-104.9904299,8/6/2021 10:53,10:53,6,0,0,2200 BLK MARKET ST & PARK AVE W,1,1,3,0,1,4,0,0,25,0,0,0,0,0,4,2,16
,2021-33239,39.71799353,-104.9511699,8/9/2021 17:00,17:00,15,0,0,E 1ST AVE & N ST PAUL ST,1,1,3,0,1,1,0,0,30,0,0,0,0,0,4,2,3
,2021-33240,39.69597354,-105.0155699,8/10/2021 10:25,10:25,3,0,2,W MOISER PL & S ZUNI ST,1,1,3,1,1,1,0,0,25,0,0,0,0,1,4,2,1
,2021-33242,39.68472354,-104.9594399,8/9/2021 15:40,15:40,12,0,0,I-25 & UNIVERSITY BLVD S,1,1,3,0,1,4,0,0,65,0,0,0,0,0,1,2,3
,2021-33244,39.69845353,-104.9128865,7/3/2021 13:15,13:15,10,0,0,S MONACO ST & E TENNESSEE AVE,1,1,3,0,1,1,0,0,35,0,0,0,0,0,4,2,16
,2021-33249,39.71300354,-105.0221199,8/10/2021 2:00,2:00,6,0,1,2700 BLK W CEDAR AVE & S DALE CT,1,4,3,0,1,4,0,0,25,0,0,0,0,1,4,2,1
,2021-33276,39.73999353,-104.9799899,8/7/2021 19:21,19:21,6,0,0,N BROADWAY ST & 17TH ST,1,2,3,0,1,4,0,0,35,0,0,0,0,0,4,3,5
,2021-33279,39.75524637,-104.9866203,8/7/2021 4:00,4:00,12,0,0,BROADWAY ST & 2330 N,1,3,3,0,5,7,0,0,,0,0,0,0,0,3,2,16
,2021-33280,39.78237352,-104.8526199,8/10/2021 12:00,12:00,5,0,0,47TH AVE E & NOME ST N,1,1,3,0,3,4,0,0,35,0,0,0,0,1,4,1,10
,2021-33284,39.66757354,-104.9237299,8/9/2021 10:06,10:06,12,0,0,YALE AVE E & I-25 NB RAMPS,1,1,3,0,1,1,0,0,35,0,0,0,0,0,4,2,3
,2021-33288,39.69184354,-104.9550099,8/9/2021 22:00,22:00,5,0,0,CLAYTON ST & 1361 S,1,3,3,0,2,4,0,0,25,0,0,0,0,0,4,1,16
,2021-33289,39.74330953,-104.9873839,8/8/2021 7:49,7:49,10,0,0,N BROADWAY & E 17TH AVE,1,1,3,0,1,1,0,1,30,0,0,0,0,0,4,2,14
,2021-33292,39.75103353,-104.9406099,8/9/2021 11:50,11:50,15,0,0,COLORADO BLVD N & 23RD AVE E,1,1,3,0,1,3,0,0,35,0,0,0,0,0,2,2,13
,2021-33296,39.68999354,-104.9999899,8/10/2021 6:45,6:45,5,0,0,LIPAN ST S & 888 S LIPAN ST,1,1,3,0,4,3,0,0,25,0,0,0,0,0,4,1,14
,2021-33302,39.73044853,-104.9861059,8/9/2021 12:34,12:34,3,0,1,E 9TH AVE & N LINCOLN ST,1,1,3,0,1,1,0,0,30,0,0,0,0,2,4,2,13
,2021-33304,39.79837351,-104.78637,8/9/2021 13:10,13:10,1,0,0,56TH AVE E & PENA BLVD,1,1,3,0,1,1,0,0,40,0,0,0,0,1,4,2,1
,2021-33311,39.77064702,-104.9317414,9/9/2021 17:23,17:23,15,0,0,DAHLIA ST N & 48TH AVE E,1,1,0,0,1,4,0,0,25,0,0,0,0,0,4,2,13
,2021-33312,39.78326353,-105.0064199,9/9/2021 14:35,14:35,3,0,0,PECOS ST N & I-70 WB OFF RAMP,1,1,0,0,1,6,0,0,35,0,0,0,0,0,4,2,13
,2021-33313,39.77398152,-104.8472975,9/8/2021 16:21,16:21,12,0,0,I-70 EB EXIT GORE PT TO & CENTRAL PARK BLVD N,1,1,0,0,1,4,0,0,55,0,0,0,0,0,2,2,13
,2021-33314,39.78252352,-104.8720599,9/8/2021 15:40,15:40,3,0,0,47TH AVE E & FLORENCE ST N,1,1,0,0,1,1,0,0,35,0,0,0,0,0,4,2,13
,2021-33315,39.77878352,-104.8385599,9/8/2021 17:17,17:17,9,0,1,ALBROOK DR E & TULSA CT N,1,1,0,0,1,4,0,0,25,0,0,0,1,3,4,1,7
,2021-33316,39.7437871,-105.1188925,9/8/2021 12:33,12:33,12,0,0,I-25 & 17TH AVE W,1,1,0,0,1,4,0,0,55,0,0,0,0,0,4,2,2
,2021-33317,39.76450353,-104.9733299,9/7/2021 23:55,23:55,6,0,0,N DOWNING ST & E BRUCE RANDOLPH AVE,1,3,0,0,1,1,0,0,30,0,0,0,0,0,4,2,7
,2021-33318,39.65181555,-105.0531874,9/8/2021 10:59,10:59,9,0,1,HAMPDEN AVE W & SHERIDAN BLVD S,1,1,0,0,1,4,0,0,65,0,0,0,1,2,2,1,3
,2021-33319,39.75441353,-104.9405999,9/10/2021 8:35,8:35,12,0,0,COLORADO BLVD N & 26TH AVE E,1,1,0,0,1,4,0,0,30,0,0,0,0,0,2,2,7