id,drcog_id,latitude,longitude,crashtime,time,crashtype,numbkilled,numbinjurd,drcoglocat,rdconditin,lightngcon,roadcntgrd,weatherco,location,roaddescrp,schoolzone,constrzone,splimit,bikeinv,pedinv,sctrinv,motoinv,svrty,rdsystem,ttlvehcls,hcf
,2021-33320,39.73928353,-104.9574199,9/7/2021 23:08,23:08,6,0,0,1400 BLK N COLUMBINE ST & E COLFAX AVE,1,3,0,0,1,4,0,0,25,0,0,0,0,0,4,2,13
,2021-33321,39.77702352,-104.8829699,9/8/2021 18:31,18:31,12,0,0,I-270 & CENTRAL PARK BLVD N,1,1,1,0,1,4,0,0,55,0,0,0,0,0,1,2,3
,2021-33322,39.80011351,-104.78724,9/7/2021 20:50,20:50,12,0,0,5600 BLK PENA BLVD OUTBOUND & E 56TH AVE,1,1,0,0,1,3,0,0,45,0,0,0,0,0,4,2,2
,2021-33323,39.75023392,-104.9873734,9/7/2021 23:59,23:59,11,0,0,BROADWAY ST N & STOUT ST,1,3,0,0,1,1,0,0,30,0,1,0,0,1,4,1,7
,2021-33324,39.67858354,-105.0063999,9/4/2021 22:30,22:30,6,0,0,PECOS ST S & EVANS AVE W,1,1,0,0,1,4,0,0,25,0,0,0,0,0,4,2,16
,2021-33325,39.81940044,-104.9828907,9/8/2021 12:37,12:37,12,0,0,I-70 & I-25,1,1,0,0,1,4,0,0,55,0,0,0,0,0,1,2,13
,2021-33326,39.72513332,-104.9811228,9/7/2021 11:00,11:00,6,0,0,PENNSYLVANIA ST N & PEARL ST N,1,1,0,0,1,5,0,0,,0,0,0,0,0,4,2,16
,2021-33327,39.75615353,-104.9918999,9/8/2021 12:32,12:32,5,0,0,BLAKE ST & 22ND ST,1,1,0,0,4,1,0,0,25,0,0,0,0,0,4,1,5
,2021-33328,39.74000653,-104.9684659,9/9/2021 19:00,19:00,12,0,0,E COLFAX AVE & N FRANKLIN ST,1,1,0,0,1,1,0,0,35,0,0,0,0,0,4,2,13
,2021-33329,39.76740353,-105.0322799,8/21/2021 13:40,13:40,3,0,0,37TH AVE W & JULIAN ST N,1,1,0,0,1,1,0,0,30,0,0,0,0,1,4,2,8
,2021-33330,39.80642118,-104.7691158,9/7/2021 13:30,13:30,6,0,0,N ARGONNE ST & E 61ST AVE,1,1,0,0,1,4,0,0,25,0,0,0,0,0,4,2,13
,2021-33331,39.75419053,-105.0100729,9/7/2021 22:59,22:59,5,0,0,PLATTE ST & SPEER BLVD,1,3,0,0,3,4,0,0,25,0,0,0,0,0,4,1,2
,2021-33332,39.72730353,-104.9963799,8/15/2021 2:42,2:42,6,0,0,GALAPAGO ST N & 7TH AVE W,1,3,0,0,1,4,0,0,25,0,0,0,0,0,4,2,16
,2021-33333,39.68472354,-104.9594399,9/8/2021 8:20,8:20,15,0,0,I-25 & UNIVERSITY BLVD S,1,1,1,0,1,4,0,0,60,0,0,0,0,0,1,2,1
,2021-33334,39.76568353,-104.9950429,9/8/2021 15:16,15:16,5,0,0,PARK AVE W & GLOBEVILLE RD N,1,1,0,0,3,1,0,0,25,0,0,0,0,0,4,1,13
,2021-33335,39.73387353,-105.0251499,5/18/2021 14:30,14:30,10,0,0,FEDERAL BLVD N & 11TH AVE W,1,1,1,0,1,1,0,0,35,0,0,0,0,1,2,2,13
,2021-33336,39.74893353,-104.9994799,9/8/2021 11:44,11:44,3,0,0,15TH ST & MARKET ST,1,1,0,0,1,1,0,0,25,0,0,0,0,0,4,2,3
,2021-33337,39.74027353,-104.9880899,9/6/2021 18:10,18:10,6,0,0,CHEYENNE PL & COLFAX AVE W,1,1,0,0,1,4,0,0,25,0,0,0,0,0,4,2,16
,2021-33338,39.66948354,-104.9828199,9/7/2021 13:54,13:54,3,0,2,E VASSAR AVE & S LOGAN ST,1,1,0,0,1,1,0,0,35,0,0,0,0,1,4,2,3
,2021-33339,39.76197352,-104.9034299,9/8/2021 15:14,15:14,12,0,1,N QUEBEC ST & E MLK BLVD,1,1,1,0,1,4,0,0,45,0,0,0,0,1,4,2,7
,2021-33340,39.67880354,-104.9327199,9/7/2021 21:00,21:00,16,0,0,4697 E EVANS AVE & 4697 BLK E,1,3,0,0,5,7,0,0,35,0,0,0,0,0,3,1,16
,2021-33341,39.73992733,-105.0001667,8/11/2021 16:21,16:21,3,0,0,COLFAX AVE & KALAMATH ST N,1,1,0,0,1,1,0,0,30,0,0,0,0,0,2,2,1
,2021-33342,39.74001353,-104.9823199,9/2/2021 14:25,14:25,3,0,0,E COLFAX AVE & N LOGAN AVE,1,1,0,0,1,1,0,0,25,0,0,0,0,0,4,2,1
,2021-33343,39.71120354,-104.9991199,9/8/2021 12:44,12:44,15,0,2,I-25 & ALAMEDA AVE W,1,1,1,0,1,4,0,0,55,0,0,0,0,2,1,2,1
,2021-33344,39.77222351,-104.76698,9/3/2021 7:40,7:40,11,0,1,ARGONNE ST N & 40TH PL E,1,1,0,0,1,4,0,0,0,0,1,0,0,3,4,1,16
,2021-33345,39.67798353,-104.9050799,9/7/2021 18:54,18:54,1,0,0,7100 BLK E EVANS AVE & S PONTIAC ST,1,1,0,0,1,2,0,0,35,0,0,0,0,0,4,2,1
,2021-33346,39.74011353,-104.9988399,9/8/2021 1:00,1:00,15,0,0,W COLFAX AVE & N SPEER BLVD,1,3,0,0,1,1,0,0,35,0,0,0,0,0,4,2,13
,2021-33347,39.78346312,-105.0112166,9/11/2021 22:50,22:50,9,0,0,I-70 EB EXIT GORE PT TO & BRIGHTON BLVD N,1,3,0,0,3,4,0,0,65,0,0,0,0,1,4,1,1
,2021-33348,39.67844354,-104.9337599,9/9/2021 14:15,14:15,12,0,0,I-25 NB OFF RAMP SLIP TO & EVANS AVE E,1,1,0,0,1,8,0,0,25,0,0,0,0,0,1,2,13
,2021-33349,39.77504351,-104.80989,9/12/2021 2:36,2:36,3,0,3,N CHAMBERS RD & E ANDREWS DR,1,3,0,0,1,1,0,0,40,0,0,0,0,3,4,2,13
,2021-33350,39.73998353,-104.9572299,8/31/2021 8:25,8:25,12,0,0,COLFAX AVE E & ESPLANADE ST,1,1,0,0,1,4,0,0,35,0,0,0,0,0,2,2,14
,2021-33351,39.78438353,-105.0251799,9/12/2021 16:12,16:12,3,0,0,FEDERAL BLVD N & I-70 WB OFF RAMP,1,1,0,0,1,1,0,0,35,0,0,0,0,1,2,2,13
,2021-33352,39.76926353,-105.0205099,9/11/2021 19:23,19:23,12,0,0,N CLAY ST & W 38TH AVE,1,3,0,0,1,3,0,0,25,0,0,0,0,0,4,2,13
,2021-33353,39.70395697,-105.0092045,9/11/2021 22:00,22:00,6,0,0,2000 BLK W EXPOSITION AVE & S TEJON ST,1,1,0,0,1,4,0,0,25,0,0,0,0,0,4,2,16
,2021-33354,39.78362951,-104.791364,9/8/2021 23:52,23:52,5,0,0,PENA BLVD N & GVR BLVD E,1,3,0,0,2,1,0,0,45,0,0,0,0,0,4,2,1
,2021-33355,39.67488354,-104.9734699,9/12/2021 11:18,11:18,12,0,0,S DOWNING ST & E ILIFF AVE,1,1,0,0,1,1,0,0,30,0,0,0,0,0,4,2,13
,2021-33356,39.71464353,-104.9425399,9/12/2021 18:38,18:38,6,0,0,3700 BLK E BAYAUD AVE & S JACKSON ST,1,2,0,0,1,4,0,0,30,0,0,0,0,0,4,2,3
,2021-33357,39.69658353,-104.9605599,9/8/2021 15:20,15:20,6,0,0,S YORK ST & E MISSISSIPPI AVE,1,1,0,0,1,4,0,0,30,0,0,0,0,0,4,2,14
,2021-33358,39.71108953,-104.9781004,9/12/2021 13:52,13:52,3,0,0,E ALAMEDA AVE & S CLARKSON ST,1,1,0,0,1,1,0,0,25,0,0,0,0,0,4,2,7
,2021-33359,39.73870352,-104.8869999,9/7/2021 9:29,9:29,3,0,0,14TH AVE E & XANTHIA ST N,1,1,0,0,1,1,0,0,25,0,0,0,0,0,4,2,14
,2021-33360,39.74043353,-105.0139599,9/12/2021 16:26,16:26,12,0,0,COLFAX AVE W & I-25 SB OFF RAMP,1,1,0,0,1,1,0,0,45,0,0,0,0,0,2,2,1
,2021-33361,39.67851354,-104.9875599,9/12/2021 4:55,4:55,2,0,1,BROADWAY ST S & EVANS AVE E,1,3,0,0,1,3,0,0,35,1,0,0,0,2,4,2,2
,2021-33362,39.8362835,-104.69004,9/12/2021 18:05,18:05,12,0,0,78TH AVE & 25500 E,1,1,0,0,1,2,0,0,15,0,0,0,0,0,4,2,8
,2021-33363,39.73653223,-105.1263733,9/12/2021 13:59,13:59,1,0,0,13TH AVE W & KNOX CT N,1,1,0,0,1,1,0,0,,0,0,0,0,0,4,2,13
,2021-33364,39.75342691,-104.993233,9/14/2021 16:32,16:32,15,0,0,I-25 & 20TH ST,1,1,0,0,1,4,0,0,65,0,0,0,0,0,1,2,14
,2021-33365,39.78260803,-104.9985394,9/12/2021 13:37,13:37,12,0,0,COLORADO BLVD N & I-70 WB RAMPS,1,1,0,0,1,1,0,0,35,0,0,0,0,0,2,2,14
,2021-33366,39.79840751,-104.7872825,9/12/2021 14:20,14:20,12,0,0,E 56TH AVE & PENA BLVD INBOUND,1,1,0,0,1,4,0,0,40,0,0,0,0,1,4,2,3
,2021-33367,39.86662778,-104.6717006,9/12/2021 17:05,17:05,12,0,0,PENA BLVD & 5500 BLK,1,1,0,0,1,4,0,0,40,0,0,0,0,0,4,2,13
,2021-33368,39.78375353,-105.0345699,9/14/2021 9:15,9:15,3,0,0,LOWELL BLVD N & 48TH AVE / I-70 WB OFF RAMP,1,1,0,0,1,1,0,1,30,0,0,0,0,0,4,2,13
,2021-33369,39.76516352,-104.8925099,9/14/2021 20:40,20:40,3,0,0,E 35TH AVE & N UINTA ST,1,3,0,0,1,1,0,0,35,0,0,0,0,1,4,2,13
,2021-33370,39.74034354,-105.0531999,9/13/2021 20:23,20:23,1,0,0,COLFAX AVE W & SHERIDAN BLVD N,1,3,0,0,1,1,0,0,30,0,0,0,0,0,2,2,13
,2021-33371,39.65308454,-104.8848559,9/13/2021 8:54,8:54,12,0,1,HAMPDEN AVE E & YOSEMITE ST S,1,1,0,0,1,3,0,0,40,0,0,0,0,2,2,2,13
,2021-33372,39.72381353,-104.9406899,9/14/2021 16:00,16:00,12,0,0,COLORADO BLVD N & 4TH AVE E,1,1,0,0,1,1,0,0,35,0,0,0,0,0,2,2,13
,2021-33373,39.79840751,-104.7872825,9/12/2021 5:15,5:15,5,0,0,PENA BLVD & 56TH AVE,1,3,0,0,3,4,0,0,65,0,0,0,0,0,4,1,13
,2021-33374,39.74010353,-104.9988399,9/11/2021 21:27,21:27,12,0,0,1400 BLK N SPEER BLVD & W 14TH AVE,1,3,0,0,1,4,0,0,30,0,0,0,0,0,4,2,13
,2021-33375,39.72927353,-104.9127799,9/14/2021 17:00,17:00,3,0,0,E 8TH AVE & N MONACO ST,1,1,0,0,1,1,0,0,30,0,0,0,0,0,4,2,13
,2021-33376,39.75078353,-104.9849099,9/14/2021 17:39,17:39,3,0,0,22ND ST & CALIFORNIA ST,1,1,0,0,1,1,0,0,35,0,0,0,0,0,4,2,14
,2021-33377,39.74481353,-104.9696699,9/14/2021 14:33,14:33,3,0,0,E 18TH AVE & N HUMBOLDT ST,1,1,0,0,1,1,0,0,25,0,0,0,0,1,4,2,14
,2021-33378,39.74013253,-104.9861059,9/14/2021 18:26,18:26,15,0,0,EAST COLFAX AVE & LINCOLN ST,1,1,0,0,1,1,0,0,30,0,0,0,0,0,4,2,13
,2021-33379,39.78008352,-104.9404999,9/10/2021 13:45,13:45,12,0,0,I-70 & COLORADO BLVD N,1,1,0,0,1,4,0,0,55,0,0,0,0,0,1,2,13
,2021-33380,39.75446353,-104.9597499,9/14/2021 15:20,15:20,3,0,0,E 26TH AVE & N YORK ST,1,1,0,0,1,1,0,0,30,0,0,0,0,1,4,2,1
,2021-33381,39.75989353,-104.9870799,9/11/2021 19:58,19:58,3,0,0,BLAKE ST & 26TH ST,1,3,0,0,1,1,0,0,30,0,0,0,0,0,4,2,1
,2021-33466,39.75774353,-104.9985699,8/7/2021 20:56,20:56,12,0,7,20TH ST & CHESTNUT PL,1,5,3,0,1,3,0,0,35,0,0,0,0,2,4,5,1
,2021-33607,39.76446925,-104.9361607,9/13/2021 22:43,22:43,3,0,0,N MARION ST & E BRUCE RANDOLPH AVE,1,3,0,0,1,1,0,0,25,0,0,0,0,1,4,2,1
,2021-33608,39.74378352,-104.8928499,9/14/2021 1:03,1:03,3,0,0,E 17TH AVE & N UINTA ST,1,3,0,0,1,1,0,0,25,0,0,0,0,0,4,2,13
,2021-33609,39.75132183,-105.0173766,9/11/2021 11:05,11:05,12,0,0,I-25 SB OFF RAMP FROM & 23RD AVE W,1,1,0,0,1,8,0,0,,0,0,0,0,0,1,2,7
,2021-33610,39.77291052,-104.8563825,9/13/2021 8:31,8:31,1,0,0,E 40TH AVE & N HAVANA ST,1,1,0,0,1,1,0,0,35,0,0,0,0,1,4,2,7
,2021-33611,39.79527351,-104.8306499,9/12/2021 19:00,19:00,6,0,0,WORCHESTER ST & 5542 N,1,3,0,0,1,4,0,0,25,0,0,0,0,0,4,2,16
,2021-33612,39.68757354,-104.9875099,9/13/2021 10:18,10:18,1,0,1,BROADWAY ST S & IOWA AVE W,1,1,0,0,1,1,0,0,35,0,0,0,1,3,4,2,13
,2021-33613,39.78098384,-104.8017138,9/10/2021 15:59,15:59,3,0,0,KITTREDGE ST N & GVR BLVD E,1,1,0,0,1,1,0,0,35,0,0,0,0,0,4,2,13
,2021-33614,39.76832353,-104.9949599,9/11/2021 17:04,17:04,12,0,0,I-25 & PARK AVE W,1,1,0,0,1,4,0,0,55,0,0,0,0,0,1,2,16
,2021-33615,39.72677354,-105.0532299,9/14/2021 17:11,17:11,12,0,1,HWY 6 EB ON RAMP ENT GORE PT FROM & SHERIDAN BLVD N,1,1,0,0,1,8,0,0,55,0,0,0,0,3,2,2,3
,2021-33616,39.77727352,-104.8827699,9/9/2021 8:40,8:40,15,0,0,I-70 & CENTRAL PARK BLVD N,1,1,0,0,1,4,0,0,55,0,0,0,0,0,1,2,13
,2021-33617,39.65306654,-104.926777,9/13/2021 14:04,14:04,12,0,0,I-25 & HAMPDEN AVE E,1,1,0,0,1,4,0,0,65,0,0,0,0,0,1,2,13
,2021-33618,39.75884629,-104.866195,9/13/2021 17:07,17:07,1,0,0,COLORADO BLVD N & MLK BLVD,1,1,0,0,1,1,0,0,35,0,0,0,0,0,2,2,13
,2021-33619,39.66173355,-105.0749899,9/13/2021 16:15,16:15,12,0,0,W DARTMOUTH AVE & S REED ST,1,1,0,0,1,3,0,0,30,0,0,0,0,0,4,2,7
,2021-33620,39.68405354,-104.9473099,9/5/2021 15:20,15:20,6,0,0,COLORADO BLVD E & 3411 E COLORADO AVE,1,3,0,0,1,4,0,0,25,0,0,0,0,0,4,2,5
,2021-33621,39.72527841,-105.1417334,9/13/2021 8:19,8:19,12,0,0,I-25 & 6TH AVE W,1,1,0,0,1,4,0,0,55,0,0,0,0,0,1,2,1
,2021-33622,39.71493254,-105.0579712,9/13/2021 14:34,14:34,15,0,0,I-25 NB & BAYAUD AVE W,1,1,1,0,1,8,0,0,60,0,0,0,0,0,1,2,13
,2021-33623,39.79623351,-104.8182499,9/14/2021 17:33,17:33,3,0,0,ROBINS DR E & DEARBORN ST N,1,1,0,0,1,1,0,0,25,0,0,0,0,1,4,2,13
,2021-33624,39.63636354,-104.8937699,9/13/2021 12:50,12:50,3,0,0,TAMARAC ST S & I-225 SB/WB OFF RAMP,1,1,0,0,1,1,0,0,35,0,0,0,0,0,4,2,16
,2021-33625,39.79840751,-104.7872825,9/13/2021 8:47,8:47,6,0,0,E 56TH AVE & PENA BLVD INBOUND,1,1,0,0,1,3,0,0,30,0,0,0,0,0,4,2,13
,2021-33626,39.77282351,-104.79058,9/4/2021 8:05,8:05,12,0,0,PENA BLVD INBOUND & E 40TH AVE,1,1,1,0,1,4,0,0,55,0,0,0,0,0,4,3,1
,2021-33627,39.79497849,-105.0315919,8/18/2021 15:30,15:30,6,0,0,32ND AVE W & JULIAN ST N,1,1,0,0,1,4,0,0,,0,0,0,0,0,4,2,13
,2021-33628,39.79483351,-104.76272,9/11/2021 19:22,19:22,3,0,0,DUNKIRK ST N & MAXWELL PL E,1,3,0,0,1,1,0,0,40,0,0,0,0,1,4,2,16
,2021-33629,39.67306354,-104.9664099,9/13/2021 8:55,8:55,3,0,0,E WESLEY AVE & S WILLIAMS ST,1,1,0,0,1,1,0,0,25,0,0,0,0,0,4,2,8
,2021-33630,39.77393271,-104.8657399,9/10/2021 17:28,17:28,12,0,0,I-70 & HAVANA ST N,1,1,0,0,1,4,0,0,55,0,0,0,0,0,1,2,13
,2021-33631,39.72893353,-104.9928499,9/13/2021 9:13,9:13,1,0,0,8TH AVE W & DELAWARE ST N,1,1,0,0,1,1,0,0,25,0,0,0,0,0,4,2,13
,2021-33632,39.79845351,-104.8660499,9/14/2021 7:45,7:45,12,0,0,E 56TH AVE & N HAVANA ST,1,1,0,0,1,3,0,0,40,0,0,0,0,0,4,3,13
,2021-33633,39.71120354,-104.9988899,9/10/2021 18:09,18:09,12,0,0,I-25 & ALAMEDA  AVE W,1,1,0,0,1,4,0,0,55,0,0,0,0,0,1,2,13
,2021-33634,39.69292753,-104.9430544,9/10/2021 15:00,15:00,12,0,0,I-25 & LOUISIANA AVE E,1,1,0,0,1,4,0,0,60,0,0,0,0,0,1,2,3
,2021-33635,39.78362951,-104.791364,9/13/2021 0:20,0:20,15,0,2,PENA BLVD & GVR BLVD E,1,3,0,0,1,8,0,0,65,0,0,0,0,1,4,2,2
,2021-33636,39.69865353,-104.9476199,9/6/2021 5:34,5:34,6,0,0,3400 W E KENTUCKY AVE & S IRVING ST,1,4,0,0,1,4,0,0,25,0,0,0,0,0,4,2,16
,2021-33637,39.73799353,-105.0260399,8/26/2021 21:05,21:05,6,0,0,AVONDALE DR W & 14TH AVE W,1,3,0,0,1,4,0,0,25,0,0,0,0,0,4,2,16
,2021-33638,39.70854354,-105.0297999,8/28/2021 3:29,3:29,6,0,0,S IRVING ST & W ALASKA PL,1,4,1,0,1,1,0,0,25,0,0,0,0,0,4,2,5
,2021-33639,39.78233352,-104.8828899,9/13/2021 7:54,7:54,1,0,0,CENTRAL PARK BLVD N & 47TH AVE E,1,1,0,0,1,1,0,0,45,0,0,0,0,0,4,2,7
,2021-33640,39.70207354,-105.0250699,9/12/2021 19:25,19:25,12,0,0,FEDERAL BLVD S & OHIO AVE W,1,2,0,0,1,1,0,0,35,0,0,0,0,0,2,3,3
,2021-33641,39.72735747,-105.0951281,9/4/2021 12:00,12:00,15,0,0,I-25 & 7TH AVE W,1,1,0,0,1,4,0,0,55,0,0,0,0,0,1,3,13
,2021-33642,39.71120354,-104.9991199,9/14/2021 16:30,16:30,12,0,0,I-25 & ALAMEDA AVE W,1,1,0,0,1,4,0,0,55,0,0,0,0,0,1,3,16
,2021-33643,39.78008352,-104.9406599,8/28/2021 10:15,10:15,12,0,0,I-70 & COLORADO BLVD N,1,1,0,0,1,4,0,0,45,0,0,0,0,0,1,2,16
,2021-33644,39.73059354,-105.0362099,9/13/2021 19:05,19:05,2,0,1,9TH AVE W & MEADE ST N,1,2,1,0,1,1,0,0,0,1,0,0,0,3,4,2,16
,2021-33645,39.73149227,-105.0151447,8/27/2021 12:49,12:49,11,0,1,YUMA ST N & MULBERRY ST W,1,1,0,0,1,4,0,0,30,0,1,0,0,3,4,2,3
,2021-33646,39.71119754,-105.0251704,9/13/2021 15:29,15:29,12,0,0,FEDERAL BLVD S & ALAMEDA AVE W,1,1,0,0,1,3,0,0,40,0,0,0,0,1,2,3,3
,2021-33647,39.62412354,-104.88525,9/13/2021 9:24,9:24,12,0,0,S YOSEMITE ST & E BELLEVIEW  AVE,1,1,0,0,1,3,0,0,35,0,0,0,0,0,4,3,13
,2021-33648,39.78422353,-105.0251799,9/13/2021 16:11,16:11,12,0,0,I-70 & FEDERAL BLVD N,1,1,0,0,1,4,0,0,65,0,0,0,0,1,1,4,13
,2021-33649,39.75441353,-104.9873699,8/15/2021 11:22,11:22,12,0,0,PARK AVE & N BROADWAY ST,1,1,0,0,1,1,0,0,30,0,0,0,0,0,4,2,13
,2021-33650,39.69959353,-104.9047899,8/11/2021 17:15,17:15,16,0,0,7165 LEETSDALE DR & S QUEBEC ST,1,1,0,0,5,7,0,0,,0,0,0,0,0,3,2,13
,2021-33651,39.77831352,-104.9222799,8/20/2021 8:55,8:55,15,0,0,I-70 & HOLLY ST N,1,1,0,0,1,4,0,0,65,0,0,0,0,0,2,3,16
,2021-33652,39.74034353,-105.0428299,8/23/2021 8:38,8:38,15,0,0,COLFAX AVE W & STUART ST N,1,1,0,0,1,4,0,0,35,0,0,0,0,0,2,2,1
,2021-33653,39.68293354,-104.9405399,8/15/2021 23:10,23:10,15,0,0,I-25 & COLORADO BLVD S,1,3,0,0,1,4,0,0,55,0,0,0,0,0,1,2,16
,2021-33654,39.70740354,-104.9859899,7/24/2021 17:10,17:10,12,0,0,500 BLK S LINCOLN ST & VIRGINA,1,1,0,0,1,4,0,0,30,0,0,0,0,0,4,2,13
,2021-33655,39.65307354,-104.9184399,8/20/2021 16:58,16:58,12,0,0,I-25 & HAMPDEN AVE E,1,1,0,0,1,4,0,0,55,0,0,0,0,0,1,2,14
,2021-33656,39.77171353,-105.0087999,8/27/2021 2:44,2:44,6,0,0,1800 BLK W 40TH AVE & N SHOSHONE ST,1,3,0,0,1,4,0,0,25,0,0,0,0,0,4,2,16
,2021-33657,39.76230352,-104.9401599,8/28/2021 10:15,10:15,12,0,0,3200 N COLORADO BLVD & E MLK BLVD,1,1,0,0,1,4,0,0,35,0,0,0,0,0,4,2,13
,2021-33721,39.71129354,-105.0533599,9/3/2021 18:58,18:58,12,0,0,W ALAMEDA AVE & S SHERIDAN BLVD,1,1,3,0,1,3,0,0,30,0,0,0,0,0,4,2,3
,2021-33820,39.71127354,-105.0537299,9/16/2021 7:15,7:15,12,0,0,ALAMEDA AVE W & SHERIDAN BLVD S,1,1,3,0,1,3,0,0,40,0,0,0,0,0,2,2,3
,2021-33826,39.72432868,-105.0814439,9/10/2021 14:20,14:20,12,0,1,WADSWORTH BLVD & I70 EB OFFRAMP ST,1,1,3,0,1,4,0,0,40,0,0,0,0,1,2,2,16
,2021-33861,39.65181555,-105.0531874,8/12/2021 7:59,7:59,12,0,0,HAMPDEN AVE W & SHERIDAN BLVD S,1,1,3,0,1,4,0,0,55,0,0,0,0,0,2,4,13
,2021-33934,39.67484353,-104.9088899,8/12/2021 11:34,11:34,3,0,0,ONEIDA ST S & ILIFF AVE E,1,1,3,0,1,2,0,0,30,0,0,0,0,0,4,2,13
,2021-33938,39.7563402,-105.0159045,8/11/2021 10:39,10:39,12,0,1,2700 BLK N SPEER BLVD & ZUNI ST,1,1,3,0,1,4,0,0,35,0,0,0,0,1,4,2,13
,2021-33939,39.78652353,-105.0369399,7/21/2021 5:50,5:50,6,0,0,4900 BLK N NEWTON ST & W 49TH AVE,1,2,3,0,1,4,0,0,25,0,0,0,0,0,4,2,2
,2021-33945,39.74698353,-104.9933199,7/10/2021 17:46,17:46,12,0,0,1600 BLK CHAMPA ST & 16TH ST,1,1,3,1,1,1,0,0,25,0,0,0,0,0,4,2,16
,2021-33953,39.78010352,-104.9497999,7/26/2021 7:47,7:47,12,0,0,I-70 & STEELE ST N,1,1,3,0,1,4,0,0,,0,0,0,0,0,1,2,16
,2021-33967,39.75536353,-105.0126899,8/12/2021 12:40,12:40,12,0,0,I-25 & SPEER BLVD N,1,1,3,0,1,4,0,0,55,0,0,0,0,0,1,2,13
,2021-33976,39.73869353,-104.8987399,8/12/2021 9:31,9:31,3,0,0,N SYRACUSE ST & E 14TH AVE,1,1,3,0,1,1,0,0,30,0,0,0,0,0,4,2,1
,2021-33977,39.65307354,-104.9182499,8/11/2021 16:10,16:10,12,0,0,I-25 & HAMPDEN AVE E,1,1,3,0,1,4,0,0,55,0,0,0,0,0,1,2,16
,2021-33978,39.79837151,-104.772212,8/11/2021 6:52,6:52,1,0,0,TOWER RD N & 56TH AVE E,1,1,3,0,1,1,0,0,40,0,0,0,0,0,4,2,11
,2021-33986,39.73841353,-104.9787199,8/12/2021 17:28,17:28,6,0,0,N WASHINGTON ST & E 14TH AVE,1,1,3,0,1,1,0,0,25,0,0,0,0,0,4,2,13
,2021-33989,39.69307354,-105.0021199,8/11/2021 8:00,8:00,12,0,1,1200 BLK W LOUISIANA AVE & S LIPAN ST,1,1,3,0,1,4,0,0,25,0,0,0,0,2,4,2,1
,2021-33991,39.63574354,-104.8935199,8/12/2021 14:21,14:21,12,0,0,I-225 & TAMARAC ST S,1,1,3,0,1,4,0,0,60,0,0,0,0,0,1,2,11
,2021-33996,39.68896354,-104.9734199,8/12/2021 9:20,9:20,12,0,0,E BUCHTEL BLVD & S DOWNING ST,1,1,3,0,1,4,0,0,30,0,0,0,0,0,4,2,13
,2021-33998,39.75482353,-105.0205199,8/12/2021 16:48,16:48,3,0,0,N CLAY ST & W 26TH AVE,1,1,3,0,1,3,0,0,25,0,0,0,0,0,4,2,13
,2021-34012,39.67843609,-104.9384986,8/11/2021 8:23,8:23,6,0,0,ALBION ST S & EVANS AVE E,1,1,3,0,1,2,0,0,25,0,0,0,0,0,4,2,13
,2021-34013,39.71531353,-104.9592199,8/11/2021 17:40,17:40,1,0,1,S UNIVERSITY BLVD & E CHERRY CREEK S DR,1,1,3,0,1,1,0,0,30,0,0,0,0,1,4,2,3
,2021-34015,39.72999354,-105.0499899,8/12/2021 15:12,15:12,15,0,0,SHERIDAN BLVD N & 10TH AVE W,1,1,3,0,1,4,0,0,35,0,0,0,0,1,2,2,13
,2021-34019,39.74931353,-104.9902999,8/11/2021 17:32,17:32,3,0,3,CHAMPA ST & 19TH ST,1,1,3,0,1,1,0,0,,0,0,0,0,1,4,2,8
,2021-34020,39.71624353,-104.9498499,8/11/2021 12:40,12:40,12,0,0,STEELE ST N & ELLSWORTH AVE E,1,1,3,0,1,1,0,0,30,0,0,0,0,0,4,2,13
,2021-34021,39.72623354,-105.0526299,8/11/2021 7:46,7:46,15,0,0,HWY 6 EB ON RAMP ENT GORE PT FROM & SHERIDAN BLVD N,1,1,3,1,1,8,0,0,35,0,0,0,0,0,2,2,13
,2021-34022,39.71124354,-105.0396899,8/12/2021 11:59,11:59,1,0,0,ALAMEDA AVE W & PERRY ST S,1,1,3,0,1,1,0,0,30,0,0,0,0,0,2,2,13
,2021-34024,39.78094352,-104.8828099,8/12/2021 7:44,7:44,15,0,0,CENTRAL PARK BLVD N & 46TH PL E,1,1,3,0,1,1,0,0,40,0,0,0,0,0,4,2,11
,2021-34025,39.75277353,-104.9874099,8/11/2021 6:06,6:06,10,0,0,22ND ST & CURTIS ST,1,1,3,1,1,1,0,0,25,0,0,0,0,0,4,2,13
,2021-34031,39.71118354,-105.0109999,8/10/2021 19:35,19:35,12,0,0,W ALAMEDA AVE & S TEJON ST,1,1,3,0,1,1,0,0,30,0,0,0,0,0,2,2,3
,2021-34032,39.70932354,-104.9863799,8/10/2021 17:50,17:50,3,0,0,S LINCOLN ST & E DAKOTA AVE,1,1,3,0,1,1,0,0,25,0,0,0,0,0,4,2,3
,2021-34037,39.65312954,-104.9130169,8/11/2021 15:45,15:45,15,0,0,HAMPDEN AVE E & MONACO ST S,1,1,3,0,1,3,0,0,35,0,0,0,0,0,2,2,3
,2021-34039,39.71617514,-104.9499807,8/11/2021 12:40,12:40,12,0,0,STEELE ST N & ELLSWORTH AVE E,1,1,3,0,1,1,0,0,,0,0,0,0,0,4,2,16