id,drcog_id,latitude,longitude,crashtime,time,crashtype,numbkilled,numbinjurd,drcoglocat,rdconditin,lightngcon,roadcntgrd,weatherco,location,roaddescrp,schoolzone,constrzone,splimit,bikeinv,pedinv,sctrinv,motoinv,svrty,rdsystem,ttlvehcls,hcf
,2021-34040,39.72904353,-104.9899299,8/11/2021 15:11,15:11,10,0,0,N SPEER BLVD & W 8TH AVE,1,1,3,0,1,1,0,0,30,0,0,0,0,0,4,2,8
,2021-34041,39.67845354,-104.9386799,8/10/2021 13:47,13:47,15,0,0,4800 BLK E EVANS AVE & E DAHLIA ST,1,1,3,0,1,4,0,0,35,0,0,0,0,0,4,2,16
,2021-34042,39.72975353,-104.9835899,8/11/2021 8:38,8:38,6,0,0,800 BLK N GRANT ST & E 8TH AVE,1,1,3,0,1,3,0,0,30,0,0,0,0,0,4,7,16
,2021-34043,39.70999353,-104.9799899,8/11/2021 17:00,17:00,12,0,0,N LINCOLN ST & E 2ND AVE,1,1,3,0,1,1,0,0,30,0,0,0,0,0,4,2,3
,2021-34046,39.87375351,-104.9585999,8/11/2021 16:03,16:03,12,0,0,1300 BLK N JOSEPHINE ST & E 13TH AVE,1,1,3,0,1,3,0,0,30,0,0,0,0,0,4,2,10
,2021-34049,39.68227354,-105.0226899,8/11/2021 10:55,10:55,3,0,0,S DECATUR ST & W JEWELL AVE,1,1,3,1,1,3,0,0,25,0,0,0,0,0,4,2,1
,2021-34052,39.67851354,-104.9875599,8/10/2021 17:00,17:00,12,0,0,S BROADWAY ST & W EVANS AVE,1,1,3,0,1,1,0,0,30,0,0,0,0,0,4,2,3
,2021-34083,39.78191352,-104.9518499,8/2/2021 9:40,9:40,5,0,0,MILWAUKEE ST N & 47TH AVE E,1,1,3,0,1,1,1,0,25,0,0,0,0,0,4,1,13
,2021-34102,39.74015353,-105.0298499,8/12/2021 6:44,6:44,6,0,1,IRVING ST N & 1400 BLK N,1,1,3,0,1,4,0,0,25,0,0,0,0,2,4,2,13
,2021-34105,39.76054404,-104.9659414,8/12/2021 14:28,14:28,3,0,0,18TH AVE E & WILLIAMS ST N,1,1,3,0,1,1,0,0,25,0,0,0,0,0,4,2,16
,2021-34108,39.70888004,-104.9863869,7/4/2021 20:20,20:20,12,0,0,100 BLK S LINCOLN & ROSE AVE,1,2,3,6,1,1,0,0,40,0,0,0,0,0,4,2,3
,2021-34226,39.74015352,-104.8846399,8/29/2021 15:41,15:41,3,0,0,COLFAX AVE E & YOSEMITE ST N,1,1,0,0,1,1,0,0,35,0,0,0,0,1,2,2,13
,2021-34227,39.73676353,-104.9461699,9/6/2021 18:59,18:59,3,0,0,13TH AVE E & MADISON ST N,1,2,0,0,1,1,0,0,30,0,0,0,0,0,4,2,13
,2021-34228,39.79285351,-104.8471199,8/29/2021 2:56,2:56,3,0,1,PEORIA ST N & 53RD AVE E,1,3,0,0,1,1,0,0,35,0,0,0,0,2,4,2,5
,2021-34229,39.66751353,-104.86814,9/7/2021 1:51,1:51,5,0,0,9900 BLK E YALE AVE & S ELMIRA ST,1,4,1,0,3,4,0,0,35,0,0,0,0,0,4,1,14
,2021-34230,39.78600351,-104.8366799,8/28/2021 23:33,23:33,12,0,0,13100 BLK E ANDREW DR & N BILLINGS ST,1,3,0,0,1,4,0,0,25,0,0,0,0,0,4,2,1
,2021-34231,39.69981354,-105.0249799,8/28/2021 17:20,17:20,3,0,1,FEDERAL BLVD S & KENTUCKY AVE W,1,1,1,0,1,2,0,0,40,0,0,0,1,3,2,2,1
,2021-34232,39.69795354,-105.0092699,8/30/2021 15:52,15:52,11,1,0,RARITAN ST (1000 BLOCK S) & W MISSISSIPPI AVE,1,1,0,0,1,2,0,0,25,0,1,0,0,4,4,1,3
,2021-34233,39.68335354,-104.9624399,8/8/2021 18:32,18:32,3,1,0,BUCHTEL BLVD (2200 BLK E) & S UNIVERSITY BLVD,1,1,1,0,1,2,0,0,30,0,0,0,1,4,4,2,13
,2021-34234,39.74034353,-104.9888299,8/24/2021 23:45,23:45,5,1,0,COLFAX AVE (100 BLOCK W) & N BANNOCK ST,1,3,0,0,3,4,0,0,35,0,0,0,1,4,2,1,1
,2021-34235,39.7305762,-104.9394636,9/16/2021 23:22,23:22,5,0,0,ALBION ST N & 865 N ALBION ST,1,3,0,0,3,4,0,0,20,0,0,0,0,0,4,1,5
,2021-34236,39.78026353,-104.9895499,9/17/2021 11:41,11:41,15,0,0,I-25 & I-70 WB,1,1,0,0,1,4,0,0,55,0,0,0,0,0,1,2,3
,2021-34237,39.73920353,-104.9684499,8/24/2021 0:46,0:46,8,0,0,FRANKLIN ST 1400 BLK N & E COLFAX AVE,1,3,0,0,1,3,0,0,35,0,0,0,0,0,4,2,14
,2021-34238,39.76094353,-105.0043199,6/7/2021 0:04,0:04,12,1,8,I-25 & 20TH ST,1,3,0,0,1,4,0,0,65,0,1,0,0,4,1,4,5
,2021-34239,39.77727352,-104.8827799,7/5/2021 22:20,22:20,9,1,1,I-70 & MM 279,1,4,0,0,3,4,0,0,65,0,0,0,0,4,1,1,6
,2021-34240,39.72374353,-104.9717499,9/16/2021 17:27,17:27,6,0,0,5TH AVE E & DOWNING ST S,1,1,0,0,1,4,0,0,25,0,0,0,0,1,4,2,3
,2021-34241,39.76677353,-105.0069399,8/29/2021 16:40,16:40,6,0,0,1700 BLOCK W 36TH AVE & N PECOS ST,1,1,0,0,1,4,0,0,25,0,0,0,0,0,4,2,1
,2021-34242,39.76760353,-105.0393099,8/24/2021 10:19,10:19,3,0,0,W 37TH AVE & N PERRY ST,1,1,1,0,1,1,0,0,25,0,0,0,0,0,4,2,16
,2021-34243,39.65308454,-104.8848559,8/31/2021 22:40,22:40,15,0,0,E HAMPDEN AVE & S YOSEMITE ST,1,3,0,0,1,1,0,0,35,0,0,0,0,0,4,2,5
,2021-34244,39.72590354,-105.0252334,9/16/2021 14:28,14:28,15,0,0,6TH AVE W & FEDERAL BLVD N,1,1,0,0,1,4,0,0,55,0,0,0,0,0,2,2,13
,2021-34245,39.74032353,-105.0298499,9/5/2021 1:10,1:10,3,0,0,COLFAX AVE W & IRVING ST N,1,4,0,0,1,1,0,0,,0,0,0,0,0,2,2,5
,2021-34246,39.68211354,-104.9923899,8/21/2021 0:00,0:00,5,0,0,SANTA FE DR S & JEWELL AVE W,1,1,0,0,3,1,0,0,35,0,0,0,0,0,2,1,13
,2021-34247,39.72557353,-104.9729099,9/2/2021 19:48,19:48,3,1,2,E 6TH AVE & N DOWNING ST,1,2,0,0,1,1,0,0,30,0,0,0,0,4,4,2,5
,2021-34248,39.71118354,-104.9932299,8/23/2021 17:50,17:50,12,0,0,300 BLK W ALAMEDA AVE & S CHEROKEE ST,1,1,0,0,1,4,0,0,35,0,0,0,0,0,4,2,13
,2021-34249,39.79836351,-104.75325,8/27/2021 21:17,21:17,3,1,0,E 56TH AVE & N IRELAND ST,1,3,0,0,1,1,0,0,40,0,0,0,1,4,4,2,1
,2021-34250,39.68948354,-105.0240999,9/3/2021 18:10,18:10,3,0,0,FLORIDA AVE W & FEDERAL BLVD S,1,1,0,0,1,2,0,0,30,0,0,0,0,0,4,2,13
,2021-34251,39.70390354,-105.0180599,9/16/2021 18:20,18:20,5,0,0,W EXPOSITION AVE & S BRYANT ST,1,1,0,0,3,1,0,0,30,0,0,0,0,0,4,1,13
,2021-34252,39.78367621,-104.774367,9/16/2021 15:35,15:35,2,0,0,YAMPA ST N & GVR BLVD E,1,1,0,0,1,1,0,0,,1,0,0,0,1,4,2,16
,2021-34253,39.78644351,-104.8297299,9/17/2021 8:20,8:20,12,0,0,N CROWN BLVD & E 50TH AVE,1,1,0,0,1,4,0,0,25,0,0,0,0,0,4,2,13
,2021-34254,39.69309354,-105.0355499,9/1/2021 0:30,0:30,5,0,0,W LOUISIANA AVE & S MEADE ST,1,3,0,0,3,1,0,0,25,0,0,0,0,0,4,1,1
,2021-34255,39.73526353,-104.9873749,9/3/2021 14:54,14:54,12,0,0,E 12TH AVE & N BROADWAY ST,1,1,0,0,1,4,0,0,30,0,0,0,0,0,4,2,16
,2021-34256,39.72488353,-104.9862499,8/29/2021 15:00,15:00,12,0,0,500 BLK N LINCOLN ST & E 6TH AVE,1,1,0,0,1,3,0,0,25,0,0,0,0,0,4,2,13
,2021-34257,39.69293354,-104.9934499,9/4/2021 2:32,2:32,10,0,0,1100 BLK S PLATTE RIVER DR & W MISSISSIPPI AVE,1,3,0,0,1,1,0,0,40,0,0,0,0,0,4,2,16
,2021-34258,39.76805353,-105.0158599,8/29/2021 16:00,16:00,6,0,0,W 37TH AVE & N ZUNI ST,1,1,0,0,1,4,0,0,25,0,0,0,0,0,4,2,13
,2021-34259,39.70572354,-104.9875499,8/24/2021 18:10,18:10,3,0,4,S BROADWAY ST & S CENTER AVE,1,1,0,0,1,1,0,0,30,0,0,0,0,3,4,2,3
,2021-34260,39.76954353,-105.0346299,9/4/2021 8:24,8:24,8,0,0,W 38TH AVE & N LOWELL BLVD,1,1,0,0,1,4,0,0,35,0,0,0,0,0,4,2,1
,2021-34261,39.76881353,-105.0168199,9/4/2021 8:25,8:25,3,0,1,W 37TH 38TH ALY & ZUNI ALCOTT ALYW,1,1,0,0,1,1,0,0,30,0,0,0,0,1,4,2,1
,2021-34262,39.74638353,-105.0369399,9/2/2021 21:05,21:05,5,0,0,W 19TH AVE & N NEWTON ST,1,3,0,0,4,1,0,0,30,0,0,0,0,0,4,1,16
,2021-34263,39.73310354,-105.0532299,8/29/2021 17:30,17:30,1,0,0,SHERIDAN BLVD N & 10TH AVE W,1,1,0,0,1,1,0,0,35,0,0,0,0,0,2,2,13
,2021-34264,39.63861354,-104.9099499,9/16/2021 17:33,17:33,15,0,0,I-25 & QUINCY AVE E,1,2,0,0,1,4,0,0,55,0,0,0,0,1,1,2,5
,2021-34265,39.73510353,-104.9161399,9/4/2021 23:00,23:00,6,0,0,12TH AVE E & KRAMERIA ST N,1,4,0,0,1,4,0,0,25,0,0,0,0,0,4,3,14
,2021-34266,39.73287853,-104.9034499,9/16/2021 16:26,16:26,12,0,0,QUEBEC ST N & 11TH AVE E,14,5,3,0,1,4,0,0,30,0,0,0,0,0,4,3,13
,2021-34267,39.62377354,-104.9013999,9/14/2021 10:03,10:03,12,0,0,I-25 & BELLEVIEW AVE E,1,1,0,0,1,4,0,0,65,0,0,0,0,0,1,3,7
,2021-34268,39.73825353,-104.9447899,9/13/2021 14:11,14:11,6,0,0,14TH AVE E & MONROE ST N,1,1,0,0,1,4,0,0,35,0,0,0,0,0,4,3,16
,2021-34269,39.73839353,-104.9634699,9/18/2021 4:43,4:43,6,0,0,E 14TH AVE & N RACE ST,1,4,0,0,1,3,0,0,,0,0,0,0,0,4,3,16
,2021-34270,39.73852353,-104.9119799,9/13/2021 2:12,2:12,5,0,1,1360 N MONACO ST & 1360 N MONACO ST,1,3,0,7,3,1,0,0,35,0,0,0,0,2,4,1,16
,2021-34271,39.71111353,-104.9686999,9/16/2021 21:58,21:58,3,0,1,S FRANKLIN ST & E ALAMEDA AVE,1,3,0,0,1,1,0,0,35,0,0,0,0,2,4,2,5
,2021-34272,39.66891355,-105.0814299,9/14/2021 23:41,23:41,12,0,0,WADSWORTH BLVD S & YALE AVE W,1,3,2,0,1,4,0,0,45,0,0,0,0,1,2,2,1
,2021-34273,39.69665354,-104.9929099,9/11/2021 18:18,18:18,3,0,1,W MISSISSIPPI AVE & S PLATTE RIVER DR,1,1,1,0,1,1,0,0,30,0,0,0,1,3,4,2,13
,2021-34274,39.75613353,-104.9797599,9/15/2021 22:57,22:57,6,0,0,27TH ST & STOUT ST,1,3,0,0,1,1,0,0,30,0,0,0,0,0,4,3,5
,2021-34275,39.72553353,-105.0131199,9/12/2021 0:39,0:39,9,0,1,I-25 NB ON RAMP LOOP FROM & HWY 6 EB,1,3,0,0,1,8,0,0,55,0,0,0,0,2,1,2,16
,2021-34276,39.76731352,-104.8904499,9/16/2021 15:00,15:00,2,0,0,CENTRAL PARK BLVD N & 36TH AVE E,1,1,0,0,1,1,0,0,25,1,0,0,0,0,4,2,1
,2021-34277,39.74001353,-104.9823199,8/22/2021 17:41,17:41,12,0,0,COLFAX AVE E & LOGAN ST N,11,1,0,0,1,1,0,0,30,0,0,0,0,0,2,5,5
,2021-34278,39.73041353,-104.9787499,9/16/2021 16:54,16:54,3,0,0,9TH AVE E & WASHINGTON ST N,1,1,0,0,1,1,0,0,35,0,0,0,0,1,4,4,14
,2021-34279,39.78375352,-104.9623999,8/30/2021 23:52,23:52,6,0,0,N VINE ST & E 48TH AVE,1,3,0,0,1,4,0,0,25,0,0,0,0,0,4,3,14
,2021-34280,39.72560653,-104.9418601,9/15/2021 11:47,11:47,15,0,0,000 BLK E 6TH AVE & N BROADWAY ST,1,1,1,0,1,3,0,0,30,0,0,0,0,0,4,2,13
,2021-34281,39.69987278,-104.9071378,9/15/2021 9:40,9:40,11,0,0,LEETSDALE DR & 7000 BLK E,1,1,0,0,3,4,0,0,35,0,0,1,0,1,2,1,1
,2021-34282,39.78796351,-104.80383,8/16/2021 18:23,18:23,6,0,0,JASPER ST N & 5191 N JASPER ST,1,1,0,0,1,4,0,0,15,0,0,0,0,0,4,2,16
,2021-34283,39.72590354,-105.0252334,9/14/2021 8:51,8:51,12,0,0,6TH AVE W & FEDERAL BLVD N,1,1,1,0,1,4,0,0,65,0,0,0,0,0,1,3,14
,2021-34284,39.78260803,-104.9985394,9/17/2021 20:44,20:44,12,0,0,I-70 WB EXIT GORE PT TO & HAVANA ST N,1,3,0,0,1,4,0,0,55,0,0,0,0,0,1,4,7
,2021-34285,39.65569907,-104.9131729,9/15/2021 8:02,8:02,12,0,0,MONACO ST S & YALE AVE E,1,1,0,0,1,3,0,0,35,0,0,0,0,0,4,3,14
,2021-34286,39.79692351,-104.76003,8/29/2021 18:55,18:55,2,0,0,ROBINS DR E & 19515 E ROBINS DR,1,1,0,0,1,4,0,0,0,1,0,0,0,1,4,2,16
,2021-34287,39.77398152,-104.8472975,9/12/2021 4:47,4:47,5,0,0,I-70 EB EXIT GORE PT TO & CENTRAL PARK BLVD N,1,3,0,0,3,8,0,0,55,0,0,0,0,0,2,1,13
,2021-34288,39.74015353,-104.9494599,9/11/2021 18:45,18:45,6,0,0,COLFAX AVE E & STEELE ST N,1,1,0,0,1,4,0,0,35,0,0,0,0,0,2,2,16
,2021-34289,39.74015353,-104.9472599,9/15/2021 7:40,7:40,12,0,0,COLFAX AVE E & COOK ST N,1,1,0,0,1,1,0,0,30,0,0,0,0,0,2,3,7
,2021-34290,39.78313353,-105.0064099,9/14/2021 7:15,7:15,12,0,0,I-70 & PECOS ST N,1,1,0,0,1,4,0,0,55,0,0,0,0,1,1,3,13
,2021-34291,39.68309354,-104.9405399,9/16/2021 10:13,10:13,12,0,0,I-25 NB ON RAMP FROM & COLORADO BLVD S,1,1,1,0,1,8,0,0,45,0,0,0,0,1,1,3,7
,2021-34292,39.66252274,-105.0531528,9/14/2021 9:00,9:00,12,0,0,SHERIDAN BLVD & 2900 S,1,1,0,0,1,4,0,0,,0,0,0,0,0,4,3,13
,2021-34293,39.76739352,-104.9293399,9/17/2021 7:39,7:39,3,0,0,ELM ST N & 36TH AVE E,1,1,0,0,1,1,0,0,25,0,0,0,0,0,4,2,13
,2021-34294,39.78300575,-104.8226917,9/19/2021 18:27,18:27,10,0,3,47TH AVE E & DILLON ST N,1,2,0,0,1,1,0,0,25,0,0,0,0,2,4,2,8
,2021-34295,39.8361135,-104.7195,9/18/2021 17:43,17:43,9,0,0,WENATCHEE ST N & 7684 N WENATCHEE ST,1,1,0,0,2,4,0,0,10,0,0,0,0,1,4,1,5
,2021-34296,39.71465353,-104.9498399,9/17/2021 15:00,15:00,12,0,0,S STEELE ST & E BAYAUD AVE,1,1,0,0,1,1,0,0,35,0,0,0,0,0,4,3,13
,2021-34297,39.68415595,-105.1017846,7/2/2021 23:56,23:56,12,0,0,FEDERAL BLVD S & COLORADO AVE W,1,3,0,0,1,4,0,0,35,0,0,0,0,1,2,3,16
,2021-34298,39.72161354,-105.0532599,9/18/2021 14:01,14:01,12,0,0,SHERIDAN BLVD N & 5TH AVE W,1,1,0,0,1,3,0,0,40,0,0,0,0,0,2,3,7
,2021-34299,39.73648353,-104.9303699,9/19/2021 17:30,17:30,3,0,0,13TH ST E & EUDORA ST N,1,1,0,0,1,1,0,0,25,0,0,0,0,1,4,2,14
,2021-34300,39.71478353,-104.9127799,9/15/2021 17:12,17:12,3,0,0,MONACO ST S & BAYAUD AVE,1,1,0,0,1,1,0,0,35,0,0,0,0,0,4,2,13
,2021-34301,39.74394353,-105.0338299,8/8/2021 23:44,23:44,6,0,0,3500 BLK W 17TH AVE & N LOWELL BLVD,1,3,0,0,1,4,0,0,30,0,0,0,0,1,4,5,5
,2021-34302,39.74999353,-105.0252599,9/18/2021 13:30,13:30,12,0,1,FEDERAL BLVD N & 22ND AVE W,1,1,0,0,1,3,0,0,35,0,0,0,0,2,2,3,3
,2021-34303,39.73674353,-104.9619399,8/15/2021 18:41,18:41,6,0,0,2100 BLK E 13TH AVE & N VINE ST,1,2,0,7,1,4,0,0,25,0,0,0,0,0,4,3,1
,2021-34304,39.78010353,-104.9895499,9/16/2021 8:05,8:05,12,0,0,I-70 EB OFF RAMP TO & I-25 SB,1,1,1,0,1,8,0,0,35,0,0,0,0,0,1,3,13
,2021-34305,39.67185353,-104.87145,8/14/2021 11:38,11:38,16,0,0,10050 E HARVARD AVE & 10050 BLK E,1,1,1,0,5,7,0,0,20,0,0,0,0,0,3,3,14
,2021-34306,39.80033849,-104.8843294,9/17/2021 19:40,19:40,12,0,0,I-70 & CENTRAL PARK BLVD N,1,3,0,0,1,4,0,0,55,0,0,0,0,0,2,3,13
,2021-34307,39.74080353,-104.9622299,9/8/2021 23:04,23:04,6,0,0,1500 BLK N VINE ST & E 16TH AVE,1,4,0,0,1,4,0,0,30,0,0,0,0,0,4,4,16
,2021-34308,39.76482353,-104.9789599,9/17/2021 14:55,14:55,6,0,0,32ND ST & WALNUT ST,1,1,0,0,1,2,0,0,30,0,0,0,0,0,4,4,13
,2021-34309,39.74015053,-104.9488504,9/16/2021 14:06,14:06,6,0,0,COLFAX AVE E & ADAMS ST N,1,1,0,0,1,4,0,0,35,0,0,0,0,0,2,2,13
,2021-34310,39.77467351,-104.77206,9/17/2021 4:29,4:29,12,0,0,TOWER RD N & 43RD AVE E,1,3,0,0,1,1,0,0,40,0,0,0,0,1,4,3,14
,2021-34311,39.69290165,-104.9735801,9/7/2021 12:00,12:00,2,0,0,LOUISIANA AVE E & DOWNING ST S,1,1,0,0,1,1,0,0,30,1,0,0,0,1,4,2,13
,2021-34312,39.73385353,-104.9874099,9/16/2021 22:52,22:52,11,0,0,11TH AVE E & BROADWAY ST N,1,3,0,0,1,1,0,0,35,0,1,0,0,1,4,1,3
,2021-34313,39.67846353,-104.9216099,9/15/2021 7:16,7:16,10,0,0,EVANS AVE E & HOLLY ST S,1,1,0,0,1,2,0,0,35,0,0,0,0,0,4,2,13
,2021-34314,39.65311354,-104.9024099,9/16/2021 11:19,11:19,1,0,1,HAMPDEN AVE E & TAMARAC ST S,1,1,0,0,1,1,0,0,40,0,0,0,0,3,2,3,7
,2021-34321,39.73455353,-104.9861199,8/13/2021 13:45,13:45,12,0,0,1100 BLK N LINCOLN ST & E 11TH AVE,1,1,3,0,1,4,0,0,30,0,0,0,0,0,4,2,3
,2021-34335,39.74227353,-104.9907299,8/15/2021 11:40,11:40,10,0,0,15TH ST & GLENARM PL,1,1,3,0,1,2,0,0,30,0,0,0,0,0,4,2,7
,2021-34340,39.77667353,-105.0299299,8/16/2021 9:27,9:27,3,0,1,W 44TH AVE & N IRVING ST,1,1,3,0,1,1,0,0,30,0,0,0,0,1,4,2,13
,2021-34354,39.71814354,-105.0396899,8/15/2021 10:57,10:57,3,0,1,W 1ST AVE & N PERRY ST,1,1,3,1,1,1,0,0,30,0,0,0,0,2,4,3,13
,2021-34356,39.72563353,-104.9874244,8/15/2021 9:45,9:45,3,0,0,W 6TH AVE & N BROADWAY ST,1,1,3,0,1,1,0,0,30,0,0,0,0,0,4,3,1
,2021-34357,39.79378351,-104.77707,8/15/2021 22:00,22:00,6,0,0,YAMPA ST N & 54TH AVE E,1,1,3,0,1,4,0,0,,0,0,0,0,0,4,2,16
,2021-34359,39.73998353,-104.9609999,8/14/2021 11:10,11:10,12,0,0,COLFAX AVE E & GAYLORD ST N,1,1,3,0,1,3,0,0,35,0,0,0,0,1,2,2,16
,2021-34360,39.79840751,-104.7872825,8/16/2021 8:20,8:20,12,0,0,E 56TH AVE & PENA BLVD OUTBOUND,1,1,3,0,1,4,0,0,40,0,0,0,0,0,4,2,13
,2021-34363,39.73760353,-104.9659899,8/16/2021 10:00,10:00,6,0,0,WILLIAMS ST N & 13TH AVE E,1,1,3,0,1,4,0,0,30,0,0,0,0,0,4,2,13
,2021-34366,39.78749351,-104.8437499,8/15/2021 7:01,7:01,6,0,0,5000 BLK N SCRANTON ST & E 51ST AVE,1,1,3,0,1,4,0,0,25,0,0,0,0,0,4,2,2
,2021-34369,39.75483353,-105.0252099,8/15/2021 12:57,12:57,3,0,0,FEDERAL BLVD N & 26TH AVE W,1,1,3,0,1,2,0,0,30,0,0,0,0,1,2,2,1
,2021-34372,39.72562453,-104.9862364,8/15/2021 11:20,11:20,10,0,0,N LINCOLN ST & N SPEER BLVD,1,1,3,0,1,1,0,0,30,0,0,0,0,0,4,2,13
,2021-34378,39.74533353,-104.9935999,8/14/2021 13:39,13:39,15,0,0,STOUT ST & 16TH ST,1,1,3,0,1,4,0,0,25,0,0,0,0,0,4,2,8
,2021-34381,39.74481353,-104.9671999,8/15/2021 14:10,14:10,10,0,0,E 18TH AVE & N GILPIN ST,1,1,3,0,1,1,0,0,30,0,0,0,0,0,4,2,13
,2021-34387,39.73681353,-104.9647699,8/14/2021 4:21,4:21,6,0,0,1900 BLK E 13TH AVE & N HIGH ST,1,3,3,0,1,4,0,0,35,0,0,0,0,0,4,4,16
,2021-34393,39.75007753,-105.0049384,8/14/2021 11:59,11:59,3,0,0,N SPEER BLVD & WEWATTA ST,1,1,3,0,1,1,0,0,35,0,0,0,0,0,4,2,11
,2021-34442,39.66257355,-105.0532299,9/16/2021 11:26,11:26,12,0,1,SHERIDAN BLVD S & BATES AVE W,1,1,1,0,1,1,0,0,40,0,0,0,1,3,2,2,1
,2021-34443,39.79753452,-104.9721739,9/15/2021 8:17,8:17,3,0,0,E 14TH & N MARION ST,1,1,1,0,1,1,0,0,25,0,0,0,0,0,4,2,1
,2021-34444,39.71116354,-105.0203299,9/15/2021 21:20,21:20,1,0,0,ALAMEADA AVE W & CLAY ST S,1,3,1,0,1,5,0,0,30,0,0,0,0,1,2,2,5
,2021-34445,39.67223354,-105.0532599,9/16/2021 13:50,13:50,12,0,0,SHERIDAN BLVD S & LAKERIDGE RD W,1,1,1,0,1,4,0,0,40,0,0,0,0,0,2,2,3
,2021-34446,39.70757354,-105.0014999,9/16/2021 15:30,15:30,10,0,1,S LIPAN ST & W VIRGINIA AVE,1,1,0,0,1,1,0,0,30,0,0,0,1,3,4,2,1
,2021-34447,39.73299269,-105.0251187,9/16/2021 8:40,8:40,11,0,0,FEDERAL BLVD N & 10TH AVE W,1,1,3,0,1,1,0,0,35,0,1,0,0,1,2,1,13
,2021-34448,39.77729351,-104.81313,9/14/2021 22:19,22:19,5,0,0,E 46TH AVE & N FRASER WAY,1,3,0,0,2,4,0,0,35,0,0,0,0,0,4,1,4
,2021-34449,39.8379735,-104.6929,9/14/2021 11:33,11:33,15,0,0,78TH AVE E & JACKSON GAP ST N,1,1,0,1,1,1,0,0,45,0,0,0,0,0,4,2,14
,2021-34450,39.74152353,-105.0422399,9/16/2021 11:30,11:30,6,0,0,CONEJOS PL W & 4200 BLK W,1,1,1,0,1,4,0,0,25,0,0,0,0,0,4,2,13
,2021-34451,39.76003352,-104.8787799,9/16/2021 19:22,19:22,5,0,2,MLK BLVD E & BEELER ST N,11,3,0,0,3,1,0,0,35,0,0,0,0,2,4,1,14
,2021-34452,39.78008352,-104.9404999,9/15/2021 12:40,12:40,15,0,0,I-70 & COLORADO BLVD N,1,1,1,0,1,4,0,0,55,0,0,0,0,0,1,2,13
,2021-34453,39.72645253,-105.0001774,9/17/2021 18:10,18:10,15,0,0,6TH AVE W & KALAMATH ST N,1,1,1,0,1,3,0,0,35,0,0,0,1,0,4,2,13
,2021-34454,39.75107352,-104.9187499,9/15/2021 16:22,16:22,10,0,1,E 23RD AVE & N JASMINE ST,1,1,0,0,1,2,0,0,30,0,0,0,1,1,4,2,14
,2021-34455,39.69152353,-104.8986199,8/24/2021 6:34,6:34,5,0,0,QUEBEC WAY & 1400 BLK S,1,1,0,0,2,4,0,0,30,0,0,0,0,0,4,1,5
,2021-34456,39.76446352,-104.9462499,9/15/2021 12:13,12:13,5,0,0,BRUCE RANDOLPH AVE E & MADISON ST N,1,1,0,0,3,1,0,0,25,0,0,0,0,0,4,1,6
,2021-34457,39.70665354,-104.9965899,9/16/2021 12:12,12:12,15,0,0,I-25 NB ENT GORE PT FROM & SANTA FE DR S,1,1,1,0,1,8,0,0,65,0,0,0,0,0,1,2,13
,2021-34458,39.7437871,-105.1188925,9/16/2021 10:45,10:45,12,0,0,I-25 & 17TH AVE W,1,1,1,0,1,4,0,0,55,0,0,0,0,0,1,2,13
,2021-34459,39.66828557,-104.9353133,9/15/2021 20:01,20:01,6,0,1,E VASSAR AVE & S DAYTON WAY,1,4,1,0,1,4,0,0,35,0,0,0,0,2,4,2,2
,2021-34460,39.65303353,-104.87199,9/17/2021 22:06,22:06,1,0,2,HAMPDEN AVE E & FLORENCE ST S,1,3,0,0,1,1,0,0,35,0,0,0,0,2,2,2,13
,2021-34461,39.68293354,-104.9405399,9/16/2021 11:01,11:01,15,0,0,I-25 & COLORADO BLVD S,1,1,0,0,1,4,0,0,60,0,0,0,0,0,1,2,3
,2021-34462,39.72565154,-105.0531559,9/16/2021 11:14,11:14,12,0,0,HWY 6 EB ON RAMP ENT GORE PT FROM & SHERIDAN BLVD N,1,1,0,0,1,8,0,0,65,0,0,0,0,0,1,2,14
,2021-34463,39.78047452,-104.9393399,9/18/2021 20:10,20:10,15,0,0,I-70 WB OFF RAMP TO & COLORADO BLVD N,1,3,0,0,1,8,0,0,30,0,0,0,0,0,1,2,13
,2021-34464,39.82518502,-104.9816053,9/15/2021 12:16,12:16,12,0,0,I-25 NB EXIT GORE PT TO & 6TH AVE W,1,1,0,0,1,4,0,0,55,0,0,0,0,0,1,2,13
,2021-34465,39.71320354,-105.0320799,8/21/2021 22:11,22:11,6,0,0,KNOX CT 200 BLK S & W ALAMEDA AVE,1,4,0,0,1,4,0,0,35,0,0,0,0,0,4,3,13
,2021-34466,39.76016352,-104.8989699,8/21/2021 1:05,1:05,12,0,2,E MLK BLVD & N SYRACUSE ST,1,3,0,0,1,1,0,0,30,0,0,0,0,2,4,3,13
,2021-34467,39.74378352,-104.8916799,9/15/2021 21:29,21:29,5,0,0,E 17TH AVE & N VALENTIA ST,1,4,0,1,2,1,0,0,25,0,0,0,0,0,4,1,1
,2021-34468,39.76563353,-105.0029599,8/22/2021 20:24,20:24,6,0,0,N MARIPOSA ST & W 35TH AVE,1,3,0,0,1,4,0,0,25,0,0,0,0,0,4,4,3
,2021-34469,39.74043353,-105.0139599,9/18/2021 21:11,21:11,12,0,0,I-25 & COLFAX AVE W,1,3,0,0,1,4,0,0,55,0,0,0,0,0,1,2,13