id,drcog_id,latitude,longitude,crashtime,time,crashtype,numbkilled,numbinjurd,drcoglocat,rdconditin,lightngcon,roadcntgrd,weatherco,location,roaddescrp,schoolzone,constrzone,splimit,bikeinv,pedinv,sctrinv,motoinv,svrty,rdsystem,ttlvehcls,hcf
,2021-34470,39.74032353,-105.0298499,9/16/2021 14:07,14:07,12,0,0,COLFAX AVE W & IRVING ST N,1,1,0,0,1,4,0,0,35,0,0,0,0,0,2,2,13
,2021-34471,39.76723352,-104.8983299,7/22/2021 16:20,16:20,3,0,0,7700 BLK E 36TH AVE & N SYRACUSE ST,1,1,0,0,1,1,0,0,10,0,0,0,0,1,4,2,7
,2021-34472,39.74410353,-104.9883499,9/16/2021 10:16,10:16,3,0,2,17TH ST & TREMEONT PL,1,1,0,0,1,1,0,0,30,0,0,0,0,1,4,2,13
,2021-34473,39.71123354,-104.9971264,9/18/2021 20:47,20:47,15,0,0,S SANTA FE DR & W ALAMEDA AVE,1,3,0,0,1,1,0,0,30,0,0,0,0,0,4,2,13
,2021-34474,39.69940354,-104.9920599,9/15/2021 22:45,22:45,5,0,1,SANTA FE DR S & MISSISSIPPI AVE W,1,3,0,0,2,4,0,1,30,0,0,0,0,2,2,1,2
,2021-34475,39.69049354,-104.9759099,8/22/2021 19:00,19:00,15,0,0,900 BLK E BUCHTEL BLVD & S EMERSON ST,1,1,0,0,1,1,0,0,30,0,0,0,0,0,4,2,14
,2021-34476,39.79826352,-104.8788099,9/16/2021 15:53,15:53,12,0,0,9200 BLK E 59TH AVE & N DALLAS ST,1,1,0,0,1,4,0,0,40,0,0,0,0,0,4,2,13
,2021-34477,39.77229353,-104.9745399,9/5/2021 16:52,16:52,11,0,1,WYNKOOP ST & 38TH ST,1,1,0,0,1,1,0,0,0,0,0,1,0,3,4,2,16
,2021-34478,39.77400352,-104.8470199,9/18/2021 22:57,22:57,3,0,0,PEORIA ST N & I-70 EB OFF RAMP,1,3,0,0,1,1,0,0,35,0,0,0,0,0,1,2,13
,2021-34479,39.74000353,-104.9771999,9/18/2021 22:00,22:00,12,0,0,800 BLK E COLFAX AVE & N CLARKSON ST,1,3,0,0,1,4,0,0,30,0,0,0,0,0,4,2,13
,2021-34480,39.7787545,-104.8704253,8/20/2021 22:15,22:15,12,0,0,4400 BLK N PEORIA ST & E 45TH AVE,1,3,1,0,1,4,0,0,40,0,0,0,0,0,4,2,3
,2021-34481,39.69669854,-104.9918704,9/16/2021 14:10,14:10,10,0,1,W MISSISSIPPI AVE & S SANTA FE DR,1,1,0,0,1,1,0,0,30,0,0,0,1,2,2,2,13
,2021-34482,39.8338405,-104.7471155,9/15/2021 23:10,23:10,12,0,0,PENA BLVD & E-470,1,4,0,0,1,4,0,0,65,0,0,0,0,0,4,2,1
,2021-34483,39.71477353,-104.9875099,8/26/2021 18:00,18:00,12,0,0,S BROADWAY ST & W BAYAUD AVE,1,1,0,0,1,3,0,0,30,0,0,0,0,0,4,2,13
,2021-34484,39.69479354,-104.9874399,9/16/2021 16:29,16:29,1,0,0,BROADWAY ST S & ARIZONA AVE E,1,1,0,0,1,1,0,0,35,0,0,0,0,1,4,2,13
,2021-34485,39.74685353,-104.9809799,9/4/2021 1:00,1:00,6,0,0,PENNSYLVANIA ST N & 1900 BLK N,1,3,0,0,1,4,0,0,25,0,0,0,0,0,4,2,5
,2021-34486,39.78480351,-104.8407299,9/16/2021 15:02,15:02,3,0,0,TULSA CT N & ANDREWS DR E,1,1,0,0,1,1,0,0,25,0,0,0,0,0,4,2,8
,2021-34487,39.74043353,-105.0139599,9/15/2021 22:07,22:07,12,0,0,I-25 & COLFAX AVE W,1,3,0,0,1,4,0,0,55,0,0,0,0,1,1,2,3
,2021-34488,39.70728354,-105.0253799,9/19/2021 0:55,0:55,16,0,0,501 S FEDERAL BLVD & 501 BLK S,1,3,0,0,5,7,0,0,,0,0,0,0,0,3,2,5
,2021-34489,39.72907353,-104.9740699,9/18/2021 15:58,15:58,3,0,0,N CORONA ST & E 8TH AVE,1,1,0,0,1,1,0,0,30,0,0,0,0,0,4,2,13
,2021-34490,39.75034353,-105.0532199,9/14/2021 22:48,22:48,12,0,0,SHERIDAN BLVD N & 22ND AVE W,1,3,0,0,1,4,0,0,35,0,0,0,0,0,2,2,16
,2021-34491,39.79483351,-104.76272,9/15/2021 8:22,8:22,12,0,0,N DUNKIRK ST & E MAXWELL PL,1,1,0,0,1,3,0,0,35,0,0,0,0,0,4,2,13
,2021-34493,39.73827353,-104.9406499,9/15/2021 8:03,8:03,12,0,0,E 14TH AVE & N COLORADO BLVD,1,1,0,0,1,3,0,0,30,0,0,0,0,0,2,2,14
,2021-34494,39.72590354,-105.0252334,9/16/2021 8:34,8:34,12,0,0,6TH AVE W & FEDERAL BLVD N,1,1,1,0,1,4,0,0,55,0,0,0,0,0,2,2,3
,2021-34495,39.72541754,-105.0252199,9/16/2021 8:34,8:34,12,0,0,W 6TH AVE FWY & N FEDERAL BLVD,1,1,1,0,1,4,0,0,65,0,0,0,0,0,4,2,3
,2021-34496,39.77727352,-104.8827699,9/15/2021 8:30,8:30,12,0,0,I-70 & CENTRAL PARK BLVD N,1,1,0,0,1,4,0,0,55,0,0,0,0,0,1,2,13
,2021-34497,39.70665354,-104.9965899,9/16/2021 6:41,6:41,12,0,0,I-25 NB ON RAMP LOOP FROM & SANTA FE DR S (NB),1,1,0,0,1,8,0,0,45,0,0,0,0,0,1,2,3
,2021-34498,39.68946354,-105.0285399,9/15/2021 21:45,21:45,12,0,1,3200 BLK W FLORIDA AVE & S IRVING ST,1,3,0,0,1,4,0,0,35,0,0,0,0,1,4,2,16
,2021-34499,39.78422353,-105.0251799,9/16/2021 7:15,7:15,12,0,0,I-70 & FEDERAL BLVD N,11,1,3,0,1,4,0,0,55,0,0,0,0,0,1,2,13
,2021-34500,39.77713352,-104.8829699,9/15/2021 7:50,7:50,15,0,0,I-70 & CENTRAL PARK BLVD N,1,1,1,0,1,4,0,0,55,0,0,0,0,0,1,2,13
,2021-34501,39.82518502,-104.9816053,9/15/2021 23:26,23:26,5,0,3,COLFAX AVE W & I-25 NB OFF RAMP,1,3,0,0,2,1,0,0,35,0,0,0,0,1,2,1,14
,2021-34502,39.74945353,-104.9646999,9/15/2021 8:00,8:00,11,0,1,22ND AVE E & HIGH ST N,1,1,0,0,1,1,0,0,25,0,1,0,0,2,4,1,13
,2021-34696,39.78562352,-104.8996999,8/16/2021 9:05,9:05,15,0,0,NORTHFIELD BLVD E & QUEBEC ST N,1,1,3,0,1,1,0,0,,0,0,0,0,0,2,2,16
,2021-34702,39.65337355,-105.0496899,8/20/2021 5:03,5:03,15,0,0,HAMPDEN AVE E & SHERIDAN BLVD S,1,3,3,1,1,4,0,0,65,0,0,0,0,0,2,2,13
,2021-34703,39.69114354,-104.9593399,8/19/2021 15:55,15:55,12,0,0,S UNIVERSITY BLVD & E ARKANSAS AVE,1,1,3,0,1,1,0,0,30,0,0,0,0,0,4,2,3
,2021-34712,39.72391769,-105.01866,8/17/2021 16:27,16:27,2,0,0,BRYANT ST W & 5TH AVE W,1,1,3,0,1,2,0,0,30,1,0,0,0,1,4,1,3
,2021-34714,39.79023352,-104.8658999,8/17/2021 10:07,10:07,5,0,0,N HAVANNA ST & E 51ST AVE,1,1,3,0,3,4,0,0,35,0,0,0,0,0,4,1,16
,2021-34716,39.67844354,-104.9366799,8/19/2021 16:40,16:40,12,0,0,E EVANS AVE & S BIRCH ST,1,1,3,0,1,1,0,0,30,0,0,0,0,0,4,2,3
,2021-34720,39.78260803,-104.9985394,9/16/2021 0:50,0:50,5,0,0,I-70 WB EXIT GORE PT TO & PECOS ST N,1,3,0,0,3,4,0,0,60,0,0,0,0,0,1,1,13
,2021-34721,39.79836351,-104.75325,9/15/2021 6:00,6:00,3,0,0,56TH AVE E & IRELAND ST N,1,2,0,0,6,1,0,0,45,0,0,0,0,1,4,2,13
,2021-34722,39.79823651,-104.8472674,9/19/2021 17:28,17:28,5,0,0,56TH AVE E & PEORIA ST N,1,1,0,0,3,4,0,0,40,0,0,0,0,0,4,1,16
,2021-34723,39.77655043,-104.8316635,9/14/2021 18:11,18:11,3,0,0,E ANDREWS DR & N CRYSTAL ST,1,1,0,0,1,1,0,0,25,0,0,0,0,0,4,2,13
,2021-34724,39.65308354,-104.9217299,9/18/2021 13:05,13:05,12,0,0,E HAMPDEN AVE & S IVANHOE ST,1,1,0,0,1,1,0,0,30,0,0,0,0,0,4,2,13
,2021-34725,39.68757354,-104.9887299,9/14/2021 21:49,21:49,3,0,1,IOWA AVE W & ACOMA ST S,1,3,1,0,1,1,0,0,30,0,0,0,0,2,4,2,8
,2021-34726,39.66830354,-104.9399299,9/19/2021 14:24,14:24,3,0,0,YALE AVE E & COLORADO BLVD S,1,1,0,0,1,2,0,0,35,0,0,0,0,0,4,2,7
,2021-34727,39.74006353,-104.9916399,9/15/2021 6:04,6:04,11,0,0,COLFAX AVE W & COURT PL,1,2,0,0,1,1,0,0,0,0,1,0,0,0,2,1,16
,2021-34728,39.77898352,-104.9051599,9/14/2021 11:00,11:00,12,0,0,I-70 WB OFF RAMP TO & QUEBEC ST N,1,1,1,0,1,8,0,0,55,0,0,0,0,0,1,2,13
,2021-34729,39.76446925,-104.9361607,9/19/2021 15:54,15:54,3,0,0,BRUCE RANDOLPH AVE E & YORK ST N,1,1,0,0,1,1,0,0,25,0,0,0,0,0,4,2,1
,2021-34730,39.70770354,-105.0532399,9/19/2021 12:51,12:51,3,0,0,SHERIDAN BLVD S & VIRGINIA AVE W,1,1,0,0,1,1,0,0,25,0,0,0,0,1,2,2,7
,2021-34731,39.75107352,-104.9128399,9/18/2021 11:12,11:12,3,0,1,E 23RD AVE & N MONACO ST,1,1,0,0,1,1,0,0,35,0,0,0,0,1,4,2,13
,2021-34732,39.72906353,-104.9835899,9/14/2021 20:36,20:36,3,0,0,E 8TH AVE & N GRANT ST,1,3,1,0,1,1,0,0,30,0,0,0,0,0,4,2,8
,2021-34733,39.78014352,-104.9316399,9/14/2021 8:20,8:20,12,0,0,I-70 & DAHLIA ST N,1,1,0,0,1,4,0,0,55,0,0,0,0,0,1,2,13
,2021-34734,39.70758354,-105.0250799,9/18/2021 13:21,13:21,12,0,0,FEDERAL BLVD S & VIRGINIA AVE W,1,1,0,0,1,1,0,0,40,0,0,0,0,0,2,2,1
,2021-34735,39.78723352,-104.9405499,9/14/2021 16:32,16:32,3,0,0,COLORADO BLVD N & 50TH AVE E,1,1,0,0,1,1,0,0,45,0,0,0,0,1,2,2,13
,2021-34736,39.71109289,-105.0691329,9/19/2021 8:39,8:39,15,0,0,I-25 & ALAMEDA AVE W,1,1,0,0,1,4,0,0,55,0,0,0,0,0,1,2,1
,2021-34737,39.75449353,-104.9923299,9/19/2021 1:45,1:45,16,0,0,2090 MARKET ST & 2090 BLK,1,1,0,0,5,7,0,0,10,0,0,0,0,0,3,2,5
,2021-34738,39.84979749,-104.6738195,9/18/2021 12:00,12:00,12,0,0,PENA BLVD INBOUND & E GVR BLVD,1,1,1,0,1,3,0,0,35,0,0,0,0,0,4,2,13
,2021-34739,39.75365353,-104.9934099,9/19/2021 1:47,1:47,11,0,0,20TH ST & MARKET ST,1,3,0,0,1,1,0,0,0,0,1,0,0,0,4,1,16
,2021-34740,39.79105353,-105.0532399,8/27/2021 16:40,16:40,12,0,0,SHERIDAN BLVD N & 52ND AVE W,1,1,1,0,1,1,0,0,35,0,0,0,0,0,2,2,1
,2021-34741,39.66761354,-104.9257499,9/17/2021 22:58,22:58,15,0,0,I-25 & YALE AVE E,1,3,1,0,1,4,0,0,65,0,0,0,0,0,1,2,13
,2021-34742,39.77109352,-104.9066399,9/15/2021 15:27,15:27,3,0,1,N OLIVE ST & E 39TH AVE,1,1,0,0,1,1,0,0,25,0,0,0,0,2,4,2,8
,2021-34743,39.75927352,-104.9199199,9/9/2021 6:40,6:40,12,0,0,2900 BLK N IVY ST & E MLK BLVD,1,1,0,0,1,4,0,0,25,0,0,0,0,0,4,2,16
,2021-34744,39.64580355,-105.0720299,9/15/2021 16:07,16:07,8,0,2,S PIERCE ST & W MANSFIELD AVE,1,1,1,0,6,4,0,0,30,0,0,0,0,1,4,2,4
,2021-34745,39.75815353,-105.0252199,9/15/2021 16:30,16:30,15,0,0,FEDERAL BLVD N & 29TH AVE W,1,1,0,0,1,1,0,0,35,0,0,0,0,0,2,2,8
,2021-34746,39.70642354,-104.9967799,9/15/2021 15:36,15:36,15,0,0,I-25 & SANTA FE DR S,1,1,1,0,1,4,0,0,65,0,0,0,0,0,1,2,13
,2021-34747,39.78020353,-104.9891799,9/15/2021 15:13,15:13,15,0,0,I-70 & I-25,1,1,1,0,1,4,0,0,55,0,0,0,0,0,1,2,13
,2021-34748,39.77667351,-104.8099,9/18/2021 10:55,10:55,1,0,0,CHAMBERS RD N & 46TH AVE E,1,1,0,0,1,1,0,0,40,0,0,0,0,0,4,2,13
,2021-34749,39.69956353,-104.8919399,7/18/2021 15:48,15:48,15,0,0,1000 BLK S VALENTIA ST & E MISSISSIPPI AVE,1,1,0,0,1,4,0,0,30,0,0,0,0,0,4,2,16
,2021-34750,39.77583352,-104.8658799,8/1/2021 0:22,0:22,5,0,0,I-70 WB OFF RAMP TO & HAVANA ST N,1,3,1,0,3,8,0,0,25,0,0,0,0,0,1,1,5
,2021-34751,39.71297053,-104.9875549,8/8/2021 9:47,9:47,3,0,0,W CEDAR AVE & S BROADWAY ST,1,1,0,1,1,1,0,0,30,0,0,0,0,0,4,2,16
,2021-34752,39.65310254,-104.8940989,7/14/2021 22:44,22:44,5,0,0,S ULSTER ST & E HAMPDEN AVE,1,4,1,0,3,1,0,0,45,0,0,0,0,0,4,1,16
,2021-34753,39.79219351,-104.8317499,7/11/2021 15:50,15:50,6,0,0,N VICTOR WAY & N WHEELING ST,1,1,0,0,1,4,0,0,25,0,0,0,0,0,4,2,13
,2021-34754,39.67840354,-104.9407399,8/8/2021 13:01,13:01,3,0,0,COLORADO BLVD S & EVANS AVE E,1,1,0,0,1,1,0,0,35,0,0,0,0,0,2,2,13
,2021-34755,39.75460814,-104.9269552,9/18/2021 13:52,13:52,12,0,0,I-70 & FOREST ST,1,1,0,0,1,4,0,0,55,0,0,0,0,0,1,2,13
,2021-34756,39.73332353,-104.9202299,7/8/2021 1:25,1:25,6,0,0,IVY ST N & 1080 N IVY ST,1,4,0,0,1,2,0,0,25,0,0,0,0,0,4,2,9
,2021-34757,39.77832353,-104.9792299,9/17/2021 13:55,13:55,3,0,0,E 45TH AVE & N WASHINGTON ST,1,1,0,0,1,1,0,0,35,0,0,0,0,0,4,2,13
,2021-34758,39.66020355,-105.0466199,8/8/2021 20:40,20:40,5,0,0,CORNELL AVE W & UTICA AVE S,1,3,0,0,3,4,0,0,25,0,0,0,0,0,4,1,1
,2021-34759,39.7530545,-104.9854721,9/18/2021 15:50,15:50,11,0,0,PARK AVE W & CHAMPA ST,1,1,0,0,1,1,0,0,0,0,1,0,0,0,4,1,16
,2021-34760,39.74450353,-104.9913099,9/17/2021 20:55,20:55,6,0,0,WELTON ST & 16TH ST,1,3,0,0,1,4,0,0,30,0,0,0,0,0,4,2,14
,2021-34761,39.71544353,-104.9461599,5/24/2021 16:00,16:00,6,0,0,MADISON ST S & 5014 S MADISON ST,1,1,0,0,1,4,0,0,25,0,0,0,0,0,4,2,16
,2021-34762,39.73686353,-105.0015499,9/18/2021 16:56,16:56,3,0,0,W 13TH AVE & N LIPAN ST,1,1,0,0,1,1,0,0,25,0,0,0,0,0,4,2,13
,2021-34763,39.79828352,-104.8941099,9/18/2021 7:10,7:10,3,0,0,UNITA ST N & 56TH AVE E,1,1,0,0,1,1,0,0,45,0,0,0,0,0,4,2,14
,2021-34764,39.75226353,-104.9795599,9/15/2021 9:02,9:02,3,0,0,25TH ST & GLENARM PL,1,1,0,0,1,1,0,0,25,0,0,0,0,0,4,2,14
,2021-34765,39.72409354,-105.0532399,6/30/2021 23:15,23:15,11,0,1,SHERIDAN BLVD N & 5TH AVE W,1,3,1,0,1,1,0,0,35,0,1,0,0,3,2,1,13
,2021-34766,39.74893453,-104.9873749,9/18/2021 13:00,13:00,12,0,0,CALIFORNIA ST & BROADWAY ST N,1,1,0,0,1,1,0,0,30,0,0,0,0,0,4,2,16
,2021-34767,39.78509352,-104.8419499,9/18/2021 4:07,4:07,5,0,1,12800 BLK E ANDREWS DR & N TUCSON ST,1,3,0,0,2,4,0,0,25,0,0,0,0,3,4,1,7
,2021-34768,39.72253753,-104.9874784,9/18/2021 17:00,17:00,3,0,0,4TH AVE E & BROADWAY ST N,1,1,0,0,1,5,0,0,25,0,0,0,0,0,4,2,13
,2021-34769,39.67731652,-104.9982901,9/17/2021 18:04,18:04,10,0,0,PLATTE RIVER DR S & MISISSIPPI AVE W,1,1,0,0,1,1,0,0,45,0,0,0,0,0,2,2,3
,2021-34770,39.72727153,-104.9787664,9/18/2021 16:50,16:50,3,0,0,E 7TH AVE & N WASHINGTON ST,1,1,0,0,1,1,0,0,25,0,0,0,0,0,4,2,3
,2021-34771,39.74018653,-104.9407414,6/12/2021 12:55,12:55,12,0,0,COLORADO BLVD N & COLFAX AVE E,1,1,0,0,1,3,0,0,35,0,0,0,0,0,2,2,13
,2021-34772,39.65310354,-104.9047099,9/17/2021 18:59,18:59,1,0,0,HAMPDEN AVE E & POPLAR ST S,1,1,0,0,1,1,0,0,45,0,0,0,0,1,2,2,13
,2021-34773,39.69585354,-105.0471999,9/18/2021 1:00,1:00,6,0,0,WINONA CT S & MISSISSIPPI AVE W,1,3,0,0,3,4,0,0,25,0,0,0,0,0,4,2,14
,2021-34774,39.74043353,-105.0141499,9/17/2021 22:55,22:55,12,0,0,I-25 & COLFAX AVE W,1,3,0,0,1,4,0,0,55,0,0,0,0,0,1,2,13
,2021-34775,39.71028354,-105.0250799,9/19/2021 2:09,2:09,9,0,1,FEDERAL BLVD S & ALAMEDA AVE W,1,3,0,0,2,4,0,0,,0,0,0,0,2,2,1,5
,2021-34776,39.77282351,-104.79598,9/19/2021 18:35,18:35,12,0,0,E 40TH AVE & N AIRPORT WAY,1,1,0,0,1,1,0,0,35,0,0,0,0,0,4,2,13
,2021-34777,39.78626257,-104.9457622,9/17/2021 22:42,22:42,12,0,0,I-70 & VASQUEZ BLVD N,1,3,0,0,1,4,0,0,55,0,0,0,0,0,1,2,13
,2021-34778,39.76000352,-104.8705199,9/18/2021 6:13,6:13,1,0,1,E MLK BLVD & N FULTON ST,1,1,0,0,1,1,0,0,30,0,0,0,0,1,4,2,2
,2021-34779,39.68221354,-105.0052299,9/19/2021 10:20,10:20,10,0,0,JEWELL AVE W & OSAGE ST S,1,1,1,0,1,1,0,0,30,0,0,0,0,0,4,2,1
,2021-34780,39.77509352,-104.9222899,9/17/2021 3:57,3:57,10,0,0,HOLLY ST N & 42ND AVE E,1,3,0,0,1,4,0,0,25,0,0,0,0,0,4,2,13
,2021-34781,39.74043353,-105.0139599,9/18/2021 2:52,2:52,5,0,0,I-25 NB EXIT GORE PT TO & COLFAX AVE W,1,3,1,0,3,4,0,0,65,0,0,0,0,1,1,1,5
,2021-34782,39.91656063,-105.0162565,9/16/2021 11:30,11:30,6,0,0,ALCOTT ST N & 2424 N ALCOTT ST,1,3,0,0,1,4,0,0,20,0,0,0,0,0,4,2,13
,2021-34783,39.91915628,-105.0050976,9/18/2021 13:28,13:28,1,0,0,46TH AVE W & PECOS ST N,1,1,0,0,1,1,0,0,30,0,0,0,0,0,4,2,13
,2021-34785,39.70123354,-105.0250699,9/19/2021 1:59,1:59,12,0,0,FEDERAL BLVD S & KENTUCKY AVE W,1,3,0,0,1,3,0,0,35,0,0,0,0,1,2,2,13
,2021-34786,39.68757354,-104.9920499,9/19/2021 19:10,19:10,3,0,0,SANTA FE DR S & IOWA AVE W,1,2,1,0,1,1,0,0,45,0,0,0,0,1,1,2,13
,2021-34788,39.77419352,-104.8470299,6/29/2021 13:45,13:45,5,0,0,I-70 & PEORIA ST N,14,1,3,0,1,4,0,0,55,0,0,0,0,0,1,2,13
,2021-34789,39.77841352,-104.9035599,7/23/2021 8:15,8:15,12,0,0,I-70 WB OFF RAMP TO & QUEBEC ST N,1,1,3,0,1,8,0,0,25,0,0,0,0,1,4,2,16
,2021-34790,39.74164353,-104.9733799,8/10/2021 12:15,12:15,6,0,0,DOWNING ST N & 16TH AVE E,1,1,3,0,1,4,0,0,,0,0,0,0,0,4,2,11
,2021-34793,39.72563353,-104.9874244,5/20/2021 7:15,7:15,15,0,0,E 6TH AVE & N BROADWAY ST,1,1,3,0,1,1,0,0,30,0,0,0,0,0,4,2,13
,2021-34795,39.75950353,-104.9733199,8/17/2021 16:08,16:08,3,0,0,CALIFORNIA ST & DOWNING ST N,1,1,3,0,1,1,0,0,,0,0,0,0,0,4,2,16
,2021-34802,39.73850678,-104.9126153,8/19/2021 13:09,13:09,3,0,2,N VINE ST & E 14TH AVE,1,1,3,0,1,3,0,0,25,0,0,0,0,1,4,2,16
,2021-34814,39.70734353,-104.9228699,8/18/2021 14:00,14:00,10,0,0,LEETSDALE DR & 5880 LEETSDALE KDR,1,1,3,0,1,2,0,0,35,0,0,0,0,0,2,2,3
,2021-34830,39.75107352,-104.9163299,8/18/2021 16:30,16:30,3,0,0,KRAMERIA ST N & 23RD AVE E,1,1,3,0,1,1,0,0,35,0,0,0,0,0,4,2,7
,2021-34847,39.74246353,-104.9810799,7/26/2021 18:30,18:30,6,0,0,PENNSYLVANIA ST 1600 BLK N & E 16TH AVE,1,4,3,0,1,4,0,0,,0,0,0,0,0,4,2,16
,2021-34851,39.62416354,-104.9118099,8/18/2021 18:50,18:50,12,0,0,S MONACO ST & E BELLEVIEW AVE,1,1,3,0,1,1,0,0,25,0,0,0,0,0,2,2,13
,2021-34868,39.68949354,-105.0212999,8/19/2021 8:15,8:15,6,0,0,DALE CT S & FLORIDA AVE W,1,1,3,0,1,4,0,0,25,0,0,0,0,0,4,2,13
,2021-34881,39.74091353,-104.9696999,8/18/2021 9:15,9:15,3,0,0,PARK AVE & N HUMBOLDT ST,1,1,3,0,1,1,0,0,25,0,0,0,0,0,4,2,16
,2021-34884,39.79652352,-104.8842599,8/19/2021 7:58,7:58,3,0,0,CENTRAL PARK BLVD N & 56TH AVE E,1,1,3,0,1,2,0,0,20,0,0,0,0,0,4,2,1
,2021-34886,39.73522353,-104.9829299,8/16/2021 14:15,14:15,12,0,0,300 BLK E 12TH AVE & N LOGAN ST,1,1,3,0,1,3,0,0,30,0,0,0,0,0,4,2,7
,2021-34889,39.78910351,-104.80975,8/18/2021 7:00,7:00,12,0,0,5200 BLK N CHAMBERS RD & E 53RD AVE,1,1,3,0,1,4,0,0,40,0,0,0,0,0,4,2,16
,2021-34891,39.73845853,-104.9952904,8/19/2021 10:51,10:51,3,0,0,N FOX ST & W 14TH AVE,1,1,3,0,1,1,0,0,25,0,0,0,0,0,4,2,16
,2021-34893,39.77891352,-104.9508199,8/17/2021 16:15,16:15,12,0,0,3000 BLK E 45TH AVE & STEELE ST,1,1,3,0,1,4,0,0,35,0,0,0,0,0,4,2,8
,2021-34894,39.66755354,-104.9406699,8/18/2021 10:12,10:12,10,0,0,COLORADO BLVD S & YALE AVE E,1,1,3,0,1,1,0,0,35,0,0,0,0,0,2,2,13
,2021-34902,39.73760353,-104.9622399,8/16/2021 13:00,13:00,6,0,0,1300 BLK N VINE ST & E 14TH AVE,1,1,3,0,1,4,0,0,,0,0,0,0,0,4,2,16
,2021-34903,39.78362951,-104.791364,8/17/2021 13:09,13:09,1,0,1,E GVR BLVD & PENA BLVD INBOUND,1,1,3,0,1,1,0,0,40,0,0,0,0,1,4,2,7
,2021-34907,39.74327353,-104.9861099,8/18/2021 15:30,15:30,10,0,0,E 17TH AVE & N LINCOLN ST,1,1,3,0,1,1,0,0,25,0,0,0,0,0,4,2,1
,2021-34909,39.72560353,-104.9775499,8/18/2021 17:25,17:25,12,0,0,E 6TH AVE & N CLARKSON ST,1,1,3,0,1,1,0,0,30,0,0,0,0,0,4,2,3
,2021-34910,39.66761354,-104.9034999,8/19/2021 15:47,15:47,3,0,0,YALE AVE E & QUEBEC ST S,11,1,3,1,1,1,0,0,35,0,0,0,0,0,4,2,11
,2021-34911,39.72565353,-104.9904599,8/16/2021 8:20,8:20,12,0,0,W 6TH AVE & N SANTA FE DR,1,1,3,0,1,4,0,0,40,0,0,0,0,0,4,2,16
,2021-34913,39.68308354,-104.9405399,8/20/2021 11:05,11:05,12,0,0,I-25 NB OFF RAMP TO & COLORADO BLVD S,1,1,3,0,1,8,0,0,,0,0,0,0,0,1,2,16
,2021-34914,39.79829052,-104.8844689,8/18/2021 14:34,14:34,12,0,0,E 56TH AVE & N CENTRAL PARK BLVD,1,1,3,0,1,1,0,0,40,0,0,0,0,0,4,2,7
,2021-34919,39.65877355,-105.0531299,8/2/2021 17:36,17:36,15,0,0,SHERIDAN BLVD S & DARTMOUTH AVE W,1,1,3,0,1,4,0,0,,0,0,0,0,0,2,2,16
,2021-34921,39.74828353,-104.9986299,8/18/2021 7:28,7:28,11,0,0,LARIMER ST & 15TH ST,1,1,3,0,1,1,0,0,0,0,0,1,0,1,4,1,16
,2021-34924,39.73842353,-104.9873999,8/17/2021 16:00,16:00,12,0,0,N BROADWAY ST & E 14TH AVE,1,1,3,0,1,1,0,0,30,0,0,0,0,0,4,2,3
,2021-34925,39.73589353,-104.9406599,8/18/2021 8:14,8:14,12,0,0,COLORADO BLVD N & 13TH AVE E,1,1,3,0,1,3,0,0,30,0,0,0,0,0,2,2,1
,2021-34926,39.78025353,-105.0296899,8/18/2021 8:21,8:21,12,0,0,3200 BLK W 46TH AVE & N HOOKER ST,1,1,3,0,1,4,0,0,30,0,0,0,0,0,4,2,13
,2021-34927,39.71118354,-105.0156899,8/17/2021 18:00,18:00,15,0,0,W ALAMEDA AVE & S ZUNI ST,1,1,3,0,1,1,0,0,30,0,0,0,0,0,2,2,3
,2021-34929,39.75077353,-104.9848999,8/19/2021 13:00,13:00,3,0,0,22ND ST & CALIFORNIA ST,1,1,3,0,1,2,0,0,35,0,0,0,0,0,4,2,11
,2021-34930,39.69114354,-104.9593399,8/4/2021 14:54,14:54,3,0,0,UNIVERSITY BLVD S & ARKANSAS AVE,1,1,3,0,1,1,0,0,25,0,0,0,0,0,4,2,13
,2021-34935,39.79104353,-105.0063899,8/19/2021 11:04,11:04,3,0,0,PECOS ST N & 52ND AVE W,1,1,3,0,1,1,0,0,30,0,0,0,0,0,4,2,13
,2021-34936,39.65181555,-105.0531874,8/18/2021 8:23,8:23,1,0,0,W HAMPDEN AVE S SERVICE RD & S SHERIDAN BLVD,1,1,3,1,1,1,0,0,35,0,0,0,0,0,4,2,13
,2021-34938,39.70294453,-104.9129359,8/19/2021 9:35,9:35,1,0,1,LEETSDALE DR & S MONACO ST,1,1,3,0,1,4,0,0,35,0,0,0,0,1,4,2,13
,2021-34940,39.77197353,-104.9697199,8/17/2021 17:30,17:30,12,0,0,WALNUT ST & 40TH ST,1,1,3,0,1,1,0,0,,0,0,0,0,0,4,2,16
,2021-34941,39.72092353,-104.9820199,8/16/2021 16:27,16:27,6,0,0,400 BLK E 3RD AVE & N LOGAN ST,1,1,3,0,1,4,0,0,,0,0,0,0,0,4,2,16
,2021-34943,39.78235352,-104.8658099,8/19/2021 13:28,13:28,10,0,0,47TH AVE E & HAVANA ST N,1,1,3,0,1,1,0,0,25,0,0,0,0,0,4,2,13
,2021-34944,39.71287353,-104.9873499,7/19/2021 13:13,13:13,15,0,0,200 BLK S BROADWAY ST & E ALAMEDA AVE,1,1,3,0,1,2,0,0,30,0,0,0,0,0,4,2,1