id,drcog_id,latitude,longitude,crashtime,time,crashtype,numbkilled,numbinjurd,drcoglocat,rdconditin,lightngcon,roadcntgrd,weatherco,location,roaddescrp,schoolzone,constrzone,splimit,bikeinv,pedinv,sctrinv,motoinv,svrty,rdsystem,ttlvehcls,hcf
,2021-34945,39.71701353,-104.8955599,8/18/2021 14:46,14:46,15,0,0,E LOWRY BLVD & E FARMOUNT,1,1,3,0,1,3,0,0,30,0,0,0,0,0,4,2,13
,2021-34947,39.74590037,-104.976182,8/20/2021 9:13,9:13,3,0,0,PARK AVE & COURT PL,1,1,3,1,1,1,0,0,25,0,0,0,0,0,4,2,13
,2021-34949,39.72018353,-104.9546199,8/19/2021 9:01,9:01,6,0,0,200 BLK N DETROIT ST & E 3RD AVE,1,1,3,0,1,4,0,0,25,0,0,0,0,0,4,2,14
,2021-34951,39.67941354,-104.9875599,8/16/2021 9:34,9:34,12,0,0,2000 BLK S BROADWAY ST & E EVANS AVE,1,1,3,0,1,3,0,0,35,0,0,0,0,0,4,2,3
,2021-34952,39.67845248,-104.9300454,7/28/2021 15:00,15:00,15,0,0,E EVANS AVE & S HOLLY ST,1,1,3,0,1,4,0,0,35,0,0,0,0,0,4,2,16
,2021-34953,39.65308354,-104.8918599,8/19/2021 12:32,12:32,3,0,0,HAMPDEN AVE E & VERBENA ST S,1,1,3,0,1,2,0,0,35,0,0,0,0,1,2,2,13
,2021-34954,39.73842353,-104.9873999,8/16/2021 14:45,14:45,15,0,0,N BROADWAY ST & E 14TH AVE,1,1,3,0,1,4,0,0,30,0,0,0,0,0,4,2,13
,2021-34955,39.72570353,-104.9985599,8/16/2021 8:20,8:20,12,0,0,W 6TH AVE & N SANTA FE DR,1,1,3,0,1,4,0,0,40,0,0,0,0,0,4,2,16
,2021-34956,39.76322352,-104.9380699,8/17/2021 6:59,6:59,6,0,0,3300 BLK N ASH ST & E BRUCE RANDOLPH AVE,1,1,3,0,1,4,0,0,25,0,0,0,0,0,4,2,1
,2021-34957,39.69542354,-104.9933499,8/20/2021 7:23,7:23,12,0,0,PLATTE RIVER DR S & MISSISSIPPI AVE W,1,1,3,1,1,4,0,0,45,0,0,0,0,0,2,2,13
,2021-34958,39.72563353,-104.9811199,8/18/2021 15:22,15:22,1,0,0,6TH AVE E & PENNSYLVANIA ST N,1,1,3,0,1,1,0,0,30,0,0,0,0,0,4,2,13
,2021-34959,39.70928353,-104.9733699,8/17/2021 17:00,17:00,12,0,0,S DOWNING ST & E DAKOTA AVE,1,1,3,0,1,1,0,0,25,0,0,0,0,0,4,2,3
,2021-34960,39.67485354,-105.0006099,8/18/2021 9:45,9:45,12,0,0,S KALAMATH ST & W ILIFF AVE,1,1,3,0,1,4,0,0,30,0,0,0,0,0,4,2,13
,2021-34961,39.81965351,-104.77142,8/20/2021 16:15,16:15,16,0,0,6792 N TOWER RD & 6792 BLK N,1,2,3,0,5,7,0,0,,0,0,0,0,0,3,2,16
,2021-34962,39.72570353,-104.9985599,8/16/2021 8:20,8:20,12,0,0,W 6TH AVE & N SANTA FE DR,1,1,3,0,1,4,0,0,40,0,0,0,0,0,4,2,16
,2021-34964,39.75131353,-105.0165199,8/13/2021 6:30,6:30,15,0,0,I-25 & 23RD AVE W,1,1,3,0,1,4,0,0,55,0,0,0,0,0,1,2,16
,2021-34966,39.73760353,-104.9672299,8/4/2021 13:37,13:37,6,0,0,1300 BLK N GILPIN ST & E 13TH AVE,1,1,3,0,1,4,0,0,25,0,0,0,0,0,4,2,16
,2021-34967,39.78589351,-104.77212,8/17/2021 12:11,12:11,1,0,0,N TOWER RD & E 49TH AVE,1,1,3,0,1,1,0,0,45,0,0,0,0,0,4,2,1
,2021-34968,39.74960353,-105.0003499,8/17/2021 15:00,15:00,15,0,0,BLAKE ST & 15TH ST,1,1,3,0,1,3,0,0,25,0,0,0,0,0,4,2,3
,2021-34970,39.75239353,-105.0205099,8/16/2021 13:11,13:11,3,0,1,W 24TH AVE & N CLAY ST,1,1,3,0,1,1,0,0,25,0,0,0,0,1,4,2,13
,2021-34971,39.72432353,-104.8827399,8/20/2021 10:53,10:53,15,0,0,E LOWRY BLVD & YOSEMITE WAY,1,1,3,0,1,6,0,0,30,0,0,0,0,0,4,2,13
,2021-34974,39.77804052,-104.8471054,8/17/2021 6:25,6:25,10,0,0,N PEORIA ST & E 45TH AVE,1,1,3,0,1,2,0,0,35,0,0,0,0,0,4,2,13
,2021-34975,39.72287354,-105.0462399,8/16/2021 1:00,1:00,6,0,0,4500 BLK W SHORT PL & N UTICA ST,1,3,3,0,1,4,0,0,25,0,0,0,0,0,4,3,4
,2021-34976,39.67845353,-104.9127999,8/20/2021 11:39,11:39,12,0,1,E EVANS AVE & S MONACO ST,1,1,3,0,1,4,0,0,35,0,0,0,0,2,4,3,13
,2021-34977,39.70752354,-104.9876199,8/20/2021 11:19,11:19,12,0,0,BROADWAY ST S & VIRGINIA AVE E,1,1,3,0,1,4,0,0,35,0,0,0,0,0,4,4,13
,2021-34978,39.77766352,-104.9582299,8/13/2021 18:41,18:41,3,0,0,44TH AVE E & JOSEPINE ST N,1,2,3,0,1,1,0,0,,0,0,0,0,0,4,2,16
,2021-34980,39.72558354,-105.0249099,8/12/2021 6:25,6:25,3,0,3,FEDERAL BLVD N & HWY 6 WB OFF RAMP,1,1,3,0,1,1,0,0,35,0,0,0,0,3,2,3,1
,2021-34981,39.67128354,-104.9922599,8/18/2021 5:59,5:59,10,0,0,DELAWARE ST S & HARVARD AVE W,1,2,3,0,1,2,0,0,25,0,0,0,0,0,4,2,13
,2021-34982,39.79837351,-104.78637,8/17/2021 8:15,8:15,12,0,1,E 56TH AVE & PENA BLVD IN BOUND,1,1,3,0,1,3,0,0,40,0,0,0,0,1,4,3,13
,2021-34983,39.71115253,-104.9875774,8/18/2021 15:21,15:21,12,0,0,W ALAMEDA AVE & S BROADWAY ST,1,1,3,0,1,3,0,0,35,0,0,0,0,0,4,2,3
,2021-34987,39.62415855,-105.0912979,8/17/2021 7:48,7:48,3,0,0,WADSWORTH BLVD S & BELLEVIEW AVE W,1,1,3,0,1,1,0,0,30,0,0,0,0,1,2,3,1
,2021-34989,39.70181354,-105.0275199,8/16/2021 11:13,11:13,3,0,0,HAZEL CT S & KENTUCKY AVE W,1,1,3,0,1,2,0,0,25,0,0,0,0,0,4,2,13
,2021-34990,39.76200353,-104.9721099,7/29/2021 13:30,13:30,3,0,1,E MLK BLVD & N MARION ST,1,1,3,0,1,1,0,0,30,0,0,0,1,3,4,2,13
,2021-34991,39.76566352,-104.9405599,8/18/2021 11:12,11:12,12,0,0,COLORADO BLVD N & 35TH AVE E,1,1,3,0,1,3,0,0,40,0,0,0,0,0,2,5,11
,2021-34995,39.69842353,-104.9082199,8/18/2021 11:31,11:31,1,0,0,ONEIDA ST S & TENNESSEE AVE E,1,1,3,0,1,1,0,0,30,0,0,0,0,1,4,2,13
,2021-34997,39.74871353,-105.0256499,8/16/2021 12:41,12:41,6,0,0,3000 BLK W 21ST AVE & N FEDERAL BLVD,1,1,3,0,1,4,0,0,,0,0,0,0,0,4,2,16
,2021-34998,39.72350953,-104.8838929,8/20/2021 14:14,14:14,3,0,0,LOWRY BLVD E & YOSEMITE WY N,1,1,3,0,1,6,0,0,,0,0,0,0,0,4,2,13
,2021-34999,39.68935353,-104.9128899,8/20/2021 12:13,12:13,1,0,0,S MONACO ST & E FLORIDA AVE,1,1,3,0,1,1,0,0,25,0,0,0,0,0,4,2,13
,2021-35002,39.72815353,-104.9799299,8/17/2021 6:27,6:27,6,0,0,PEARL ST N & 7TH AVE E,1,1,3,1,1,4,0,0,,0,0,0,0,0,4,2,16
,2021-35003,39.71705353,-104.9036999,8/20/2021 13:20,13:20,12,0,0,N QUEBEC ST & W LOWRY BLVD,1,1,3,0,1,3,0,0,35,0,0,0,0,0,4,2,3
,2021-35004,39.67752354,-104.9958999,7/30/2021 10:00,10:00,6,0,0,2100 BLOCK S GALAPAGO ST & W WARREN AVE,1,1,3,0,1,4,0,0,25,0,0,0,0,0,4,2,14
,2021-35005,39.72412353,-104.9985699,8/20/2021 15:45,15:45,3,0,0,N SANTA FE DR & W 5TH AVE,1,1,3,0,1,1,0,0,25,0,0,0,0,0,4,2,14
,2021-35007,39.76654352,-104.9117499,7/21/2021 7:10,7:10,6,0,0,3500 BLK N MAGNOLIA ST & E 36TH AVE,1,1,3,0,1,4,0,0,25,0,0,0,0,0,4,3,1
,2021-35012,39.69202353,-104.9406299,8/17/2021 13:44,13:44,12,0,0,COLORADO BLVD S & LOUISIANA AVE E,1,1,3,0,1,3,0,0,35,0,0,0,0,0,2,3,10
,2021-35016,39.65308354,-104.9129199,8/18/2021 7:47,7:47,12,0,0,HAMPDEN AVE E & MONACO ST S,1,1,3,0,1,4,0,0,35,0,0,0,0,1,2,3,13
,2021-35023,39.77760352,-104.8347799,8/17/2021 21:00,21:00,6,0,0,N ANAHEIM CT & E ALBROOK DR,1,4,3,0,1,4,0,0,25,0,0,0,0,0,4,3,16
,2021-35063,39.69289354,-104.9730999,6/17/2021 21:35,21:35,6,0,0,1200 BLK E LOUISIANA AVE & S LAFAYETTE ST,1,3,0,0,1,4,0,0,30,0,0,0,0,0,4,2,14
,2021-35064,39.76728352,-104.9025199,9/18/2021 13:57,13:57,12,0,0,3500 BLK N QUEBEC ST & E 35TH AVE,1,1,0,0,1,1,0,0,35,0,0,0,0,0,4,2,13
,2021-35065,39.77282351,-104.79058,8/14/2021 2:25,2:25,3,0,3,PENA BLVD INBOUND & E 40TH AVE,1,3,0,0,1,1,0,0,45,0,0,0,0,3,4,2,14
,2021-35066,39.68125354,-104.9757199,8/21/2021 4:18,4:18,6,0,0,1900 BLK S OGDEN ST & E ASBURY AVE,1,4,0,0,1,3,0,0,25,0,0,0,0,0,4,2,16
,2021-35067,39.75074353,-104.9649199,8/10/2021 23:24,23:24,6,0,0,23ND AVE E & HIGH ST N,1,3,0,0,1,4,0,0,25,0,0,0,0,0,4,2,13
,2021-35068,39.62411354,-104.88976,6/26/2021 9:24,9:24,3,0,0,DTC BLVD S & BELLEVIEW AVE,1,3,0,0,1,1,0,0,20,0,0,0,0,0,4,2,13
,2021-35069,39.71659353,-104.9985699,6/22/2021 23:35,23:35,3,0,0,W ELLSWORTH AVE & N SANTA FE DR,1,3,0,0,1,1,0,0,30,0,0,0,0,0,2,2,14
,2021-35070,39.71109289,-105.0691329,6/18/2021 20:44,20:44,15,0,0,I-25 & ALAMEDA AVE W,1,4,0,0,1,4,0,0,55,0,0,0,0,0,1,2,5
,2021-35071,39.67393353,-104.9151199,7/25/2021 14:00,14:00,3,0,0,LINDEN CT S & ILIFF AVE E,1,1,0,0,1,2,0,0,15,0,0,0,0,0,4,2,1
,2021-35072,39.70921353,-104.9219899,8/21/2021 4:00,4:00,6,0,0,5600 BLK E DAKOTA AVE & S HOLLY ST,1,4,0,0,1,4,0,0,20,0,0,0,0,0,4,2,14
,2021-35073,39.79464552,-104.9862135,9/21/2021 9:10,9:10,5,0,0,N BRIGHTON BLVD & E 54TH AVE,1,1,0,0,3,4,0,0,35,0,0,0,0,0,4,1,9
,2021-35074,39.77420352,-104.8470299,9/21/2021 7:25,7:25,12,0,0,I-70 & PEORIA ST N,1,1,1,0,1,8,0,0,45,0,0,0,0,0,1,2,13
,2021-35075,39.74005883,-104.9793015,9/21/2021 8:27,8:27,15,0,0,COLFAX AVE E & COLORADO BLVD,1,1,0,0,1,3,0,0,35,0,0,0,0,0,1,2,8
,2021-35076,39.73675353,-104.9418099,8/10/2021 15:31,15:31,10,0,0,E 13TH AVE & N HARRISON ST,1,1,0,0,1,1,0,0,35,0,0,0,0,0,4,2,14
,2021-35077,39.71836353,-104.9891699,9/21/2021 7:57,7:57,11,0,1,1ST AVE W & ACOMA ST N,1,1,0,0,1,1,0,0,0,0,0,1,0,2,4,1,16
,2021-35078,39.72552354,-105.0439599,9/20/2021 7:40,7:40,6,0,0,N TENNYSON ST & W 6TH AVE,1,1,0,0,1,1,0,0,25,0,0,0,0,0,4,2,13
,2021-35079,39.70398354,-105.0370799,9/20/2021 17:30,17:30,3,0,0,NEWTON ST S & EXPOSITION AVE W,1,1,0,0,1,1,0,0,25,0,0,0,0,0,4,2,3
,2021-35080,39.72527841,-105.1417334,9/21/2021 8:19,8:19,12,0,0,I-25 & 6TH AVE W,1,1,0,0,1,4,0,0,55,0,0,0,0,0,1,2,3
,2021-35081,39.8472732,-104.9907112,8/17/2021 18:54,18:54,15,0,0,W 14TH AVE & CHEROKEE ST,1,1,0,0,1,1,0,0,30,0,0,0,0,0,4,2,13
,2021-35082,39.79198352,-104.8902099,9/21/2021 7:25,7:25,1,0,0,51ST AVE E & VERBENA ST N,1,1,0,0,1,1,0,0,25,0,0,0,0,0,4,2,7
,2021-35083,39.72524354,-105.0333899,9/20/2021 22:20,22:20,12,0,0,6TH AVE W & IRVING ST N,1,4,0,0,1,4,0,0,,0,0,0,0,0,2,2,5
,2021-35084,39.73224353,-104.9915299,8/22/2021 12:04,12:04,6,0,0,1000 BLK N CHEROKEE ST & W 10TH AVE,1,1,0,0,1,4,0,0,30,0,0,0,0,0,4,2,2
,2021-35085,39.74018353,-104.9562599,9/21/2021 7:10,7:10,6,0,0,COLFAX AVE E & ELIZABETH ST N,1,1,0,0,1,3,0,0,30,0,0,0,0,0,2,2,7
,2021-35086,39.74506353,-105.0095099,8/16/2021 21:17,21:17,8,0,0,7TH ST & AURARIA PKWY,1,4,1,0,1,1,0,0,35,0,0,0,0,0,4,2,16
,2021-35087,39.74488353,-104.9874099,8/17/2021 14:00,14:00,10,0,0,E 18TH AVE & N BROADWAY ST,1,1,0,0,1,1,0,0,30,0,0,0,0,0,4,2,16
,2021-35088,39.67852354,-105.0017799,9/21/2021 13:05,13:05,3,0,0,S LIPAN ST & W EVANS AVE,1,1,0,0,1,1,0,0,25,0,0,0,0,0,4,2,1
,2021-35089,39.76931353,-105.0532299,8/9/2021 16:32,16:32,15,0,0,W 38TH AVE & N SHERIDAN BLVD,1,1,0,0,1,4,0,0,35,0,0,0,0,0,4,2,1
,2021-35090,39.71782353,-104.9485799,9/21/2021 8:52,8:52,3,0,0,1ST AVE E & ADAMS ST N,1,1,0,0,1,1,0,0,30,0,0,0,0,0,4,2,13
,2021-35091,39.77939353,-104.9791399,9/20/2021 7:40,7:40,12,0,0,I-70 & WASHINGTON ST N,1,1,1,0,1,4,0,0,55,0,0,0,0,0,1,2,13
,2021-35092,39.75536353,-105.0126799,9/17/2021 17:30,17:30,12,0,0,I-25 & SPEER BLVD N,1,1,0,0,1,4,0,0,65,0,0,0,0,0,1,2,13
,2021-35093,39.65308354,-104.9153399,9/21/2021 13:25,13:25,15,0,0,E HAMPDEN AVE & S LOCUST ST,1,1,0,0,1,1,0,0,45,0,0,0,0,0,4,2,8
,2021-35094,39.70228354,-104.9941799,9/20/2021 6:51,6:51,12,0,0,SANTA FE DR S & 800 BLK S,1,1,0,0,1,4,0,0,40,0,0,0,0,0,2,3,13
,2021-35095,39.75228353,-104.9916799,9/19/2021 20:30,20:30,3,0,0,20TH ST & LAWRENCE ST,1,3,0,0,1,1,0,0,35,0,0,0,0,0,4,2,3
,2021-35096,39.81060451,-105.0216694,9/20/2021 8:53,8:53,10,0,0,2ND AVE N & DECATUR ST N,1,1,0,0,1,1,0,0,25,0,0,0,0,1,4,2,13
,2021-35097,39.76564352,-104.9124599,9/19/2021 22:18,22:18,6,0,0,N MONACO ST & E 35TH AVE,1,3,0,0,1,4,0,0,35,0,0,0,0,0,4,2,13
,2021-35098,39.73061353,-104.9918699,9/21/2021 1:13,1:13,9,0,0,SPEER BLVD N & CHEROKEE ST N,11,3,0,1,1,4,0,0,,0,0,0,0,0,4,1,16
,2021-35099,39.74090353,-104.9889999,9/21/2021 15:57,15:57,11,0,0,15TH ST & CLEVELAND PL,1,1,0,0,1,1,0,0,0,0,0,1,0,0,4,1,16
,2021-35101,39.76115353,-105.0047499,9/20/2021 7:54,7:54,12,0,0,I-25 & 20TH ST,1,1,0,0,1,4,0,0,65,0,0,0,0,0,1,2,16
,2021-35102,39.75950353,-104.9733099,9/20/2021 0:24,0:24,6,0,1,3000 N DOWNING ST & 3000 BLK N,1,3,0,0,1,4,0,0,30,0,0,0,0,1,4,2,5
,2021-35103,39.75128353,-105.0167799,9/19/2021 20:49,20:49,12,0,0,I-25 & 23RD AVE W,1,3,0,0,1,4,0,0,55,0,0,0,0,0,1,2,13
,2021-35104,39.76731352,-104.8904499,9/19/2021 17:30,17:30,15,0,0,36TH AVE E & CENTRAL PARK BLVD N,1,1,0,0,1,1,0,0,35,0,0,0,0,1,4,2,8
,2021-35105,39.73144952,-105.0132928,9/20/2021 22:46,22:46,15,0,0,I-25 & MULBERRY PL W,11,3,0,1,1,8,0,0,55,0,0,0,0,0,1,2,16
,2021-35106,39.74010353,-104.9980699,9/19/2021 21:15,21:15,10,0,0,SPEER BLVD SB & COLFAX AVE W,1,3,0,0,1,1,0,0,35,0,0,0,0,0,2,2,13
,2021-35107,39.77705982,-104.9701395,9/20/2021 12:02,12:02,12,0,0,I-70 & BRIGHTON BLVD N,1,1,0,0,1,4,0,1,65,0,0,0,0,0,1,2,7
,2021-35108,39.72527841,-105.1417334,9/20/2021 12:37,12:37,12,0,0,I-25 & 6TH AVE W,1,1,0,0,1,4,0,0,65,0,0,0,0,0,1,2,3
,2021-35109,39.73845353,-104.9968799,9/18/2021 20:28,20:28,5,0,0,W 14TH AVE & N SPEER BLVD,1,3,0,0,3,4,0,0,25,0,0,0,0,0,4,1,1
,2021-35110,39.84979749,-104.6738195,9/20/2021 9:25,9:25,6,0,0,8400 PENA BLVD & DOOR NUMBER 503,1,1,0,0,1,4,0,0,15,0,0,0,0,0,4,2,13
,2021-35111,39.75931353,-104.9936899,9/18/2021 19:30,19:30,11,0,1,PARK AVE W & WEWATTA ST,1,2,0,0,1,1,0,0,30,0,1,0,0,2,4,1,16
,2021-35112,39.75846353,-105.0235999,8/9/2021 7:10,7:10,6,0,0,ELIOT ST N & 2800 BLK N,1,2,0,0,1,4,0,0,25,0,0,0,0,0,4,2,16
,2021-35113,39.77957952,-104.8471054,9/20/2021 16:30,16:30,1,0,1,N PEORIA ST & E 46TH AVE,1,1,0,0,1,1,0,0,35,0,0,0,0,2,4,2,7
,2021-35114,39.75128353,-105.0167799,9/19/2021 20:17,20:17,5,0,0,I-25 & 23RD AVE W,1,3,0,0,3,4,0,0,55,0,0,0,0,0,1,1,16
,2021-35115,39.77651353,-104.9895699,9/20/2021 9:08,9:08,12,0,0,I-25 & 44TH AVE W,1,1,0,0,1,4,0,0,55,0,0,0,0,0,1,3,7
,2021-35116,39.77727352,-104.8827699,9/21/2021 6:15,6:15,12,0,0,I-70 & CENTRAL PARK BLVD N,1,3,0,0,1,4,0,0,55,0,0,0,0,1,1,4,13
,2021-35117,39.70396354,-104.9991799,9/21/2021 13:50,13:50,1,0,0,JASON ST S & EXPOSITION AVE W,1,1,0,0,1,2,0,0,30,0,0,0,0,0,4,2,13
,2021-35118,39.68907354,-104.9975799,9/20/2021 8:18,8:18,10,0,0,FLORIDA AVE W & SANTA FE DR S,1,1,0,0,1,2,0,0,30,0,0,0,0,0,4,2,13
,2021-35119,39.7790217,-104.9413877,9/20/2021 12:37,12:37,3,0,0,COLORADO BLVD N & 46TH AVE E,1,1,0,0,1,1,0,0,35,0,0,0,0,0,2,2,13
,2021-35120,39.74488353,-104.9861099,9/21/2021 15:29,15:29,10,0,0,N LINCOLN ST & E 18TH AVE,1,1,0,0,1,1,0,0,35,0,0,0,0,0,4,2,14
,2021-35121,39.74001353,-104.9798999,9/18/2021 18:55,18:55,6,0,0,E COLFAX AVE & N PEARL ST,1,1,0,0,1,4,0,0,30,0,0,0,0,0,4,2,14
,2021-35122,39.71162353,-104.9591599,9/20/2021 18:14,18:14,12,0,0,200 BLK S UNIVERSITY & E ALAMEDA AVE,1,1,1,0,1,3,0,0,30,0,0,0,0,0,4,2,13
,2021-35123,39.65300354,-104.9406699,9/21/2021 5:00,5:00,12,0,0,E HAMPDEN AVE & S COLORADO BLVD,11,3,0,0,1,1,0,0,35,0,0,0,0,0,4,2,7
,2021-35124,39.70725099,-104.9733709,9/20/2021 15:37,15:37,12,0,0,I-25 & DOWNING ST S,1,1,0,0,1,4,0,0,60,0,0,0,0,0,1,2,3
,2021-35125,39.83230305,-104.9834911,9/17/2021 13:44,13:44,3,0,0,COLFAX AVE W & I-25 SB OFF RAMP,1,1,0,0,1,1,0,0,45,0,0,0,0,0,2,2,3
,2021-35126,39.70123354,-105.0250699,9/19/2021 19:29,19:29,15,0,0,FEDERAL BLVD S & KENTUCKY AVE W,1,3,1,0,1,4,0,0,,0,0,0,0,0,2,2,16
,2021-35127,39.72590354,-105.0252334,9/20/2021 8:27,8:27,12,0,0,6TH AVE W & FEDERAL BLVD N,1,1,0,0,1,4,0,0,65,0,0,0,0,0,1,2,3
,2021-35128,39.77711352,-104.8827799,9/4/2021 5:40,5:40,1,0,0,CENTRAL PARK BLVD N & I-70 WB ON RAMP,1,2,0,0,1,1,0,0,35,0,0,0,0,1,4,2,14
,2021-35129,39.8379135,-104.68557,9/21/2021 6:15,6:15,15,0,0,25700 BLK E 78TH AVE & JACKSON GAP,1,1,0,0,1,1,0,0,45,0,0,0,0,0,4,2,6
,2021-35130,39.77727352,-104.8827699,9/21/2021 5:00,5:00,15,0,0,I-70 & CENTRAL PARK BLVD N,11,2,0,0,1,4,0,0,55,0,0,0,0,1,1,2,1
,2021-35131,39.74032353,-105.0257799,9/20/2021 13:56,13:56,15,0,1,COLFAX AVE W & IRVING ST N,1,1,1,0,1,4,0,0,35,0,0,0,1,2,2,2,13
,2021-35132,39.77420352,-104.8470299,9/17/2021 16:04,16:04,12,0,0,I-70 & PEORIA ST N,1,2,0,0,1,4,0,0,55,0,0,0,0,0,1,3,13
,2021-35133,39.72549354,-105.0394499,9/20/2021 0:30,0:30,12,0,1,6TH AVE W & PERRY ST N,1,3,2,0,1,4,0,0,65,0,1,0,0,2,2,2,13
,2021-35134,39.74043353,-105.0139599,9/21/2021 2:14,2:14,12,0,0,I-25 & COLFAX AVE W,11,3,0,0,1,4,0,0,55,0,0,0,0,0,1,2,16
,2021-35135,39.75071353,-104.9733499,9/21/2021 15:37,15:37,12,0,0,E 23RD AVE & N DOWNING ST,1,1,0,0,1,1,0,0,25,0,0,0,0,0,4,2,13
,2021-35136,39.79401937,-105.027747,9/21/2021 11:30,11:30,16,0,0,7500 N SHADY GROVE ST & PRIVATE PROPERTY,1,1,0,0,5,7,0,0,15,0,0,0,0,0,3,2,14
,2021-35137,39.78380351,-104.77755,9/20/2021 16:00,16:00,12,0,0,17700 BLK E GVR BLVD & 17700 BLK E,1,1,0,0,1,4,0,0,30,0,0,0,0,0,4,2,13
,2021-35138,39.72553353,-105.0131199,9/17/2021 12:00,12:00,12,0,0,I-25 & 6TH AVE W,1,1,0,0,1,4,0,0,55,0,0,0,0,0,1,2,1
,2021-35139,39.77639963,-104.989763,9/20/2021 10:09,10:09,15,0,0,I-25 SB ON RAMP FROM I-70 & 44TH AVE W,1,1,0,0,1,8,0,0,65,0,0,0,0,0,4,3,14
,2021-35140,39.69309854,-105.0251164,9/21/2021 18:02,18:02,12,0,0,FEDERAL BLVD S & LOUISIANA AVE W,1,1,0,0,1,4,0,0,40,0,0,0,0,0,2,2,3
,2021-35141,39.75548353,-104.9910399,9/20/2021 7:33,7:33,12,0,0,22ND ST & MARKET ST,1,1,0,0,1,1,0,0,30,0,0,0,0,0,4,2,3
,2021-35142,39.68939954,-104.9920549,5/25/2021 11:58,11:58,12,0,0,S SANTA FE DR & W FLORIDA AVE,1,1,0,0,1,1,0,0,35,0,0,0,0,0,2,2,7
,2021-35143,39.74746352,-104.8858199,9/20/2021 17:00,17:00,12,0,0,E MONTVIEW BLVD & N XENIA ST,1,1,0,0,1,4,0,0,30,0,0,0,0,0,4,2,14
,2021-35144,39.76442353,-105.0080199,9/20/2021 13:55,13:55,3,0,0,34TH AVE W & QUIVAS ST N,1,1,0,0,1,1,0,0,25,0,0,0,0,0,4,3,1
,2021-35145,39.75446353,-104.9597499,9/20/2021 16:51,16:51,1,0,0,26TH AVE E & YORK ST N,1,1,0,0,1,1,0,0,30,0,0,0,0,0,4,2,13
,2021-35146,39.84282642,-104.6731651,9/19/2021 23:00,23:00,15,0,0,8100 PENA BLVD & 8100 BLK,1,3,0,0,1,4,0,0,65,0,0,0,0,0,4,2,13
,2021-35147,39.72568945,-105.0450605,9/20/2021 21:00,21:00,12,0,0,6TH AVE W & UTICA ST N,1,3,0,0,1,4,0,0,65,0,0,0,0,0,2,4,3
,2021-35148,39.75100352,-104.9104999,9/20/2021 18:21,18:21,3,0,0,N NIAGARA ST & E 23RD AVE,1,1,0,0,1,1,0,0,30,0,0,0,0,0,4,2,13
,2021-35149,39.78004353,-104.9790699,9/20/2021 15:04,15:04,15,0,0,WASHINGTON ST N & I-70 WB ON RAMP,1,1,0,0,1,1,0,0,35,0,0,0,0,0,4,2,13
,2021-35247,39.79253351,-104.77206,6/21/2021 9:20,9:20,12,0,0,ELMENDORF DR E & TOWER RD N,1,1,3,0,1,1,0,0,,0,0,0,0,0,4,2,16
,2021-35299,39.75381352,-104.8907099,9/24/2021 18:11,18:11,3,0,1,N CENTRAL PARK BLVD & E 25TH DR,1,1,0,0,1,1,0,0,35,0,0,0,0,2,4,2,7
,2021-35300,39.68848354,-104.9874999,9/21/2021 22:52,22:52,15,0,0,1500 BLK S BROADWAY ST & W IOWA AVE,1,3,0,0,1,4,0,0,35,0,0,0,1,0,4,2,1
,2021-35301,39.76201353,-105.0252299,9/22/2021 13:35,13:35,1,0,0,FEDERAL BLVD N & 32ND AVE W,1,1,1,0,1,1,0,0,35,0,0,0,0,1,2,2,13
,2021-35302,39.75966353,-105.0017699,9/21/2021 22:39,22:39,12,0,0,20TH ST & LITTLE RAVEN ST,1,3,1,0,1,1,0,0,35,0,0,0,0,0,4,4,3
,2021-35303,39.80445351,-104.8843699,9/18/2021 14:20,14:20,3,0,1,59TH PL E & CENTRAL PARK BLVD N,1,1,0,0,1,1,0,0,25,0,0,0,0,2,4,2,13
,2021-35304,39.74014153,-104.9453629,9/24/2021 19:37,19:37,1,0,0,COLFAX AVE E & MONROE ST N,1,3,0,0,1,1,0,0,30,0,0,0,0,0,1,2,13
,2021-35305,39.67862654,-105.0249814,9/24/2021 17:15,17:15,15,0,0,FEDERAL BLVD S & EVANS AVE W,1,1,0,0,1,4,0,0,40,0,0,0,0,0,2,2,1
,2021-35306,39.86662778,-104.6717006,9/22/2021 8:45,8:45,12,0,0,6000 BLK PENA BLVD & N TOWER RD,1,1,0,0,1,4,0,0,65,0,0,0,0,0,4,3,7
,2021-35307,39.69669854,-104.9918704,9/17/2021 1:48,1:48,3,0,2,W MISSISSIPPI AVE & S SANTA FE DR,1,3,0,0,1,1,0,0,35,0,0,0,0,1,4,2,13
,2021-35308,39.72551353,-105.0133499,9/22/2021 17:45,17:45,12,0,0,I-25 SB & 6TH AVE W,1,1,0,0,1,4,0,0,55,0,0,0,0,0,1,3,16
,2021-35309,39.75485353,-105.0381399,9/22/2021 18:28,18:28,2,0,0,26TH AVE W & OSCEOLA ST N,1,1,0,0,1,1,0,0,25,1,0,0,0,1,4,2,3
,2021-35310,39.73297353,-105.0251799,9/22/2021 7:25,7:25,6,0,1,3000 BLK W 10TH AVE & N FEDERAL BLVD,1,1,0,0,1,4,0,0,25,0,0,0,0,2,4,3,16