id,drcog_id,latitude,longitude,crashtime,time,crashtype,numbkilled,numbinjurd,drcoglocat,rdconditin,lightngcon,roadcntgrd,weatherco,location,roaddescrp,schoolzone,constrzone,splimit,bikeinv,pedinv,sctrinv,motoinv,svrty,rdsystem,ttlvehcls,hcf
,2021-35311,39.61833355,-105.0912299,9/22/2021 11:01,11:01,12,0,0,WADSWORTH BLVD S & CRESTLINE AVE W,1,1,0,0,1,4,0,0,40,0,0,0,0,0,2,4,3
,2021-35312,39.74323353,-104.9727499,8/24/2021 0:45,0:45,12,0,0,1100 BLK 17TH AVE & PARK AVE WEST,1,3,0,0,1,3,0,0,30,0,0,0,0,0,4,2,5
,2021-35313,39.75641654,-104.9123787,9/21/2021 7:35,7:35,12,0,0,MONACO PKWY & MLK BLVD WB,1,1,0,0,1,1,0,0,35,0,0,0,0,0,4,2,13
,2021-35314,39.73870353,-104.9046199,9/22/2021 10:17,10:17,3,0,0,E 14TH AVE & N POPLAR ST,1,1,0,0,1,1,0,0,25,0,0,0,0,0,4,2,13
,2021-35315,39.78664485,-104.8307032,9/25/2021 20:36,20:36,1,0,1,56TH AVE E & BLACKHAWK WY N,1,3,0,0,1,1,0,0,40,0,0,0,0,2,4,2,13
,2021-35316,39.72725353,-104.9793499,8/22/2021 3:50,3:50,5,0,0,N PEARL WASHINGTON ALY & E 7TH AVE,1,3,1,0,3,1,0,0,25,0,0,0,0,0,4,1,16
,2021-35317,39.72553353,-105.0131199,9/22/2021 12:08,12:08,12,0,0,I-25 NB OFF RAMP TO & 6TH AVE W,1,1,1,0,1,8,0,0,55,0,0,0,0,0,1,4,13
,2021-35318,39.73525353,-104.9916399,9/22/2021 16:39,16:39,3,0,0,W 12TH AVE & N CHEROKEE ST,1,1,0,0,1,1,0,0,30,0,0,0,0,0,4,2,13
,2021-35319,39.78244352,-104.8613099,9/22/2021 8:00,8:00,3,0,0,E 47TH AVE & N JOLIET ST,1,1,0,0,1,1,0,0,25,0,0,0,0,0,4,2,13
,2021-35320,39.75307352,-104.9171299,8/22/2021 16:04,16:04,6,0,0,KEARNEY ST N & 25TH AVE E,1,1,0,0,1,4,0,0,25,0,0,0,0,0,4,2,13
,2021-35321,39.82518502,-104.9816053,9/24/2021 20:41,20:41,15,0,0,I-25 NB & 6TH AVE W,1,3,0,0,1,4,0,0,60,0,0,0,0,0,1,2,13
,2021-35322,39.74745352,-104.8846499,9/23/2021 5:33,5:33,1,0,2,E MONTVIEW BLVD & N CENTRAL PARK BLVD,1,3,0,0,1,1,0,0,30,0,0,0,0,1,4,2,13
,2021-35323,39.78001152,-104.8829434,9/24/2021 19:16,19:16,10,0,0,N CENTRAL PARK BLVD & E 46TH AVE,1,2,0,0,1,3,0,1,35,0,0,0,0,0,4,2,13
,2021-35324,39.71121554,-105.0299719,9/22/2021 18:33,18:33,3,0,0,ALAMEDA AVE W & IRVING ST S,1,2,0,0,1,1,0,0,35,0,0,0,0,0,2,2,3
,2021-35325,39.78362951,-104.791364,9/23/2021 17:19,17:19,1,0,2,PENA BLVD & GVR BLVD E,1,1,0,0,1,1,0,0,40,0,0,0,0,2,4,2,13
,2021-35326,39.77393271,-104.8657399,9/22/2021 14:47,14:47,12,0,0,I-70 & HAVANA ST N,1,1,0,0,1,4,0,0,55,0,0,0,0,0,1,2,13
,2021-35327,39.76738452,-104.9025184,9/23/2021 15:00,15:00,15,0,0,N QUEBEC ST & E 36TH AVE,1,1,0,0,1,4,0,0,35,0,0,0,0,0,4,2,13
,2021-35328,39.75074353,-105.0006199,9/22/2021 20:00,20:00,6,0,0,1500 BLK WAZEE ST & 15TH ST,1,3,0,0,1,4,0,0,30,0,0,0,0,0,4,2,3
,2021-35329,39.78589351,-104.77212,9/12/2021 0:38,0:38,12,0,0,N TOWER RD & E 49TH AVE,1,3,0,0,1,4,0,0,,0,0,0,0,0,4,2,5
,2021-35330,39.76571352,-104.8469999,9/23/2021 8:15,8:15,12,0,0,N PEORIA ST & E ALBROOK DR,1,1,0,0,1,1,0,0,35,0,0,0,0,0,4,2,13
,2021-35331,39.79840751,-104.7872825,9/23/2021 17:04,17:04,3,0,0,56TH AVE E & PENA BLVD,1,1,0,0,1,1,0,0,35,0,0,0,0,0,4,2,13
,2021-35332,39.77610552,-104.8483654,9/23/2021 12:15,12:15,1,0,1,PEORIA ST N & 4411 N PEORIA ST,1,1,0,0,1,2,0,0,35,0,0,0,0,2,4,2,8
,2021-35333,39.63811354,-104.9124399,9/22/2021 20:10,20:10,1,0,0,S MONACO ST & E HAPPY CANYON RD,1,3,0,0,1,1,0,0,35,0,0,0,0,0,4,2,13
,2021-35334,39.65578353,-104.86791,9/18/2021 21:49,21:49,12,0,0,10200 BLK E GIRARD AVE & S GALENA ST,1,3,0,0,1,4,0,0,25,0,0,0,0,0,4,2,14
,2021-35335,39.75941038,-104.9597724,9/24/2021 12:48,12:48,12,0,0,I-70 & YORK ST N,1,1,1,0,1,4,0,1,55,0,0,0,0,0,1,2,4
,2021-35336,39.76088353,-104.9823199,9/23/2021 13:48,13:48,3,0,1,LARIMER ST & 2800 BLK,1,1,0,0,1,2,0,0,25,0,0,0,1,2,4,2,13
,2021-35337,39.76832353,-104.9949599,9/22/2021 22:25,22:25,12,0,0,I-25 SB & PARK AVE W,1,3,0,0,1,4,0,0,55,0,0,0,0,0,1,2,13
,2021-35338,39.75175353,-105.0334499,6/14/2021 7:45,7:45,5,0,0,KING ST N & 2323 N KING ST,1,1,0,0,2,5,0,0,15,0,0,0,0,0,4,1,16
,2021-35339,39.76832353,-104.9949599,9/23/2021 9:38,9:38,15,0,0,I-25 SB & PARK AVE W,1,1,0,0,1,4,0,0,55,0,0,0,0,0,1,2,13
,2021-35340,39.66759354,-104.9141099,9/22/2021 16:30,16:30,1,0,0,YALE AVE E & MONACO ST S,1,1,0,0,1,2,0,0,35,0,0,0,0,0,4,2,13
,2021-35341,39.72565153,-104.9183449,9/23/2021 15:35,15:35,12,0,0,WB E 6TH AVE & N JASMINE ST,1,1,0,0,1,4,0,0,30,0,0,0,0,0,4,2,13
,2021-35342,39.74217354,-105.0497999,9/12/2021 11:00,11:00,6,0,0,N XAVIER ST & W 16TH AVE,1,1,0,0,1,4,0,0,25,0,0,0,0,0,4,2,16
,2021-35343,39.77411352,-104.8827799,9/15/2021 13:40,13:40,2,0,1,40TH AVE E & CENTRAL PARK BLVD N,1,1,0,0,1,1,0,0,0,1,0,0,0,3,4,2,16
,2021-35344,39.7596613,-104.9371905,9/22/2021 23:23,23:23,6,0,0,BELLAIRE ST N & 29TH AVE E,1,4,0,0,1,4,0,0,20,0,0,0,0,0,4,2,5
,2021-35345,39.71109289,-105.0691329,9/23/2021 16:59,16:59,12,0,0,I-25 SB & ALAMEDA AVE W,1,1,3,0,1,4,0,0,55,0,0,0,0,1,1,2,3
,2021-35346,39.77727352,-104.8827699,9/23/2021 6:05,6:05,12,0,0,I-70 WB ON RAMP FROM & CENTRAL PARK BLVD N,3,3,1,0,1,8,0,0,45,0,0,0,0,0,1,2,13
,2021-35347,39.83230305,-104.9834911,9/26/2021 10:46,10:46,15,0,0,I-25 SB EXIT GORE PT TO & 6TH AVE W,1,1,1,0,1,8,0,0,55,0,0,0,0,0,1,2,8
,2021-35348,39.73352353,-104.9987799,9/14/2021 16:00,16:00,16,0,0,SANTA FE DR & 1075 N SANTA FE DR,1,1,0,0,5,7,0,0,,0,0,0,0,0,3,2,1
,2021-35349,39.84979749,-104.6738195,9/24/2021 17:02,17:02,6,0,0,PENA BLVD (AIRPORT) & 8400 BLK,1,1,0,0,5,4,0,0,15,0,0,0,0,0,3,2,13
,2021-35350,39.66768354,-104.9962099,9/26/2021 19:04,19:04,8,0,1,SANTA FE DR S & HARVARD AVE W,1,3,0,0,1,4,0,0,55,0,0,0,0,2,2,2,5
,2021-35351,39.74339353,-104.9354999,9/26/2021 9:08,9:08,3,0,0,N CLERMONT ST & E 17TH AVE,1,1,0,0,1,1,0,0,,0,0,0,0,0,4,2,13
,2021-35352,39.69477354,-104.9827599,9/26/2021 9:58,9:58,3,0,0,S LOGAN ST & E ARIZONA AVE,1,1,0,0,1,1,0,0,25,0,0,0,0,0,4,2,14
,2021-35353,39.79330411,-104.7451823,9/26/2021 3:30,3:30,6,0,0,20800 BLK N LISBON ST & E 40TH AVE,1,4,0,0,1,4,0,0,35,0,0,0,0,0,4,2,3
,2021-35354,39.69567354,-104.9593199,9/23/2021 20:34,20:34,3,0,0,UNIVERSITY BLVD S & ARIZONA AVE E,1,3,0,0,1,2,0,0,30,0,0,0,0,0,4,2,13
,2021-35355,39.74246353,-105.0001399,9/21/2021 10:55,10:55,11,0,1,ST FRANCIS WY & SPEER BLVD N,1,1,1,0,1,1,0,0,30,0,0,1,0,2,4,1,1
,2021-35356,39.69116354,-104.9827899,9/26/2021 14:46,14:46,8,0,0,S LOGAN ST & E ARKANSAS AVE,1,1,1,0,1,1,0,0,30,0,0,0,0,1,4,2,13
,2021-35357,39.68981354,-104.9734099,9/26/2021 4:43,4:43,5,0,2,I-25 SB & DOWNING ST S,1,3,0,0,3,4,0,0,60,0,0,0,0,2,1,1,15
,2021-35358,39.63976355,-105.0532599,9/26/2021 14:25,14:25,3,0,0,QUINCY AVE W & SHERIDAN BLVD S,1,1,0,0,1,1,0,0,,0,0,0,0,0,2,2,3
,2021-35359,39.68948354,-105.0250499,9/25/2021 20:11,20:11,11,0,1,FEDERAL BLVD S & FLORIDA AVE W,1,3,0,0,1,3,0,0,0,0,1,0,0,3,2,1,16
,2021-35360,39.71814354,-105.0396899,9/24/2021 15:47,15:47,12,0,0,N PERRY ST & W 1ST AVE,1,1,1,0,1,1,0,0,30,0,0,0,0,0,4,2,16
,2021-35361,39.74878353,-105.0268099,9/26/2021 18:00,18:00,3,0,0,W 21ST AVE & N GROVE ST,1,1,0,0,1,1,0,0,20,0,0,0,0,0,4,2,13
,2021-35362,39.73310354,-105.0532299,9/26/2021 16:48,16:48,2,0,0,SHERIDAN BLVD N & 10TH AVE W,1,1,1,0,1,1,0,0,0,1,0,0,0,0,2,2,16
,2021-35363,39.74191353,-104.9163199,9/25/2021 19:40,19:40,6,0,0,16TH AVE E & KRAMERIA ST N,1,4,0,0,1,4,0,0,25,0,0,0,0,1,4,2,5
,2021-35364,39.72590281,-104.9903252,9/26/2021 11:52,11:52,6,0,0,N BANNOCK ST & W 6TH AVE,1,1,0,0,1,4,0,0,25,0,0,0,0,0,4,2,7
,2021-35365,39.66748354,-104.9254699,9/26/2021 0:18,0:18,12,0,0,I-25 NB & YALE AVE E,1,3,0,0,1,4,0,0,65,0,0,0,0,1,1,2,13
,2021-35366,39.74515108,-105.0324513,9/26/2021 17:43,17:43,3,0,0,W 18TH AVE & N IRVING ST,1,1,0,0,1,1,0,0,25,0,0,0,0,1,4,2,13
,2021-35367,39.76866353,-105.0064399,9/25/2021 15:20,15:20,6,0,0,PECOS ST N & 3700 BLK N,1,1,0,0,3,4,0,0,30,0,0,0,0,0,4,2,9
,2021-35368,39.72563353,-104.9874244,9/26/2021 16:51,16:51,3,0,0,E 6TH AVE & N BROADWAY ST,1,1,0,0,1,1,0,0,30,0,0,0,0,0,4,2,8
,2021-35369,39.74193253,-104.9998579,9/26/2021 16:37,16:37,10,0,0,CHAMPA ST & SPEER BLVD N,1,1,0,0,1,1,0,0,35,0,0,0,0,0,4,2,14
,2021-35370,39.76322353,-105.0064299,9/25/2021 23:49,23:49,6,0,0,W 33RD AVE & N PECOS ST,1,3,0,0,1,1,0,0,25,0,0,0,0,0,4,2,3
,2021-35371,39.77362532,-104.79756,9/24/2021 12:55,12:55,3,0,0,40TH AVE E & ANDREWS WY N,1,1,0,0,1,1,0,0,25,0,0,0,0,0,4,2,13
,2021-35372,39.61833355,-105.0912299,9/25/2021 11:20,11:20,3,0,0,W CRESTLINE AVE & S WADSWORTH BLVD,1,1,0,0,1,2,0,0,20,0,0,0,0,0,4,2,14
,2021-35373,39.67084353,-104.86604,9/20/2021 15:18,15:18,1,0,0,HAVANA ST S & PARKER RD S,1,1,1,0,1,1,0,0,40,0,0,0,0,1,2,2,16
,2021-35374,39.74017753,-104.9292169,9/26/2021 9:30,9:30,12,0,0,E COLFAX AVE & N ELM ST (APPROX),1,1,0,0,1,3,0,0,30,0,0,0,0,0,4,2,13
,2021-35375,39.73940353,-105.0345999,9/24/2021 14:30,14:30,6,0,0,LOWELL BLVD N & COLFAX AVE W,1,1,1,0,1,4,0,0,25,0,0,0,0,0,4,2,13
,2021-35376,39.72913353,-104.9505599,9/23/2021 21:50,21:50,3,0,0,E 8TH AVE & N ST PAUL ST,1,3,0,0,1,1,0,0,30,0,0,0,0,0,4,2,2
,2021-35377,39.70642354,-104.9967799,9/25/2021 0:16,0:16,5,0,0,SANTA FE DR S & I-25,1,3,0,0,2,4,0,0,45,0,0,0,0,0,2,1,16
,2021-35378,39.68950354,-105.0156999,9/22/2021 12:53,12:53,3,0,0,ZUNI ST S & FLORIDA AVE W,1,1,1,0,1,1,0,0,30,0,0,0,0,0,4,2,3
,2021-35379,39.75620762,-104.8923163,9/22/2021 10:09,10:09,10,0,0,N YORK ST & E 28TH AVE,1,1,0,0,1,1,0,0,30,0,0,0,0,0,4,2,14
,2021-35380,39.78422353,-105.0251799,9/21/2021 20:20,20:20,1,0,0,FEDERAL BLVD N & I-70 EB ON RAMP,1,3,0,0,1,1,0,0,35,0,0,0,0,0,2,2,13
,2021-35381,39.728781,-104.9004821,9/25/2021 22:33,22:33,3,0,0,1ST AVE E & ROSLYN ST N,1,3,0,0,1,1,0,0,25,0,0,0,0,0,4,2,13
,2021-35451,39.69609353,-104.8968999,9/20/2021 17:30,17:30,12,0,1,S PARKER ROAD & E MISSISSIPPI AVE,1,1,3,0,1,3,0,0,,0,0,0,0,1,2,2,16
,2021-35566,39.77582352,-104.8657299,9/22/2021 20:01,20:01,12,0,1,I-70 & HAVANA ST N,1,3,0,0,1,4,0,0,55,0,0,0,0,2,1,3,8
,2021-35567,39.75950352,-104.8641999,9/21/2021 20:35,20:35,3,0,1,HAVANA ST N & MLK BLVD,1,3,0,0,1,1,0,0,35,0,0,0,1,2,4,3,13
,2021-35568,39.76190352,-104.9126099,9/25/2021 16:49,16:49,1,0,0,N MONACO ST & E MLK BLVD,1,1,0,0,1,1,0,0,35,0,0,0,0,0,4,3,13
,2021-35569,39.78313353,-105.0064099,9/22/2021 18:15,18:15,12,0,0,I-70 & PECOS ST N,1,1,0,0,1,4,0,0,55,0,0,0,0,0,1,4,5
,2021-35570,39.63413354,-104.9067299,9/24/2021 11:34,11:34,12,0,0,I-25 & MM 200.10,1,1,0,0,1,4,0,0,65,0,0,0,0,0,1,2,3
,2021-35571,39.74323353,-104.9696699,9/23/2021 17:05,17:05,10,0,0,1300 BLK E 17TH AVE & N HUMOLDT ST,1,1,0,0,1,3,0,0,30,0,0,0,0,0,4,2,3
,2021-35572,39.82518502,-104.9816053,9/24/2021 10:29,10:29,12,0,0,I-25 NB EXIT GORE PT TO & 6TH AVE W,1,1,1,0,1,8,0,0,65,0,0,0,0,0,1,2,14
,2021-35573,39.69111354,-104.9960399,9/24/2021 1:36,1:36,5,0,0,PLATTE RIVER DR S & JASON ST S,1,3,0,0,3,4,0,0,30,0,0,0,0,0,2,1,5
,2021-35574,39.67578354,-104.9734599,9/25/2021 2:15,2:15,8,0,1,2200 BLK S DOWNING ST & E WARREN AVE,1,3,0,0,1,4,0,0,30,0,0,0,0,1,4,2,13
,2021-35575,39.69017036,-104.9500196,9/24/2021 23:59,23:59,5,0,0,S STEELE ST & E 1ST AVE,1,3,0,0,3,4,0,0,30,0,0,0,0,0,4,1,16
,2021-35576,39.69116354,-104.9827899,9/25/2021 14:16,14:16,3,0,0,E ARKANSAS AVE & S LOGAN ST,1,1,0,0,1,1,0,0,25,0,0,0,0,0,4,2,13
,2021-35577,39.77841352,-104.9035599,9/24/2021 10:15,10:15,12,0,0,I-70 WB OFF RAMP TO & QUEBEC ST N,1,1,1,0,1,8,0,1,35,0,0,0,0,0,1,2,13
,2021-35578,39.77178353,-104.9716999,9/25/2021 4:16,4:16,5,0,1,BLAKE ST & 3800 BLK,1,3,0,0,3,4,0,0,30,0,0,0,0,3,4,1,16
,2021-35579,39.65301485,-104.8999632,9/23/2021 14:34,14:34,1,0,2,7500 E HAMPDEN AVE & E HAMPDEN AVE,1,1,0,0,1,2,0,0,35,0,0,0,0,2,4,2,7
,2021-35580,39.76115353,-105.0047499,9/23/2021 17:59,17:59,15,0,1,I-25 SB & 20TH ST,1,1,0,0,1,4,0,0,55,0,0,0,1,2,1,2,14
,2021-35581,39.75574753,-104.9889544,9/25/2021 3:15,3:15,3,0,2,LARIMER ST & PARK AVE W,1,3,0,0,1,1,0,0,30,0,0,0,0,2,4,2,14
,2021-35582,39.71665678,-105.0744779,9/23/2021 22:10,22:10,5,0,0,ELLSWORTH AVE W & FEDERAL BLVD N,1,3,1,0,6,1,0,0,40,0,0,0,0,0,2,1,5
,2021-35583,39.77114353,-105.0275899,9/24/2021 23:10,23:10,6,0,0,GROVE ST N & 39TH AVE W,1,3,0,0,1,4,0,0,35,0,0,0,0,0,4,2,14
,2021-35584,39.75013353,-104.9406099,9/24/2021 22:40,22:40,15,0,0,COLORADO BLVD N & 23RD AVE E,1,3,0,0,1,4,0,0,35,0,0,0,0,0,2,2,16
,2021-35585,39.78346312,-105.0112166,9/25/2021 11:25,11:25,9,0,0,I-70 & MM 276,1,1,0,0,2,4,0,0,65,0,0,0,0,0,1,2,14
,2021-35586,39.76088303,-105.0040291,9/25/2021 1:35,1:35,5,0,1,20TH ST & I-25 NB ON RAMP,1,3,1,0,4,8,0,0,,0,0,0,0,1,4,1,5
,2021-35587,39.67844354,-104.9337599,9/24/2021 14:09,14:09,12,0,0,I-25 NB ON RAMP FROM & EVANS AVE E,1,1,0,0,1,8,0,0,40,0,0,0,0,0,1,2,3
,2021-35588,39.7179458,-105.0046334,9/24/2021 7:36,7:36,15,0,0,I-25 SB ENT GORE PT FROM & HWY 85 NB,1,1,1,0,1,8,0,0,65,0,0,0,0,0,1,2,8
,2021-35589,39.74323353,-104.9708999,9/23/2021 19:09,19:09,3,0,1,LAFAYETTE ST N & 17TH AVE E,1,3,0,0,1,1,0,0,35,0,0,0,0,1,4,2,14
,2021-35590,39.67485354,-104.9128699,9/25/2021 9:25,9:25,2,0,0,ILIFF AVE E & MONACO ST S,1,1,0,0,1,1,0,0,10,1,0,0,0,1,4,2,7
,2021-35591,39.69547353,-104.9050499,9/21/2021 23:30,23:30,16,0,0,7100 E MISSISSIPPI AVE & 7100 BLK E,1,1,0,0,5,7,0,0,,0,0,0,0,0,3,2,14
,2021-35592,39.75658352,-104.9105299,9/20/2021 7:59,7:59,6,0,0,N NIAGARA ST & E 29TH AVE,1,1,0,0,1,4,0,0,,0,0,0,0,0,4,2,14
,2021-35593,39.76519752,-104.8806361,9/25/2021 14:51,14:51,3,0,0,E 35TH AVE & N YORK ST,1,1,0,0,1,1,0,0,35,0,0,0,0,0,4,2,14
,2021-35594,39.75986352,-104.8901899,9/25/2021 12:00,12:00,3,0,0,CENTRAL PARK BLVD N & MLK BLVD E,1,1,0,0,1,1,0,0,30,0,0,0,0,1,4,2,7
,2021-35734,39.69749354,-104.9686999,9/22/2021 13:24,13:24,15,0,0,1000 BLK S FRANKLIN ST & E TENNESSEE AVE,1,1,1,0,1,4,0,0,30,0,0,0,0,0,4,2,13
,2021-35735,39.77467351,-104.77206,9/22/2021 20:49,20:49,1,0,0,TOWER RD N & 43RD AVE E,1,3,0,0,1,1,0,0,40,0,0,0,0,1,4,2,13
,2021-35736,39.77339152,-104.8471009,9/24/2021 17:51,17:51,3,0,0,PEORIA ST N & I-70 EB OFF RAMP,1,1,0,0,1,1,0,0,25,0,0,0,0,0,4,2,13
,2021-35737,39.77928353,-105.0532299,9/22/2021 16:58,16:58,12,0,0,SHERIDAN BLVD N & 45TH AVE W,1,1,0,0,1,4,0,0,40,0,0,0,0,0,2,2,13
,2021-35738,39.68293354,-104.9405399,9/24/2021 16:59,16:59,12,0,0,I-25 & COLORADO BLVD S,1,1,0,0,1,4,0,0,65,0,0,0,0,0,1,2,4
,2021-35739,39.91915628,-105.0050976,9/24/2021 14:35,14:35,12,0,0,I-70 & PECOS ST N,1,1,1,0,1,4,0,0,65,0,0,0,0,0,1,2,3
,2021-35740,39.70023445,-104.9886013,9/22/2021 16:05,16:05,12,0,0,S BROADWAY ST & E KENTUCKY AVE,1,1,0,0,1,4,0,0,30,0,0,0,0,0,4,2,13
,2021-35741,39.76201353,-105.0201399,9/22/2021 17:56,17:56,10,0,0,32ND AVE W & CLAY ST N,1,2,0,0,1,4,0,0,25,0,0,0,0,0,4,2,8
,2021-35742,39.65303354,-104.9339799,9/22/2021 15:28,15:28,15,0,0,E HAMPDEN AVE & S CHERRY ST,1,1,0,0,1,3,0,0,45,0,0,0,0,0,4,2,13
,2021-35743,39.79753452,-104.9721739,9/22/2021 8:32,8:32,1,0,0,N MARION ST & E 37TH AVE,1,1,0,0,1,1,0,0,30,0,0,0,0,0,4,2,13
,2021-35744,39.78346312,-105.0112166,9/21/2021 17:33,17:33,12,0,0,I-70 EB EXIT GORE PT TO & PEORIA ST N,1,1,0,0,1,4,0,0,65,0,0,0,0,1,2,2,14
,2021-35745,39.78787351,-104.81235,9/22/2021 7:55,7:55,6,0,0,E 52ND AVE & N FONTANA CT,1,1,0,0,1,4,0,0,25,0,0,0,0,0,4,2,3
,2021-35746,39.70551354,-105.0408499,9/22/2021 17:27,17:27,3,0,0,QUITMAN ST S & MORRISON RD,1,1,0,0,1,1,0,0,25,0,0,0,0,0,4,2,7
,2021-35747,39.6707476,-105.0885447,9/22/2021 13:08,13:08,3,0,2,S BALSAM WAY & W UNION AVE,1,1,0,0,1,1,0,0,30,0,0,0,0,1,4,2,13
,2021-35748,39.77420352,-104.8470299,9/22/2021 6:30,6:30,12,0,0,I-70 & PEORIA ST N,1,3,1,0,1,4,0,0,65,0,0,0,0,1,1,2,13
,2021-35749,39.74003353,-104.9835799,9/12/2021 20:03,20:03,1,0,0,COLFAX AVE E & GRANT ST N,1,3,0,0,1,1,0,0,35,0,0,0,0,0,2,2,13
,2021-35750,39.76440353,-104.9760099,9/26/2021 10:14,10:14,1,0,0,33RD ST & LAWRENCE ST,1,1,0,0,1,1,0,0,25,0,0,0,0,0,4,4,6
,2021-35751,39.74002353,-104.9715899,9/22/2021 1:06,1:06,6,0,0,COLFAX AVE E & LAFAYETTE ST RD N,1,3,0,0,1,4,0,0,35,0,0,0,0,0,2,2,5
,2021-35752,39.74163353,-104.9684399,9/22/2021 8:05,8:05,2,0,0,16TH AVE E & FRANKLIN ST N,1,1,0,0,1,1,0,0,30,1,0,0,0,1,4,2,13
,2021-35753,39.75277353,-104.9873999,9/21/2021 19:20,19:20,15,0,0,22ND ST & BROADWAY ST N,1,2,0,0,1,1,0,0,30,0,0,0,0,0,4,2,13
,2021-35754,39.70396354,-105.0391199,9/21/2021 19:05,19:05,6,0,0,EXPOSITION AVE W & PERRY ST,1,2,0,0,1,1,0,0,25,0,0,0,0,0,4,2,13
,2021-35755,39.77400352,-104.8470199,9/21/2021 23:23,23:23,15,0,0,I-70 & PEORIA ST N,1,3,0,0,1,4,0,0,65,0,0,0,0,0,1,2,8
,2021-35756,39.69656353,-104.9405999,9/25/2021 16:45,16:45,3,0,0,COLORADO BLVD S & MISSISSIPPI AVE E,1,1,0,0,1,1,0,0,40,0,0,0,0,0,2,2,13
,2021-35757,39.74556403,-104.9848347,9/21/2021 17:30,17:30,3,0,0,17TH AVE E & SHERMAN ST N,1,1,0,0,1,1,0,0,30,0,0,0,0,0,4,2,3
,2021-35758,39.75485353,-105.0521199,9/21/2021 22:40,22:40,12,0,0,26TH AVE & 5100 BLK W,1,3,0,0,1,1,0,0,25,0,0,0,0,0,4,2,13
,2021-35759,39.73918353,-104.9634599,9/21/2021 18:00,18:00,6,0,0,1400 BLK N RACE ST & E COLFAX AVE,1,3,0,0,1,4,0,0,25,0,0,0,0,0,4,2,13
,2021-35760,39.77862069,-104.9220073,9/22/2021 17:37,17:37,12,0,0,I-70 & HOLLY ST N,1,1,0,0,1,4,0,0,65,0,0,0,0,1,1,2,7
,2021-35761,39.79847352,-104.8754499,9/27/2021 17:14,17:14,12,0,0,9600 BLK E 56TH AVE & DALLAS ST,1,1,0,0,1,4,0,0,40,0,0,0,0,0,4,2,13
,2021-35762,39.70126155,-105.1289899,9/16/2021 9:30,9:30,6,0,0,4100 BLK W KENTUCKY AVE & S RALEIGH ST,1,1,0,0,6,2,0,0,30,0,0,0,0,0,4,2,16
,2021-35763,39.72527841,-105.1417334,9/26/2021 14:28,14:28,12,0,0,I-25 & 6TH AVE W,1,1,1,0,1,4,0,0,65,0,0,0,0,0,1,4,13
,2021-35764,39.76927351,-104.75342,9/25/2021 14:26,14:26,1,0,0,HIMALAYA RD N & 38TH AVE E,1,1,0,0,1,1,0,0,35,0,0,0,0,1,4,3,3
,2021-35765,39.74018652,-104.8905259,9/27/2021 7:35,7:35,3,0,0,COLFAX AVE E & VERBENA ST N,1,1,0,0,1,1,0,0,30,0,0,0,0,0,2,2,13
,2021-35766,39.78020353,-104.9891799,9/22/2021 16:20,16:20,12,0,0,I-25 NB & I-70 WB,1,1,0,0,1,4,0,0,55,0,0,0,0,0,1,3,3
,2021-35767,39.77419352,-104.8470299,9/15/2021 8:20,8:20,12,0,0,I-70 & PEORIA ST N,1,1,0,0,1,4,0,0,65,0,0,0,0,0,1,3,13
,2021-35768,39.79843351,-104.74135,9/27/2021 21:49,21:49,3,0,0,56TH AVE E & NEPAL ST N,1,3,0,0,1,1,0,0,40,0,0,0,0,0,4,2,5
,2021-35769,39.76115353,-105.0047499,9/22/2021 19:14,19:14,12,0,0,I-25 SB & 20TH ST,1,3,0,0,1,4,0,0,55,0,0,0,0,0,1,3,13
,2021-35770,39.76538652,-104.9026039,9/24/2021 12:37,12:37,3,0,0,QUEBEC ST N & 35TH AVE E,1,1,0,0,1,2,0,0,10,0,0,0,0,0,4,2,13
,2021-35771,39.72645253,-105.0001774,9/22/2021 17:13,17:13,15,0,0,6TH AVE W & KALAMATH ST N,1,1,0,0,1,4,0,0,30,0,0,0,0,0,2,4,14
,2021-35772,39.77994352,-104.9406599,8/21/2021 13:45,13:45,12,0,0,I-70 & COLORADO BLVD N,1,1,0,0,1,4,0,0,55,0,0,0,0,0,1,2,13
,2021-35773,39.72096353,-104.9479799,8/14/2021 9:52,9:52,3,0,2,E 3RD AVE & N ADAMS COOK ALY,1,1,0,0,1,9,0,0,25,0,0,0,0,1,4,2,1
,2021-35774,39.69204353,-104.9362199,9/23/2021 2:30,2:30,6,0,0,1300 BLK S BIRCH ST & E LOUISIANA AVE,1,3,0,0,1,4,0,0,25,0,0,0,0,0,4,3,2
,2021-35775,39.76696353,-104.9714799,9/23/2021 7:23,7:23,6,0,0,1300 BLK E 36TH AVE & 1300 BLK E,1,1,0,0,1,4,0,0,25,0,0,0,0,0,4,2,13
,2021-35776,39.77866607,-104.9440675,9/12/2021 22:28,22:28,6,0,0,GARFIELD ST & 4100 N,1,3,0,0,1,4,0,0,25,0,0,0,0,0,4,3,1
,2021-35777,39.74484353,-104.9775299,9/23/2021 15:40,15:40,3,0,0,N CLARKSON ST & E 18TH AVE,1,1,0,0,1,1,0,0,35,0,0,0,0,0,4,3,16