id,drcog_id,latitude,longitude,crashtime,time,crashtype,numbkilled,numbinjurd,drcoglocat,rdconditin,lightngcon,roadcntgrd,weatherco,location,roaddescrp,schoolzone,constrzone,splimit,bikeinv,pedinv,sctrinv,motoinv,svrty,rdsystem,ttlvehcls,hcf
,2021-36709,39.68117354,-104.9564999,8/26/2021 11:11,11:11,6,0,0,1900 BLK S COLUMBINE ST & BUCHTEL RD,1,1,3,0,1,4,0,0,25,0,0,0,0,0,4,2,14
,2021-36710,39.77804052,-104.8471054,8/25/2021 17:16,17:16,1,0,0,N PEORIA ST & E 45TH AVE,1,1,3,0,1,1,0,0,45,0,0,0,0,1,4,2,16
,2021-36711,39.69476354,-104.9628799,8/25/2021 8:45,8:45,5,0,0,ARIZONA AVE E & VINE ST S,1,1,3,0,1,4,0,0,25,0,0,0,0,0,4,1,11
,2021-36713,39.74486773,-104.9823166,8/31/2021 10:15,10:15,11,0,1,18TH AVE E & LOGAN ST N,1,1,3,0,1,1,0,0,30,0,1,0,0,2,4,1,13
,2021-36716,39.71701353,-104.8955599,8/27/2021 14:43,14:43,15,0,0,E FAIRMONT DR & E LOWRY BLVD,1,1,3,0,1,6,0,0,15,0,0,0,0,0,4,2,11
,2021-36718,39.73848354,-105.0520599,8/26/2021 7:40,7:40,3,0,0,ZENOBIA ST N & 14TH AVE W,1,1,3,0,1,1,0,0,25,0,0,0,0,0,4,2,3
,2021-36720,39.69385354,-104.9675199,8/25/2021 15:54,15:54,6,0,0,1200 BLK S GILPIN ST & E LOUISIANA AVE,1,1,3,0,1,4,0,0,25,0,0,0,0,0,4,2,13
,2021-36721,39.74893453,-104.9873749,8/26/2021 7:50,7:50,15,0,0,N BROADWAY ST & CALIFORNIA ST,1,1,3,0,1,1,0,0,35,0,0,0,0,0,4,2,16
,2021-36722,39.65310354,-104.9047199,8/24/2021 8:33,8:33,3,0,0,HAMPDEN AVE E & POPLAR ST S,1,1,3,0,1,1,0,0,45,0,0,0,0,0,2,2,11
,2021-36723,39.69309354,-105.0297099,8/25/2021 8:15,8:15,3,0,0,S IRVING ST & W LOUSIANA AVE,1,3,3,0,1,3,0,0,30,0,0,0,0,0,4,2,7
,2021-36724,39.74742352,-104.9127999,8/26/2021 7:35,7:35,15,0,0,MONTVIEW BLVD E & MONACO ST N,1,1,3,0,1,1,0,0,35,0,0,0,0,0,4,2,7
,2021-36725,39.71104353,-104.8659699,8/24/2021 18:00,18:00,12,0,0,E ALAMEDA AVE & S HAVANA ST,1,1,3,0,1,1,0,0,30,0,0,0,0,0,4,2,3
,2021-36726,39.79113353,-105.0357899,8/26/2021 11:29,11:29,3,0,0,MEADE ST N & 52ND AVE W,1,1,3,0,1,1,0,0,25,0,0,0,0,0,4,2,13
,2021-36727,39.72743353,-104.9305099,8/19/2021 20:00,20:00,6,0,0,EUDORA ST N & 8TH AVE E,1,3,3,0,1,4,0,0,25,0,0,0,0,0,4,2,1
,2021-36728,39.67472053,-104.8707799,8/24/2021 17:00,17:00,12,0,0,E ILIFF AVE & S PARKER RD,1,1,3,0,1,1,0,0,30,0,0,0,0,0,4,2,16
,2021-36729,39.71123354,-104.9971264,8/25/2021 10:42,10:42,12,0,0,S SANTA FE DR & W ALAMEDA AVE,1,1,3,0,1,4,0,0,30,0,0,0,0,0,4,2,13
,2021-36730,39.73686353,-105.0015599,8/26/2021 16:33,16:33,3,0,0,LIPAN ST N & 13TH AVE W,1,1,3,0,1,1,0,0,25,0,0,0,0,0,4,2,13
,2021-36731,39.73385353,-104.9935099,8/24/2021 15:25,15:25,3,0,0,W 11TH AVE & N SPEER BLVD,1,1,3,0,1,1,0,0,30,0,0,0,0,1,4,2,13
,2021-36732,39.73838353,-104.9597699,8/25/2021 17:45,17:45,3,0,0,E 14TH AVE & N YORK ST,1,2,3,0,1,9,0,0,25,0,0,0,0,1,4,2,11
,2021-36733,39.65310354,-104.9047199,8/23/2021 18:00,18:00,12,0,0,HAMPDEN AVE E & POPLAR ST S,1,1,3,0,1,1,0,0,35,0,0,0,0,0,2,2,3
,2021-36734,39.65310354,-104.9030199,8/24/2021 7:39,7:39,12,0,0,HAMPDEN AVE E & TAMARAC ST S,1,1,3,0,1,3,0,0,45,0,0,0,0,0,2,2,16
,2021-36735,39.67845353,-104.9173699,8/24/2021 8:10,8:10,12,0,0,6000 BLK E EVANS AVE & S JASMINE ST,1,1,3,0,1,3,0,0,35,0,0,0,0,1,4,2,1
,2021-36736,39.72383353,-104.8841944,8/25/2021 16:30,16:30,10,0,0,E LOWRY BLVD & N YOSEMITE ST,1,1,3,0,1,1,0,0,30,0,0,0,0,0,4,2,3
,2021-36737,39.69852353,-104.9035399,8/26/2021 9:03,9:03,12,0,0,S QUEBEC ST & LEETSDALE,1,1,3,0,1,4,0,0,35,0,0,0,0,0,4,2,13
,2021-36739,39.70199354,-104.9862599,8/25/2021 8:33,8:33,1,0,0,E OHIO AVE & S LINCOLN ST,1,1,3,0,1,1,0,0,25,0,0,0,1,0,4,2,13
,2021-36740,39.74055353,-104.9885199,8/26/2021 9:17,9:17,15,0,0,COLFAX AVE W & 15TH ST,1,1,3,0,1,1,0,0,30,0,0,0,0,0,2,2,13
,2021-36741,39.75104013,-104.9769462,8/24/2021 10:48,10:48,3,0,1,E 22ND AVE & N CLARKSON ST,1,1,3,0,1,1,0,0,30,0,0,0,0,2,4,2,13
,2021-36742,39.69842354,-104.9733899,8/23/2021 18:45,18:45,1,0,0,S DOWNING ST & E TENNESSEE AVE,1,1,3,0,1,1,0,0,25,0,0,0,0,0,4,2,3
,2021-36743,39.72826353,-104.9406899,8/26/2021 7:30,7:30,15,0,0,COLORADO BLVD N & 7TH AVE E,1,1,3,0,1,4,0,0,30,0,0,0,0,0,2,2,11
,2021-36744,39.75589353,-105.0191799,8/25/2021 8:32,8:32,6,0,0,BRYANT ST N & 26TH AVE W,1,1,3,0,1,4,0,0,,0,0,0,0,0,4,2,16
,2021-36745,39.69565353,-104.9034999,8/25/2021 14:36,14:36,3,0,0,S QUEBEC ST & E MISSISSIPPI AVE,1,1,3,0,1,1,0,0,35,0,0,0,0,0,4,2,16
,2021-36746,39.76516353,-104.9909799,8/20/2021 15:00,15:00,6,0,0,ARKINS CT & DENARGO ST,1,3,3,0,1,1,0,0,25,0,0,0,0,0,4,2,16
,2021-36747,39.76815353,-104.9720999,8/24/2021 10:02,10:02,3,0,0,E 37TH AVE & N MARION ST,1,1,3,0,1,1,0,0,25,0,0,0,0,0,4,2,13
,2021-36748,39.71119354,-104.9983799,8/25/2021 7:25,7:25,1,0,1,ALAMEDA AVE W & KALAMATH ST S,1,1,3,0,1,1,0,0,35,0,0,0,0,2,2,2,13
,2021-36749,39.76738452,-104.9025184,8/24/2021 7:41,7:41,3,0,0,E 36TH AVE & N QUEBED ST,1,1,3,0,1,1,0,0,25,0,0,0,0,0,4,2,11
,2021-36750,39.78233352,-104.8828999,8/25/2021 15:00,15:00,1,0,0,N CENTRAL PARK BLVD & E 47TH AVE,1,1,3,0,1,1,0,0,35,0,0,0,0,0,4,2,11
,2021-36751,39.71780353,-104.9407774,8/25/2021 7:56,7:56,12,0,0,COLORADO BLVD N & 1ST AVE E,1,1,3,0,1,3,0,0,30,0,0,0,0,0,2,2,13
,2021-36752,39.78378351,-104.79796,8/24/2021 7:45,7:45,1,0,0,E GVR BLVD & N MEMPHIS ST,1,1,3,0,1,1,0,0,,0,0,0,0,0,4,2,11
,2021-36753,39.65311154,-104.8988149,8/24/2021 16:00,16:00,1,0,0,HAMPDEN AVE E & TAMARAC ST S,1,1,3,0,1,1,0,0,40,0,0,0,0,0,2,2,3
,2021-36754,39.77869352,-104.8605999,8/24/2021 9:30,9:30,14,0,0,11000 BLK E 45TH AVE & N KINGSTON ST,1,1,3,0,1,4,0,0,25,0,0,0,0,0,4,2,1
,2021-36755,39.68939954,-104.9920549,8/25/2021 7:07,7:07,3,0,0,SANTA FE AVE S & FLORIDA AVE W,1,1,3,0,1,1,0,0,25,0,0,0,0,0,2,2,11
,2021-36756,39.71119354,-104.9983799,8/24/2021 13:54,13:54,3,0,0,KALAMATH ST S & ALAMEDA AVE W,1,1,3,0,1,1,0,0,35,0,0,0,0,0,4,2,13
,2021-36757,39.69658353,-104.8931499,8/24/2021 8:11,8:11,12,0,0,8000 BLK E MISSISSIPPI AVE & S PARKER RD,1,1,3,0,1,3,0,1,40,0,0,0,0,0,4,2,2
,2021-36758,39.78993353,-105.0532399,8/23/2021 16:30,16:30,12,0,1,SHERIDAN BLVD 5100 BLK N & W 51ST AVE,1,1,3,0,1,1,0,0,35,0,0,0,0,1,4,2,13
,2021-36759,39.75484353,-105.0521199,8/13/2021 10:33,10:33,12,0,0,26TH AVE W & 5100 BLK W,1,1,3,1,1,4,0,0,30,0,0,0,0,0,4,2,16
,2021-36761,39.70084354,-104.9991499,8/26/2021 12:05,12:05,10,0,0,JASON ST S & TENNESSEE AVE W,1,1,3,0,1,4,0,0,30,0,0,0,0,0,4,2,16
,2021-36762,39.62410354,-104.89463,8/25/2021 16:36,16:36,12,0,0,E BELLEVIEW AVE & S ULSTER ST,1,1,3,0,1,3,0,0,35,0,0,0,0,1,4,2,3
,2021-36763,39.73844353,-104.9935099,8/26/2021 8:00,8:00,12,0,0,400 BLK W 14TH AVE & N ELATI ST,1,1,3,0,1,4,0,0,25,0,0,0,0,0,4,2,1
,2021-36764,39.77490353,-105.0322399,8/26/2021 12:22,12:22,6,0,0,42ND AVE W & JULIAN ST N,1,1,3,0,1,4,0,0,25,0,0,0,0,0,4,2,13
,2021-36765,39.76128695,-104.9585555,8/23/2021 11:31,11:31,12,0,0,E 9TH AVE & N JOSEPHINE ST,1,1,3,0,1,3,0,0,25,0,0,0,0,0,4,2,16
,2021-36766,39.71832353,-104.9738999,8/24/2021 19:20,19:20,10,0,0,E SPEER BLVD & N CORONA ST,1,1,3,0,1,1,0,0,30,0,0,0,0,0,4,2,3
,2021-36767,39.86662778,-104.6717006,8/31/2021 11:15,11:15,1,0,0,GVR BLVD E & PENA BLVD,1,1,3,0,1,1,0,0,45,0,0,0,0,0,4,2,13
,2021-36768,39.75256353,-105.0018099,8/23/2021 13:43,13:43,12,0,0,1800 BLK 16TH ST & WEWATTA ST,1,1,3,0,1,4,0,0,,0,0,0,0,0,4,2,16
,2021-36769,39.74055353,-104.9885199,8/25/2021 14:00,14:00,15,0,0,COLFAX AVE W & 15TH ST,1,1,3,0,1,3,0,0,30,0,0,0,0,0,2,2,8
,2021-36770,39.75705253,-104.9928964,8/23/2021 13:30,13:30,12,0,0,WAZEE ST & PARK AVE W,1,1,3,0,1,1,0,0,35,0,0,0,0,1,4,2,13
,2021-36771,39.71812353,-104.9546099,8/23/2021 16:45,16:45,15,0,0,E 1ST AVE & N DETROIT ST,1,1,3,0,1,1,0,0,25,0,0,0,0,0,4,2,3
,2021-36772,39.78745353,-105.0252199,8/20/2021 8:40,8:40,12,0,0,FEDERAL BLVD N & 50TH AVE W,1,1,3,0,1,3,0,0,35,0,0,0,0,0,2,2,16
,2021-36773,39.78525352,-104.8830699,8/23/2021 14:00,14:00,3,0,1,N CENTRAL PARK BLVD & E NORTHFIELD BLVD,1,1,3,0,1,1,0,0,35,0,0,0,0,2,4,2,11
,2021-36775,39.74675353,-104.9406299,9/30/2021 22:36,22:36,9,0,0,COLORADO BLVD N & MONTVIEW BLVD E,1,3,1,0,6,4,0,0,35,0,0,0,0,0,2,1,3
,2021-36776,39.78290351,-104.7554,10/1/2021 15:19,15:19,1,0,0,GVR BLVD E & HIMALAYA RD N,1,1,0,0,1,1,0,0,35,0,0,0,0,0,4,2,8
,2021-36777,39.74752353,-104.9860999,10/1/2021 19:19,19:19,11,0,0,20TH AVE E & LINCOLN ST N,1,4,1,0,1,1,0,0,0,1,0,0,0,1,4,1,16
,2021-36778,39.69670754,-104.9929099,10/1/2021 10:55,10:55,5,0,0,W MISSISSIPPI AVE & S PLATTE RIVER DR,1,1,0,0,3,4,0,0,30,0,0,0,0,0,4,1,13
,2021-36779,39.76197352,-104.9034299,10/1/2021 7:39,7:39,3,0,0,QUEBEC ST N & MLK BLVD E,1,1,0,0,1,1,0,0,35,0,0,0,0,0,4,2,1
,2021-36780,39.78822351,-104.75958,10/1/2021 7:10,7:10,3,0,0,50TH AVE E & ESPANA WY N,1,1,0,0,1,1,0,0,25,0,0,0,0,0,4,2,13
,2021-36781,39.74033353,-105.0393099,10/2/2021 19:06,19:06,11,0,1,COLFAX AVE W & PERRY ST N,1,4,1,0,1,4,0,0,0,0,1,0,0,2,2,1,16
,2021-36782,39.67845554,-104.9222509,10/1/2021 8:10,8:10,1,0,0,EVANS AVE E & HOLLY ST S,1,1,0,0,1,1,0,0,35,0,0,0,0,1,4,2,13
,2021-36783,39.71134153,-104.9035399,9/30/2021 22:34,22:34,12,0,0,E ALAMEDA AVE & S QUEBEC ST,1,4,0,0,1,4,0,0,35,0,0,0,0,0,4,2,13
,2021-36784,39.68461354,-104.9406799,9/30/2021 21:43,21:43,12,0,0,1700 BLK S COLORADO BLVD & E MEXICO AVE,1,3,0,0,1,3,0,0,35,0,0,0,0,0,4,2,3
,2021-36785,39.65306354,-104.8869299,9/30/2021 20:43,20:43,12,0,0,HAMPDEN AVE 8600 BLK E & S YOSEMITE ST,1,3,0,0,1,4,0,0,35,0,0,0,0,0,4,2,8
,2021-36786,39.74765353,-105.0024799,9/29/2021 21:40,21:40,6,0,0,N SPEER BLVD & AURARIA PKWY,1,3,0,0,1,4,0,0,30,0,0,0,0,0,4,2,14
,2021-36787,39.73680353,-104.9562699,10/2/2021 20:47,20:47,3,0,0,13TH AVE E & ELIZABETH ST N,1,3,0,0,1,1,0,0,15,0,0,0,0,0,4,2,16
,2021-36788,39.74000653,-104.9684659,10/2/2021 20:30,20:30,12,0,1,E COLFAX AVE & N FRANKLIN  ST,1,3,0,0,1,4,0,0,40,0,0,0,0,1,4,2,3
,2021-36789,39.75473352,-104.9005299,9/30/2021 11:15,11:15,3,0,2,N ROSLYN ST & E 26TH AVE,1,1,0,0,1,1,0,0,25,0,0,0,0,2,4,2,13
,2021-36790,39.78233352,-104.8828899,10/1/2021 17:59,17:59,1,0,0,CENTRAL PARK BLVD N & 47TH AVE E,1,1,0,0,1,1,0,0,30,0,0,0,0,1,4,2,13
,2021-36791,39.72561353,-104.9862499,8/10/2021 9:25,9:25,12,0,0,E 6TH AVE & N LINCOLN ST,1,1,0,0,1,3,0,0,35,0,0,0,0,0,4,2,13
,2021-36792,39.79829052,-104.8844689,10/1/2021 15:37,15:37,15,0,0,E 56TH AVE & N CENTRAL PARK BLVD,1,1,0,0,1,3,0,0,25,0,0,0,0,0,4,2,16
,2021-36793,39.73726353,-104.9034499,10/1/2021 18:00,18:00,12,0,0,N QUEBEC ST & E 13TH AVE,1,1,3,0,1,1,0,0,30,0,0,0,0,0,4,2,4
,2021-36794,39.77263353,-104.9705999,9/26/2021 19:12,19:12,5,0,1,40TH ST & BLAKE ST,1,3,0,0,4,4,0,0,30,0,0,0,0,2,4,1,9
,2021-36795,39.74000353,-104.9665999,10/1/2021 20:22,20:22,12,0,0,COLFAX AVE E & GILPIN ST N,1,3,0,0,1,4,0,0,30,0,0,0,0,0,2,2,3
,2021-36796,39.69670754,-104.9929099,9/27/2021 5:25,5:25,3,0,0,PLATTE RIVER DR S & MISSISSIPPI AVE W,1,3,0,0,1,1,0,0,45,0,0,0,0,0,2,2,16
,2021-36797,39.77109353,-105.0005799,9/25/2021 17:00,17:00,6,0,0,4000 BLK N KALAMATH ST & W 40TH AVE,1,3,3,0,1,4,0,0,20,0,0,0,0,0,4,2,13
,2021-36798,39.78569351,-104.80186,10/1/2021 17:55,17:55,5,0,0,4900 BLK N KITTREDGE ST & E GVR BLVD,1,1,0,0,2,4,0,0,25,0,0,0,0,0,4,1,7
,2021-36799,39.68207354,-105.0476999,9/22/2021 11:11,11:11,6,0,0,WOLFF ST S & 1900 BLK S,1,1,0,0,1,4,0,0,25,0,0,0,0,0,4,2,16
,2021-36800,39.77341351,-104.81603,10/1/2021 12:50,12:50,12,0,0,15000 BLK E ANDREWS DR & E 43RD AVE,1,1,0,0,1,4,0,0,25,0,0,0,0,1,4,2,7
,2021-36801,39.69666353,-104.8966999,6/17/2021 7:57,7:57,2,0,1,MISSISSIPPI AVE E & 7995 E MISSISSIPPI AVE,1,1,0,0,1,2,0,0,0,1,0,0,0,2,4,2,16
,2021-36802,39.70725099,-104.9733709,9/29/2021 15:44,15:44,12,0,0,I-25 & DOWNING ST S,11,1,0,0,1,4,0,0,65,0,0,0,0,0,1,2,3
,2021-36803,39.72590354,-105.0252334,9/29/2021 17:03,17:03,15,0,0,6TH AVE W & FEDERAL BLVD N,11,2,0,0,1,4,0,0,65,0,0,0,0,0,2,1,16
,2021-36804,39.72906353,-104.9835899,9/29/2021 20:30,20:30,3,0,0,E 8TH AVE & N GRANT ST,1,3,0,0,1,1,0,0,30,0,0,0,0,0,4,2,3
,2021-36805,39.82518502,-104.9816053,10/3/2021 11:29,11:29,12,0,0,I-25 NB & YALE AVE E,1,1,0,0,1,4,0,0,65,0,0,0,0,0,1,2,13
,2021-36806,39.71111353,-104.9815199,9/30/2021 13:31,13:31,3,0,0,E ALAMEDA AVE & S PENNSYLVANIA ST,1,1,0,0,1,1,0,0,25,0,0,0,0,1,4,2,13
,2021-36807,39.77026858,-104.8996366,9/30/2021 14:38,14:38,12,0,0,NB SYRACUSE ST & E MONTVIEW BLVD,1,1,0,0,1,4,0,0,30,0,0,0,0,0,4,2,13
,2021-36808,39.71134153,-104.9035399,10/3/2021 10:13,10:13,5,0,0,QUEBEC ST S & ALAMEDA AVE E,1,1,0,0,3,1,0,0,35,0,0,0,0,0,4,1,14
,2021-36809,39.77291353,-105.0205199,9/30/2021 12:26,12:26,6,0,0,W 41ST AVE & N CLAY ST,1,1,1,0,1,1,0,0,25,0,0,0,0,0,4,2,16
,2021-36810,39.66770355,-105.0532599,9/15/2021 18:00,18:00,3,0,0,SHERIDAN BLVD S & YALE AVE W,1,1,1,0,1,1,0,0,40,0,0,0,0,0,2,2,5
,2021-36811,39.76941351,-104.73929,10/3/2021 0:31,0:31,5,0,3,E 38TH AVE & N ODESSA ST,1,3,0,0,3,1,0,0,30,0,0,0,0,3,4,1,5
,2021-36812,39.72413353,-104.9862399,9/30/2021 8:27,8:27,11,0,0,LINCOLN ST N & 5TH AVE E,1,1,0,0,1,1,0,0,0,0,1,0,0,1,4,1,16
,2021-36814,39.69657353,-104.9593099,9/30/2021 13:00,13:00,3,0,0,E MISSISSIPPI AVE & S UNIVERSITY BLVD,1,1,0,0,1,1,0,0,35,0,0,0,0,1,4,2,3
,2021-36815,39.72553353,-105.0131199,9/30/2021 12:40,12:40,12,0,0,I-25 NB & 6TH AVE W,1,1,0,0,1,4,0,0,55,0,0,0,0,1,1,2,14
,2021-36816,39.77049353,-104.9981899,9/29/2021 21:30,21:30,5,0,0,INCA ST N & 39TH AVE W,1,3,0,0,2,4,0,0,25,0,0,0,0,0,4,2,14
,2021-36817,39.68438734,-104.9612182,10/3/2021 14:09,14:09,9,0,0,I-25 SB OFF RAMP TO & UNIVERSITY BLVD S,1,1,0,0,1,8,0,0,65,0,0,0,0,0,1,1,7
,2021-36818,39.90692696,-104.9583308,9/30/2021 11:40,11:40,12,0,0,COLFAX AVE E & JOSEPHINE ST,1,1,0,0,1,4,0,0,30,0,0,0,0,0,1,2,7
,2021-36819,39.74015353,-104.9011299,10/3/2021 11:34,11:34,3,0,0,COLFAX AVE E & ROSLYN ST N,1,1,0,0,1,1,0,0,30,0,0,0,0,0,2,2,13
,2021-36820,39.67867354,-105.0179999,10/2/2021 18:57,18:57,3,0,1,EVANS AVE W & BRYANT ST S,1,2,0,0,1,1,0,0,30,0,0,0,1,3,4,2,13
,2021-36821,39.77262273,-104.9740976,10/3/2021 13:08,13:08,5,0,1,38TH ST E & WYNKOOP ST N,1,1,1,0,2,4,0,0,30,0,0,0,0,2,4,1,5
,2021-36822,39.77320751,-104.8099085,10/2/2021 22:11,22:11,5,0,0,40TH AVE E & CHAMBERS RD N,1,3,0,0,6,3,0,0,40,0,0,0,0,0,4,2,7
,2021-36823,39.73687353,-104.9787099,9/28/2021 16:40,16:40,3,0,0,13TH AVE E & WASHINGTON ST N,1,1,0,0,1,1,0,0,,0,0,0,0,0,4,2,16
,2021-36839,39.69021353,-104.9406299,8/25/2021 11:55,11:55,12,0,0,COLORADO BLVD S & LOUISIANA AVE E,1,1,3,0,1,3,0,0,35,0,0,0,0,1,2,2,10
,2021-36846,39.74187353,-104.9709099,8/27/2021 12:27,12:27,8,0,0,PARK AVE & N LAFAYETTE ST,1,1,3,0,1,1,0,0,30,0,0,0,0,0,4,2,13
,2021-36861,39.73044353,-104.9752599,8/27/2021 19:01,19:01,3,0,1,N OGDEN ST & E 9TH AVE,1,2,3,0,1,1,0,0,25,0,0,0,1,3,4,2,1
,2021-36863,39.72649353,-104.9975499,8/20/2021 8:00,8:00,6,0,0,600 BLK N INCA ST & W 6TH AVE,1,1,3,0,1,4,0,0,,0,0,0,0,0,4,2,16
,2021-36864,39.71115354,-105.0532399,8/30/2021 6:41,6:41,12,0,0,SHERIDAN BLVD S & ALAMEDA AVE,1,1,3,1,1,1,0,0,35,0,0,0,0,0,2,2,13
,2021-36890,39.70849354,-105.0250799,8/25/2021 11:56,11:56,15,0,0,FEDERAL BLVD S & VIRGINIA AVE W,1,1,3,0,1,4,0,0,35,0,0,0,0,0,2,2,13
,2021-36895,39.67933354,-104.9593799,8/31/2021 9:50,9:50,12,0,0,2000 BLK S UNIVERSITY BLVD & E EVANS AVE,1,1,3,0,1,4,0,0,30,0,0,0,0,0,4,2,3
,2021-36896,39.71115354,-105.0532399,8/29/2021 7:13,7:13,3,0,0,SHERIDAN BLVD S & ALAMEDA AVE W,1,1,3,1,1,2,0,0,35,0,0,0,0,0,2,2,13
,2021-36897,39.70325354,-105.0109799,8/30/2021 8:05,8:05,6,0,0,TEJON ST S & EXPOSITION AVE W,1,1,3,1,1,4,0,0,25,0,0,0,0,0,4,2,16
,2021-36898,39.73685353,-104.9741299,8/27/2021 12:36,12:36,6,0,0,E 13TH AVE & N CORONA ST,1,2,3,0,1,4,0,0,,0,0,0,0,0,4,2,16
,2021-36900,39.72373353,-104.9729099,8/31/2021 10:12,10:12,3,0,0,E 5TH AVE & N DOWNING ST,1,1,3,0,1,3,0,0,30,0,0,0,0,1,4,2,4
,2021-36901,39.73839353,-104.9659899,8/26/2021 16:49,16:49,3,0,0,WILLIAMS ST N & 14TH AVE E,1,1,3,0,1,1,0,0,,0,0,0,0,0,4,2,16
,2021-36902,39.73817353,-104.9974299,8/30/2021 8:41,8:41,12,0,0,1300 BLK N SPEER BLVD & MARKET ST,1,1,3,1,1,4,0,0,35,0,0,0,0,0,4,2,13
,2021-36909,39.69477354,-105.0294499,8/11/2021 9:00,9:00,6,0,0,1200 BLK S IRVING ST & W ARIZONA AVE,1,1,3,0,1,4,0,0,30,0,0,0,0,0,4,2,16
,2021-36911,39.75528353,-104.9738499,8/27/2021 14:35,14:35,6,0,0,400 BLK 29TH ST & 29TH ST,1,1,3,0,1,4,0,0,35,0,0,0,0,0,4,2,3
,2021-36912,39.65310354,-104.9047199,8/30/2021 14:06,14:06,1,0,0,HAMPDEN AVE E & POPLAR ST S,1,1,3,0,1,1,0,0,45,0,0,0,0,0,2,2,14
,2021-36913,39.68755354,-104.9862799,8/30/2021 15:00,15:00,14,0,0,IOWA AVE E & LINCOLN ST S,1,1,3,0,1,4,0,0,25,0,0,0,0,0,4,2,3
,2021-36914,39.79840751,-104.7872825,8/30/2021 15:40,15:40,12,0,0,E 56TH AVE & PENA BLVD INBOUND,1,1,3,0,1,4,0,0,40,0,0,0,0,0,4,2,1
,2021-36915,39.73601353,-104.9706699,8/31/2021 8:30,8:30,6,0,0,1200 BLK N LAFAYETTE ST & E 13TH AVE,1,1,3,0,1,4,0,0,25,0,0,0,0,0,4,2,13
,2021-36916,39.71127353,-104.9034899,8/30/2021 16:45,16:45,12,0,0,E ALAMEDA AVE & S QUEBEC ST,1,1,3,0,1,1,0,0,30,0,0,0,0,0,4,2,3
,2021-36917,39.74001353,-104.9714199,8/30/2021 13:30,13:30,6,0,0,COLFAX AVE E & MARION ST N,1,1,3,0,1,4,0,0,30,0,0,0,0,0,2,2,16
,2021-36918,39.68495354,-105.0274099,8/31/2021 7:50,7:50,10,0,0,COLORADO BLVD W & FEDERAL BLVD S,1,1,3,0,1,4,0,0,25,0,0,0,0,0,4,2,16
,2021-36920,39.74014353,-104.9163099,8/30/2021 12:36,12:36,12,0,0,E COLFAX AVE & N KRAMERIA ST,1,1,3,0,1,3,0,0,30,0,0,0,0,0,4,2,13
,2021-36921,39.76740353,-105.0322799,8/29/2021 7:52,7:52,6,0,0,W 37TH AVE & N JULIAN ST,1,1,3,0,1,3,0,0,25,0,0,0,0,0,4,2,1
,2021-36925,39.79753452,-104.9721739,8/28/2021 20:00,20:00,6,0,0,MARION ST N & 14TH AVE E,1,1,3,0,1,1,0,0,30,0,0,0,0,0,4,2,16
,2021-36926,39.76082353,-104.9858799,8/12/2021 16:30,16:30,6,0,0,27TH ST & BLAKE ST,1,1,3,0,1,3,0,0,35,0,0,0,0,0,4,2,10
,2021-36927,39.72891353,-105.0001699,8/30/2021 11:48,11:48,15,0,0,W 8TH AVE & N KALAMATH ST,1,1,3,0,1,3,0,0,30,0,0,0,0,0,4,2,13
,2021-36928,39.76736352,-104.8996299,5/28/2021 13:20,13:20,3,0,0,36TH AVE E & SYRACUSE ST N,1,1,3,0,1,2,0,0,30,0,0,0,0,0,4,2,10
,2021-36931,39.68138354,-105.0250299,8/31/2021 8:42,8:42,15,0,0,FEDERAL BLVD S & JEWELL AVE W,1,1,3,1,1,4,0,0,40,0,0,0,0,0,2,2,13
,2021-36935,39.72974353,-104.9912199,8/30/2021 11:55,11:55,10,0,0,N SPEER BLVD & N BANNOCK ST,1,1,3,0,1,1,0,0,35,0,0,0,0,0,4,2,13
,2021-36937,39.73999353,-104.9699899,8/27/2021 14:36,14:36,1,0,0,PARK AVE & E 20TH AVE,1,1,3,0,1,1,0,0,30,0,0,0,0,1,4,2,8
,2021-36938,39.75986952,-104.8902154,8/30/2021 12:15,12:15,3,0,4,E MLK BLVD & N CENTRAL PARK BLVD,1,1,3,0,1,1,0,0,35,0,0,0,0,2,4,2,3
,2021-36940,39.72556353,-104.9878999,8/13/2021 16:00,16:00,12,0,0,6TH AVE W & BROADWAY ST N,1,1,3,0,1,4,0,0,,0,0,0,0,0,4,2,16
,2021-36941,39.73833353,-104.9150499,8/30/2021 10:00,10:00,6,0,0,LEYDEN ST N & 14TH AVE E,1,1,3,0,1,2,0,0,25,0,0,0,0,0,4,2,3
,2021-36942,39.73999353,-104.9799899,8/25/2021 11:24,11:24,12,0,0,N BROADWAY ST & CALIFORNIA,1,1,3,0,1,3,0,0,30,0,0,0,0,0,4,2,16
,2021-36944,39.75999352,-104.8899899,8/31/2021 9:15,9:15,15,0,0,MLK BLVD E & UINTA ST N,1,1,3,0,1,1,0,0,35,0,0,0,0,0,4,2,1
,2021-37019,39.78438353,-105.0251799,9/28/2021 7:07,7:07,12,0,0,FEDERAL BLVD N & I-70 WB OFF RAMP SLIP,1,1,0,0,1,4,0,0,35,0,0,0,0,0,4,2,5
,2021-37020,39.68470354,-104.9650399,9/28/2021 19:10,19:10,12,0,0,BUCHTEL BLVD E & HGH ST S,1,1,0,0,1,1,0,0,,0,0,0,0,0,4,2,16