id,drcog_id,latitude,longitude,crashtime,time,crashtype,numbkilled,numbinjurd,drcoglocat,rdconditin,lightngcon,roadcntgrd,weatherco,location,roaddescrp,schoolzone,constrzone,splimit,bikeinv,pedinv,sctrinv,motoinv,svrty,rdsystem,ttlvehcls,hcf
,2021-37021,39.75482952,-104.9696173,10/2/2021 18:25,18:25,10,0,0,N HUMBOLDT ST & 13TH AVE,1,2,0,0,1,1,0,0,,0,0,0,0,0,4,2,13
,2021-37022,39.78405352,-104.9895499,10/1/2021 19:35,19:35,12,0,0,I-25 SB & 48TH AVE W,1,3,2,0,1,4,0,0,65,0,0,0,0,0,1,2,3
,2021-37023,39.73838353,-104.9622399,9/20/2021 15:45,15:45,10,0,0,E 14TH AVE & N VINE ST,1,1,0,0,1,3,0,0,35,0,0,0,0,0,4,2,13
,2021-37024,39.75911353,-105.0005999,9/7/2021 22:11,22:11,12,0,0,2100 BLK 20TH ST & LITTLE RAVEN ST,1,3,1,0,1,4,0,0,30,0,0,0,0,0,4,2,14
,2021-37025,39.71835353,-104.9862299,10/3/2021 14:29,14:29,15,0,0,N LINCOLN ST & E 1ST AVE,1,1,1,0,1,4,0,0,30,0,0,0,0,0,4,2,13
,2021-37026,39.77107452,-104.8464169,9/28/2021 15:10,15:10,15,0,0,N PEORIA ST & E 39TH AVE,1,1,0,0,1,4,0,0,35,0,0,0,0,0,4,2,13
,2021-37027,39.73985353,-104.9503399,8/23/2021 12:27,12:27,6,0,0,COLFAX AVE E & ST PAUL ST N,1,1,0,0,1,4,0,0,35,0,0,0,0,0,2,2,13
,2021-37028,39.67851354,-104.9875599,10/2/2021 23:21,23:21,12,0,0,E EVANS AVE & S BROADWAY ST,1,3,0,0,1,3,0,0,35,0,0,0,0,1,4,2,1
,2021-37029,39.67512354,-105.0250599,9/28/2021 19:20,19:20,1,0,0,FEDERAL BLVD S & ILIFF AVE W,1,2,0,0,1,1,0,0,40,0,0,0,0,0,2,2,14
,2021-37030,39.78346312,-105.0112166,9/28/2021 21:38,21:38,12,0,0,QUEBEC ST N & I-70 EB RAMPS,1,4,0,0,1,3,0,0,35,0,0,0,0,0,2,2,13
,2021-37031,39.68233354,-105.0156799,9/28/2021 16:49,16:49,15,0,0,S ZUNI ST & W JEWELL AVE,1,1,0,0,1,3,0,0,25,0,0,0,0,0,4,2,7
,2021-37032,39.72092353,-104.9985699,9/24/2021 14:28,14:28,3,0,0,N SANTA FE DR & W 3RD AVE,1,1,0,0,1,1,0,0,30,0,0,0,0,0,4,2,9
,2021-37033,39.82518502,-104.9816053,9/28/2021 17:11,17:11,12,0,0,I-25 NB & 51ST AVE W,1,1,0,0,1,4,0,0,65,0,0,0,0,0,1,2,3
,2021-37034,39.79278351,-104.8227999,9/19/2021 21:00,21:00,6,0,0,E MAXWELL PL & N CARSON ST,1,4,0,0,1,4,0,0,25,0,0,0,0,0,4,2,13
,2021-37035,39.66029353,-104.8850999,10/3/2021 14:37,14:37,10,0,0,S YOSEMITE ST & S SYRACUSE WAY,1,1,0,0,1,1,0,0,35,0,0,0,0,0,4,2,13
,2021-37036,39.70212103,-104.9815851,9/28/2021 22:45,22:45,6,0,0,427 E DAKOTA AVE & S PENNSYLVANIA ST,1,3,0,0,1,4,0,0,25,0,0,0,0,0,4,2,13
,2021-37037,39.74034354,-105.0531999,10/2/2021 23:55,23:55,1,0,0,COLFAX AVE W & SHERIDAN BLVD N,1,3,0,0,1,1,0,0,35,0,0,0,0,0,2,2,14
,2021-37038,39.68948354,-105.0231599,9/28/2021 17:28,17:28,1,0,1,W FLORIDA AVE & S ELIOT ST,1,2,0,0,1,1,0,0,25,0,0,0,1,3,4,2,13
,2021-37039,39.85149548,-105.0001884,10/3/2021 18:11,18:11,1,0,0,COLFAX AVE W & KALAMATH ST N,1,2,0,0,1,1,0,0,35,0,0,0,0,0,2,2,13
,2021-37040,39.70041354,-105.0481099,10/3/2021 20:48,20:48,1,0,1,KENTUCKY AVE W & MORRISON RD,1,3,0,0,1,1,0,0,30,0,0,0,0,3,4,2,7
,2021-37041,39.68226354,-105.0572499,9/28/2021 17:01,17:01,1,0,0,JEWELL AVE W & DEPEW ST S,1,1,0,0,1,1,0,0,40,0,0,0,0,1,4,2,3
,2021-37042,39.71081354,-105.0531599,8/21/2021 19:39,19:39,3,0,0,SHERIDAN BLVD S & ALAMEDA AVE W,1,3,0,0,1,2,0,0,35,0,0,0,0,0,2,2,13
,2021-37043,39.67933354,-104.9593799,9/29/2021 12:56,12:56,12,0,0,2000 BLK S UNIVERSITY BLVD & E ASBURY AVE,1,1,1,0,1,3,0,0,30,0,0,0,0,0,4,2,13
,2021-37044,39.75529353,-105.0124799,10/3/2021 19:14,19:14,12,0,0,SPEER BLVD N & I-25,1,1,0,0,1,4,0,0,35,0,0,0,0,0,2,2,13
,2021-37045,39.76191352,-104.9356099,9/29/2021 16:04,16:04,12,0,0,E MLK BLVD & N BIRCH ST,11,1,0,1,1,4,0,0,30,0,0,0,0,0,4,2,13
,2021-37046,39.63961354,-104.8851,9/29/2021 6:30,6:30,12,0,0,I-225 & YOSEMITE ST S,1,2,0,0,1,4,0,0,65,0,0,0,0,0,1,2,13
,2021-37047,39.73848463,-105.0070512,9/28/2021 23:28,23:28,6,0,0,E 447TH AVE & N DEL RIO CT,1,3,0,0,1,4,0,0,35,0,0,0,0,0,4,2,2
,2021-37048,39.71120354,-104.9991199,9/29/2021 9:45,9:45,6,0,0,I-25 SB & ALAMEDA AVE W,1,1,0,7,3,4,0,0,65,0,0,0,0,0,1,2,3
,2021-37049,39.77703352,-104.8449499,9/29/2021 18:40,18:40,6,0,0,4400 BLK N QUENTIN ST & E 44TH AVE,1,1,0,0,1,4,0,0,25,0,0,0,0,0,4,2,4
,2021-37050,39.77993352,-104.9291899,9/29/2021 17:01,17:01,15,0,0,I-70 WB ON RAMP & FORREST ST N,11,1,0,0,1,8,0,0,65,0,0,0,0,0,1,2,7
,2021-37051,39.70022654,-104.9875774,9/29/2021 15:40,15:40,8,0,0,S BROADWAY ST & KENTUCKY AVE,11,1,0,0,1,1,0,0,30,0,0,0,0,0,4,2,13
,2021-37052,39.77651353,-104.9895699,9/29/2021 9:10,9:10,12,0,0,I-25 SB & 44TH AVE W,1,1,1,0,1,4,0,0,65,0,0,0,0,1,1,2,13
,2021-37053,39.64988355,-105.0649299,8/25/2021 12:26,12:26,12,0,0,6200 W KENYON AVE & S JAY ST,1,1,0,0,1,4,0,0,25,0,0,0,0,0,4,2,3
,2021-37054,39.65569907,-104.9131729,10/4/2021 12:55,12:55,3,0,0,S MONACO ST & E VIRGINA AVE,1,1,0,0,1,1,0,0,25,0,0,0,0,1,4,3,13
,2021-37055,39.83230305,-104.9834911,9/25/2021 7:12,7:12,3,0,1,COLFAX AVE W & I-25 SB OFF RAMP,1,1,0,0,1,1,0,0,40,0,0,0,0,2,2,2,7
,2021-37056,39.74009468,-104.9035119,9/29/2021 15:46,15:46,15,0,0,QUEBEC ST N & I-70,1,1,0,0,1,1,0,0,35,0,0,0,0,0,4,2,13
,2021-37057,39.68309354,-104.9405399,9/29/2021 20:05,20:05,12,0,0,COLORADO BLVD S & I-25 NB ON RAMP,1,5,1,7,1,1,0,0,65,0,0,0,0,1,1,2,14
,2021-37058,39.63413354,-104.9067299,9/29/2021 7:30,7:30,12,0,0,I-25 NB & I-225,1,1,0,0,1,4,0,0,65,0,0,0,0,0,1,2,13
,2021-37059,39.76952353,-105.0342499,9/29/2021 11:39,11:39,3,0,0,3500 BLK W 38TH AVE & N LOWELL BLVD,1,1,1,0,1,5,0,0,20,0,0,0,0,0,4,2,13
,2021-37060,39.76449985,-104.9708061,9/29/2021 8:45,8:45,11,0,1,BRUCE RANDOLPH AVE E & LAFAYETTE ST N,1,1,0,0,1,4,0,0,35,0,0,1,0,2,4,1,13
,2021-37061,39.73079353,-104.9919999,9/29/2021 0:50,0:50,5,0,0,800 BLK N SPEER BLVD & N BANNOCK ST,1,3,0,0,2,4,0,0,40,0,0,0,0,0,4,1,6
,2021-37062,39.69673354,-105.0297299,9/3/2021 20:01,20:01,3,0,0,S IRVING ST & W MISSISSIPPI AVE,1,1,0,0,1,1,0,0,25,0,0,0,0,0,4,2,13
,2021-37063,39.66049354,-105.0251499,8/25/2021 19:30,19:30,3,0,0,FEDERAL BLVD S & DARTMOUTH AVE W,1,1,0,0,1,1,0,0,40,0,0,0,0,0,2,2,14
,2021-37064,39.73209353,-105.0016299,10/3/2021 1:45,1:45,6,0,0,N LIPAN ST & W 10TH AVE,1,3,0,0,1,4,0,0,25,0,0,0,0,0,4,4,5
,2021-37065,39.67843354,-104.9339699,10/5/2021 8:54,8:54,12,0,0,I-25 SB & EVANS AVE E,1,1,0,0,1,4,0,0,60,0,0,0,0,0,1,3,3
,2021-37066,39.72650353,-104.9984899,5/25/2021 12:28,12:28,6,0,0,SANTA FE DR N & 6TH AVE W,1,1,1,0,1,2,0,0,30,0,0,0,0,0,4,2,13
,2021-37067,39.66331355,-105.0672799,9/1/2021 14:52,14:52,13,0,1,BROWN PL W & LAMAR ST S,1,1,0,0,1,4,0,0,25,0,1,0,0,2,4,1,3
,2021-37068,39.77420352,-104.8470299,9/29/2021 8:25,8:25,12,0,0,I-70 WB ON RAMP FROM & PEORIA ST N,1,1,0,0,1,8,0,0,35,0,0,0,0,1,1,2,3
,2021-37069,39.77420352,-104.8470299,10/5/2021 6:40,6:40,12,0,0,I-70 & PEORIA ST N,1,1,0,0,1,4,0,0,65,0,0,0,0,1,1,3,7
,2021-37070,39.76307353,-104.9742699,9/28/2021 3:00,3:00,6,0,0,3300 CURTIS ST & 33RD ST,1,4,0,0,1,4,0,0,30,0,0,0,0,0,4,3,16
,2021-37071,39.76834353,-105.0252399,10/3/2021 23:25,23:25,1,0,0,FEDERAL BLVD N & CLYDE PL W,1,3,0,0,1,1,0,0,35,0,0,0,0,0,2,3,13
,2021-37072,39.78237352,-104.8526199,10/5/2021 6:30,6:30,11,0,0,47TH AVE E & NOME ST N,1,1,0,0,1,1,0,0,35,0,1,0,0,1,4,1,13
,2021-37073,39.77400352,-104.8470199,10/1/2021 12:30,12:30,11,0,0,I-70 & PEORIA ST N,1,1,1,0,1,4,0,0,0,0,1,0,0,1,1,2,16
,2021-37074,39.76675075,-104.9852451,8/31/2021 17:06,17:06,15,0,0,ARKINS CT & WASHINGTON ST N,1,1,0,0,1,1,0,0,35,0,0,0,0,0,4,2,14
,2021-37075,39.76927353,-105.0052799,10/5/2021 8:18,8:18,3,0,0,N OSAGE ST & W 38TH AVE,1,1,1,0,1,1,0,0,25,0,0,0,0,0,4,2,13
,2021-37076,39.8334235,-104.7718,10/4/2021 4:19,4:19,3,0,0,TOWER RD N & PENA BLVD,1,3,0,0,1,1,0,0,40,0,0,0,0,0,4,2,13
,2021-37077,39.74034354,-105.0531999,10/4/2021 20:42,20:42,1,0,0,COLFAX AVE W & SHERIDAN BLVD N,11,3,0,0,1,1,0,0,35,0,0,0,0,0,2,3,1
,2021-37177,39.62409354,-104.9086499,8/20/2021 5:48,5:48,12,0,0,E BELLEVIEW AVE & NIAGARA ST,1,1,3,0,1,1,0,0,40,0,0,0,0,0,4,3,13
,2021-37222,39.71999353,-104.9399899,9/2/2021 14:10,14:10,12,0,0,COLORADO BLVD N & 4TH AVE RD E,1,1,3,0,1,3,0,0,35,0,0,0,0,0,2,3,11
,2021-37226,39.72926353,-104.9127899,9/2/2021 15:00,15:00,12,0,0,MONACO ST N & 8TH AVE,1,1,3,0,1,4,0,0,35,0,0,0,0,0,4,4,3
,2021-37230,39.78363351,-104.79137,9/2/2021 14:52,14:52,12,0,0,GVR BLVD E & PENA BLVD,1,5,3,0,1,1,0,0,35,0,0,0,0,0,4,3,3
,2021-37233,39.74334353,-105.0252099,9/1/2021 7:34,7:34,12,0,0,FEDERAL BLVD N & 17TH AVE W,1,1,3,1,1,4,0,0,,0,0,0,0,0,2,2,16
,2021-37235,39.65311154,-104.8988149,8/31/2021 18:00,18:00,15,0,0,S TAMARAC DR & E HAMPDEN AVE,1,1,3,0,1,1,0,0,25,0,0,0,0,0,4,3,16
,2021-37236,39.67999354,-105.0199899,9/2/2021 8:25,8:25,12,0,1,FLORIDA AVE W & IRVING ST S,1,1,3,0,1,3,0,0,30,0,0,0,0,2,4,3,13
,2021-37237,39.70006035,-104.9035158,9/1/2021 15:33,15:33,12,0,0,QUEBEC ST S & EXPOSITION AVE E,1,1,3,0,1,4,0,0,,0,0,0,0,0,4,3,16
,2021-37238,39.73511353,-104.9494799,9/2/2021 8:15,8:15,3,0,1,E 12TH AVE & N STEELE ST,1,1,3,0,1,1,0,0,30,0,0,0,0,1,4,3,1
,2021-37239,39.77999352,-104.9599899,8/26/2021 13:05,13:05,12,0,0,I-70 WB EXIT GORE PT TO & BRIGHTON BLVD N,1,1,3,0,1,8,0,0,,0,0,0,0,0,1,2,16
,2021-37240,39.73919353,-104.9406599,9/3/2021 14:47,14:47,12,0,0,COLORADO BLVD N & 14TH AVE E,11,1,3,1,1,3,0,0,30,0,0,0,0,0,2,3,13
,2021-37241,39.78177351,-104.77212,8/19/2021 12:20,12:20,15,0,0,E 47TH AVE & N TOWER RD,1,1,3,0,1,1,0,0,40,0,0,0,0,0,4,2,1
,2021-37242,39.71999353,-104.9299899,9/2/2021 14:39,14:39,6,0,0,600 BLK N ALBION ST & E 7TH AVE,1,1,3,0,1,4,0,0,35,0,0,0,0,0,4,2,1
,2021-37243,39.67890354,-104.9973699,8/1/2021 14:01,14:01,3,0,0,PLATTE RIVER DR S & EVANS AVE W,1,1,3,1,1,1,0,0,35,0,0,0,0,0,4,2,14
,2021-37244,39.76919352,-104.9480899,8/1/2021 6:20,6:20,6,0,0,3300 BLK E 38TH AVE & ADAMS,1,2,3,0,1,3,0,0,25,0,0,0,0,0,4,2,4
,2021-37245,39.70758354,-105.0250799,10/4/2021 14:43,14:43,12,0,0,FEDERAL BLVD S & VIRGINIA AVE W,1,1,0,0,1,3,0,0,40,0,0,0,0,0,2,2,3
,2021-37246,39.78010352,-104.9497999,10/5/2021 6:25,6:25,12,0,0,I-70 & STEELE ST N,1,2,0,0,1,4,0,0,65,0,0,0,0,0,1,2,13
,2021-37247,39.63675674,-104.8908332,10/4/2021 14:37,14:37,12,0,0,I-225 & MM 1,1,1,0,0,1,4,0,0,65,0,0,0,0,0,1,2,7
,2021-37248,39.70033354,-105.0297599,10/4/2021 16:06,16:06,3,0,0,W KENTUCKY AVE & S IRVING ST,1,1,0,0,1,1,0,0,25,0,0,0,0,1,4,2,3
,2021-37249,39.71973354,-105.0330799,10/4/2021 22:37,22:37,6,0,0,3450 BLK W 2ND AVE & N KNOX CT,1,3,0,0,1,4,0,0,,0,0,0,0,0,4,2,9
,2021-37250,39.68029153,-104.9062759,10/4/2021 20:13,20:13,6,0,0,1900 BLK S UNIVERSITY JOSEPHINE ALLEY & E ASBURY AVE,1,3,0,0,1,5,0,0,15,0,0,0,0,0,4,2,1
,2021-37251,39.70728354,-105.0350299,10/5/2021 1:00,1:00,6,0,0,500 BLK S LOWELL BLVD & W CENTER AVE,1,4,0,0,1,4,0,0,25,0,0,0,0,0,4,2,13
,2021-37252,39.67844354,-104.9337599,10/4/2021 9:52,9:52,12,0,0,I-25 NB & EVANS AVE E,1,1,0,0,1,4,0,0,65,0,0,0,0,0,1,2,3
,2021-37253,39.77967353,-104.9791499,10/4/2021 14:01,14:01,3,0,0,WASHINGTON ST N & I-70 WB OFF RAMP,1,1,0,0,1,1,0,0,35,0,0,0,0,0,4,2,13
,2021-37254,39.68776354,-105.0203699,10/4/2021 17:29,17:29,6,0,0,S CLAY ST & W IOWA,1,1,1,0,1,4,0,0,25,0,0,0,0,0,4,2,5
,2021-37255,39.72175353,-104.9509999,10/5/2021 12:20,12:20,12,0,0,300 BLK N ST PAUL ST & E 3RD AVE,1,1,0,0,1,4,0,0,25,0,0,0,0,0,4,2,13
,2021-37256,39.73993353,-105.0226799,10/5/2021 16:45,16:45,8,0,0,COLFAX AVE W & ELIOT ST N,1,1,0,0,1,4,0,0,35,0,0,0,0,1,2,2,2
,2021-37257,39.78237352,-104.8526199,10/5/2021 15:16,15:16,3,0,0,47TH AVE E & NOME ST N,1,1,0,0,1,1,0,0,35,0,0,0,0,0,4,2,13
,2021-37258,39.72553353,-105.0131199,10/4/2021 13:45,13:45,12,0,0,I-25 NB & 6TH AVE W,1,1,0,0,1,4,0,0,65,0,0,0,0,1,1,2,7
,2021-37259,39.68947354,-105.0250499,9/11/2021 14:08,14:08,1,0,0,FEDERAL BLVD S & FLORIDA AVE W,1,1,0,0,1,1,0,0,40,0,0,0,0,0,2,2,7
,2021-37260,39.68316354,-105.0099799,10/5/2021 12:44,12:44,6,0,0,1800 BLK S SHOSHONE ST & W JEWELL AVE,1,1,0,0,1,4,0,0,25,0,0,0,0,0,4,2,9
,2021-37261,39.76030353,-105.0410699,10/2/2021 10:00,10:00,6,0,0,4100 BLK W 30TH AVE & N QUITMAN ST,1,3,0,0,1,4,0,0,25,0,0,0,0,0,4,2,1
,2021-37262,39.66757354,-104.9206799,10/5/2021 16:50,16:50,1,0,0,E YALE AVE & S HOLLY ST,1,1,0,0,1,1,0,0,35,0,0,0,0,0,4,2,3
,2021-37263,39.69293354,-104.9934499,10/5/2021 8:20,8:20,15,0,0,1100 BLK S PLATTE RIVER DR & W MISSISSIPPI AVE,1,1,0,0,1,3,0,0,40,0,0,0,0,0,4,2,13
,2021-37264,39.68999354,-104.9734099,9/29/2021 15:18,15:18,12,0,0,I-25 NB & DOWNING ST S,11,1,0,1,1,4,0,0,60,0,0,0,0,0,1,2,13
,2021-37265,39.75536353,-105.0126799,10/2/2021 16:37,16:37,12,0,0,I-25 SB EXIT GORE PT TO & SPEER BLVD N,1,1,0,0,1,4,0,0,65,0,0,0,0,0,1,2,13
,2021-37266,39.77290152,-104.8658884,10/5/2021 15:55,15:55,1,0,0,HAVANA ST N & 40TH AVE E,1,1,0,0,1,1,0,0,30,0,0,0,0,1,4,2,13
,2021-37267,39.69839353,-104.9617199,8/14/2021 9:45,9:45,6,0,0,S GAYLORD ST & E TENNESSEE AVE,1,1,0,0,1,4,0,0,25,0,0,0,0,0,4,2,13
,2021-37268,39.75145757,-105.0151207,10/4/2021 23:12,23:12,2,0,0,CRESCENT DR & CLAY ST N,1,3,0,0,1,1,0,0,0,1,0,0,0,0,4,2,16
,2021-37269,39.67720354,-104.9222599,10/5/2021 17:28,17:28,3,0,0,HOLLY ST S & EVANS AVE E,1,1,0,0,1,2,0,0,30,0,0,0,0,0,4,2,1
,2021-37270,39.78313353,-105.0064099,10/5/2021 8:02,8:02,12,0,0,I-70 & PECOS ST N,1,1,1,0,1,4,0,0,65,0,0,0,0,0,1,2,3
,2021-37271,39.73229353,-104.9857499,9/1/2021 3:39,3:39,12,0,0,1000 BLK N LINCOLN ST & E 10TH AVE,1,1,0,0,1,4,0,0,35,0,0,0,0,0,4,2,5
,2021-37272,39.74043353,-105.0139599,9/29/2021 23:49,23:49,3,0,0,COLFAX AVE W & I-25 NB OFF RAMP,1,3,0,0,1,1,0,0,45,0,0,0,0,1,1,2,13
,2021-37273,39.72590354,-105.0252334,10/5/2021 7:40,7:40,15,0,0,6TH AVE W & FEDERAL BLVD N,1,1,0,0,1,4,0,0,65,0,0,0,0,1,2,2,1
,2021-37274,39.74009468,-104.9035119,10/5/2021 8:35,8:35,12,0,0,I-70 & QUEBEC ST N,1,1,0,0,1,4,0,0,55,0,0,0,0,1,1,2,13
,2021-37275,39.76249353,-104.9819799,10/2/2021 22:00,22:00,6,0,0,WALNUT ST & 2900 BLK,1,3,0,0,1,4,0,0,25,0,0,0,0,0,4,2,13
,2021-37276,39.73848354,-105.0520599,10/3/2021 21:36,21:36,6,0,0,W 14TH AVE & N ZENOBIA ST,1,3,0,0,1,4,0,0,25,0,0,0,0,0,4,2,16
,2021-37277,39.71825353,-104.9666599,9/11/2021 1:05,1:05,15,0,0,E 1ST AVE & N GILPIN ST,1,3,0,0,1,1,0,0,30,0,0,0,0,0,4,2,14
,2021-37278,39.65306654,-104.926777,10/5/2021 17:50,17:50,12,0,0,I-25 SB & HAMPDEN AVE E,1,1,0,0,1,4,0,0,65,0,0,0,0,1,1,2,16
,2021-37279,39.83651352,-105.0050879,10/5/2021 8:45,8:45,12,0,0,6TH AVE W & OSAGE ST,1,1,1,0,1,4,0,0,55,0,0,0,0,1,1,2,3
,2021-37280,39.73118654,-105.0250579,10/3/2021 17:54,17:54,1,0,0,FEDERAL BLVD N & 9TH AVE W,1,1,0,0,1,1,0,0,35,0,0,0,0,0,2,2,13
,2021-37281,39.73525353,-104.9916399,9/30/2021 0:20,0:20,3,0,0,CHEROKEE ST N & 12TH AVE W,1,3,0,0,1,1,0,0,,0,0,0,0,0,4,2,16
,2021-37282,39.79727352,-104.8856799,9/28/2021 10:55,10:55,6,0,0,E 55TH AVE & N XENIA ST,1,1,0,0,1,4,0,0,25,0,0,0,0,0,4,2,13
,2021-37283,39.68932353,-104.8967199,10/1/2021 9:08,9:08,11,0,0,FLORIDA AVE E & QUEBEC WY S,1,1,2,0,1,1,0,0,0,0,1,0,0,0,4,1,16
,2021-37284,39.71498354,-105.0532699,10/5/2021 8:08,8:08,12,0,0,SHERIDAN BLVD S & BAYAUD AVE W,1,1,0,0,1,1,0,0,35,0,0,0,0,1,2,2,13
,2021-37285,39.75536353,-105.0126799,10/1/2021 18:52,18:52,12,0,0,I-25 SB & SPEER BLVD N,1,3,3,0,1,4,0,0,65,0,0,0,0,0,1,2,13
,2021-37286,39.82518502,-104.9816053,10/1/2021 12:34,12:34,12,0,0,I-25 NB & 6TH AVE W,1,1,1,0,1,4,0,0,65,0,0,0,0,0,1,2,13
,2021-37287,39.76568353,-104.9950429,10/1/2021 15:52,15:52,1,0,0,PARK AVE W & N GLOBEVILLE RD,1,1,0,0,1,1,0,0,35,0,0,0,0,0,4,2,13
,2021-37288,39.74000353,-104.9684499,10/4/2021 18:14,18:14,2,0,1,COLFAX AVE E & FRANKLIN ST N,1,1,0,0,1,1,0,0,0,1,0,0,0,2,2,2,16
,2021-37289,39.73726353,-104.8987399,10/4/2021 15:59,15:59,3,0,0,N SYRACUSE ST & E 13TH AVE,1,1,0,0,1,1,0,0,30,0,0,0,0,0,4,2,13
,2021-37290,39.73942352,-104.8928499,10/3/2021 2:00,2:00,11,0,1,UINTA ST N & COLFAX AVE E,1,3,0,0,1,4,0,0,25,0,1,0,0,2,4,1,13
,2021-37291,39.68071354,-105.0532199,10/5/2021 17:56,17:56,12,0,0,SHERIDAN BLVD S & JEWELL AVE W,1,1,0,0,1,2,0,0,40,0,0,0,0,0,2,2,3
,2021-37292,39.78312187,-104.8470955,10/1/2021 18:11,18:11,12,0,0,I-70 & PEORIA ST N,1,1,1,0,1,4,0,0,55,0,0,0,0,1,1,2,7
,2021-37293,39.65350353,-104.8684,9/2/2021 3:54,3:54,5,0,1,E HAMPDEN AVE & S GALENA ST,1,3,0,0,3,1,0,0,45,0,0,0,0,3,4,1,13
,2021-37294,39.75618185,-105.0155256,10/4/2021 6:26,6:26,12,0,0,I-25 NB & SPEER BLVD N,1,1,0,0,1,4,0,0,65,0,0,0,0,0,1,2,16
,2021-37295,39.71918354,-105.0511599,10/1/2021 4:00,4:00,6,0,0,150 N YATES ST & W BAYAUD AVE,1,4,1,0,1,4,0,0,25,0,0,0,0,0,4,2,13
,2021-37296,39.82518502,-104.9816053,10/4/2021 13:23,13:23,12,0,0,I-25 NB & 6TH AVE W,1,1,1,0,1,4,0,0,65,0,0,0,0,0,1,2,7
,2021-37297,39.71119354,-105.0006399,10/1/2021 16:43,16:43,1,0,0,PLATTE RIVER DR S & ALAMEDA AVE W,1,1,0,0,1,1,0,0,30,0,0,0,0,0,2,2,16
,2021-37298,39.74013353,-104.9275099,10/3/2021 11:19,11:19,3,0,0,COLFAX AVE E & FILBERT CT N,1,1,0,0,1,1,0,0,25,0,0,0,0,1,2,2,8
,2021-37299,39.78058352,-104.8416999,10/2/2021 13:40,13:40,3,0,0,E ALBROOK DR & N TULSA CT,1,1,0,0,1,1,0,0,25,0,0,0,0,0,4,2,13
,2021-37300,39.79827351,-104.79995,10/2/2021 5:39,5:39,12,0,0,E 56TH AVE & N LAREDO ST,1,3,0,0,1,1,0,0,40,0,0,0,0,0,4,2,14
,2021-37301,39.87088912,-104.7149793,10/1/2021 20:30,20:30,15,0,0,PENA BLVD & GUN CLUB RD,1,3,1,0,1,4,0,0,65,0,0,0,0,0,4,2,5
,2021-37302,39.79023352,-104.8658999,10/4/2021 15:48,15:48,12,0,0,N HAVANA ST & E 51ST AVE,1,1,0,0,1,4,0,0,40,0,0,0,0,0,4,2,13
,2021-37303,39.65307354,-104.9184399,10/4/2021 8:02,8:02,15,0,0,I-25 SB ON RAMP FROM & HAMPDEN AVE E,1,1,1,0,1,8,0,0,45,0,0,0,0,0,1,2,3
,2021-37304,39.67849794,-104.9333811,10/4/2021 12:30,12:30,12,0,0,I-25 NB ON RAMP FROM & EVANS AVE E,1,1,1,0,1,8,0,0,40,0,0,0,0,0,1,2,3
,2021-37306,39.75673352,-104.8590099,8/17/2021 15:15,15:15,12,0,0,E 28TH PL & N KINGSTON ST,1,1,3,0,1,1,0,0,35,0,0,0,0,0,4,2,1
,2021-37310,39.77880351,-104.74958,8/16/2021 12:15,12:15,6,0,0,JEBEL ST N & 45TH AVE E,1,1,3,0,1,4,0,0,25,0,0,0,0,0,4,2,16
,2021-37311,39.69656353,-104.9535012,9/1/2021 8:55,8:55,15,0,0,S PARKER RD & E MISSISSIPPI AVE,1,1,3,0,1,4,0,0,35,0,0,0,0,0,4,2,13
,2021-37312,39.70945354,-105.0408599,9/1/2021 7:40,7:40,3,0,0,S QUITMAN & W DAKOTA AVE,1,1,3,0,1,1,0,0,25,0,0,0,0,1,4,2,1
,2021-37313,39.75733353,-105.0182899,7/13/2021 16:00,16:00,15,0,0,SPEER BLVD N & FEDERAL BLVD N,1,1,3,0,1,4,0,0,,0,0,0,0,0,4,2,16
,2021-37317,39.91423167,-105.0155106,8/26/2021 0:01,0:01,5,0,0,4800 BLK N ZUNI ST & N ZUNI ST,1,3,3,0,3,3,0,0,30,0,0,0,0,0,4,1,1
,2021-37320,39.74999353,-104.9599899,9/2/2021 16:45,16:45,5,0,0,FRANKLIN ST N & 26TH AVE E,1,1,3,0,3,1,0,0,35,0,0,0,0,0,4,1,1
,2021-37321,39.68955354,-105.0532599,9/2/2021 10:10,10:10,3,0,0,SHERIDAN BLVD S & FLORIDA AVE W,1,1,3,0,1,1,0,0,35,0,0,0,0,0,2,2,13
,2021-37322,39.71132353,-104.9365599,9/2/2021 8:53,8:53,12,0,0,LEETSDALE DR & ALAMEDA AVE E,1,1,3,0,1,3,0,0,30,0,0,0,0,1,2,2,16
,2021-37323,39.65311154,-104.8988149,9/3/2021 7:57,7:57,12,0,0,HAMPDEN AVE E & TAMARAC ST S,1,1,3,0,1,3,0,0,40,0,0,0,0,1,2,2,16
,2021-37324,39.72096353,-104.9461599,9/1/2021 15:30,15:30,3,0,0,E 3RD AVE & N MADISON ST,1,1,3,0,1,1,0,0,25,0,0,0,0,1,4,2,3
,2021-37325,39.77841352,-104.9035599,9/2/2021 12:55,12:55,15,0,0,QUEBEC ST S & I-70 WB RAMPS,1,1,3,0,1,3,0,0,35,0,0,0,0,0,4,2,3
,2021-37326,39.68567354,-104.9430199,9/2/2021 15:57,15:57,3,0,0,MEXICO AVE E & JACKSON ST S,1,1,3,0,1,1,0,0,25,0,0,0,0,0,4,2,11