id,drcog_id,latitude,longitude,crashtime,time,crashtype,numbkilled,numbinjurd,drcoglocat,rdconditin,lightngcon,roadcntgrd,weatherco,location,roaddescrp,schoolzone,constrzone,splimit,bikeinv,pedinv,sctrinv,motoinv,svrty,rdsystem,ttlvehcls,hcf
,2021-37328,39.69635653,-104.8974019,9/1/2021 17:20,17:20,12,0,0,PARKER RD S & MISSISSIPPI AVE E,1,1,3,0,1,1,0,0,35,0,0,0,0,0,2,2,3
,2021-37329,39.74999353,-105.0199899,9/2/2021 12:22,12:22,6,0,0,3200 BLK W 26TH AVE & N IRVING ST,1,1,3,0,1,4,0,0,25,0,0,0,0,0,4,2,12
,2021-37330,39.70385353,-104.9128699,9/1/2021 15:29,15:29,12,0,0,MONACO ST S & EXPOSITION AVE E,1,1,3,0,1,3,0,0,35,0,0,0,0,0,4,2,3
,2021-37331,39.72383353,-104.8841944,8/31/2021 17:00,17:00,15,0,0,E LOWRY BLVD & N YOSEMITE ST,1,1,3,0,1,1,0,0,30,0,0,0,0,0,4,2,16
,2021-37332,39.74163566,-104.9696768,9/2/2021 8:30,8:30,2,0,0,16TH AVE E & HUMBOLDT AVE N,1,1,3,0,1,3,0,1,25,1,0,0,0,1,4,1,16
,2021-37334,39.71752353,-104.9526799,8/31/2021 15:51,15:51,16,0,0,1ST AVE & 3000 E,1,3,3,0,5,7,0,0,15,0,0,0,0,0,3,1,13
,2021-37335,39.70021353,-104.9082099,8/31/2021 15:10,15:10,1,0,0,LEETSDALE DR & ONEIDA ST S,1,1,3,0,1,1,0,0,35,0,0,0,0,1,2,2,3
,2021-37338,39.64774354,-104.8849399,9/1/2021 9:18,9:18,12,0,0,3800 S YOSEMITE ST & E MANSFIELD AVE,1,1,3,0,1,4,0,0,30,0,0,0,0,0,4,2,13
,2021-37341,39.70577354,-105.0250899,9/3/2021 8:10,8:10,15,0,0,FEDERAL BLVD S & VIRGINIA AVE W,1,1,3,1,1,4,0,0,35,0,0,0,0,0,2,2,13
,2021-37345,39.77829352,-104.9034199,9/1/2021 14:46,14:46,15,0,0,QUEBEC ST S & I-70 EB,1,1,3,0,1,1,0,0,35,0,0,0,0,0,4,2,13
,2021-37347,39.74378352,-104.9081499,9/1/2021 9:29,9:29,3,0,0,ONEIDA ST N & 17TH AVE E,1,1,3,0,1,1,0,0,30,0,0,0,0,0,4,2,1
,2021-37348,39.70828353,-104.9227899,9/1/2021 10:40,10:40,12,0,0,HOLLY ST S & LEETSDALE DR E,1,1,3,0,1,3,0,0,30,0,0,0,0,0,4,2,1
,2021-37349,39.72999353,-104.9699899,9/3/2021 12:58,12:58,12,0,0,1000 BLK N DOWNING ST & E 10TH AVE,1,1,3,0,1,4,0,0,25,0,0,0,0,0,4,2,13
,2021-37350,39.78219352,-104.8762399,9/1/2021 18:35,18:35,10,0,0,E NORTHFIELD BLVD & N DALLAS ST,1,1,3,0,1,1,0,0,35,0,0,0,0,0,4,2,1
,2021-37351,39.77793836,-104.7722074,9/1/2021 10:00,10:00,2,0,0,ANDES ST N & 45TH AVE E,1,1,3,7,1,1,0,0,25,1,0,0,0,1,4,1,1
,2021-37352,39.73687353,-104.9787099,8/31/2021 17:11,17:11,3,0,1,E 13TH AVE & N WASHINGTON ST,1,1,3,0,1,1,0,0,25,0,0,0,0,2,4,2,1
,2021-37353,39.75071353,-104.9597599,9/2/2021 9:41,9:41,15,0,0,N YORK ST & E 23RD AVE,1,1,3,0,1,1,0,0,30,0,0,0,0,0,4,2,3
,2021-37354,39.73843353,-104.9823099,9/4/2021 8:14,8:14,3,0,0,E 14TH AVE & N LOGAN ST,1,1,3,1,1,1,0,0,30,0,0,0,0,0,4,2,8
,2021-37355,39.65308354,-104.9153399,9/3/2021 10:42,10:42,1,0,0,HAMPDEN AVE E & LOCUST ST S,1,1,3,0,1,1,0,0,35,0,0,0,0,0,2,2,13
,2021-37359,39.70743812,-104.9128178,9/2/2021 15:13,15:13,3,0,0,E VIRGINIA AVE & S MONACO ST,1,1,3,0,1,1,0,0,25,0,0,0,0,0,4,2,11
,2021-37362,39.72560653,-104.9418601,9/3/2021 12:16,12:16,12,0,0,00 BLK E 6TH AVE & SB SPEER BLVD,1,1,3,0,1,4,0,0,30,0,0,0,0,0,4,2,13
,2021-37371,39.72523353,-104.9598799,9/2/2021 10:08,10:08,15,0,0,500 BLK N YORK ST & E YORK ST,1,1,3,0,1,3,0,0,30,0,0,0,0,0,4,2,8
,2021-37372,39.67845353,-104.9143799,9/1/2021 18:15,18:15,3,0,0,EVANS AVE E & 6365 E EVANS AVE,1,1,3,0,1,2,0,0,35,0,0,0,0,0,4,2,3
,2021-37373,39.72564353,-104.9862499,9/1/2021 14:00,14:00,15,0,0,N LINCOLN ST & E SPEER BLVD,1,1,3,0,1,1,0,0,30,0,0,0,0,0,4,2,4
,2021-37374,39.71497354,-105.0250799,9/1/2021 13:25,13:25,5,0,0,BAYAUD AVE W & FEDERAL BLVD S,1,1,3,0,2,2,0,0,25,0,0,0,0,0,4,1,13
,2021-37381,39.72530353,-104.9393299,8/31/2021 16:00,16:00,12,0,0,E 6TH AVE & N ALBION,1,1,3,0,1,1,0,0,30,0,0,0,0,1,4,3,3
,2021-37382,39.65320154,-104.9047234,9/3/2021 9:10,9:10,1,0,2,HAMPDEN AVE E & POPLAR ST S,1,1,3,0,1,1,0,0,40,0,0,0,0,2,2,2,13
,2021-37383,39.78631351,-104.8470399,9/1/2021 18:10,18:10,12,0,0,N PEORIA ST & E ANDREWS DR,1,1,3,0,1,1,0,0,35,0,0,0,0,0,4,2,13
,2021-37384,39.76194852,-104.9406604,9/2/2021 13:57,13:57,12,0,0,N COLORADO BLVD & E MLK BLVD,1,1,3,0,1,1,0,0,40,0,0,0,0,0,2,2,16
,2021-37385,39.60999355,-105.0599899,9/2/2021 12:17,12:17,5,0,0,GRANT RANCH BLVD W & JAY CIR S,1,1,3,0,2,4,0,0,30,0,0,0,0,0,4,1,14
,2021-37386,39.65305754,-104.87564,9/1/2021 10:11,10:11,12,0,0,HAMPDEN AVE E & DAYTON ST S,1,1,3,0,1,4,0,0,35,0,0,0,0,1,2,2,13
,2021-37389,39.78432351,-104.8311999,9/1/2021 8:55,8:55,3,0,0,E ANDREWS DR & N CROWN BLVD,1,1,3,0,1,1,0,0,35,0,0,0,0,0,4,2,1
,2021-37391,39.75144353,-104.9857999,9/1/2021 7:11,7:11,11,0,0,STOUT ST & 22ND ST,1,1,3,0,1,1,0,0,30,0,0,1,0,1,4,1,13
,2021-37411,39.67864354,-105.0110199,10/3/2021 20:57,20:57,1,0,0,EVANS AVE W & TEJON ST S,1,3,1,0,1,1,0,0,30,0,0,0,0,0,4,2,13
,2021-37412,39.69100354,-104.9792199,10/2/2021 2:59,2:59,6,0,0,WASHINGTON ST & 1400 BLK S,1,3,0,0,1,4,0,0,25,0,0,0,0,1,4,2,5
,2021-37413,39.76324353,-104.9597499,10/3/2021 21:17,21:17,3,0,0,33RD AVE E & YORK ST N,1,3,0,0,1,1,0,0,30,0,0,0,0,0,4,2,7
,2021-37414,39.74299353,-105.0314099,9/14/2021 14:15,14:15,6,0,0,JULIAN ST N & 16TH AVE W,1,1,0,0,1,4,0,0,30,0,0,0,0,0,4,2,13
,2021-37415,39.76115353,-105.0047599,9/22/2021 22:38,22:38,12,0,0,I-25 SB & 20TH ST,1,3,0,0,1,4,0,0,65,0,0,0,0,1,2,2,5
,2021-37416,39.72551353,-105.0133499,9/23/2021 1:04,1:04,5,0,0,I-25 SB EXIT GORE PT TO & 6TH AVE W,1,3,0,0,2,8,0,0,65,0,0,0,0,0,1,1,14
,2021-37417,39.75536353,-105.0126899,9/11/2021 3:53,3:53,6,0,0,I-25 SB & SPEER BLVD N,1,3,0,0,3,4,0,0,65,0,0,0,0,0,1,2,16
,2021-37418,39.75780352,-104.8563299,9/6/2021 5:04,5:04,6,0,0,MLK BLVD E & LIMA ST N,1,4,0,0,1,4,0,0,35,0,0,0,0,0,4,2,13
,2021-37420,39.73675354,-105.0532099,10/1/2021 17:00,17:00,12,0,0,SHERIDAN BLVD N & 13TH AVE W,1,1,1,0,1,3,0,0,35,0,0,0,0,1,2,2,5
,2021-37421,39.71028354,-105.0250799,9/25/2021 22:46,22:46,3,0,0,FEDERAL BLVD S & ALAMEDA AVE W,1,3,0,0,1,1,0,0,,0,0,0,0,0,2,2,1
,2021-37422,39.73827353,-104.9406599,9/14/2021 14:53,14:53,3,0,0,COLORADO BLVD N & 14TH AVE E,1,1,0,0,1,1,0,0,35,0,0,0,0,1,2,2,1
,2021-37423,39.71927353,-104.9930999,9/17/2021 1:54,1:54,6,0,0,2ND AVE W & 400 BLK W,1,2,0,0,1,4,0,0,25,0,0,0,0,0,4,2,5
,2021-37424,39.74015353,-105.0052299,10/3/2021 18:57,18:57,12,0,0,COLFAX AVE W & 7TH ST,1,1,0,0,1,1,0,0,35,0,0,0,0,0,2,2,13
,2021-37425,39.72448353,-104.9402699,9/28/2021 20:30,20:30,12,0,0,COLORADO BLVD N & 5TH AVE E,1,3,1,0,1,1,0,0,35,0,0,0,0,0,2,2,1
,2021-37426,39.74915353,-105.0008099,9/12/2021 2:44,2:44,6,0,0,BLAKE ST & 14TH ST,1,3,0,0,1,4,0,0,25,0,0,0,0,0,4,2,5
,2021-37427,39.72564353,-104.9862499,9/8/2021 22:54,22:54,15,0,0,LINCOLN ST N & 6TH AVE E,1,3,0,0,1,1,0,0,35,0,0,0,0,0,4,2,1
,2021-37428,39.75564353,-104.9533399,8/23/2021 16:30,16:30,15,0,0,27TH AVE & 2900 BLK E,1,1,0,0,1,4,0,0,25,0,0,0,0,0,4,2,5
,2021-37429,39.67512354,-105.0250599,10/2/2021 20:53,20:53,1,0,0,S FEDERAL BLVD & W ILIFF AVE (RD W),1,3,0,0,1,1,0,0,40,0,0,0,0,0,4,2,16
,2021-37430,39.68981354,-104.9734199,9/23/2021 16:43,16:43,12,0,0,I-25 SB ON RAMP FROM & DOWNING ST S,1,1,1,0,1,8,0,0,45,0,0,0,0,0,1,2,5
,2021-37431,39.75507353,-104.9880899,9/12/2021 4:22,4:22,3,0,1,PARK AVE W & LAWERENCE ST,1,3,0,0,1,1,0,0,30,0,0,0,0,3,4,2,1
,2021-37432,39.67937354,-104.9971499,10/4/2021 2:29,2:29,6,0,0,2000 BLK S HURON ST & W EVANS AVE,1,3,0,0,1,4,0,0,25,0,0,0,0,0,4,2,2
,2021-37433,39.75007753,-105.0049384,8/29/2021 21:11,21:11,15,0,0,N SPEER BLVD & WEWATTA ST,1,2,0,0,1,3,0,0,35,0,0,0,0,0,4,2,13
,2021-37434,39.73206353,-104.9406699,9/22/2021 18:10,18:10,12,0,0,N COLORADO BLVD & E 10TH AVE,1,3,0,0,1,1,0,0,45,0,0,0,0,0,4,2,13
,2021-37435,39.78379351,-104.80171,9/29/2021 15:20,15:20,10,0,0,E GVR BLVD & N KITTREDGE ST,11,1,0,0,1,1,0,0,35,0,0,0,0,0,4,2,16
,2021-37436,39.74325757,-105.0171091,9/20/2021 17:41,17:41,12,0,0,MILE HIGH STADIUM CIR & N BRYANT ST,1,1,0,0,1,1,0,0,25,0,0,0,0,0,4,2,16
,2021-37437,39.76203353,-105.0111799,9/21/2021 23:22,23:22,8,0,0,W 32ND AVE & N TEJON ST,1,3,0,0,6,1,0,0,25,0,0,0,0,0,4,2,5
,2021-37438,39.74325757,-105.0171091,10/7/2021 19:13,19:13,5,0,0,MILE HIGH STADIUM CIR & W 17TH AVE,1,3,1,0,3,4,0,0,25,0,0,0,0,0,4,1,5
,2021-37439,39.76563353,-105.0111899,9/21/2021 14:50,14:50,6,0,0,35TH AVE W & TEJON ST N,1,1,0,0,1,4,0,0,35,0,0,0,0,0,4,2,16
,2021-37440,39.61801356,-105.0910899,10/7/2021 12:12,12:12,9,0,1,WADSWORTH BLVD S & CRESTLINE AVE W,1,1,0,0,1,4,0,0,45,0,0,0,1,3,2,1,13
,2021-37441,39.70665354,-104.9965899,10/8/2021 9:36,9:36,12,0,0,I-25 NB ON RAMP LOOP ENT GORE PT FROM & SANTA FE AVE S,1,1,0,0,1,8,0,0,65,0,0,0,0,0,1,2,13
,2021-37442,39.74000994,-104.9695506,10/4/2021 22:25,22:25,11,0,1,COLFAX AVE E & HUMBOLDT AVE N,1,3,0,0,1,4,0,0,0,0,1,0,0,3,2,1,16
,2021-37443,39.75904306,-105.0131418,9/20/2021 9:30,9:30,6,0,0,2920 N VALLEJO ST (ALLEY) & 2920 BLK N,1,1,1,0,1,9,0,0,15,0,0,0,0,0,4,2,16
,2021-37444,39.71874587,-104.975702,9/16/2021 20:49,20:49,15,0,2,E SPEER BLVD & S LOGAN ST,1,4,1,0,1,4,0,0,35,0,0,0,1,2,4,2,1
,2021-37445,39.71807353,-104.9782999,9/21/2021 18:00,18:00,6,0,0,CLARKSON ST N & 1ST AVE E,1,1,1,0,1,4,0,0,25,0,0,0,0,0,4,2,5
,2021-37446,39.65615355,-105.0532099,10/7/2021 12:46,12:46,1,0,1,SHERIDAN BLVD S & DARTMOUTH AVE W,1,1,0,0,1,2,0,0,40,0,0,0,0,2,2,2,8
,2021-37447,39.71477353,-104.9875099,10/7/2021 16:15,16:15,12,0,0,S BROADWAY ST & E BAYAUD AVE,1,1,0,0,1,4,0,0,30,0,0,0,0,0,4,2,13
,2021-37448,39.71453353,-104.9823999,10/2/2021 0:45,0:45,6,0,0,LOGAN ST S & BAYAUD ST E,1,3,0,0,1,4,0,0,25,0,0,0,0,0,4,2,5
,2021-37449,39.65545354,-104.8839899,10/8/2021 11:06,11:06,3,0,0,AKRON ST S & GIRARD AVE E,1,1,0,0,1,2,0,0,25,0,0,0,0,0,4,2,13
,2021-37450,39.75512353,-105.0127099,10/7/2021 16:41,16:41,12,0,0,I-25 NB & SPEER BLVD N,1,1,0,0,1,4,0,0,65,0,0,0,0,0,1,2,13
,2021-37451,39.88937282,-104.9423033,10/8/2021 14:04,14:04,1,0,0,COLFAX AVE E & GARFIELD ST RD N,1,1,0,0,1,1,0,0,35,0,0,0,0,0,2,2,7
,2021-37452,39.66761354,-104.9257499,10/7/2021 17:01,17:01,12,0,0,I-25 SB & YALE AVE E,1,1,0,0,1,4,0,0,65,0,0,0,0,0,1,2,13
,2021-37453,39.69298154,-104.9875369,10/8/2021 12:36,12:36,12,0,0,E LOUISIANA AVE & S BROADWAY ST,1,1,0,0,1,4,0,0,35,0,0,0,0,0,4,2,3
,2021-37454,39.72931353,-105.0148199,10/8/2021 13:48,13:48,12,0,0,I-25 NB & 8TH AVE W,1,1,1,0,1,4,0,0,65,0,0,0,0,1,1,2,13
,2021-37455,39.76935352,-104.8996299,10/8/2021 14:15,14:15,3,0,0,38TH AVE E & SYRACUSE ST N,1,1,0,0,1,1,0,0,25,0,0,0,0,0,4,2,13
,2021-37457,39.74043353,-105.0141499,10/7/2021 16:36,16:36,12,0,0,I-25 SB & COLFAX AVE W,1,1,0,0,1,4,0,0,65,0,0,0,0,0,1,2,13
,2021-37458,39.8334535,-104.692913,10/8/2021 4:25,4:25,12,0,0,PENA BLVD & JACKSON GAP,1,3,0,0,1,3,0,0,25,0,0,0,0,0,4,2,13
,2021-37459,39.78049352,-104.9654399,10/7/2021 18:00,18:00,15,0,0,I-70 WB EXIT RAMP & BRIGHTON BLVD N,1,1,0,0,1,8,0,0,40,0,0,0,0,0,1,2,7
,2021-37460,39.70389354,-105.0203799,10/8/2021 12:52,12:52,3,0,0,W EXPOSITION AVE & S CLAY ST,1,1,0,0,1,1,0,0,25,0,0,0,0,0,4,2,8
,2021-37461,39.74009468,-104.9035119,10/8/2021 7:30,7:30,12,0,0,I-70 & QUEBEC ST N,1,1,1,0,1,4,0,0,65,0,0,0,0,0,1,2,13
,2021-37462,39.83230305,-104.9834911,10/6/2021 7:50,7:50,12,0,0,I-25 SB & EVANS AVE E,1,1,0,0,1,4,0,0,60,0,0,0,0,1,1,2,3
,2021-37463,39.82518502,-104.9816053,10/8/2021 7:20,7:20,12,0,0,I-25 NB & 17TH AVE W,1,1,1,0,1,4,0,0,55,0,0,0,0,0,1,2,13
,2021-37464,39.65311154,-104.8988149,10/6/2021 7:23,7:23,1,0,0,HAMPDEN AVE E & TAMARAC ST S,1,1,0,0,1,1,0,0,40,0,0,0,0,0,2,2,13
,2021-37465,39.75131353,-105.0165199,10/8/2021 6:50,6:50,12,0,0,I-25 NB & 23RD AVE W,1,1,0,0,1,4,0,0,65,0,0,0,0,0,1,2,13
,2021-37466,39.78526352,-104.8830699,10/8/2021 5:50,5:50,15,0,0,CENTRAL PARK BLVD N & NORTHFIELD BLVD E,1,1,0,0,1,1,0,0,35,0,0,0,0,0,4,2,13
,2021-37467,39.7257528,-105.0153475,10/6/2021 7:10,7:10,12,0,0,6TH AVE 4000 BLK E (NOT CDOT) & N COLORADO BLVD,1,1,0,0,1,4,0,0,35,0,0,0,0,0,4,2,16
,2021-37468,39.72890353,-104.9985999,10/8/2021 1:10,1:10,3,0,0,W 8TH AVE & N SANTA FE DR,1,3,0,0,1,1,0,0,30,0,0,0,0,1,4,2,5
,2021-37540,39.70033354,-105.0252699,7/21/2021 7:17,7:17,5,0,0,903 S FEDERAL BLVD & W KENTUCKY AVE,1,1,3,1,3,1,0,0,35,0,0,0,0,0,4,1,13
,2021-37544,39.65471354,-104.8965099,9/4/2021 22:00,22:00,5,0,0,GIRARD AVE E & TAMARAC ST S,1,3,3,0,2,2,0,0,30,0,0,0,0,0,4,1,1
,2021-37550,39.72930353,-105.0210699,9/7/2021 8:44,8:44,5,0,0,8TH AVE W & CANOSA CT N,1,1,3,1,3,1,0,0,25,0,0,0,0,0,4,1,16
,2021-37587,39.72199353,-104.9035299,9/6/2021 13:30,13:30,11,0,1,QUEBEC ST N & 350 N QUEBEC ST,1,1,3,0,1,2,0,0,25,0,1,0,0,3,4,1,3
,2021-37602,39.71799353,-104.9511699,10/6/2021 19:12,19:12,1,0,1,1ST AVE E & ST PAUL ST N,1,3,0,0,1,1,0,0,30,0,0,0,0,3,4,2,1
,2021-37603,39.74001353,-104.9798999,10/6/2021 20:54,20:54,9,0,2,COLFAX AVE E & PEARL ST N,1,3,0,0,1,1,0,0,,0,0,0,1,0,1,1,10
,2021-37604,39.73800353,-105.0251399,10/5/2021 20:54,20:54,11,0,0,FEDERAL BLVD N & 14TH AVE W,1,3,0,0,1,1,0,0,0,0,1,0,0,0,2,1,16
,2021-37605,39.73763353,-104.9848499,10/2/2021 9:45,9:45,6,0,0,SHERMAN ST N & 13TH AVE E,1,1,0,0,1,4,0,0,30,0,0,0,0,0,4,2,16
,2021-37606,39.82518502,-104.9816053,10/6/2021 8:11,8:11,12,0,0,I-25 NB & 6TH AVE W,1,1,0,0,1,4,0,0,65,0,0,0,0,0,1,2,3
,2021-37607,39.73940353,-105.0393099,10/5/2021 19:00,19:00,15,0,0,1400 BLK N PERRY ST & W 14TH AVE,1,4,0,0,1,4,0,0,25,0,0,0,0,0,4,2,13
,2021-37608,39.72566353,-104.9928099,10/6/2021 19:28,19:28,15,0,0,W 6TH AVE & N DELAWARE ST,1,1,0,0,1,4,0,0,30,0,0,0,0,0,4,2,14
,2021-37609,39.82518502,-104.9816053,10/9/2021 16:36,16:36,12,0,0,I-25 NB & 17TH AVE W,1,1,0,0,1,4,0,0,55,0,0,0,0,0,1,2,7
,2021-37610,39.72730353,-104.9406899,10/1/2021 13:23,13:23,3,0,0,COLORADO BLVD N & 7TH AVE E,1,1,0,0,1,1,0,0,45,0,0,0,0,0,2,2,13
,2021-37611,39.78177351,-104.77212,10/8/2021 19:27,19:27,1,0,0,E 47TH AVE & N TOWER RD,1,3,0,0,1,1,0,0,30,0,0,0,0,0,4,2,13
,2021-37612,39.74556403,-104.9848347,10/6/2021 8:08,8:08,3,0,0,11TH & N SHERMAN ST,1,1,0,0,1,1,0,0,30,0,0,0,0,0,4,2,2
,2021-37613,39.73687353,-104.9787099,9/30/2021 22:58,22:58,3,0,0,E 13TH AVE & N WASHINGTON ST,1,3,0,0,1,1,0,0,30,0,0,0,0,0,4,2,14
,2021-37614,39.75574753,-104.9889544,10/5/2021 22:28,22:28,3,0,1,PARK AVE W & LARIMER ST,1,3,0,0,1,1,0,0,30,0,0,0,0,2,4,2,16
,2021-37615,39.74505353,-104.9873999,10/5/2021 21:44,21:44,11,0,0,18TH ST & BROADWAY ST N,1,3,0,0,1,1,0,0,30,0,1,0,0,0,4,1,13
,2021-37616,39.75610221,-104.8588822,10/9/2021 15:27,15:27,3,0,0,MLK BLVD E & KINGSTON ST N,1,1,0,0,1,1,0,0,35,0,0,0,0,1,4,2,2
,2021-37617,39.71113453,-104.9828479,10/6/2021 11:03,11:03,15,0,0,ALAMEDA AVE E & LOGAN ST S,1,1,0,0,1,3,0,0,30,0,0,0,0,0,4,2,13
,2021-37618,39.67844354,-104.9337699,8/27/2021 21:02,21:02,12,0,0,I-25 NB & EVANS AVE E,1,3,1,0,1,4,0,0,60,0,0,0,0,0,1,2,1
,2021-37619,39.65751354,-104.8999999,10/6/2021 3:10,3:10,5,0,0,TAMARAC DR S & EASTMAN AVE E,1,3,0,0,2,4,0,0,35,0,0,0,0,0,4,1,13
,2021-37620,39.70931354,-105.0238599,10/8/2021 16:07,16:07,3,0,0,S ELIOT ST & W DAKOTA AVE,1,1,0,0,1,1,0,0,25,0,0,0,0,0,4,2,8
,2021-37621,39.74033354,-105.0416499,10/6/2021 8:00,8:00,12,0,0,COLFAX AVE W & RALEIGH ST N,1,1,0,0,1,4,0,0,35,0,0,0,0,0,2,2,4
,2021-37622,39.78312187,-104.8470955,10/9/2021 0:38,0:38,12,0,0,I-70 & PEORIA ST N,1,3,0,0,1,4,0,1,65,0,0,0,0,1,1,2,5
,2021-37623,39.73833353,-104.9461599,10/6/2021 11:05,11:05,3,0,1,14TH AVE E & MADISON ST N,1,1,0,0,1,1,0,0,30,0,0,0,0,2,4,2,5
,2021-37624,39.72568754,-105.0394669,9/15/2021 20:30,20:30,12,0,0,6TH AVE W & PERRY ST N,1,3,0,0,1,4,0,0,65,0,0,0,0,0,2,2,13
,2021-37625,39.76443353,-105.0158299,10/5/2021 13:00,13:00,3,0,0,W 34TH AVE & N ZUNI ST,1,1,1,0,1,1,0,0,25,0,0,0,0,0,4,2,13
,2021-37626,39.71132353,-104.9365499,10/9/2021 17:13,17:13,12,0,0,E ALAMEDA AVE & LEETSDALE DR,1,1,1,0,1,1,0,0,35,0,0,0,0,0,4,2,13
,2021-37627,39.83230305,-104.9834911,10/6/2021 8:15,8:15,15,0,0,I-25 SB ENT GORE PT FROM & BROADWAY ST S,1,1,0,0,1,8,0,0,60,0,0,0,0,0,1,2,13
,2021-37628,39.72527841,-105.1417334,10/9/2021 21:04,21:04,12,0,0,I-25 & 6TH AVE W,1,3,0,0,1,4,0,0,55,0,0,0,0,0,1,2,13
,2021-37629,39.78009351,-104.77447,10/7/2021 15:40,15:40,3,0,0,E 46TH AVE & N YAMPA ST,1,1,0,0,1,1,0,0,25,0,0,0,0,0,4,2,13
,2021-37630,39.76921605,-104.9994027,10/9/2021 17:21,17:21,12,0,0,W 38TH AVE & N JASON ST,1,1,2,0,1,4,0,0,35,0,0,0,0,0,4,2,13
,2021-37631,39.68278354,-104.9594099,10/5/2021 15:45,15:45,2,0,0,BUCHTEL BLVD E & UNIVERSITY BLVD S,1,1,0,0,1,2,0,0,10,1,0,0,0,0,4,2,16
,2021-37632,39.72093353,-104.9975499,10/7/2021 10:26,10:26,6,0,0,800 BLK W 3RD AVE & N SANTA FE DR,1,1,0,0,1,2,0,0,25,0,0,0,0,0,4,2,13
,2021-37633,39.78177351,-104.77446,10/9/2021 12:33,12:33,3,0,0,E 47TH AVE & N YAMPA ST,1,1,0,0,1,1,0,0,25,0,0,0,0,0,4,2,13
,2021-37634,39.68283354,-105.0531899,10/6/2021 15:59,15:59,12,0,0,SHERIDAN BLVD S & IOWA AVE W,1,1,1,0,1,3,0,0,40,0,0,0,0,0,2,2,3
,2021-37635,39.63692875,-104.8899084,10/6/2021 16:03,16:03,15,0,0,I-70 & I-225,1,1,0,0,1,4,0,0,65,0,0,0,0,0,1,2,3
,2021-37636,39.74374353,-104.9406399,10/6/2021 17:02,17:02,12,0,1,E 17TH AVE & N COLORADO BLVD,1,1,0,0,1,1,0,0,35,0,0,0,0,1,4,2,13
,2021-37637,39.67915354,-105.0572299,10/7/2021 9:27,9:27,5,0,0,W EVANS AVE & S DEPEW ST,1,1,0,0,3,4,0,0,20,0,0,0,0,0,4,1,1
,2021-37638,39.77792197,-104.7829242,10/6/2021 15:47,15:47,12,0,0,E GVR BLVD & N TELLURIDE ST,1,1,0,0,1,4,0,0,35,0,0,0,0,0,4,2,13
,2021-37639,39.77705982,-104.9701395,10/6/2021 14:49,14:49,15,0,0,I-70 & BRIGHTON BLVD N,1,1,0,0,1,4,0,0,55,0,0,0,0,0,1,2,13
,2021-37640,39.71134153,-104.9035399,10/7/2021 13:34,13:34,12,0,0,E ALAMEDA AVE & S QUEBEC ST,1,1,0,0,1,3,0,0,35,0,0,0,0,0,4,2,13
,2021-37641,39.78235352,-104.8658099,10/7/2021 9:50,9:50,15,0,0,E 47TH AVE & N HAVANA ST,1,1,0,0,1,3,0,0,35,0,0,0,0,0,4,2,13
,2021-37642,39.62421222,-104.8898544,10/9/2021 4:37,4:37,15,0,0,I-25 NB & BELLEVIEW AVE E,1,3,0,0,1,4,0,0,55,0,0,0,0,0,1,2,16
,2021-37643,39.69957353,-104.9063999,10/9/2021 20:16,20:16,12,0,1,LEETSDALE DR & 7100 BLK,1,3,3,0,1,1,0,0,35,0,0,0,0,1,4,2,13
,2021-37644,39.77655553,-105.0456524,10/7/2021 10:32,10:32,3,0,0,W 44TH AVE & N CLAY ST,1,1,1,0,1,1,0,0,30,0,0,0,0,0,4,2,13
,2021-37645,39.71132539,-105.0249688,10/7/2021 6:30,6:30,13,0,0,FEDERAL BLVD S & ALAMEDA AVE W,1,2,1,0,1,1,0,0,0,0,1,0,0,1,2,1,16
,2021-37646,39.71119354,-105.0086399,10/7/2021 8:00,8:00,10,0,0,W ALAMEDA AVE & S RARITAN ST,1,1,1,0,1,1,0,0,35,0,0,0,0,0,4,2,7
,2021-37647,39.73845353,-104.9968799,10/10/2021 18:18,18:18,3,0,0,14TH AVE W & SPEER BLVD N,1,4,0,0,1,1,0,0,35,0,0,0,0,0,4,3,1
,2021-37648,39.77357252,-104.8377869,10/7/2021 7:00,7:00,12,0,0,I-70 WB ON RAMP LOOP & I-225 NB,1,2,1,0,1,8,0,0,65,0,0,0,0,0,1,2,13
,2021-37649,39.75536353,-105.0126799,10/7/2021 0:20,0:20,5,0,0,I-25 SB & SPEER BLVD N,1,3,0,0,1,4,0,0,65,0,0,0,0,0,1,1,14
,2021-37650,39.75342691,-104.993233,10/6/2021 18:27,18:27,15,0,0,I-25 SB & 20TH ST,1,1,0,0,1,4,0,0,65,0,0,0,0,0,1,2,1
,2021-37651,39.72540791,-105.1414387,10/10/2021 11:30,11:30,12,0,0,HWY 6 WB & FEDERAL BLVD N,1,1,0,0,1,4,0,0,55,0,0,0,0,0,2,3,13
,2021-37652,39.76450353,-104.9720899,10/7/2021 21:06,21:06,3,0,0,E BRUCE RANDOLPH AVE & N MARION ST,1,3,0,0,1,1,0,0,25,0,0,0,0,1,4,2,3
,2021-37653,39.74018353,-104.9562599,10/7/2021 7:45,7:45,3,0,0,COLFAX AVE E & ELIZABETH ST N,1,1,0,7,1,1,0,0,25,0,0,0,0,0,1,2,13
,2021-37654,39.7980115,-104.6524964,9/19/2021 5:30,5:30,15,0,0,IN BOUND PENA BLVD & E 56TH AVE,1,3,0,0,1,4,0,0,65,0,0,0,0,0,4,2,14