id,drcog_id,latitude,longitude,crashtime,time,crashtype,numbkilled,numbinjurd,drcoglocat,rdconditin,lightngcon,roadcntgrd,weatherco,location,roaddescrp,schoolzone,constrzone,splimit,bikeinv,pedinv,sctrinv,motoinv,svrty,rdsystem,ttlvehcls,hcf
,2021-37655,39.82518502,-104.9816053,10/7/2021 7:39,7:39,12,0,0,I-25 NB & 6TH AVE W,1,1,0,0,1,4,0,0,65,0,0,0,0,0,1,2,3
,2021-37656,39.74034353,-105.0428299,10/8/2021 19:31,19:31,12,0,0,COLFAX AVE W & STUART ST N,1,3,0,0,1,1,0,0,35,0,0,0,0,0,2,3,13
,2021-37657,39.8334535,-104.692913,10/8/2021 4:54,4:54,12,0,1,PENA BLVD & JACKSON GAP,1,3,1,0,1,4,0,0,35,0,0,0,0,2,4,3,13
,2021-37658,39.78637747,-104.8470245,10/8/2021 16:20,16:20,12,0,0,E ANDREWS DR & N PEORIA ST,1,1,0,0,1,1,0,0,25,0,0,0,0,1,4,3,14
,2021-37659,39.75915353,-104.9836799,10/9/2021 20:41,20:41,14,0,0,1200 BLK 27TH ST & LARIMER ST,1,3,0,0,1,4,0,0,25,0,0,0,0,0,4,3,13
,2021-37660,39.69467734,-104.9592994,10/5/2021 14:56,14:56,12,0,0,I-25 SB & UNIVERSITY BLVD S,1,1,0,0,1,4,0,0,60,0,0,0,0,0,1,3,1
,2021-37661,39.76319353,-105.0252299,10/8/2021 14:16,14:16,12,0,0,FEDERAL BLVD N & HIGHLAND PARK PL W,1,1,0,0,1,1,0,0,35,0,0,0,0,1,2,3,8
,2021-37662,39.73927353,-104.9541499,10/8/2021 16:29,16:29,14,0,0,E 14TH AVE & N DETROIT ST,1,1,0,0,1,4,0,0,25,0,0,0,0,1,4,4,14
,2021-37663,39.77974556,-104.9409048,10/6/2021 19:09,19:09,11,0,0,COLORADO BLVD N & 46TH AVE E,1,4,0,0,1,4,0,0,0,0,1,0,0,0,2,1,16
,2021-37664,39.78927398,-105.0392509,10/7/2021 17:10,17:10,12,0,0,6TH AVE W & PERRY ST N,1,1,0,0,1,4,0,0,55,0,0,0,0,0,1,3,13
,2021-37665,39.78596351,-104.76368,9/13/2021 7:30,7:30,6,0,0,CATHAY CT N & ARGONNE ST N,1,1,0,0,1,4,0,0,25,0,0,0,0,0,4,3,16
,2021-37666,39.78003353,-104.9891799,10/7/2021 22:56,22:56,12,0,1,I-25 NB OFF RAMP TO & I-70 WB,1,3,1,0,1,8,0,0,,0,0,0,0,1,2,3,13
,2021-37667,39.74397354,-105.0531999,10/7/2021 15:17,15:17,15,0,0,17TH AVE W & SHERIDAN BLVD N,1,1,1,0,1,1,0,0,35,0,0,0,0,0,2,2,13
,2021-37668,39.70385353,-104.9137799,10/4/2021 12:57,12:57,3,0,0,EXPOSITION AVE E & MONACO ST S,1,1,0,0,1,1,0,0,25,0,0,0,0,1,4,4,14
,2021-37695,39.78362351,-104.78169,9/7/2021 7:40,7:40,12,0,0,E GVR BLVD & N TELLURIDE ST,1,1,3,0,1,1,0,0,30,0,0,0,0,0,4,2,13
,2021-37697,39.74032353,-105.0141399,8/29/2021 9:52,9:52,15,0,0,W COLFAX AVE & I-25 SB EXIT RAMP,1,1,3,0,1,1,0,0,35,0,0,0,0,0,2,2,3
,2021-37730,39.76246352,-104.9405699,9/6/2021 14:30,14:30,12,0,0,N COLORADO BLVD & E BRUCE RANDOLPH AVE,1,1,3,0,1,4,0,0,40,0,0,0,0,1,2,3,4
,2021-37759,39.78116352,-104.9788199,10/5/2021 14:39,14:39,12,0,0,4600 BLK N WASHINGTON ST & E 47TH AVE,1,1,1,0,1,4,0,0,35,0,0,0,0,1,4,3,13
,2021-37760,39.76201353,-105.0252299,10/6/2021 11:31,11:31,1,0,0,N FEDERAL BLVD & W 32ND AVE,1,1,1,0,1,1,0,0,35,0,0,0,0,0,2,2,16
,2021-37761,39.79449351,-104.8659299,10/8/2021 21:17,21:17,5,0,1,N HAVANA ST & E 54TH AVE,1,3,0,0,3,1,0,0,40,0,0,0,0,3,4,1,1
,2021-37762,39.70758354,-105.0250799,10/9/2021 22:46,22:46,3,0,0,S FEDERAL BLVD & W VIRGINIA AVE,1,3,0,0,1,1,0,0,35,0,0,0,0,0,2,2,1
,2021-37763,39.65798354,-104.8989899,10/6/2021 1:00,1:00,6,0,0,7600 BLK E EASTMAN AVE & S TAMARAC ST,1,5,0,0,1,4,0,0,25,0,0,0,0,0,4,4,16
,2021-37764,39.76155353,-104.9740299,10/8/2021 20:40,20:40,6,0,0,32ND ST & CHAMPA ST,1,3,0,0,1,4,0,0,25,0,0,0,0,0,4,3,3
,2021-37765,39.78053626,-104.8416254,10/9/2021 16:39,16:39,3,0,0,E ALBROOK DR & N TULSA CT,1,1,0,0,1,1,0,0,25,0,0,0,0,0,4,2,13
,2021-37766,39.66049154,-105.0157969,10/5/2021 21:37,21:37,3,0,0,W DARTMOUTH AVE & S ZUNI ST,1,3,0,0,1,1,0,0,35,0,0,0,0,0,4,2,3
,2021-37767,39.78498351,-104.79036,10/8/2021 19:46,19:46,12,0,0,4800 BLK PENA BLVD INBOUND & N GREEN VALLEY RANCH BLVD,1,3,0,0,1,4,0,0,65,0,0,0,0,0,4,3,1
,2021-37768,39.71112353,-104.8972699,9/24/2021 9:54,9:54,12,0,1,8000 BLK E ALAMEDA AVE & E FAIRMOUNT DR,1,1,0,0,1,4,0,0,35,0,0,0,0,3,4,3,14
,2021-37769,39.72551297,-105.016571,10/6/2021 9:48,9:48,12,0,0,I-25 NB & W 6TH AVE FWY,1,1,1,0,1,8,0,0,55,0,0,0,0,1,1,4,8
,2021-37770,39.72549854,-105.0394624,10/9/2021 16:48,16:48,12,0,0,N PERRY ST & W 6TH AVE FWY,1,1,0,0,1,4,0,0,55,0,0,0,0,0,2,3,1
,2021-37771,39.79847952,-104.8752306,10/8/2021 18:09,18:09,1,0,0,N CENTRAL PARK BLVD & E 56TH AVE,1,2,0,0,1,1,0,0,30,0,0,0,0,1,4,2,8
,2021-37773,39.74024954,-105.1197344,10/7/2021 7:50,7:50,12,0,0,W COLFAX AVE & I-25 SB EXIT RAMP,1,1,0,0,1,1,0,0,35,0,0,0,0,0,2,3,14
,2021-37774,39.76579353,-105.0381499,5/15/2021 16:37,16:37,3,0,0,N OSCEOLA ST & W 35TH AVE,1,1,0,1,1,1,0,0,30,0,0,0,0,0,4,2,16
,2021-37775,39.68309354,-104.9405399,10/9/2021 10:39,10:39,12,0,0,I-25 NB & S COLORADO BLVD,1,1,1,0,1,4,0,0,55,0,0,0,0,0,1,3,13
,2021-37776,39.74849353,-105.0032099,10/10/2021 2:57,2:57,5,0,1,AURARIA PKWY & N SPEER BLVD,1,3,0,0,3,1,0,0,30,0,0,0,0,2,4,1,5
,2021-37777,39.74168353,-104.9873999,10/9/2021 23:20,23:20,9,0,1,E 16TH AVE & N BROADWAY ST,1,3,0,0,1,1,0,0,30,0,0,0,0,2,4,1,5
,2021-37778,39.76825713,-104.9942231,10/10/2021 16:44,16:44,12,0,0,PARK AVE WEST & I-25 NB ENT RAMP [SLIP],1,1,0,0,1,8,0,0,35,0,0,0,0,0,4,2,16
,2021-37779,39.67211354,-104.9593799,8/28/2021 1:50,1:50,15,0,0,2400 BLK S UNIVERSITY BLVD & E HARVARD AVE,1,3,0,0,1,2,0,0,35,0,0,0,0,0,4,2,16
,2021-37780,39.72092353,-104.9985699,10/10/2021 18:35,18:35,3,0,0,N SANTA FE DR & W 3RD AVE,1,3,1,0,1,1,0,0,30,0,0,0,0,1,4,2,13
,2021-37781,39.72931353,-105.0148199,10/10/2021 1:38,1:38,6,0,0,I-25 NB & W 8TH AVE,1,3,0,0,3,4,0,0,30,0,0,0,0,0,1,2,16
,2021-37782,39.67865354,-105.0191899,10/10/2021 14:53,14:53,12,0,0,2600 BLK W EVANS AVE & S CLAY ST,1,1,0,0,1,3,0,0,30,0,0,0,0,1,4,2,13
,2021-37783,39.8340925,-104.7719825,10/10/2021 4:13,4:13,5,0,0,PENA BLVD & TOWER RD,1,3,1,0,2,4,0,0,55,0,0,0,0,0,4,1,5
,2021-37784,39.78025353,-105.0251799,10/10/2021 17:28,17:28,11,0,1,W 46TH AVE & N FEDERAL BLVD,1,1,0,0,1,1,0,0,35,0,1,0,0,3,2,1,14
,2021-37785,39.74005353,-104.9873799,10/9/2021 0:27,0:27,15,0,2,E COLFAX AVE & N BROADWAY ST,1,3,0,0,1,1,0,0,35,0,0,0,1,3,2,2,8
,2021-37786,39.69656353,-104.9535012,8/13/2021 12:30,12:30,12,0,0,S HAVANA ST & E MISSISSIPPI AVE,1,1,0,0,1,3,0,0,,0,0,0,0,0,2,2,16
,2021-37787,39.71114354,-105.0238599,7/30/2021 23:41,23:41,5,0,0,W ALAMEDA AVE & S ELIOT ST,1,4,0,0,3,1,0,0,35,0,0,0,0,0,2,1,13
,2021-37788,39.71113354,-105.0275299,10/9/2021 18:59,18:59,3,0,0,W ALAMEDA AVE & S HAZEL CT,1,3,0,0,1,1,0,0,25,0,0,0,0,0,2,2,16
,2021-37789,39.77400352,-104.8470199,10/9/2021 21:24,21:24,12,0,0,I-70 EB & N PEORIA ST,1,3,0,0,1,4,0,0,55,0,0,0,0,0,1,2,7
,2021-37790,39.75145353,-104.9858099,7/22/2021 20:11,20:11,11,0,0,800 BLK 22ND ST & STOUT ST,1,2,0,0,1,5,0,0,0,0,0,1,0,1,4,2,16
,2021-37791,39.66637354,-105.0260399,8/12/2021 21:12,21:12,6,0,0,2700 BLK S GREEN CT & W YALE AVE,1,4,0,0,1,4,0,0,30,0,0,0,0,0,4,2,14
,2021-37792,39.70396354,-105.0430499,10/9/2021 18:29,18:29,3,0,0,MORRISON RD & S STUART ST,1,1,1,0,1,1,0,0,25,0,0,0,0,0,4,2,16
,2021-37793,39.78192353,-104.9857899,7/27/2021 23:12,23:12,5,0,0,E 47TH AVE & N LINCOLN ST,1,3,0,0,3,1,0,0,25,0,0,0,0,0,4,2,14
,2021-37794,39.74043353,-105.0141499,10/9/2021 14:34,14:34,15,0,0,I-25 SB & W COLFAX AVE,1,1,0,0,1,4,0,0,55,0,0,0,0,1,1,2,13
,2021-37795,39.67844354,-104.9337699,8/27/2021 21:02,21:02,5,0,0,I-25 NB & E EVANS AVE,1,3,1,0,2,4,0,0,60,0,0,0,0,0,1,2,1
,2021-37796,39.76738452,-104.9025184,10/9/2021 17:50,17:50,3,0,1,E 36TH AVE & N QUEBEC ST,1,1,0,0,1,1,0,0,35,0,0,0,0,2,4,2,2
,2021-37867,39.78378351,-104.76393,9/7/2021 7:35,7:35,12,0,0,18900 BLK E GVR BLVD & N ARGONNE ST,1,1,3,0,1,4,0,0,35,0,0,0,0,0,4,4,11
,2021-37881,39.72650353,-105.0001599,9/2/2021 10:55,10:55,12,0,0,600 BLK N KALAMATH ST & W 6TH AVE,1,1,3,0,1,4,0,0,,0,0,0,0,0,4,2,16
,2021-37913,39.69105105,-104.9039246,9/6/2021 16:00,16:00,3,0,0,S QUEBEC ST & E ARKANSAS,1,1,3,0,1,1,0,0,30,0,0,0,0,0,4,2,3
,2021-37914,39.69268354,-104.9769299,9/7/2021 13:35,13:35,3,0,0,S EMERSON ST & E BUCHTEL BLVD,1,1,3,0,1,3,0,0,25,0,0,0,0,0,4,2,11
,2021-37915,39.72999353,-104.9799899,9/6/2021 11:15,11:15,15,0,0,300 BLK E 13TH AVE & N GRANT ST,1,1,3,0,1,4,0,0,30,0,0,0,0,0,4,2,11
,2021-37916,39.73676353,-104.9461699,9/7/2021 12:34,12:34,3,0,0,E 13TH AVE & N MADISON ST,1,1,3,0,1,1,0,0,25,0,0,0,0,0,4,2,13
,2021-37918,39.72567353,-105.0132199,9/3/2021 7:14,7:14,15,0,0,I-25 NB & W 6TH AVE,1,1,3,1,1,4,0,0,,0,0,0,0,0,1,2,16
,2021-37919,39.63484354,-104.8935199,9/3/2021 12:07,12:07,12,0,0,I-225 NB OFF RAMP & TAMARAC ST S,11,1,3,1,1,1,0,0,,0,0,0,0,0,1,2,16
,2021-37921,39.72575353,-104.9469699,8/23/2021 9:44,9:44,6,0,0,600 BLK N COOK ST & E 6TH AVE,1,1,3,0,1,4,0,0,25,0,0,0,0,0,4,2,3
,2021-37923,39.78834353,-105.0251999,9/6/2021 7:05,7:05,6,0,0,N FEDERAL BLVD & W 51ST AVE,1,1,3,0,1,4,0,0,35,0,0,0,0,0,2,2,3
,2021-37924,39.69309854,-105.0251164,9/3/2021 15:01,15:01,12,0,0,S FEDERAL BLVD & W LOUISIANA AVE,1,1,3,0,1,3,0,0,35,0,0,0,0,1,2,2,3
,2021-37925,39.69661353,-104.9128799,9/2/2021 11:25,11:25,6,0,0,S MONACO ST & E MISSISSIPPI AVE,1,1,3,0,1,4,0,0,35,0,0,0,0,0,4,2,13
,2021-37928,39.73833353,-104.9150099,9/7/2021 12:02,12:02,10,0,0,6300 BLK E 14TH AVE & N LOCUST ST,1,1,3,0,1,3,0,0,30,0,0,0,0,0,4,2,13
,2021-37929,39.68945354,-105.0296999,9/2/2021 9:25,9:25,12,0,0,S IRVING ST & W FLORIDA  AVE,1,1,3,0,1,3,0,0,30,0,0,0,0,0,4,2,16
,2021-37930,39.65356355,-105.0454499,8/27/2021 14:03,14:03,15,0,0,HAMPDEN AVE 5100 BLK W & N SHERIDAN BLVD,1,1,3,0,1,4,0,0,55,0,0,0,0,0,4,2,16
,2021-37931,39.78559353,-105.0251799,9/6/2021 9:10,9:10,3,0,0,N FEDERAL BLVD & W 49TH AVE,1,1,3,0,1,1,0,0,25,0,0,0,0,1,2,2,3
,2021-37932,39.74015353,-105.0298499,9/6/2021 15:43,15:43,6,0,0,1400 BLK N IRVING ST & W COLFAX AVE,1,1,3,0,1,4,0,0,25,0,0,0,0,0,4,2,13
,2021-37934,39.77473352,-104.8993299,9/3/2021 15:30,15:30,15,0,0,4100 BLK N ROSEMARY ST & COLFAX AVE,14,1,3,0,1,4,0,0,35,0,0,0,0,0,4,2,8
,2021-37937,39.72923353,-104.9310599,8/23/2021 13:00,13:00,3,0,0,E 8TH AVE & N DAHLIA ST,1,1,3,0,1,1,0,0,,0,0,0,0,0,4,2,16
,2021-37938,39.76563352,-104.9318099,9/6/2021 15:00,15:00,3,0,0,N DAHLIA ST & E 35TH AVE,1,1,3,0,1,3,0,0,30,0,0,0,0,0,4,2,14
,2021-37940,39.72371354,-105.0324699,9/7/2021 8:20,8:20,8,0,0,400 BLK N KNOX CT & W 5TH AVE,1,1,3,0,1,3,0,0,30,0,0,0,0,1,4,2,7
,2021-37941,39.65301354,-104.9222599,7/16/2021 11:22,11:22,12,0,0,5600 BLK E HAMPDEN & S HOLLY ST,1,1,3,0,1,4,0,0,40,0,0,0,0,0,2,2,13
,2021-37942,39.74015353,-105.0298499,9/5/2021 23:30,23:30,6,0,0,1400 BLK N IRVING ST & W 14TH AVE,1,3,3,0,1,4,0,0,25,0,0,0,0,0,4,2,16
,2021-37943,39.68548354,-105.0063199,9/7/2021 7:35,7:35,15,0,0,1700 BLK S PECOS ST & W MEXICO AVE,1,1,3,0,1,4,0,0,25,0,0,0,0,0,4,2,7
,2021-37944,39.67999354,-104.9299899,9/6/2021 18:00,18:00,12,0,0,4100 E MEXICO AVE & 4100 BLK E,1,1,3,0,5,7,0,0,,0,0,0,0,0,3,2,3
,2021-37945,39.70311354,-104.9948399,9/5/2021 5:27,5:27,6,0,0,SANTA FE DR & MISSISSIPPI AVE,1,3,3,1,1,4,0,0,45,0,0,0,0,0,2,2,16
,2021-37946,39.73754353,-104.9160599,8/23/2021 11:35,11:35,12,0,0,1300 BLK N KRAMERIA ST & E 14TH AV,1,1,3,0,1,3,0,0,35,0,0,0,0,0,4,2,1
,2021-37948,39.74014353,-104.9127899,9/7/2021 13:11,13:11,12,0,0,E COLFAX AVE & N MONACO ST,1,1,3,0,1,1,0,0,30,0,0,0,0,0,2,2,13
,2021-37949,39.69129353,-104.9127899,8/24/2021 12:50,12:50,12,0,0,1400 BLK S MONACO ST & E FLORIDA AVE,1,1,3,0,1,3,0,0,35,0,0,0,0,0,4,2,16
,2021-37950,39.77999353,-105.0199899,9/5/2021 8:10,8:10,12,0,0,W 46TH AVE & N FEDERAL BLVD,1,1,3,0,1,4,0,0,30,0,0,0,0,0,4,2,3
,2021-37952,39.78651353,-105.0239499,7/28/2021 5:20,5:20,6,0,0,4900 BLK N ELIOT ST & W 49TH AVE,1,2,3,7,1,4,0,0,25,0,0,0,0,0,4,2,5
,2021-37953,39.75347353,-104.9884099,9/5/2021 14:30,14:30,15,0,0,ARAPAHOE ST & 22ND ST,1,1,3,0,1,4,0,0,25,0,0,0,0,0,4,2,11
,2021-37958,39.71782353,-104.9473699,8/2/2021 17:40,17:40,10,0,0,N COOK ST & E 1ST AVE,1,1,3,0,1,1,0,0,30,0,0,0,0,0,4,2,16
,2021-37960,39.73999353,-104.9653699,9/7/2021 9:59,9:59,6,0,0,1800 BLK E COLFAX AVE & N WILLIAMS ST,1,1,3,0,1,4,0,0,30,0,0,0,0,0,4,2,13
,2021-37967,39.74326353,-104.9829599,8/25/2021 7:15,7:15,6,0,0,300 BLK E 17TH AVE & N LOGAN ST,1,1,3,0,1,4,0,0,25,0,0,0,0,0,4,2,3
,2021-37970,39.72999353,-104.9699899,7/27/2021 11:20,11:20,12,0,0,1100 BLOCK E 9TH AVE & N CORONA ST,1,1,3,0,1,3,0,0,30,0,0,0,0,0,4,2,13
,2021-37978,39.75833353,-104.9923099,9/7/2021 9:46,9:46,15,0,0,1600 BLK PARK AVE W & N LAFAYETTE ST,1,1,3,0,1,4,0,0,30,0,0,0,0,0,4,2,13
,2021-37979,39.68938354,-104.9921499,9/7/2021 12:45,12:45,10,0,0,1500 BLK S SANTA FE DR & E IOWA AVE,1,1,3,0,1,3,0,0,55,0,0,0,0,0,2,2,16
,2021-37982,39.72253353,-104.9497899,9/7/2021 11:04,11:04,6,0,0,N STEELE ST & E 4TH AVE,1,1,3,0,1,3,0,1,25,0,0,0,0,0,4,2,14
,2021-37988,39.78364751,-104.809634,10/11/2021 16:09,16:09,3,0,0,E GVR BLVD & N CHAMBERS RD,1,1,0,0,1,2,0,0,35,0,0,0,0,0,4,2,13
,2021-37989,39.76503353,-105.0016099,10/11/2021 13:10,13:10,6,0,0,N KALAMATH ST & W 34TH AVE,1,1,1,0,1,4,0,0,25,0,0,0,0,0,4,2,16
,2021-37990,39.76127804,-104.9573104,10/11/2021 12:00,12:00,6,0,0,200 N COLUMBINE ST & S GAYLORD ST,1,1,0,0,1,4,0,0,30,0,0,0,0,0,4,2,16
,2021-37991,39.72541754,-105.0252199,10/11/2021 17:12,17:12,12,0,0,W 6TH AVE & N FEDERAL BLVD,1,1,1,0,1,8,0,0,45,0,0,0,0,0,4,2,3
,2021-37992,39.75618185,-105.0155256,10/11/2021 12:07,12:07,12,0,0,I-25 SB & N SPEER BLVD,1,1,0,0,1,4,0,0,55,0,0,0,0,0,1,2,7
,2021-37993,39.73687353,-105.0052499,10/11/2021 14:17,14:17,3,0,0,N OSAGE ST & W 13TH AVE,1,1,1,0,1,1,0,0,30,0,0,0,0,1,4,2,13
,2021-37994,39.71109289,-105.0691329,10/10/2021 23:57,23:57,5,0,0,I-25 SB & W ALAMEDA AVE,1,3,1,0,2,4,0,0,50,0,0,0,0,1,1,1,13
,2021-37995,39.71940353,-104.9534099,10/11/2021 11:35,11:35,2,0,0,E 2ND AVE & N FILLMORE ST,1,1,0,0,1,1,0,0,0,1,0,0,0,0,4,2,16
,2021-37996,39.78008352,-104.9404999,10/11/2021 7:30,7:30,12,0,0,I-70 WB & N COLORADO BLVD,1,1,1,0,1,4,0,1,55,0,0,0,0,0,1,2,13
,2021-37997,39.73286353,-104.9597899,10/11/2021 9:20,9:20,10,0,0,1000 BLK N YORK ST & E 11TH AVE,1,1,0,0,1,3,0,0,35,0,0,0,0,0,4,2,13
,2021-37998,39.78834353,-105.0251899,10/11/2021 11:03,11:03,12,0,0,5000 BLK N FEDERAL BLVD & W 51ST AVE,1,1,1,0,1,4,0,0,35,0,0,0,0,1,2,2,13
,2021-37999,39.70633354,-105.0396799,10/10/2021 21:25,21:25,9,0,1,S PERRY ST & MORRISON RD,1,3,0,0,1,1,0,0,35,0,0,0,1,2,4,1,9
,2021-38000,39.678399,-104.9451395,10/11/2021 8:44,8:44,11,0,1,S MONROE ST & E EVANS AVE,1,1,0,0,1,1,0,0,35,0,1,0,0,2,4,1,2
,2021-38001,39.76447352,-104.9405599,9/18/2021 1:40,1:40,5,0,0,E BRUCE RANDOLPH AVE & N COLORADO BLVD,1,3,0,0,2,1,0,0,35,0,0,0,0,0,2,1,13
,2021-38002,39.77108352,-104.8445299,10/11/2021 14:10,14:10,15,0,0,E 39TH AVE & N PEORIA ST,1,1,1,0,1,1,0,0,45,0,0,0,0,0,4,2,13
,2021-38003,39.74256353,-104.9354999,10/11/2021 0:00,0:00,6,0,0,E BATAVIA PL & N CLERMONT ST,1,4,0,0,1,4,0,0,25,0,0,0,0,0,4,2,16
,2021-38004,39.74084353,-104.9873699,9/18/2021 1:30,1:30,11,0,0,N BROADWAY ST & CHEYENNE PL,1,3,0,0,1,1,0,0,0,0,0,1,0,1,4,1,16
,2021-38005,39.71657354,-105.0001699,9/27/2021 6:00,6:00,3,0,0,N KALAMATH ST & W ELLSWORTH AVE,1,3,0,0,1,1,0,0,35,0,0,0,0,1,4,2,1
,2021-38006,39.65308354,-104.9153399,10/11/2021 7:34,7:34,15,0,0,E HAMPDEN AVE & S LOCUST ST,1,1,0,0,1,4,0,0,35,0,0,0,0,0,4,2,14
,2021-38007,39.69670754,-104.9929099,10/10/2021 14:44,14:44,1,0,1,S PLATTE RIVER DR & W MISSISSIPPI AVE,1,1,0,0,1,1,0,0,35,0,0,0,0,2,2,2,13
,2021-38008,39.74483353,-104.9761399,10/9/2021 16:19,16:19,8,0,0,E 18TH AVE & N EMERSON ST,1,1,0,0,1,1,0,0,,0,0,0,0,0,4,2,16
,2021-38009,39.71130353,-104.8937799,10/7/2021 0:05,0:05,5,0,0,7600 BLK E ALAMEDA AVE & S QUEBEC ST,1,3,0,0,3,4,0,0,45,0,0,0,0,0,4,1,14
,2021-38010,39.78209351,-104.78194,10/11/2021 7:35,7:35,2,0,0,N TELLURIDE ST & E 47TH AVE,1,5,0,7,1,1,0,0,25,1,0,0,0,1,4,2,3
,2021-38011,39.71885353,-104.9862299,9/30/2021 14:45,14:45,5,0,0,100 BLK N LINCOLN ST & E 2ND AVE,1,1,0,0,1,2,0,0,30,0,0,0,0,0,4,1,13
,2021-38012,39.70021353,-104.9082099,10/7/2021 21:44,21:44,1,0,1,LEETSDALE DR & S ONEIDA ST,1,3,0,0,1,1,0,0,35,0,0,0,0,2,2,2,13
,2021-38095,39.62415855,-105.0912979,10/14/2021 11:52,11:52,12,0,1,S WADSWORTH BLVD & W BELLEVIEW AVE,1,1,3,0,1,3,0,0,45,0,0,0,0,1,2,3,7
,2021-38131,39.74036354,-105.0531199,9/17/2021 21:16,21:16,1,0,0,W COLFAX AVE & SHERIDAN BLVD,1,3,3,0,1,1,0,0,30,0,0,0,0,0,2,2,13
,2021-38297,39.75695353,-105.0381299,10/11/2021 12:23,12:23,12,0,0,2800 BLK N OSCEOLA ST & W 29TH AVE,1,1,1,0,1,2,0,0,25,0,0,0,0,0,4,2,13
,2021-38298,39.68293354,-104.9405399,10/8/2021 13:32,13:32,12,0,0,I-25 & S COLORADO BLVD,1,1,0,0,1,4,0,0,55,0,0,0,0,0,1,2,13
,2021-38299,39.74019553,-104.9128009,10/11/2021 18:19,18:19,12,0,0,SB N MONACO PKWY & E COLFAX AVE,1,1,0,0,1,1,0,0,30,0,0,0,0,0,4,3,13
,2021-38300,39.75526155,-104.9720969,10/8/2021 22:43,22:43,3,0,0,E 37TH AVE & N MARION ST,1,3,0,0,1,1,0,0,30,0,0,0,0,0,4,2,13
,2021-38301,39.75259039,-104.9848982,10/8/2021 14:18,14:18,12,0,0,I-25 & PARK AVE W,1,1,0,0,1,4,0,0,55,0,0,0,0,0,1,2,13
,2021-38302,39.76538652,-104.9026039,10/11/2021 7:37,7:37,3,0,0,N QUEBEC ST & E 35TH AVE,1,1,0,0,1,1,0,0,35,0,0,0,0,1,4,2,7
,2021-38303,39.67840354,-104.9407399,9/23/2021 16:00,16:00,1,0,0,S COLORADO BLVD & E EVANS AVE,1,1,0,0,1,1,0,0,35,0,0,0,0,0,4,2,13
,2021-38304,39.74009468,-104.9035119,10/8/2021 18:08,18:08,12,0,0,I-70 & N QUEBEC ST,1,1,0,0,1,4,0,0,55,0,0,0,0,0,1,2,13
,2021-38305,39.65306654,-104.926777,10/11/2021 14:49,14:49,12,0,1,I-25 & E HAMPDEN AVE,1,1,0,0,1,4,0,0,65,0,0,0,0,1,1,3,3
,2021-38306,39.72527841,-105.1417334,10/8/2021 12:50,12:50,12,0,0,I-25 & W 6TH AVE,1,1,0,0,1,4,0,0,55,0,0,0,0,0,1,4,3
,2021-38307,39.74744052,-104.8917252,10/11/2021 16:51,16:51,3,0,0,MONTVIEW BLVD & NIAGRA ST,1,1,0,0,1,1,0,0,30,0,0,0,0,0,4,2,13
,2021-38448,39.8329835,-104.68235,10/16/2021 14:50,14:50,5,0,0,75TH AVE & 25600 BLK E,1,1,0,0,2,4,0,0,45,0,0,0,0,0,4,1,6
,2021-38449,39.76801353,-104.9949599,10/17/2021 10:18,10:18,15,0,0,I-25 & PARK AVE W,1,1,0,0,1,4,0,0,55,0,0,0,0,0,1,2,13
,2021-38450,39.73107353,-104.9216499,10/17/2021 6:29,6:29,6,0,1,IVANHOE ST & 900 BLK N,1,3,0,0,1,4,0,0,25,0,0,0,0,1,4,2,5
,2021-38451,39.72701354,-105.0393599,9/28/2021 17:58,17:58,8,0,3,600 BLK N PERRY ST & W 6TH AVE,1,2,0,0,1,4,0,0,30,0,0,0,0,3,4,2,1
,2021-38452,39.72922353,-104.9382999,10/17/2021 18:17,18:17,3,0,0,E 6TH AVE & N ASH ST,1,1,0,0,1,1,0,0,30,0,0,0,0,0,4,2,3
,2021-38453,39.71135624,-104.9391715,10/17/2021 10:01,10:01,3,0,0,ALAMEDA AVE & 4200 BLK E,1,1,0,0,1,1,0,0,35,0,0,0,0,0,4,2,13
,2021-38454,39.72553353,-105.0131199,10/6/2021 0:48,0:48,12,1,0,I-25 & NB OFF RAMP TO 6TH AVE,1,3,0,0,1,4,0,0,55,0,0,0,1,4,1,2,1
,2021-38455,39.71120354,-104.9983799,10/17/2021 19:20,19:20,1,0,0,S KALAMATH ST & W ALAMEDA AVE,1,3,0,0,1,1,0,0,30,0,0,0,0,0,2,2,13
,2021-38456,39.70929853,-104.9593444,10/17/2021 15:22,15:22,12,0,0,E DAKOTA AVE & S UNIVERSITY BLVD,1,1,0,0,1,1,0,0,30,0,0,0,0,1,4,2,4
,2021-38457,39.76135453,-104.9817049,10/17/2021 15:41,15:41,15,0,0,LARIMER ST & 29TH ST,1,1,0,0,1,4,0,0,25,0,0,0,0,0,4,2,7
,2021-38458,39.77796351,-104.7673,10/17/2021 11:20,11:20,3,0,0,N BISCAY ST & E 45TH AVE,1,1,0,0,1,1,0,0,25,0,0,0,0,1,4,2,1
,2021-38459,39.75483353,-105.0252099,10/17/2021 13:31,13:31,1,0,1,N FEDERAL BLVD & W 26TH AVE,1,1,0,0,1,1,0,0,35,0,0,0,1,2,2,2,1