id,drcog_id,latitude,longitude,crashtime,time,crashtype,numbkilled,numbinjurd,drcoglocat,rdconditin,lightngcon,roadcntgrd,weatherco,location,roaddescrp,schoolzone,constrzone,splimit,bikeinv,pedinv,sctrinv,motoinv,svrty,rdsystem,ttlvehcls,hcf
,2021-38460,39.81894002,-105.0250553,10/16/2021 0:34,0:34,15,0,0,I-70 & N FEDERAL BLVD,1,1,0,0,1,4,0,0,65,0,0,0,0,0,1,2,7
,2021-38461,39.76696353,-104.9720899,10/16/2021 23:23,23:23,3,0,0,E 36TH AVE & N MARION ST,1,3,0,0,1,1,0,0,25,0,0,0,0,0,4,2,1
,2021-38462,39.75810958,-104.9609539,10/16/2021 9:25,9:25,3,0,0,E 23RD AVE & N GAYLORD ST,1,1,0,0,1,3,0,0,25,0,0,0,0,0,4,2,13
,2021-38463,39.73850678,-104.9126153,10/16/2021 17:06,17:06,3,0,0,N COLORADO BLVD & E 14TH AVE,1,1,0,0,1,1,0,0,25,0,0,0,0,0,2,2,1
,2021-38464,39.81280351,-104.77212,10/16/2021 20:42,20:42,1,0,2,N TOWER RD & E 64TH AVE,1,3,0,0,1,1,0,0,45,0,0,0,0,1,4,2,7
,2021-38465,39.72909353,-104.9648099,10/15/2021 23:17,23:17,12,0,0,1900 BLK E 8TH AVE & N RACE ST,1,3,0,0,1,4,0,0,30,0,0,0,0,0,4,2,13
,2021-38466,39.77798351,-104.77206,10/16/2021 21:43,21:43,2,0,1,N TOWER RD & E 45TH AVE,1,3,0,0,1,1,0,0,45,1,0,0,0,1,4,2,13
,2021-38467,39.67422098,-105.0250489,10/16/2021 20:03,20:03,12,0,0,N FEDERAL BLVD & W 5TH AVE E,1,3,0,0,1,4,0,0,35,0,0,0,0,0,2,2,16
,2021-38468,39.72566353,-104.9928099,10/16/2021 12:23,12:23,3,0,0,W 6TH AVE & N DELAWARE ST,1,1,0,0,1,1,0,0,30,0,0,0,0,1,4,2,13
,2021-38469,39.78075294,-104.970202,10/16/2021 19:53,19:53,9,0,1,I-70 & MM 279.1,1,3,0,0,3,4,0,0,55,0,0,0,0,1,1,1,5
,2021-38470,39.71113354,-105.0275299,10/16/2021 14:24,14:24,12,0,0,W ALAMEDA AVE & S GROVE ST,1,1,0,0,1,4,0,0,35,0,0,0,0,0,2,2,13
,2021-38471,39.62421222,-104.8898544,10/16/2021 13:57,13:57,6,0,0,S NEWPORT ST & E BELLEVIEW AVE,1,1,1,0,1,4,0,0,25,0,0,0,0,0,4,2,13
,2021-38472,39.76809352,-104.9405399,10/16/2021 12:29,12:29,3,0,0,E 37TH AVE & N COLORADO BLVD,1,1,3,0,1,1,0,0,45,0,0,0,0,0,2,2,13
,2021-38473,39.86662778,-104.6717006,10/16/2021 16:30,16:30,5,0,0,PENA BLVD & 7000 BLK,1,1,0,0,2,4,0,0,55,0,0,0,0,0,2,1,16
,2021-38474,39.73841353,-104.9746999,10/17/2021 16:51,16:51,15,0,0,14TH AVE & 1000 BLK E,1,1,0,0,1,4,0,0,25,0,0,0,0,0,4,2,13
,2021-38475,39.73966352,-104.8925099,10/15/2021 22:41,22:41,6,0,1,1400 BLK N UINTA ST & E COLFAX AVE,1,3,0,0,1,4,0,0,,0,0,0,0,2,4,2,16
,2021-38476,39.72026354,-105.0250899,10/16/2021 20:03,20:03,1,0,2,N FEDERAL BLVD & W 2ND AVE (RD E),1,3,0,0,1,1,0,0,35,0,0,0,0,3,2,2,14
,2021-38477,39.71836353,-104.9889899,10/5/2021 20:24,20:24,1,0,1,W 1ST AVE & N ACOMA ST,1,3,0,0,1,2,0,0,25,0,0,0,1,3,4,1,1
,2021-38478,39.71133354,-105.0532399,10/16/2021 23:21,23:21,3,0,1,W ALAMEDA AVE & S SHERIDAN BLVD,1,3,0,0,1,1,0,0,40,0,0,0,0,1,2,2,4
,2021-38479,39.78184352,-104.9786299,10/16/2021 16:40,16:40,15,0,0,E 46TH AVE & N WASHINGTON ST,1,1,1,0,1,1,0,0,35,0,0,0,0,0,4,2,1
,2021-38480,39.72292354,-105.0312399,10/16/2021 3:57,3:57,6,0,0,W 4TH AVE & N JULIAN ST,1,3,0,0,1,4,0,0,25,0,0,0,0,0,4,2,14
,2021-38481,39.75131353,-105.0165199,9/24/2021 17:35,17:35,12,0,0,W 23RD AVE & I-25 ENT / EXIT RAMPS,1,1,0,0,1,3,0,0,30,0,0,0,0,0,4,2,5
,2021-38482,39.77829352,-104.9035599,10/5/2021 15:50,15:50,12,0,1,I-70 & QUEBEC ST,1,1,0,0,1,4,0,0,55,0,0,0,0,1,1,2,3
,2021-38483,39.76755353,-104.9659399,10/16/2021 22:32,22:32,6,0,0,3600 BLK N WILLIAMS ST & E 37TH AVE,1,3,0,0,1,4,0,0,25,0,0,0,0,0,4,2,3
,2021-38484,39.78003353,-104.9891799,10/16/2021 7:45,7:45,9,0,1,I-25 NB OFF RAMP & I-70 EB ON RAMP,1,1,1,0,1,8,0,0,55,0,0,0,0,1,1,1,1
,2021-38485,39.72527841,-105.1417334,10/16/2021 2:33,2:33,15,0,0,W 6TH AVE & I-25 SB OFF RAMP,1,3,0,0,1,4,0,0,35,0,0,0,0,0,1,2,16
,2021-38486,39.72931353,-105.0150399,10/15/2021 20:38,20:38,9,0,1,I-25 & W 8TH AVE,1,3,1,0,2,8,0,0,25,0,0,0,0,2,1,1,8
,2021-38487,39.65969355,-105.0662199,10/6/2021 17:21,17:21,5,0,0,S JAY ST & W DARTMOUTH AVE,1,1,0,0,4,1,0,0,25,0,0,0,0,0,4,1,9
,2021-38488,39.75364353,-104.9934099,9/26/2021 20:00,20:00,12,0,0,20TH ST & MARKET ST,1,3,0,0,1,3,0,0,30,0,0,0,0,0,4,2,16
,2021-38489,39.75887353,-104.9733299,10/15/2021 22:51,22:51,5,0,0,2900 BLK N DOWNING ST & E 29TH AVE,1,3,0,0,2,4,0,0,25,0,0,0,0,0,4,1,3
,2021-38490,39.77293353,-105.0220599,10/16/2021 1:16,1:16,6,0,0,W 41ST AVE & N DECATUR ST,1,3,0,0,1,4,0,0,20,0,0,0,0,0,4,2,16
,2021-38491,39.65181555,-105.0531874,9/27/2021 3:09,3:09,5,0,0,HAMPDEN AVE S FRNTG RD (NOT CDOT) & S SHERIDAN BLVD,1,3,0,0,2,4,0,0,30,0,0,0,0,0,4,1,1
,2021-38492,39.68486354,-104.9875299,9/27/2021 10:25,10:25,6,0,0,1700 BLK S BROADWAY ST & E MEXICO AVE,1,1,0,0,1,4,0,0,35,0,0,0,0,0,4,2,13
,2021-38493,39.67822437,-105.0532736,10/6/2021 19:02,19:02,12,0,1,S SHERIDAN BLVD & W HARVEY PL (RD W),1,3,0,0,1,4,0,0,35,0,0,0,1,3,2,2,3
,2021-38494,39.67866354,-105.0133399,10/14/2021 13:26,13:26,3,0,0,W EVANS AVE & S VALLEJO ST,1,1,0,0,1,1,0,0,30,0,0,0,0,1,4,2,13
,2021-38495,39.68981354,-104.9734199,9/24/2021 16:30,16:30,15,0,0,DOWNING ST  SB ENT RAMP [GORE PT] & I-25,1,1,1,0,1,8,0,0,55,0,0,0,0,0,1,2,13
,2021-38496,39.74000353,-104.9659799,10/6/2021 8:55,8:55,1,0,2,E COLFAX AVE & N WILLIAMS ST,1,1,0,0,1,1,0,0,35,0,0,0,0,1,4,2,16
,2021-38497,39.69274353,-104.9152999,9/28/2021 15:28,15:28,6,0,0,E CHERRY CREEK N DR & S KEARNEY ST,1,1,1,0,3,4,0,0,30,0,0,0,0,0,4,2,13
,2021-38498,39.72805353,-104.9227999,9/23/2021 10:06,10:06,15,0,0,N HOLLY ST & E SEVERN PL,1,1,0,0,1,1,0,0,25,0,0,0,0,0,4,2,1
,2021-38499,39.71127353,-104.9034899,9/25/2021 20:41,20:41,1,0,0,E ALAMEDA AVE & S QUEBEC ST,1,3,0,0,1,1,0,0,45,0,0,0,0,0,4,2,13
,2021-38500,39.74007353,-104.9952599,9/29/2021 13:10,13:10,12,0,0,W COLFAX AVE & GLENARM PL,1,1,0,0,1,3,0,0,35,0,0,0,0,0,4,2,1
,2021-38501,39.71120354,-105.0324499,9/23/2021 17:02,17:02,15,0,0,W ALAMEDA AVE & S KNOX CT,1,1,0,0,1,4,0,0,35,0,0,0,0,0,4,2,1
,2021-38502,39.74038353,-104.9439099,10/15/2021 8:55,8:55,16,0,0,COLFAX AVE & 3705 BLK E,1,1,0,0,5,7,0,0,,0,0,0,0,0,3,1,16
,2021-38503,39.65377354,-104.8846799,9/22/2021 14:24,14:24,15,0,0,3400 BLK S YOSEMITE ST & E HAMPDEN AVE,1,1,0,0,1,1,0,0,35,0,0,0,0,0,4,2,13
,2021-38504,39.68203354,-104.9593699,10/15/2021 23:30,23:30,6,0,0,S UNIVERSITY BLVD & E JEWELL AVE,1,3,0,0,1,4,0,0,25,0,0,0,0,0,4,2,13
,2021-38505,39.78437353,-105.0251799,9/24/2021 18:00,18:00,9,0,0,I-70 WB & N FEDERAL BLVD,1,2,1,0,1,4,0,0,55,0,0,0,0,0,1,2,16
,2021-38506,39.79840751,-104.7872825,10/15/2021 20:31,20:31,12,0,0,E 56TH AVE & PENA BLVD OUTBOUND,1,3,0,0,1,4,0,0,40,0,0,0,0,1,4,2,13
,2021-38535,39.74014353,-105.0052299,9/9/2021 9:35,9:35,12,0,0,W COLFAX AVE & N OSAGE ST,1,1,3,0,1,3,0,0,35,0,0,0,0,0,2,2,13
,2021-38537,39.70299354,-104.9792699,9/7/2021 7:43,7:43,6,0,0,700 BLK S WASHINGTON ST & E OHIO AVE,1,1,3,0,1,4,0,0,30,0,0,0,0,0,4,2,16
,2021-38539,39.78372351,-104.76489,9/7/2021 9:06,9:06,12,0,0,E GVR BLVD & N ARGONNE ST,1,1,3,0,1,1,0,0,35,0,0,0,0,0,4,2,16
,2021-38540,39.73999353,-104.9599899,9/8/2021 8:06,8:06,3,0,0,N GAYLORD ST & E 17TH AVE,1,1,3,0,1,3,0,0,25,0,0,0,0,0,4,2,16
,2021-38541,39.73842353,-104.9873999,9/9/2021 17:28,17:28,12,0,1,N BROADWAY ST & E 14TH AVE,1,1,3,0,1,3,0,0,30,0,0,0,0,2,4,3,6
,2021-38542,39.73838353,-104.9597699,9/10/2021 8:46,8:46,10,0,0,N YORK ST & E 14TH AVE,1,1,3,0,1,3,0,0,30,0,0,0,0,0,4,2,13
,2021-38544,39.75023284,-104.9873658,9/9/2021 8:10,8:10,2,0,1,STOUT ST & N BROADWAY ST,1,1,3,0,1,1,0,0,0,1,0,0,0,2,4,1,16
,2021-38546,39.68999353,-104.8899899,9/8/2021 13:20,13:20,16,0,0,7920 E MISSISSIPPI AVE & 7920 BLK E,1,1,3,0,5,7,0,0,10,0,0,0,0,0,3,2,11
,2021-38547,39.78824352,-104.9648799,9/9/2021 9:54,9:54,6,0,0,5100 RACE CT & 51ST AVE E,1,1,3,1,1,4,0,0,25,0,0,0,0,0,4,2,11
,2021-38552,39.67842354,-104.9565099,9/7/2021 16:00,16:00,12,0,0,E EVANS AVE & S COLUMBINE ST,1,1,3,0,1,1,0,0,30,0,0,0,0,0,4,4,3
,2021-38563,39.67845353,-104.9104999,9/7/2021 17:30,17:30,3,0,1,E EVANS AVE & S MONACO ST,1,1,3,0,1,2,0,0,30,0,0,0,1,2,4,2,1
,2021-38564,39.75102353,-105.0017799,9/6/2021 11:56,11:56,12,0,0,WYNKOOP ST & 16TH ST,1,1,3,0,1,4,0,0,,0,0,0,0,0,4,2,6
,2021-38565,39.78912143,-104.7345485,9/9/2021 13:50,13:50,10,0,0,N PICADILLY RD & E 51ST PL,1,1,3,0,1,1,0,0,45,0,0,0,0,0,4,2,13
,2021-38566,39.69113354,-104.9640599,9/9/2021 13:23,13:23,6,0,0,S RACE ST & E ARKANSAS AVE,1,1,3,0,1,4,0,0,30,0,0,0,0,0,4,2,16
,2021-38567,39.72904353,-104.9899299,8/12/2021 15:06,15:06,3,0,0,W 8TH AVE & N SPEER BLVD,1,1,3,0,1,1,0,0,,0,0,0,0,0,4,2,16
,2021-38568,39.74486353,-104.9835799,9/8/2021 11:35,11:35,3,0,0,N GRANT ST & E 18TH AVE,1,1,3,0,1,1,0,0,30,0,0,0,0,0,4,2,16
,2021-38569,39.69852353,-104.9035399,9/8/2021 9:06,9:06,10,0,1,S QUEBEC ST & LEETSDALE DR,1,1,3,0,1,4,0,0,30,0,0,0,0,2,4,2,13
,2021-38571,39.75936353,-105.0252199,9/8/2021 15:25,15:25,12,0,0,N FEDERAL BLVD & SPEER BLVD,1,1,3,0,1,4,0,0,,0,0,0,0,0,2,2,16
,2021-38574,39.76194852,-104.9406604,9/8/2021 8:57,8:57,1,0,0,E MLK BLVD & N COLORADO BLVD,1,1,3,0,1,1,0,0,35,0,0,0,0,0,2,2,13
,2021-38575,39.76442353,-105.0072299,8/29/2021 14:30,14:30,6,0,0,1700 BLK W 34TH AVE & N PECOS ST,1,1,3,0,1,4,0,0,25,0,0,0,0,0,4,2,13
,2021-38576,39.68228054,-105.0531784,9/8/2021 16:06,16:06,3,0,0,W JEWELL AVE & S SHERIDAN BLVD,1,1,3,0,1,1,0,0,30,0,0,0,0,0,2,2,11
,2021-38577,39.77588353,-104.9788199,8/13/2021 10:14,10:14,3,0,0,N WASHINGTON ST & RINGSBY CT,1,1,3,7,1,2,0,0,,0,0,0,0,0,4,2,16
,2021-38578,39.72093353,-104.9899999,9/8/2021 17:20,17:20,3,0,0,W 3RD AVE & S ACOMA ST,1,1,3,0,1,9,0,0,25,0,0,0,0,0,4,2,3
,2021-38579,39.70999353,-104.9799899,9/8/2021 18:00,18:00,12,0,0,W ALAMEDA AVE & S BROADWAY ST,1,1,3,0,1,1,0,0,30,0,0,0,0,0,4,3,3
,2021-38580,39.68999354,-104.9499899,9/7/2021 13:50,13:50,3,0,0,S UNIVERSITY BLVD & E ARKANSAS AVE,1,1,3,0,1,1,0,0,25,0,0,0,0,0,4,2,3
,2021-38583,39.70778353,-104.9252199,9/7/2021 18:00,18:00,3,0,0,LEETSDALE DR & 5350 BLK [APPROX],1,1,3,0,1,2,0,0,30,0,0,0,0,0,2,2,3
,2021-38584,39.70572354,-104.9875499,9/7/2021 13:00,13:00,3,0,0,S BROADWAY ST & E CENTER AVE,1,1,3,0,1,1,0,0,25,0,0,0,0,0,4,2,3
,2021-38586,39.76194353,-105.0349299,9/9/2021 7:30,7:30,6,0,0,3600 BLK W 32ND AVE & N MEADE ST,1,1,3,0,1,9,0,0,30,0,0,0,0,0,4,2,3
,2021-38587,39.65308454,-104.8848559,9/8/2021 11:58,11:58,3,0,0,E HAMPDEN AVE & S YOSEMITE ST,1,1,3,0,1,2,0,0,40,0,0,0,0,0,2,2,13
,2021-38590,39.76716352,-104.9495499,7/12/2021 8:26,8:26,6,0,0,3600 BLK N STEELE ST & E 36TH AVE,1,1,3,0,1,4,0,0,25,0,0,0,0,0,4,2,14
,2021-38591,39.70928353,-104.9733699,9/8/2021 15:00,15:00,3,0,1,S DOWNING ST & E DAKOTA AVE,1,1,3,0,1,1,0,0,25,0,0,0,0,1,4,2,3
,2021-38593,39.71110353,-104.9605399,9/8/2021 13:58,13:58,15,0,0,E ALAMEDA AVE & S UNIVERSITY BLVD,1,1,3,0,1,4,0,0,30,0,0,0,0,0,4,3,13
,2021-38603,39.74324353,-104.9747399,8/11/2021 15:48,15:48,6,0,0,N OGDEN ST & E 17TH AVE,1,1,3,0,1,4,0,0,,0,0,0,0,0,4,3,16
,2021-38611,39.63865354,-104.9039999,9/8/2021 14:02,14:02,1,0,2,E QUINCY AVE & S QUEBEC ST,1,1,3,0,1,1,0,0,35,0,0,0,0,1,4,3,16
,2021-38637,39.74394353,-105.0299499,8/19/2021 7:51,7:51,3,1,0,W 17TH AVE & N IRVING ST,1,1,3,0,1,3,0,0,30,0,0,0,0,4,4,3,13
,2021-38639,39.65699053,-104.866451,10/2/2021 6:38,6:38,8,0,0,N HAVANA ST & E MLK BLVD,1,1,0,0,1,1,0,0,30,0,0,0,0,1,4,2,13
,2021-38640,39.65621298,-104.8846932,10/3/2021 6:40,6:40,5,0,0,E LOWRY BLVD & S YOSEMITE ST,1,2,0,0,3,6,0,0,30,0,0,0,0,0,4,1,13
,2021-38641,39.72559353,-104.9413299,10/7/2021 13:13,13:13,12,0,0,N HARRISON ST & E 6TH AVE,1,1,0,0,1,3,0,0,35,0,0,0,0,0,4,2,1
,2021-38642,39.71325904,-104.9994191,10/2/2021 13:35,13:35,15,0,0,N KALAMATH AVE & I-25,1,1,0,0,1,8,0,0,35,0,0,0,0,0,1,2,13
,2021-38643,39.75814748,-104.9874173,10/10/2021 1:59,1:59,6,0,0,WALNUT ST & N BROADWAY ST,1,3,0,0,1,4,0,0,25,0,0,0,0,0,4,2,3
,2021-38644,39.67845353,-104.9143799,10/13/2021 21:16,21:16,3,0,1,EVANS AVE & 6300 BLK E,1,3,0,0,1,2,0,0,15,0,0,0,0,1,4,2,13
,2021-38645,39.70039754,-105.0250714,10/14/2021 19:25,19:25,1,0,1,S FEDERAL BLVD & W KENTUCKY AVE,1,3,0,0,1,1,0,0,35,0,0,0,0,1,2,2,13
,2021-38646,39.76568352,-104.8860499,10/10/2021 17:50,17:50,6,0,0,E 47TH AVE & N XENIA ST,1,1,0,0,1,4,0,0,30,0,0,0,0,0,4,2,6
,2021-38647,39.68891354,-104.9734159,9/27/2021 21:00,21:00,10,0,0,S DOWNING ST & BUCHTEL BLVD S,1,3,0,0,1,1,0,0,30,0,0,0,0,0,4,2,16
,2021-38648,39.71516653,-104.9037919,10/15/2021 11:40,11:40,3,0,0,E ARCHER PL & S QUEBEC ST,1,1,0,0,1,1,0,0,25,0,0,0,0,0,4,2,13
,2021-38649,39.75114353,-105.0271399,9/6/2021 17:00,17:00,6,0,0,3100 BLK W 23RD AVE & N HOOKER ST,1,1,0,0,1,4,0,0,30,0,0,0,0,0,4,2,13
,2021-38650,39.78893351,-104.80389,9/29/2021 22:20,22:20,6,0,0,E 53RD AVE & E 51ST DR,1,3,0,0,1,4,0,0,35,0,0,0,0,0,4,2,14
,2021-38651,39.75522353,-104.9931299,9/25/2021 15:30,15:30,6,0,0,BLAKE ST & 21ST,1,1,0,0,1,4,0,0,25,0,0,0,0,0,4,2,14
,2021-38652,39.69500353,-104.9410299,10/9/2021 22:52,22:52,16,0,0,COLORADO BLVD & 1195 BLK S,1,3,0,0,6,7,0,0,10,0,0,0,0,0,3,2,1
,2021-38653,39.80365451,-104.8692721,10/10/2021 15:30,15:30,6,0,0,5900 BLK CENTRAL PARK BLVD & E 59TH AVE,1,1,0,0,1,4,0,0,35,0,0,0,0,0,4,2,3
,2021-38654,39.69301354,-104.9874599,9/28/2021 8:30,8:30,15,0,0,E LOUISIANA AVE & S BROADWAY ST,1,1,0,0,1,1,0,0,30,0,0,0,0,0,4,2,13
,2021-38655,39.77939353,-104.9791399,10/3/2021 18:38,18:38,5,0,0,I-70 & N WASHINGTON ST,1,1,0,0,2,4,0,0,55,0,0,0,0,0,1,1,13
,2021-38656,39.75842353,-105.0205199,10/14/2021 19:35,19:35,1,0,0,W 29TH AVE & N CLAY ST,1,2,0,0,1,1,0,0,30,0,0,0,0,0,4,2,1
,2021-38657,39.78381352,-104.9487399,10/14/2021 14:28,14:28,3,0,0,E 48TH AVE & N ADAMS ST,1,1,0,0,1,1,0,0,30,0,0,0,0,0,4,2,13
,2021-38658,39.76446352,-104.9474799,10/14/2021 17:35,17:35,5,0,0,E BRUCE RANDOLPH AVE & N COOK ST,1,2,0,0,3,4,0,0,30,0,0,0,0,0,4,1,13
,2021-38659,39.74033353,-105.0393199,9/25/2021 1:12,1:12,12,0,0,W COLFAX AVE & N PERRY ST,1,3,0,0,1,1,0,0,30,0,0,0,0,0,2,2,14
,2021-38660,39.73764353,-104.9929299,10/15/2021 13:35,13:35,6,0,0,DELAWARE ST & 1300 BLK N,1,1,0,0,1,4,0,0,25,0,0,0,0,0,4,2,14
,2021-38661,39.8362835,-104.69004,10/14/2021 21:20,21:20,3,0,0,78TH AVE & 25500 BLK E,1,3,0,0,1,2,0,0,10,0,0,0,0,0,4,2,8
,2021-38662,39.74006353,-104.9903499,10/13/2021 22:05,22:05,5,0,0,N BANNOCK ST & W COLFAX AVE,1,3,0,0,2,1,0,0,35,0,0,0,0,0,2,1,8
,2021-38663,39.68950354,-105.0189599,10/10/2021 4:21,4:21,5,0,0,W FLORIDA AVE & S CARLAN CT,1,3,0,0,3,4,0,0,35,0,0,0,0,0,4,1,5
,2021-38664,39.69773075,-104.9408195,10/15/2021 14:49,14:49,12,0,1,I-25 & S COLORADO BLVD,1,1,1,0,1,4,0,0,35,0,0,0,0,1,4,2,3
,2021-38665,39.78434353,-104.9938699,10/15/2021 11:49,11:49,10,0,0,W 48TH AVE & N FOX ST,1,1,1,0,1,1,0,0,30,0,0,0,0,0,4,2,13
,2021-38666,39.77483002,-104.8471076,10/14/2021 22:24,22:24,3,0,1,I-70 WB RAMPS & PEORIA ST N,1,3,0,0,1,1,0,0,35,0,0,0,0,1,4,2,2
,2021-38667,39.74018653,-104.9407414,10/15/2021 14:31,14:31,15,0,0,E COLFAX AVE & N COLORADO BLVD,1,1,0,0,1,1,0,0,35,0,0,0,0,0,4,2,13
,2021-38668,39.71304354,-105.0156799,10/14/2021 15:35,15:35,3,0,0,W CEDAR AVE & S ZUNI ST,1,1,0,0,1,1,0,0,25,0,0,0,0,1,4,2,4
,2021-38669,39.73687353,-104.9718399,10/12/2021 14:30,14:30,6,0,0,1300 BLK E 13TH AVE & N MARION ST,1,1,0,0,1,4,0,0,25,0,0,0,0,0,4,2,16
,2021-38670,39.72192355,-105.2071399,10/3/2021 10:57,10:57,6,0,0,4TH AVE & 2928 BLK W,1,1,0,0,1,4,0,0,25,0,0,0,0,0,4,2,13
,2021-38671,39.67855354,-104.9828799,10/11/2021 8:09,8:09,3,0,0,E EVANS AVE & S LOGAN ST,1,1,0,0,1,1,0,0,35,0,0,0,0,1,4,2,13
,2021-38672,39.71140794,-105.0500262,10/11/2021 14:00,14:00,11,0,1,S XAVIER ST & W ALAMEDA AVE,1,1,0,0,1,1,0,0,25,0,1,0,0,1,4,1,13
,2021-38673,39.65329313,-105.0533091,10/11/2021 3:10,3:10,5,0,1,W HAMPDEN AVE (SERVICE RD S) & SHERIDAN BLVD,1,3,0,0,2,4,0,0,35,0,0,0,0,3,2,1,9
,2021-38674,39.65968355,-105.0520499,10/11/2021 15:07,15:07,6,0,0,S ZURICH CT & W CORNELL AVE,1,1,0,0,1,4,0,0,25,0,0,0,0,0,4,2,1
,2021-38675,39.72935353,-105.0251499,10/15/2021 14:09,14:09,12,0,0,N FEDERAL BLVD & W 8TH AVE,1,1,1,0,1,4,0,0,35,0,0,0,0,0,2,2,13
,2021-38676,39.76559353,-105.0251299,10/9/2021 14:47,14:47,3,0,0,35TH AVE W & FEDERAL BLVD N,1,1,0,0,1,1,0,0,35,0,0,0,0,0,2,2,1
,2021-38677,39.73048353,-104.9601599,10/15/2021 14:05,14:05,15,0,0,N YORK ST & E 9TH AVE,1,1,1,0,1,4,0,0,35,0,0,0,0,0,4,2,8
,2021-38678,39.69090353,-104.9399599,10/8/2021 10:00,10:00,15,0,0,S COLORADO BLVD & E FLORIDA AVE,1,1,0,0,1,4,0,0,35,0,0,0,0,0,2,2,14
,2021-38679,39.80894243,-105.0346847,9/11/2021 6:48,6:48,9,0,0,6TH AVE WB & N LOWELL BLVD,1,1,1,0,1,4,0,0,55,0,0,0,0,0,2,1,16
,2021-38680,39.68834354,-104.9722299,10/3/2021 14:50,14:50,12,0,0,E BUCHTEL BLVD & S MARION ST,1,1,1,0,1,4,0,0,30,0,0,0,0,0,4,2,13
,2021-38681,39.71113353,-104.9834199,9/18/2021 23:50,23:50,6,0,0,S GRANT LOGAN ALY & E ALAMEDA AVE,1,3,0,0,1,4,0,0,30,0,0,0,0,0,4,2,16
,2021-38682,39.67844354,-104.9337599,9/4/2021 21:20,21:20,15,0,0,I-25 NB OFF RAMP [SPLIT] & E EVANS AVE,1,3,1,0,1,8,0,0,,0,0,0,0,0,4,2,16
,2021-38683,39.78589351,-104.77212,9/17/2021 19:54,19:54,12,0,1,E 49TH AVE & N TOWER RD,1,3,0,0,1,3,0,0,25,0,0,0,0,1,4,2,14
,2021-38684,39.83230305,-104.9834911,9/15/2021 7:25,7:25,15,0,0,I-25 SB & W SPEER BLVD SB ENT RAMP [GORE PT],1,1,0,0,1,11,0,0,55,0,0,0,0,0,1,2,7
,2021-38685,39.84979749,-104.6738195,10/15/2021 13:15,13:15,6,0,0,PENA BLVD & 8400 BLK,1,1,0,0,1,4,0,0,10,0,0,0,0,0,4,2,13
,2021-38686,39.67844354,-104.9935099,8/22/2021 17:38,17:38,12,0,0,W EVANS AVE & S SANTA FE DR [SLIP],1,1,1,0,1,3,0,0,35,0,0,0,0,0,2,2,1
,2021-38687,39.66257355,-105.0532299,9/7/2021 13:38,13:38,15,0,0,S SHERIDAN BLVD & W BATES AVE,1,1,1,0,1,4,0,0,40,0,0,0,0,0,2,2,1
,2021-38688,39.70665354,-104.9965899,9/18/2021 3:15,3:15,15,0,1,I-25 NB & S SANTA FE DR,1,3,0,0,1,4,0,0,55,0,0,0,0,1,1,2,5
,2021-38689,39.73746513,-104.9962002,10/15/2021 18:29,18:29,2,0,1,N SPEER BLVD & W 13TH AVE,1,3,0,0,1,4,0,0,0,1,0,0,0,3,4,2,16
,2021-38690,39.63871154,-104.8995115,9/29/2021 22:24,22:24,15,0,0,I-25 SB & E QUINCY AVE,1,3,0,0,1,4,0,0,65,0,0,0,0,0,1,2,4
,2021-38691,39.70724968,-105.1407288,9/3/2021 19:06,19:06,12,0,0,FEDERAL BLVD & W VIRGINIA AVE,1,1,0,0,1,3,0,0,35,0,0,0,0,0,2,2,16
,2021-38692,39.74018653,-104.9407414,9/11/2021 6:15,6:15,12,0,0,E COLFAX AVE & N COLORADO BLVD,1,1,0,0,1,3,0,0,35,0,0,0,0,0,4,2,16
,2021-38693,39.84979749,-104.6738195,10/15/2021 15:00,15:00,15,0,0,PENA BLVD & 8400 BLK,1,1,0,0,1,4,0,0,,0,0,0,0,0,4,2,16
,2021-38694,39.75259039,-104.9848982,9/17/2021 20:05,20:05,15,0,0,I-25 NB & PARK AVE W EXIT RAMP [GORE PT],1,1,0,0,1,4,0,0,55,0,0,0,0,0,1,2,3
,2021-38695,39.71121354,-105.0330499,9/18/2021 21:58,21:58,15,0,0,3400 BLK W ALAMEDA AVE & S JULIAN ST,1,5,0,7,1,4,0,0,30,0,0,0,0,0,4,2,16
,2021-38696,39.88811483,-104.675484,10/15/2021 8:19,8:19,6,0,0,103RD AVE & QUEENSBURG ST,1,1,0,0,1,4,0,0,25,0,0,0,0,0,4,2,13
,2021-38697,39.73541353,-104.9945699,9/3/2021 18:45,18:45,15,0,0,1200 BLK N SPEER BLVD & W 13TH AVE,1,1,0,0,1,4,0,0,35,0,0,0,0,0,4,2,13
,2021-38698,39.73118353,-105.0251499,9/8/2021 9:09,9:09,12,0,0,W 9TH AVE & N FEDERAL BLVD,1,1,0,0,1,2,0,0,25,0,0,0,0,0,2,2,7
,2021-38699,39.74084353,-104.9873699,9/5/2021 15:45,15:45,12,0,0,CHEYENNE PL & N BROADWAY ST,1,1,0,0,1,1,0,0,30,0,0,0,0,0,4,2,16
,2021-38700,39.71115354,-104.9863599,10/15/2021 19:14,19:14,15,0,2,S LINCOLN ST & E ALAMEDA AVE,1,3,0,0,1,1,0,0,30,0,0,0,0,1,4,2,8