id,drcog_id,latitude,longitude,crashtime,time,crashtype,numbkilled,numbinjurd,drcoglocat,rdconditin,lightngcon,roadcntgrd,weatherco,location,roaddescrp,schoolzone,constrzone,splimit,bikeinv,pedinv,sctrinv,motoinv,svrty,rdsystem,ttlvehcls,hcf
,2021-38701,39.71834353,-104.9593309,9/22/2021 19:00,19:00,12,0,0,E 1ST AVE & S UNIVERSITY BLVD,1,1,0,0,1,3,0,0,30,0,0,0,0,0,4,2,13
,2021-38702,39.74618353,-104.9873999,9/17/2021 22:40,22:40,10,0,0,N BROADWAY ST & GLENARM PL,1,3,0,0,1,1,0,0,30,0,0,0,0,0,4,2,13
,2021-38703,39.70020354,-104.9874699,10/15/2021 16:42,16:42,1,0,0,S BROADWAY ST & I-25,1,1,0,0,1,1,0,0,35,0,0,0,0,0,4,2,1
,2021-38704,39.73869352,-104.8905499,9/12/2021 5:24,5:24,6,0,0,N VERBENA ST & E 14TH AVE,1,3,0,0,1,4,0,0,25,0,0,0,0,0,4,2,13
,2021-38705,39.74005353,-104.9873799,10/5/2021 17:06,17:06,10,0,1,BROADWAY & E COLFAX AVE,1,1,0,0,1,1,0,0,30,0,0,0,1,3,2,2,13
,2021-38706,39.78130352,-104.9775099,8/25/2021 17:15,17:15,12,0,0,WASHINGTON ST & 4700 BLK N,1,1,0,0,1,4,0,0,35,0,0,0,0,0,4,2,1
,2021-38707,39.65680355,-105.0251799,9/22/2021 11:45,11:45,15,0,0,S FEDERAL BLVD & W FLOYD AVE,1,1,1,0,1,4,0,0,40,0,0,0,0,0,2,2,1
,2021-38708,39.74043353,-105.0139599,10/14/2021 9:29,9:29,15,0,0,I-25 NB EXIT & W COLFAX AVE,1,1,1,0,1,8,0,0,35,0,0,0,0,0,1,2,13
,2021-38709,39.75103353,-104.9406099,10/13/2021 17:19,17:19,11,0,0,E 23RD AVE & N COLORADO BLVD,1,1,0,0,1,1,0,0,30,0,1,0,0,0,2,1,13
,2021-38710,39.74032346,-104.0141401,8/28/2021 22:30,22:30,15,0,0,I-25 SB EXIT RAMP & W COLFAX AVE,1,3,0,0,1,4,0,0,40,0,0,0,0,0,2,2,13
,2021-38711,39.76389534,-105.0340854,9/19/2021 16:50,16:50,6,0,0,3200 BLK N QUIVAS ST & W 33RD AVE,1,1,0,0,1,3,0,0,25,0,0,0,0,0,4,2,8
,2021-38712,39.75259039,-104.9848982,10/13/2021 8:25,8:25,12,0,0,I-25 & PARK AVE W,1,1,1,0,1,4,0,0,40,0,0,0,0,0,1,2,7
,2021-38713,39.72541754,-105.0252199,10/13/2021 7:07,7:07,5,0,0,W 6TH AVE & N FEDERAL BLVD,1,1,0,0,3,8,0,0,55,0,0,0,0,0,2,1,1
,2021-38714,39.72730353,-104.9975599,7/8/2021 14:05,14:05,3,0,0,7TH AVE & N SANTA FE DR,1,1,1,0,1,5,0,0,20,0,0,0,0,0,4,2,16
,2021-38715,39.71834353,-104.9856099,9/14/2021 16:00,16:00,6,0,0,100 BLK E 1ST AVE & N LINCOLN ST,1,1,0,0,1,4,0,0,30,0,0,0,0,0,4,2,13
,2021-38716,39.67837454,-104.9593939,8/29/2021 12:10,12:10,12,0,0,E EVANS AVE & S UNIVERSITY BLVD,1,1,0,0,1,3,0,0,35,0,0,0,0,0,4,2,13
,2021-38717,39.69227354,-104.9769399,10/13/2021 7:00,7:00,5,0,1,I-25 & S EMERSON ST,1,2,0,0,2,4,0,0,60,0,0,0,0,1,1,2,1
,2021-38718,39.74009468,-104.9035119,10/12/2021 14:06,14:06,1,0,0,QUEBEC ST & I-270 WB/NB ON RAMP,1,1,1,0,1,3,0,0,35,0,0,0,0,0,2,2,13
,2021-38719,39.72575354,-105.0351099,10/13/2021 7:53,7:53,12,0,2,WB W 6TH AVE & END OF 6TH AVE COLLECTOR RAMP,1,1,1,0,1,4,0,0,55,0,0,0,0,1,2,2,3
,2021-38720,39.71382099,-104.9407909,10/12/2021 21:24,21:24,15,0,0,S COLORADO BLVD & E CHERRY CREEK S DR,1,3,0,0,1,1,0,0,35,0,0,0,0,0,2,2,13
,2021-38721,39.69309854,-105.0251164,10/12/2021 15:45,15:45,12,0,0,S FEDERAL BLVD & W LOUISIANA AVE,1,1,0,0,1,1,0,0,40,0,0,0,0,0,2,2,3
,2021-38722,39.78376352,-104.9405099,8/17/2021 10:43,10:43,3,0,0,N COLORADO BLVD & E 48TH AVE,1,1,0,0,1,1,0,0,35,0,0,0,0,0,2,2,2
,2021-38723,39.77343352,-104.8479399,8/24/2021 14:00,14:00,12,0,0,I-70 EB EXIT RAMP [SLIP] & PEORIA ST,1,1,0,0,1,8,0,0,35,0,0,0,0,0,1,2,13
,2021-38724,39.73021353,-104.9907299,8/21/2021 23:04,23:04,5,0,0,SPEER BLVD & W 9TH AVE,1,3,0,0,2,4,0,0,35,0,0,0,0,0,4,1,14
,2021-38725,39.65307354,-104.9182499,10/13/2021 10:09,10:09,15,0,0,E HAMPDEN AVE & I-25,1,1,0,0,1,4,0,0,40,0,0,0,0,0,2,2,13
,2021-38726,39.76187353,-104.9405699,10/12/2021 15:10,15:10,1,0,4,E MLK BLVD & N COLORADO BLVD,1,1,1,0,1,1,0,0,35,0,0,0,0,3,2,2,1
,2021-38727,39.77566353,-105.0485999,10/13/2021 12:12,12:12,6,0,0,N WOLFF ST & W 44TH AVE,1,1,1,0,1,4,0,0,25,0,0,0,0,0,4,2,13
,2021-38728,39.71117353,-104.9199199,10/14/2021 10:36,10:36,3,0,1,S JERSEY ST & E ALAMEDA AVE,1,1,0,0,1,1,0,0,25,0,0,0,0,3,4,2,13
,2021-38729,39.77727352,-104.8827699,10/14/2021 9:30,9:30,12,0,1,I-70 & N CENTRAL PARK BLVD,1,1,0,0,1,4,0,0,55,0,0,0,0,1,1,2,13
,2021-38730,39.71120654,-105.0107214,10/9/2021 14:00,14:00,12,0,0,2700 BLK W ALAMEDA AVE & S CLAY ST,1,1,0,0,1,4,0,0,35,0,0,0,0,0,4,2,16
,2021-38731,39.76896853,-104.9953489,10/12/2021 15:41,15:41,12,0,1,PARK AVE W & N FOX ST,1,1,1,0,1,1,0,0,35,0,0,0,0,1,1,2,13
,2021-38732,39.74765353,-105.0002499,10/12/2021 18:10,18:10,15,0,0,1300 BLK 14TH ST & LARIMER ST,11,3,0,1,1,4,0,0,25,0,0,0,0,0,4,2,16
,2021-38733,39.76115353,-105.0047499,10/13/2021 7:35,7:35,12,0,2,I-25 & 20TH ST,1,1,0,0,1,4,0,0,55,0,0,0,0,1,1,2,2
,2021-38744,39.71099354,-105.0529899,9/25/2021 11:40,11:40,15,0,0,W ALAMEDA AVE & S SHERIDAN BLVD,1,1,3,0,1,1,0,0,35,0,0,0,0,0,4,2,16
,2021-39000,39.71109289,-105.0691329,10/13/2021 21:49,21:49,15,0,0,I-25 & W ALAMEDA AVE,1,3,0,0,1,4,0,0,55,0,0,0,0,0,1,2,13
,2021-39001,39.72563353,-104.9874244,10/11/2021 22:09,22:09,10,0,1,N BROADWAY ST & E 6TH AVE,1,3,0,0,1,1,0,0,30,0,0,0,0,1,4,2,8
,2021-39002,39.69650353,-104.8706399,10/10/2021 3:10,3:10,1,0,1,E MISSISSIPPI AVE & S FULTON ST,1,3,0,0,1,2,0,0,35,0,0,0,0,2,4,2,16
,2021-39003,39.66770354,-105.0298599,10/14/2021 12:53,12:53,3,0,0,W YALE AVE & S IRVING ST,1,1,0,0,1,1,0,0,25,0,0,0,0,1,4,2,15
,2021-39004,39.69312354,-105.0437299,10/14/2021 17:20,17:20,3,0,0,W LOUISIANA AVE & S TENNYSON ST,1,1,0,0,1,1,0,0,25,0,0,0,0,0,4,2,14
,2021-39005,39.70854354,-105.0297999,10/12/2021 16:28,16:28,10,0,0,S IRVING ST & W ALASKA PL,1,1,0,0,1,4,0,0,25,0,0,0,0,0,4,2,3
,2021-39006,39.80011351,-104.78724,10/11/2021 15:21,15:21,12,0,0,5700 BLK PENA BLVD OUTBOUND & E 56TH AVE,1,1,0,0,1,4,0,0,65,0,0,0,0,0,4,2,1
,2021-39007,39.77967353,-104.9791499,10/12/2021 8:55,8:55,12,0,1,I-70 WB OFF RAMP & N WASHINGTON ST,1,1,1,0,1,3,0,0,45,0,0,0,0,1,1,2,13
,2021-39008,39.68938354,-104.9921499,10/11/2021 19:16,19:16,12,0,1,S SANTA FE DR & W IOWA AVE,1,3,0,0,1,4,0,0,45,0,0,0,1,3,2,2,1
,2021-39009,39.68472354,-104.9594399,10/12/2021 8:47,8:47,12,0,1,I-25 & S UNIVERSITY BLVD,1,1,0,0,1,4,0,0,60,0,0,0,0,1,1,2,13
,2021-39010,39.76566352,-104.9405599,10/11/2021 20:47,20:47,1,0,0,E 35TH AVE & N COLORADO BLVD,1,3,0,0,1,1,0,0,35,0,0,0,0,0,2,2,13
,2021-39012,39.72745604,-105.0532752,10/14/2021 8:12,8:12,12,0,0,W 6TH AVE EB ON RAMP & N SHERIDAN BLVD,1,1,1,0,1,8,0,0,40,0,0,0,0,0,2,2,13
,2021-39013,39.71120354,-104.9991199,6/1/2021 17:40,17:40,15,0,0,I-25 SB & W ALAMEDA AVE,1,1,0,0,1,4,0,0,55,0,0,0,0,0,1,2,16
,2021-39014,39.78817352,-104.8825999,8/24/2021 21:11,21:11,2,0,1,N CENTRAL PARK BLVD & E 50TH AVE,1,3,0,0,1,1,0,0,35,1,0,0,0,1,4,2,14
,2021-39015,39.79838352,-104.9033799,6/12/2021 15:00,15:00,12,0,0,N QUEBEC ST & E 56TH AVE,1,1,0,0,1,4,0,0,40,0,0,0,0,0,4,2,13
,2021-39016,39.73840353,-104.9695199,8/10/2021 2:18,2:18,6,0,0,E 14TH AVE & N HUMBOLDT ST,1,3,0,0,1,3,0,0,30,0,0,0,0,0,4,2,5
,2021-39017,39.72564354,-105.0532499,6/10/2021 10:08,10:08,12,0,0,N SHERIDAN BLVD & W 6TH AVE EB ENT RAMP,1,1,1,0,1,1,0,0,35,0,0,0,0,0,2,2,16
,2021-39018,39.77420352,-104.8470299,10/12/2021 6:25,6:25,12,0,0,I-70 & N PEORIA ST,1,1,1,0,1,4,0,0,55,0,0,0,0,0,1,2,13
,2021-39019,39.71429354,-105.0250799,8/28/2021 15:43,15:43,15,0,0,FEDERAL BLVD & W BAYAUD AVE,1,1,0,0,1,4,0,0,40,0,0,0,0,0,2,2,1
,2021-39020,39.72558353,-104.9676899,10/12/2021 0:41,0:41,5,0,0,1600 BLK E 6TH AVE & N GILIPN ST,1,3,1,0,2,3,0,0,30,0,0,0,0,0,4,1,5
,2021-39021,39.68999354,-104.9734099,6/4/2021 14:42,14:42,12,0,0,I-25 NB & S DOWNING ST,1,1,0,0,1,4,0,0,55,0,0,0,0,0,1,2,13
,2021-39022,39.66762354,-104.9128699,10/13/2021 19:54,19:54,11,0,0,S MONACO ST & E YALE AVE,1,3,0,0,1,1,0,0,30,0,1,0,0,0,4,1,13
,2021-39023,39.69297354,-105.0947499,8/28/2021 2:23,2:23,6,0,1,1300 BLK S TEJON ST & W LOUISIANA AVE,1,4,1,0,1,4,0,0,30,0,0,0,0,2,4,2,14
,2021-39024,39.67841354,-104.9508199,10/16/2021 22:40,22:40,1,0,0,E EVANS AVE & S ST PAUL ST,1,3,1,0,1,1,0,0,30,0,0,0,0,1,4,2,13
,2021-39025,39.72551297,-105.016571,7/3/2021 14:15,14:15,12,0,0,I-25 NB & W 6TH AVE FWY,1,1,0,0,1,4,0,0,65,0,0,0,0,0,4,2,13
,2021-39026,39.73984352,-104.8887399,8/11/2021 23:17,23:17,11,0,1,E COLFAX AVE & WABASH ST,1,3,0,0,1,3,0,0,0,0,1,0,0,3,2,1,16
,2021-39027,39.71125354,-105.0532399,9/4/2021 18:30,18:30,12,0,0,W ALAMEDA AVE & S SHERIDAN BLVD,1,2,1,0,1,1,0,0,40,0,0,0,0,0,4,2,5
,2021-39028,39.76910353,-104.9952899,8/28/2021 20:10,20:10,3,0,0,W 38TH AVE & N FOX ST,1,3,0,0,1,1,0,0,,0,0,0,0,0,4,2,16
,2021-39029,39.71987346,-104.8472585,10/12/2021 12:35,12:35,12,0,0,N PEORIA ST & I-70 EB OFF/ON RAMPS,1,1,0,0,1,3,0,0,35,0,0,0,0,0,4,3,4
,2021-39030,39.78208612,-105.0363439,8/27/2021 17:50,17:50,15,0,0,N FEDERAL BLVD & W 47TH AVE,1,1,0,0,1,4,0,0,30,0,0,0,0,0,2,2,1
,2021-39031,39.67847354,-104.9658099,10/16/2021 7:54,7:54,12,0,0,EVANS AVE & 1800 BLK E,1,1,0,0,1,4,0,0,30,0,0,0,0,0,4,3,5
,2021-39032,39.70661354,-104.9862999,10/16/2021 12:30,12:30,12,0,0,500 BLK S LINCOLN ST & E CENTER AVE,1,1,0,0,1,4,0,0,30,0,0,0,0,1,4,3,13
,2021-39033,39.70126354,-104.9874499,10/13/2021 19:52,19:52,3,0,0,800 BLK S BROADWAY ST & E KNETUCKY AVE,1,3,0,0,1,1,0,0,30,0,0,0,0,0,4,3,1
,2021-39034,39.72541754,-105.0252199,10/16/2021 18:58,18:58,12,0,0,W 6TH AVE & N FEDERAL BLVD,1,4,0,0,1,4,0,0,55,0,0,0,0,0,2,5,13
,2021-39035,39.74009468,-104.9035119,10/13/2021 16:49,16:49,12,0,0,I-70 & QUEBEC ST,1,1,0,0,1,4,0,0,55,0,0,0,0,0,1,4,3
,2021-39036,39.69673354,-105.0274299,10/12/2021 13:50,13:50,6,0,0,W MISSISSIPPI AVE & S HAZEL CT,11,1,0,0,1,4,0,0,25,0,0,0,0,0,4,3,14
,2021-39037,39.77656353,-105.0532299,10/16/2021 21:12,21:12,12,0,0,N SHERIDAN BLVD & W 44TH AVE,1,1,0,0,1,3,0,0,35,0,0,0,0,0,2,3,3
,2021-39038,39.74192354,-105.0531999,10/16/2021 14:12,14:12,12,0,0,N SHERIDAN BLVD & W 16TH AVE,1,1,0,0,1,4,0,0,35,0,0,0,0,0,2,3,1
,2021-39039,39.78010353,-104.9895499,10/13/2021 16:35,16:35,12,0,0,I-70 RAMP G TO EB & I-25 INTERCHANGE,1,1,1,0,1,8,0,0,55,0,0,0,0,0,1,2,3
,2021-39040,39.74185353,-105.0147399,10/12/2021 14:21,14:21,15,0,0,I-25 & AURARIA PKWY,1,1,1,0,1,4,0,0,45,0,0,0,0,0,1,2,13
,2021-39041,39.71119754,-105.0275374,10/9/2021 17:41,17:41,12,0,0,W ALAMEDA AVE & S HAZEL CT,1,1,0,0,1,1,0,0,35,0,0,0,0,0,2,4,16
,2021-39042,39.76836592,-104.9428485,10/11/2021 20:35,20:35,5,0,0,1200 BLK N JACKSON ST & E 13TH AVE,1,3,0,0,2,5,0,0,30,0,0,0,0,0,4,1,5
,2021-39043,39.81894002,-105.0250553,10/12/2021 18:27,18:27,15,0,0,I-70 & N FEDERAL BLVD,1,1,0,0,1,4,0,0,55,0,0,0,0,0,1,2,3
,2021-39044,39.66189354,-105.0316099,10/13/2021 23:36,23:36,5,0,0,2800 BLK S IRVING ST & W AMHERST AVE,1,4,1,0,3,4,0,0,25,0,0,0,0,0,4,1,1
,2021-39045,39.70929353,-104.9640099,10/12/2021 15:30,15:30,3,0,0,E DAKOTA AVE & S RACE ST,1,1,0,1,1,1,0,0,25,0,0,0,0,0,4,2,14
,2021-39046,39.71117354,-105.0180699,10/14/2021 17:35,17:35,15,0,0,W ALAMEDA AVE & S BRYANT ST,1,1,0,0,1,1,0,0,35,0,0,0,0,0,4,2,3
,2021-39047,39.71497354,-105.0312299,10/9/2021 17:45,17:45,6,0,0,BAYAUD AVE & 3300 BLK W,1,1,0,0,1,4,0,0,30,0,0,0,0,0,4,2,16
,2021-39048,39.74043353,-105.0141499,10/13/2021 10:32,10:32,5,0,2,I-25 SB EXIT RAMP & W COLFAX AVE,1,1,1,0,3,8,0,0,55,0,0,0,0,3,1,1,3
,2021-39049,39.77038351,-104.74533,10/15/2021 20:56,20:56,10,0,0,N LISBON ST & E 39TH AVE,1,3,0,0,1,1,0,0,25,0,0,0,0,0,4,2,13
,2021-39051,39.62377354,-104.9013999,10/16/2021 11:53,11:53,12,0,0,I-25 & E UNION AVE,1,1,1,0,1,4,0,0,55,0,0,0,0,0,1,3,3
,2021-39052,39.74323353,-104.9720999,10/16/2021 23:35,23:35,6,0,0,1200 BLK E 17TH AVE & N LAFAYETTE ST,1,3,0,0,1,4,0,0,35,0,0,0,0,0,4,3,5
,2021-39053,39.71106552,-104.9827219,10/12/2021 14:15,14:15,12,0,0,S LOGAN ST & I-25,1,1,0,0,1,4,0,0,55,0,0,0,0,0,1,3,3
,2021-39054,39.72922353,-104.9331699,10/16/2021 5:45,5:45,12,0,0,4600 BLK E 8TH AVE & N CHERRY ST,1,3,0,0,1,4,0,0,30,0,0,0,0,0,4,5,1
,2021-39055,39.78238352,-104.8453299,10/12/2021 9:31,9:31,12,0,0,E 47TH AVE & N PEORIA ST,1,1,0,0,1,4,0,0,35,0,0,0,0,0,4,2,13
,2021-39056,39.78363089,-104.9023694,10/17/2021 17:45,17:45,8,0,2,QUEBEC ST NB & N SAND CREEK RD,1,1,1,0,6,3,0,0,35,0,0,0,0,1,4,4,10
,2021-39057,39.70932354,-104.9863799,10/13/2021 17:05,17:05,3,0,0,E DAKOTA AVE & S LINCOLN ST,1,1,0,0,1,1,0,0,25,0,0,0,0,0,4,3,13
,2021-39058,39.75536353,-105.0126799,7/9/2021 17:58,17:58,15,0,0,I-25 SB & N SPEER BLVD,1,2,0,0,1,4,0,0,55,0,0,0,0,0,1,3,13
,2021-39059,39.68896354,-104.9734199,10/13/2021 19:16,19:16,12,0,1,S DOWNING ST & E BUCHTEL BLVD,1,3,0,0,1,4,0,0,30,0,0,0,0,2,4,3,10
,2021-39060,39.65208076,-105.0841628,10/12/2021 7:39,7:39,12,0,0,HAMPDEN AVE & 6600 BLK E,1,1,0,0,1,3,0,0,40,0,0,0,0,0,2,3,3
,2021-39061,39.85091853,-104.6757099,10/14/2021 11:55,11:55,12,0,0,8300 BLK PENA BLVD INBOUND & DOOR #618,1,1,0,0,1,4,0,0,15,0,0,0,0,0,4,2,8
,2021-39062,39.71309353,-104.9222699,10/13/2021 1:54,1:54,6,0,0,S HOLLY ST & E CEDAR AVE,1,3,1,0,2,4,0,0,25,0,0,0,0,0,4,3,2
,2021-39063,39.68563354,-105.0228999,9/17/2021 3:19,3:19,6,0,0,MEXICO AVE & S DECATUR ST,1,3,0,0,1,4,0,0,25,0,0,0,0,0,4,3,7
,2021-39064,39.74743352,-104.9081599,9/14/2021 15:19,15:19,3,0,2,N ONEIDA ST & E MONTVIEW BLVD,1,1,0,0,1,1,0,0,25,0,0,0,0,3,4,2,13
,2021-39065,39.66049354,-105.0251499,10/11/2021 16:05,16:05,11,0,2,S FEDERAL BLVD & W DARTMOUTH AVE,1,1,0,0,1,4,0,0,0,0,1,0,0,3,2,1,16
,2021-39066,39.69298154,-104.9734159,10/12/2021 12:12,12:12,3,0,0,E LOUISIANA AVE & S DOWNING ST,1,1,0,0,1,1,0,0,30,0,0,0,0,1,4,2,13
,2021-39067,39.75512353,-105.0127099,10/13/2021 19:34,19:34,15,0,0,I-25 & N SPEER BLVD,1,3,0,0,1,4,0,0,55,0,0,0,0,0,1,3,1
,2021-39068,39.74999353,-105.0252599,10/12/2021 11:32,11:32,6,0,2,N FEDERAL BLVD & W 21ST AVE,1,1,1,0,1,4,0,0,35,0,0,0,0,2,2,2,16
,2021-39069,39.76300352,-104.8904799,10/14/2021 8:40,8:40,12,0,0,N CENTRAL PARK BLVD & E 33RD AVE,1,1,0,0,1,4,0,0,35,0,0,0,0,0,4,3,1
,2021-39070,39.70044639,-105.053235,8/29/2021 21:22,21:22,1,0,3,S SHERIDAN BLVD & W KENTUCKY AVE,1,3,0,0,1,1,0,0,35,0,0,0,0,3,2,3,7
,2021-39071,39.70642354,-104.9967799,10/14/2021 6:50,6:50,15,0,1,I-25 & S SANTA FE DR,1,2,1,0,1,4,0,0,55,0,0,0,0,1,1,3,1
,2021-39072,39.78362951,-104.791364,10/12/2021 7:50,7:50,12,0,0,E GVR BLVD & PENA BLVD INBOUND,1,1,0,0,1,4,0,0,35,0,0,0,0,0,4,3,3
,2021-39073,39.63861354,-104.9099499,9/22/2021 8:00,8:00,15,0,0,I-25 NB & E QUINCY AVE,1,1,0,0,1,8,0,0,55,0,0,0,0,0,1,2,16
,2021-39291,39.75801352,-104.9033899,9/10/2021 14:42,14:42,12,0,0,N QUEBEC ST & E 29TH AVE,1,1,3,0,1,3,0,0,30,0,0,0,0,0,4,3,8
,2021-39293,39.79837351,-104.78637,9/10/2021 8:20,8:20,12,0,0,E 56TH AVE & PENA BLVD,1,1,3,0,1,4,0,0,40,0,0,0,0,0,4,3,14
,2021-39294,39.68938354,-104.9921499,9/11/2021 11:40,11:40,12,0,0,SANTA FE DR & W IOWA AVE,1,1,3,0,1,4,0,0,55,0,0,0,0,0,2,3,3
,2021-39297,39.79837351,-104.78637,9/10/2021 8:10,8:10,12,0,0,E 56TH AVE & PENA BLVD,1,1,3,0,1,4,0,0,40,0,0,0,0,0,4,3,13
,2021-39303,39.73605353,-104.9835999,9/12/2021 7:35,7:35,6,0,0,GRANT ST & E 12TH AVE,1,1,3,1,1,4,0,0,,0,0,0,0,0,4,3,16
,2021-39307,39.66762354,-104.9041599,9/14/2021 12:08,12:08,12,0,0,7200 BLK E YALE AVE & S QUEBEC ST,1,1,3,0,1,3,0,0,30,0,0,0,0,1,4,3,11
,2021-39323,39.78787353,-105.0439399,10/13/2021 9:08,9:08,3,0,0,TENNYSON ST & 5100 BLK N,1,1,1,0,1,2,0,0,25,0,0,0,0,0,4,2,13
,2021-39324,39.77939353,-104.9791399,10/14/2021 11:17,11:17,1,0,0,N WASHINGTON ST & I-70,1,1,1,0,1,1,0,0,35,0,0,0,0,0,4,2,13
,2021-39325,39.65307354,-104.9182499,10/13/2021 9:07,9:07,12,0,0,I-25 & E HAMPDEN AVE,1,1,0,0,1,4,0,0,65,0,0,0,0,0,1,3,13
,2021-39326,39.73684353,-104.9861199,9/5/2021 1:40,1:40,11,0,2,E 13TH AVE & N LINCOLN ST,1,3,0,0,1,1,0,0,30,0,1,0,0,1,4,1,14
,2021-39327,39.78378252,-104.9406244,10/12/2021 19:18,19:18,12,0,1,COLORADO BLVD & E 48TH AVE,11,3,0,0,1,1,0,0,40,0,0,0,0,1,4,3,13
,2021-39328,39.775501,-104.7487472,10/6/2021 3:01,3:01,6,0,0,18000 BLK E MITCHELL PL & N BISCAY ST,1,4,1,0,1,4,0,0,30,0,0,0,0,0,4,4,16
,2021-39329,39.64111354,-104.9013699,10/15/2021 1:39,1:39,6,0,0,7400 BLK E PRINCETON AVE & S QUINCE ST,1,4,0,0,1,4,0,0,25,0,0,0,0,0,4,4,2
,2021-39330,39.77999352,-104.9593099,10/14/2021 12:00,12:00,12,0,0,I-70 & N YORK ST,1,1,1,0,1,4,0,1,65,0,0,0,0,0,1,3,7
,2021-39331,39.76448353,-104.9597499,10/15/2021 0:30,0:30,1,0,1,E BRUCE RANDOLPH AVE & N YORK ST,1,3,0,0,1,1,0,0,25,0,0,0,0,2,4,2,3
,2021-39332,39.75106752,-104.9128234,10/6/2021 7:47,7:47,3,0,0,E 23RD AVE & N MONACO ST,1,1,0,0,1,1,0,0,30,0,0,0,0,0,4,3,5
,2021-39333,39.76193052,-104.9027344,10/15/2021 9:43,9:43,3,0,0,E MLK BLVD & N QUEBEC ST,1,1,0,0,1,1,0,0,35,0,0,0,0,0,4,2,13
,2021-39334,39.8340925,-104.7719825,10/18/2021 11:42,11:42,12,0,0,PENA BLVD & TOWER RD,1,1,1,0,1,4,0,0,65,0,0,0,0,0,4,2,14
,2021-39335,39.75512353,-105.0127099,10/14/2021 19:52,19:52,12,0,0,I-25 & N SPEER BLVD,1,3,0,0,1,4,0,0,65,0,0,0,0,0,1,3,13
,2021-39336,39.85143098,-105.0027628,10/18/2021 15:12,15:12,5,0,0,W 10TH AVE & N MARIPOSA ST,1,1,1,0,6,1,0,0,30,0,0,0,0,0,4,1,16
,2021-39337,39.77064702,-104.9317414,10/18/2021 16:07,16:07,3,0,0,E HALE PRK WY & N DAHLIA ST,1,1,0,0,1,1,0,0,30,0,0,0,0,0,4,2,13
,2021-39338,39.69492354,-105.0202799,9/24/2021 19:00,19:00,6,0,0,1100 BLK S CLAY ST & W MISSISSIPPI AVE,1,1,0,0,1,3,0,0,25,0,0,0,0,0,4,3,2
,2021-39339,39.78572352,-104.8830599,10/4/2021 8:00,8:00,3,0,0,E NORTHFIELD BLVD & N CENTRAL PARK BLVD,1,1,0,0,1,1,0,0,35,0,0,0,0,0,4,1,13
,2021-39340,39.74342353,-104.9820299,10/11/2021 20:08,20:08,6,0,0,1700 BLK N LOGAN ST & E 17TH AVE,1,3,0,0,1,4,0,0,35,0,0,0,0,0,4,4,5
,2021-39341,39.72931353,-105.0139799,10/18/2021 12:22,12:22,1,0,0,W 8TH AVE & N WYANDOT ST,1,1,1,0,1,1,0,0,30,0,0,0,0,0,4,2,13
,2021-39342,39.74000353,-104.9764699,10/18/2021 17:13,17:13,11,0,1,E COLFAX AVE & N EMERSON ST,1,1,0,0,1,2,0,0,0,0,0,1,0,1,4,1,16
,2021-39343,39.72553353,-105.0131199,10/18/2021 12:04,12:04,12,0,0,I-25 & W 6TH AVE,1,1,0,0,1,4,0,0,65,0,0,0,0,0,1,2,7
,2021-39344,39.65615355,-105.0532099,10/15/2021 11:08,11:08,1,0,0,S SHERIDAN BLVD & W DARTMOUTH AVE,1,1,0,0,1,1,0,0,40,0,0,0,0,0,2,2,14
,2021-39345,39.71251153,-104.9591464,10/15/2021 18:19,18:19,12,0,0,2500 BLK E CHERRY CREEK DR S & S UNIVERSITY BLVD,1,1,0,0,1,4,0,0,30,0,0,0,0,0,4,3,3
,2021-39346,39.71119354,-104.9988899,9/8/2021 13:15,13:15,12,0,0,I-25 NB & W ALAMEDA AVE,1,1,0,0,1,4,0,0,65,0,0,0,0,0,1,3,1
,2021-39347,39.74166236,-104.9787268,10/18/2021 11:00,11:00,11,0,1,E 16TH AVE & N WASHINGTON ST,1,1,1,0,1,1,0,0,0,0,1,0,0,1,4,1,16
,2021-39348,39.76728352,-104.9025199,10/17/2021 18:50,18:50,11,0,0,QUEBEC ST & 3500 BLK N,1,3,0,0,1,1,0,0,35,0,1,0,0,0,4,1,1
,2021-39349,39.63692875,-104.8899084,10/18/2021 14:12,14:12,5,0,1,I-70 & I-225,1,1,1,0,6,4,0,0,65,0,0,0,0,1,1,1,1
,2021-39350,39.71324354,-104.9993999,10/18/2021 15:43,15:43,15,0,0,S KALAMATH ST & W CEDAR AVE,1,1,1,0,1,1,0,0,30,0,0,0,0,0,4,2,13
,2021-39351,39.77506353,-105.0252799,10/18/2021 10:10,10:10,12,0,2,N FEDERAL BLVD & W 42ND AVE,1,1,1,0,1,4,0,0,35,0,0,0,0,1,2,2,13
,2021-39352,39.78008352,-104.9404999,10/18/2021 13:44,13:44,15,0,0,I-70 & N COLORADO BLVD,1,1,0,0,1,4,0,0,65,0,0,0,0,0,1,2,1
,2021-39353,39.78284352,-104.9623999,10/17/2021 22:45,22:45,6,0,0,VINE ST & 4700 BLK N,1,3,0,0,1,4,0,0,25,0,0,0,0,0,4,2,13
,2021-39354,39.71109289,-105.0691329,10/18/2021 12:15,12:15,12,0,2,I-25 & W ALAMEDA AVE,1,1,0,0,1,4,0,0,65,0,0,0,0,1,1,2,14