id,drcog_id,latitude,longitude,crashtime,time,crashtype,numbkilled,numbinjurd,drcoglocat,rdconditin,lightngcon,roadcntgrd,weatherco,location,roaddescrp,schoolzone,constrzone,splimit,bikeinv,pedinv,sctrinv,motoinv,svrty,rdsystem,ttlvehcls,hcf
,2021-39355,39.76025353,-105.0252299,10/18/2021 9:06,9:06,3,0,0,N FEDERAL BLVD & N SPEER BLVD,1,1,1,0,1,1,0,0,35,0,0,0,0,0,2,2,13
,2021-39356,39.70798354,-105.0420199,10/17/2021 20:58,20:58,6,0,0,RALEIGH ST & 500 BLK S,1,3,0,0,1,4,0,0,25,0,0,0,0,0,4,2,3
,2021-39357,39.72563353,-104.9874244,10/17/2021 20:42,20:42,12,0,0,W 6TH AVE & N BROADWAY ST,1,3,0,0,1,3,0,0,35,0,0,0,0,0,4,2,1
,2021-39358,39.77703352,-104.8800199,10/17/2021 21:22,21:22,5,0,0,I-270 WB & I-70 WB SPLIT,1,3,0,0,3,4,0,0,65,0,0,0,0,0,1,1,14
,2021-39359,39.65308354,-104.9117899,10/18/2021 15:10,15:10,5,0,0,E HAMPDEN AVE & S MONACO ST,1,1,0,0,1,4,0,0,40,0,0,0,0,0,2,2,13
,2021-39360,39.74006353,-104.9916499,10/7/2021 18:18,18:18,12,0,0,W COLFAX AVE & COURT PL,1,1,0,0,1,1,0,0,30,0,0,0,0,0,2,2,5
,2021-39361,39.78744353,-105.0345599,10/18/2021 17:22,17:22,5,0,1,N LOWELL BLVD & W 50TH AVE,1,1,0,0,6,4,0,0,35,0,0,0,0,2,4,1,1
,2021-39362,39.77893352,-104.9053599,10/15/2021 16:27,16:27,15,0,0,I-70 WB ON RAMP & N QUEBEC ST,1,2,0,0,1,8,0,0,65,0,0,0,0,0,1,2,13
,2021-39363,39.78346312,-105.0112166,10/18/2021 23:00,23:00,3,0,1,N COLORADO BLVD & I-70 EB ON RAMP,1,3,0,0,1,1,0,0,35,0,0,0,0,1,2,2,13
,2021-39364,39.65301354,-104.9141299,10/14/2021 3:46,3:46,15,0,0,6400 BLK E HAMPDEN AVE & S LOCUST ST,1,3,0,0,1,4,0,0,35,0,0,0,0,0,2,2,13
,2021-39365,39.74645353,-105.0075599,10/14/2021 20:00,20:00,15,0,0,AURARIA PKWY & 9TH ST,1,3,0,0,1,4,0,0,35,0,0,0,0,0,4,2,13
,2021-39366,39.69892354,-105.0532299,10/17/2021 20:15,20:15,5,0,1,S SHERIDAN BLVD & W KENTUCKY AVE,1,3,0,0,3,4,0,0,35,0,0,0,0,1,2,1,3
,2021-39367,39.67846353,-104.9225999,10/19/2021 5:20,5:20,5,0,0,5500 BLK E EVANS AVE & S HOLLY AVE,1,3,0,0,2,4,0,0,35,0,0,0,0,1,4,1,10
,2021-39368,39.75380353,-104.9909614,10/18/2021 17:40,17:40,5,0,0,LARIMER ST & 2100 BLK /MARKET ST ALLEY,1,4,0,0,1,9,0,0,10,0,0,0,0,0,4,1,8
,2021-39369,39.74813353,-105.0042499,10/18/2021 2:10,2:10,5,0,0,AURARIA PKWY & 12TH ST,1,3,0,0,2,1,0,0,35,0,0,0,0,0,4,1,2
,2021-39370,39.72745604,-105.0532752,10/17/2021 1:17,1:17,3,0,0,N SHERIDAN BLVD & W 6TH AVE,1,3,0,0,1,1,0,0,35,0,0,0,0,0,2,2,16
,2021-39371,39.75470352,-104.8970499,10/18/2021 16:15,16:15,3,0,0,E 26TH AVE & N YORK ST,1,1,0,0,1,1,0,0,35,0,0,0,0,1,4,2,7
,2021-39372,39.74024954,-105.1197344,10/16/2021 23:20,23:20,12,0,2,W COLFAX AVE & I-25,1,4,0,0,1,1,0,0,35,0,0,0,0,1,2,2,5
,2021-39373,39.77665537,-105.0252022,10/18/2021 6:50,6:50,11,0,1,N FEDERAL BLVD & 44TH AVE,1,1,0,0,1,4,0,0,0,0,1,0,0,2,2,1,16
,2021-39374,39.77420352,-104.8470299,10/18/2021 4:14,4:14,5,0,0,I-70 & N PEORIA ST,1,3,1,0,3,4,0,0,55,0,0,0,0,0,1,1,13
,2021-39375,39.71935354,-105.0250899,10/18/2021 3:25,3:25,5,0,1,N FEDERAL BLVD & W 2ND AVE,1,3,0,0,3,4,0,0,40,0,0,0,0,2,2,1,5
,2021-39376,39.75106244,-104.9781184,10/18/2021 6:43,6:43,12,0,0,I-70 & N WASHINGTON ST,1,1,0,0,1,4,0,0,65,0,0,0,0,0,1,2,7
,2021-39377,39.68946354,-105.0285399,10/17/2021 19:27,19:27,14,0,0,3200 BLK W FLORIDA AVE & S IRVING ST,1,3,0,0,1,4,0,0,35,0,0,0,0,1,4,2,14
,2021-39378,39.73334353,-104.9884499,10/15/2021 21:15,21:15,6,0,0,ACOMA ST & 1080 BLK N,1,4,0,0,1,4,0,0,25,0,0,0,0,0,4,2,16
,2021-39379,39.74947353,-104.9733499,10/3/2021 13:10,13:10,2,0,0,E 22ND AVE & N DOWNING ST,1,1,0,0,1,1,0,0,30,1,0,0,0,0,4,1,5
,2021-39380,39.67844354,-104.9337699,10/1/2021 21:39,21:39,12,0,1,I-25 & E EVANS AVE,1,3,0,0,1,4,0,0,65,0,0,0,0,1,1,2,13
,2021-39381,39.72510254,-105.0324829,10/19/2021 8:23,8:23,5,0,0,W 6TH AVE & N KNOX CT,1,1,1,0,6,4,0,0,65,0,0,0,0,0,1,1,14
,2021-39382,39.77822352,-104.8827999,10/5/2021 12:30,12:30,12,0,0,I-70 WB EXIT RAMP & N CENTRAL PARK BLVD,1,1,1,0,1,1,0,0,,0,0,0,0,0,1,2,13
,2021-39383,39.84979749,-104.6738195,10/18/2021 8:30,8:30,6,0,0,PENA BLVD & 8400 BLK -DOOR 512 DIA TERMINAL,1,1,0,0,1,4,0,0,15,0,0,0,0,0,4,2,13
,2021-39384,39.74009468,-104.9035119,10/19/2021 8:55,8:55,12,0,0,I-70 & QUEBEC ST,1,1,1,0,1,4,0,0,65,0,0,0,0,0,1,2,13
,2021-39405,39.71048354,-105.0397099,9/12/2021 9:34,9:34,3,0,0,W NEVADA PL & S PERRY ST,1,1,3,1,1,1,0,0,25,0,0,0,0,0,4,2,16
,2021-39409,39.75035353,-104.9820099,9/11/2021 9:23,9:23,3,0,0,PARK AVE W & GLENARM PL,1,1,3,0,1,1,0,0,25,0,0,0,0,0,4,2,16
,2021-39411,39.72729353,-104.9671299,9/13/2021 12:45,12:45,2,0,1,N GILPIN ST & E 7TH AVE,1,1,3,0,1,1,0,0,0,1,0,0,0,1,4,1,16
,2021-39429,39.75645353,-105.0092699,9/12/2021 9:14,9:14,1,0,0,PLATTE ST & 15TH ST,1,1,3,0,1,3,0,0,25,0,0,0,0,0,4,2,1
,2021-39433,39.69171354,-105.0531099,10/16/2021 18:58,18:58,1,0,1,S SHERIDAN BLVD & W ARKANSAS AVE,1,3,3,0,1,1,0,0,35,0,0,0,0,1,2,2,13
,2021-39435,39.69279627,-105.0531928,10/10/2021 15:46,15:46,11,0,0,S SHERIDAN BLVD & W LOUISIANA AVE,1,1,3,0,1,1,0,0,35,0,1,0,0,0,1,1,4
,2021-39458,39.72745604,-105.0532752,10/14/2021 17:03,17:03,15,0,0,W 6TH AVE & N SHERIDAN BLVD,1,1,3,0,1,4,0,0,,0,0,0,0,0,2,2,16
,2021-39484,39.71833353,-104.9849899,9/12/2021 7:56,7:56,6,0,0,N SHERMAN ST & E 1ST AVE,1,2,3,0,1,4,0,0,,0,0,0,0,0,4,2,16
,2021-39492,39.76194852,-104.9406604,9/8/2021 8:57,8:57,1,0,0,E MLK BLVD & N COLORADO BLVD,1,1,3,0,1,1,0,0,35,0,0,0,0,0,2,2,13
,2021-39493,39.73278654,-104.8847364,9/14/2021 6:53,6:53,1,0,1,E COLFAX AVE & N YOSEMITE ST,1,1,3,0,1,1,0,0,35,0,0,0,0,2,2,2,16
,2021-39494,39.72252353,-104.9985699,9/14/2021 8:35,8:35,3,0,0,W 4TH AVE & N SANTA FE DR,1,1,3,0,1,1,0,0,25,0,0,0,0,0,4,2,1
,2021-39495,39.73999353,-105.0199899,9/13/2021 13:21,13:21,6,0,0,1700 BLK N HOOKER ST & W 17TH AVE,1,1,3,0,1,4,0,0,,0,0,0,0,0,4,2,16
,2021-39496,39.68999354,-105.0199899,9/13/2021 10:43,10:43,16,0,0,1339 S FEDERAL BLVD & W LOUISIANA AVE,1,1,3,0,5,7,0,0,,0,0,0,0,0,3,2,13
,2021-39497,39.71965353,-104.9862299,9/12/2021 12:18,12:18,12,0,0,200 BLK N LINCOLN ST & E 3RD AVE,1,1,3,1,1,4,0,0,30,0,0,0,0,0,4,2,16
,2021-39498,39.66999354,-104.9699899,9/13/2021 15:40,15:40,3,0,0,HARVARD AVE & S DOWNING ST,1,1,3,0,1,2,0,0,25,0,0,0,0,0,4,2,3
,2021-39499,39.77021353,-105.0252299,9/11/2021 9:54,9:54,3,0,0,N FEDERAL BLVD & W DENVER PL,1,1,3,0,1,1,0,0,25,0,0,0,0,0,2,2,11
,2021-39500,39.79132352,-104.8825699,9/14/2021 11:37,11:37,1,0,0,E PRAIRIE MEADOW DR & N CENTRAL PARK BLVD,1,1,3,0,1,1,0,0,35,0,0,0,0,0,4,2,7
,2021-39501,39.66999354,-105.0299899,9/13/2021 11:56,11:56,15,0,0,2000 BLK S NEWTON ST & W EVANS AVE,1,1,3,0,1,4,0,0,25,0,0,0,0,0,4,2,13
,2021-39502,39.72560353,-104.9509899,9/13/2021 14:00,14:00,3,0,0,E 6TH AVE & N ST PAUL ST,1,1,3,0,1,1,0,0,25,0,0,0,0,0,4,2,3
,2021-39503,39.75288353,-105.0532399,9/12/2021 11:15,11:15,12,0,0,SHERIDAN BLVD & W BYRON PL,1,1,3,0,1,4,0,0,35,0,0,0,0,0,2,2,7
,2021-39504,39.75801352,-104.9033899,9/10/2021 14:41,14:41,12,0,0,N QUEBEC ST & E 26TH AVE,1,1,3,0,1,3,0,0,20,0,0,0,0,0,4,2,8
,2021-39505,39.68933353,-104.9316899,9/14/2021 8:07,8:07,3,0,0,E FLORIDA AVE & S DAHLIA ST,1,1,3,0,1,1,0,0,30,0,0,0,0,1,4,2,10
,2021-39506,39.74014353,-105.0052299,9/13/2021 9:18,9:18,12,0,1,W COLFAX AVE & N OSAGE ST,1,1,3,0,1,4,0,0,40,0,0,0,0,1,2,2,16
,2021-39507,39.78154353,-105.0216699,9/13/2021 7:49,7:49,6,0,0,4600 BLK N DECATUR ST & W 46TH AVE,1,1,3,0,1,4,0,0,25,0,0,0,0,0,4,2,13
,2021-39508,39.72999353,-104.9699899,9/12/2021 11:27,11:27,6,0,0,OGDEN ST & E 11TH AVE,1,1,3,1,1,4,0,0,,0,0,0,0,0,4,2,16
,2021-39509,39.75883352,-104.8645299,9/14/2021 12:45,12:45,6,0,0,E 29TH DR & N IOLA ST,1,1,3,0,1,4,0,0,30,0,0,0,0,0,4,2,1
,2021-39510,39.72564353,-104.9862499,9/13/2021 8:23,8:23,10,0,0,N LINCOLN ST & E SPEER BLVD,1,1,3,0,1,1,0,0,30,0,0,0,0,0,4,2,14
,2021-39511,39.77074351,-104.75341,9/14/2021 7:45,7:45,1,0,0,E 40TH AVE & N HIMALAYA RD,1,1,3,0,1,1,0,0,30,0,0,0,0,1,4,2,11
,2021-39512,39.71939353,-104.9552299,9/14/2021 9:10,9:10,6,0,0,2ND AVE & 2600 BLK E,1,1,3,1,1,4,0,0,25,0,0,0,0,0,4,2,3
,2021-39513,39.75065352,-104.8885099,9/14/2021 13:10,13:10,3,0,0,N CENTRAL PARK BLVD & N XANTHIA WAY,1,1,3,0,1,1,0,0,25,0,0,0,0,0,4,2,16
,2021-39514,39.74831353,-105.0251499,9/10/2021 13:57,13:57,12,0,0,FEDERAL BLVD & W 20TH AVE,1,1,3,0,1,3,0,0,30,0,0,0,0,0,2,2,13
,2021-39517,39.69773075,-104.9408195,9/13/2021 11:51,11:51,1,0,2,S COLORADO BLVD & I-25 NB ENT RAMP,1,1,3,0,1,1,0,0,35,0,0,0,0,2,2,2,12
,2021-39518,39.66862354,-104.9406699,9/13/2021 9:24,9:24,12,0,0,COLORADO BLVD & YALE BLVD,1,1,3,0,1,3,0,1,35,0,0,0,0,0,2,2,3
,2021-39520,39.77171353,-105.0072199,9/12/2021 16:12,16:12,6,0,0,1700 BLK W 40TH AVE & N PECOS ST,1,1,3,0,1,4,0,0,,0,0,0,0,0,4,2,16
,2021-39521,39.67042354,-104.9406799,9/13/2021 16:15,16:15,3,0,0,COLORADO BLVD & E WESLEY AVE,1,1,3,0,1,2,0,0,35,0,0,0,0,0,2,2,3
,2021-39522,39.79026352,-104.8740099,9/10/2021 16:15,16:15,15,0,0,E 51ST AVE & N HAVANA ST,1,1,3,0,1,4,0,0,35,0,0,0,0,0,4,2,11
,2021-39523,39.65461355,-105.0527499,9/10/2021 12:23,12:23,16,0,0,SHERIDAN BLVD & 3100 S,1,1,3,0,5,7,0,0,,0,0,0,0,0,3,2,16
,2021-39525,39.74020353,-104.9284799,9/10/2021 10:20,10:20,12,0,1,COLFAX AVE & N FAIRFAX ST,1,1,3,0,1,3,0,0,30,0,0,0,0,1,2,2,13
,2021-39527,39.68586354,-105.0250499,9/11/2021 10:54,10:54,12,0,0,1700 BLK S FEDERAL BLVD & W IOWA AVE,1,1,3,0,1,4,0,0,30,0,0,0,0,0,4,2,6
,2021-39528,39.73604353,-104.9873899,9/8/2021 13:14,13:14,6,0,0,1200 BLK N BROADWAY ST & E 12TH AVE,1,1,3,0,1,4,0,0,30,0,0,0,0,0,4,2,16
,2021-39530,39.70343353,-104.8753299,9/10/2021 12:49,12:49,6,0,0,S DAYTON ST & E EXPOSITION AVE,1,1,3,0,1,1,0,0,30,0,0,0,0,0,4,2,7
,2021-39532,39.76927353,-105.0111899,9/13/2021 8:32,8:32,1,0,0,W 38TH AVE & N TEJON ST,1,1,3,1,1,1,0,0,30,0,0,0,0,0,4,2,13
,2021-39533,39.63136355,-105.0898499,9/12/2021 9:58,9:58,3,0,0,W UNION AVE & S BALSAM WAY,1,1,3,1,1,1,0,0,30,0,0,0,0,0,4,2,13
,2021-39535,39.74899352,-104.8890599,9/13/2021 7:30,7:30,15,0,0,8500 BLK E 21ST AVE & N WILLOW ST,1,1,3,0,1,4,0,0,25,0,0,0,0,0,4,2,11
,2021-39536,39.67957354,-105.0440899,9/10/2021 13:26,13:26,3,0,1,W EVANS AVE & S TENNYSON ST,1,1,3,0,1,1,0,0,30,0,0,0,0,2,4,2,13
,2021-39538,39.70133354,-105.0269399,9/11/2021 12:46,12:46,6,0,0,S FEDERAL BLVD & W ADA PL,1,1,3,0,1,4,0,0,25,0,0,0,0,0,2,2,16
,2021-39541,39.68930354,-104.9965899,9/11/2021 8:27,8:27,3,0,0,W FLORIDA AVE & S PLATTE RIVER DR,1,1,3,1,1,1,0,0,30,0,0,0,0,0,4,2,13
,2021-39544,39.68999354,-104.9499899,9/10/2021 12:33,12:33,12,0,0,S UNIVERSITY BLVD & E MISSISSIPPI AVE,1,1,3,0,1,3,0,0,,0,0,0,0,0,4,2,16
,2021-39545,39.78169351,-104.734579,9/10/2021 13:36,13:36,3,0,1,PICADILLY RD & GVR BLVD,1,1,3,0,1,1,0,0,40,0,0,0,1,3,4,2,11
,2021-39547,39.67845554,-104.9222509,9/12/2021 13:05,13:05,1,0,2,E EVANS AVE & S HOLLY ST,1,1,3,0,1,1,0,0,35,0,0,0,0,2,4,2,1
,2021-39553,39.71933026,-104.9930312,10/4/2021 18:45,18:45,6,0,0,N ACOMA ST & W 2ND AVE,1,4,0,0,1,4,0,0,25,0,0,0,1,0,4,2,13
,2021-39554,39.75071353,-104.9597599,9/15/2021 15:58,15:58,3,0,0,E 23RD AVE & N YORK ST,1,1,0,0,1,1,0,0,30,0,0,0,0,0,4,2,1
,2021-39555,39.78671652,-104.8703552,9/12/2021 10:00,10:00,6,0,0,12700 BLK E 49TH AVE & N TROY ST,1,3,0,0,1,4,0,0,25,0,0,0,0,0,4,2,1
,2021-39556,39.68309354,-104.9405399,10/19/2021 7:46,7:46,12,0,0,I-25 & S COLORADO BLVD,1,1,0,0,1,4,0,0,65,0,0,0,0,0,2,2,13
,2021-39557,39.71119354,-104.9988899,7/21/2021 18:42,18:42,12,0,0,I-25 NB & W ALAMEDA AVE,1,1,1,0,1,4,0,0,65,0,0,0,0,0,1,2,16
,2021-39558,39.69411353,-104.9176899,9/18/2021 17:33,17:33,6,0,0,6300 BLK S KEARNEY ST & E CHERRY CREEK N DR,1,1,0,0,1,4,0,0,15,0,0,0,0,0,4,2,16
,2021-39559,39.78326353,-105.0064199,9/21/2021 15:38,15:38,15,0,0,N PECOS ST & I-70 WB ENT / EXIT RAMPS,1,1,0,0,1,6,0,0,25,0,0,0,0,0,1,2,16
,2021-39560,39.75441353,-104.9405999,9/21/2021 19:03,19:03,1,0,0,N COLORADO BLVD & E 26TH AVE,1,1,0,0,1,1,0,0,35,0,0,0,0,0,2,2,7
,2021-39561,39.79565351,-104.8102299,9/11/2021 18:30,18:30,6,0,0,OLMSTED DR & 15094 E,1,3,0,0,1,4,0,0,25,0,0,0,0,0,4,2,16
,2021-39562,39.74035354,-105.0486599,9/19/2021 2:17,2:17,12,0,0,W COLFAX AVE & N WOLFF ST,1,3,0,0,1,3,0,0,,0,0,0,0,0,2,2,16
,2021-39563,39.71120354,-104.9991199,10/2/2021 4:33,4:33,12,0,3,I-25 & W ALAMEDA AVE,1,3,0,0,1,4,0,0,65,0,0,0,0,3,1,2,5
,2021-39564,39.71116354,-105.0203299,10/3/2021 14:30,14:30,12,0,0,S CLAY ST & W ALAMEDA AVE,1,1,0,0,1,1,0,0,30,0,0,0,0,0,4,2,13
,2021-39565,39.75536353,-105.0126799,10/1/2021 14:36,14:36,12,0,0,I-25 & W 23RD AVE,1,1,0,0,1,4,0,0,65,0,0,0,0,0,1,2,16
,2021-39566,39.75812353,-104.9524003,9/22/2021 12:10,12:10,6,0,0,200 N MILWAUKEE ST & E 2ND AVE,1,1,0,0,1,4,0,0,30,0,0,0,0,0,4,2,13
,2021-39567,39.71130353,-104.8929099,9/22/2021 9:34,9:34,1,0,1,E FAIRMOUNT DR & E ALAMEDA AVE,1,1,0,0,1,1,0,0,40,0,0,0,1,3,4,2,13
,2021-39568,39.67862654,-105.0249814,10/19/2021 15:09,15:09,15,0,0,S FEDERAL BLVD & W EVANS AVE,1,1,0,0,1,3,0,0,40,0,0,0,0,0,2,2,3
,2021-39569,39.7165678,-104.9925006,10/19/2021 16:22,16:22,3,0,0,W ELLSWORTH & N GROVE ST,1,1,0,0,1,1,0,0,20,0,0,0,0,1,4,2,3
,2021-39570,39.66256355,-105.0532299,9/17/2021 15:27,15:27,11,0,1,S SHERIDAN BLVD & W BATES AVE,1,1,0,0,1,1,0,0,0,0,1,0,0,3,2,1,16
,2021-39571,39.72567354,-105.0132099,10/14/2021 15:29,15:29,12,0,0,I-25 & W 6TH AVE,1,1,0,0,1,4,0,0,65,0,0,0,0,0,1,2,3
,2021-39572,39.78008352,-104.9404999,10/15/2021 7:50,7:50,12,0,0,I-70 & N COLORADO BLVD,1,1,1,0,1,4,0,0,55,0,0,0,0,0,1,2,7
,2021-39573,39.76448899,-104.959239,10/19/2021 19:05,19:05,11,0,1,E BRUCE RANDOLPH AVE & N YORK ST,1,4,0,0,1,4,0,0,0,0,1,0,0,1,4,1,16
,2021-39574,39.71046354,-105.0337899,10/16/2021 13:06,13:06,6,0,0,MORRISON RD & W NEVADA AVE,1,1,1,0,5,4,0,0,35,0,0,0,0,0,3,2,10
,2021-39575,39.66767354,-105.0349499,10/19/2021 13:51,13:51,10,0,0,S LOWELL BLVD & W YALE AVE,1,1,0,0,1,3,0,0,30,0,0,0,0,0,4,2,3
,2021-39576,39.70566353,-104.9674699,9/22/2021 12:20,12:20,6,0,0,S GILPIN ST & E CENTER AVE,1,1,0,0,1,4,0,0,25,0,0,0,0,0,4,2,13
,2021-39577,39.80033849,-104.8843294,10/15/2021 13:54,13:54,15,0,2,I-70 & N CENTRAL PARK BLVD,1,1,0,0,1,4,0,0,65,0,0,0,0,2,1,2,1
,2021-39578,39.77967825,-104.9312234,10/19/2021 15:16,15:16,3,0,2,N MONACO ST & E STAPLETON SOUTH DR,1,1,1,0,1,1,0,0,35,0,0,0,0,1,4,2,14
,2021-39579,39.8318435,-104.69295,10/19/2021 13:50,13:50,6,0,0,E 75TH ST & N JACKSON GAP ST,1,1,0,0,1,1,0,0,35,0,0,0,0,0,4,2,1
,2021-39580,39.86662778,-104.6717006,10/19/2021 6:40,6:40,3,0,0,E 40TH AVE & PENA BLVD INBOUND RAMP,1,2,0,0,1,3,0,0,45,0,0,0,0,0,4,2,13
,2021-39581,39.70570354,-105.0192199,9/13/2021 11:07,11:07,3,0,2,W CENTER AVE & S CANOSA CT,1,1,1,0,1,1,0,0,30,0,0,0,0,3,4,3,7
,2021-39582,39.77049353,-104.9981999,10/19/2021 12:51,12:51,6,0,0,W 39TH AVE & N JASON ST,1,1,1,0,1,4,0,0,25,0,0,0,0,0,4,2,16
,2021-39583,39.71120654,-105.0107214,10/19/2021 6:59,6:59,12,0,0,W ALAMEDA AVE & S SANTA FE DR,1,1,0,0,1,3,0,0,35,0,0,0,0,1,4,2,16
,2021-39584,39.73566353,-105.0234699,10/19/2021 10:34,10:34,6,0,0,W HOLDEN DR & N DECATUR ST,1,1,1,0,1,4,0,0,25,0,0,0,0,0,4,2,16
,2021-39585,39.72527841,-105.1417334,10/19/2021 10:55,10:55,12,0,0,I-25 & W 6TH AVE,1,1,1,0,1,4,0,0,65,0,0,0,0,0,1,2,3
,2021-39586,39.75493353,-104.9830499,10/19/2021 13:52,13:52,2,0,1,25TH ST & CHAMPA ST,1,1,0,0,1,1,0,0,25,1,0,0,0,2,4,2,2
,2021-39587,39.7557147,-104.8540355,10/19/2021 16:27,16:27,3,0,0,E 26TH AVE & N MOLINE ST,1,1,0,0,1,1,0,0,25,0,0,0,0,0,4,2,13
,2021-39588,39.77109352,-104.9066399,10/19/2021 13:07,13:07,6,0,0,E 39TH AVE & N OLIVE ST,1,1,0,0,1,4,0,0,25,0,0,0,0,0,4,2,1
,2021-39589,39.77727352,-104.8827699,10/15/2021 14:25,14:25,12,0,0,I-70 & N CENTRAL PARK BLVD,1,1,0,0,1,4,0,0,65,0,0,0,0,0,1,2,3
,2021-39590,39.72527841,-105.1417334,10/19/2021 10:55,10:55,12,0,1,I-25 NB & W 6TH AVE EXIT,1,1,1,0,1,8,0,0,,0,0,0,0,1,1,5,16
,2021-39591,39.78010353,-104.9895499,10/18/2021 17:39,17:39,12,0,1,I-70 EB OFF RAMP & I-25 SB ON RAMP,1,1,1,0,1,8,0,0,65,0,0,0,0,1,1,3,1
,2021-39592,39.75022154,-105.1121535,10/19/2021 6:41,6:41,12,0,1,I-25 & W 23RD AVE,1,1,0,0,1,4,0,0,65,0,0,0,0,1,1,3,14
,2021-39593,39.76930353,-104.9994099,10/19/2021 11:23,11:23,3,0,0,1100 BLK W 38TH AVE & N KALAMATH ST,1,1,1,0,1,5,0,0,35,0,0,0,0,1,4,2,13
,2021-39594,39.63873355,-105.0754099,10/19/2021 13:00,13:00,12,0,0,7100 W QUINCY AVE & S WADSWORTH BLVD,1,1,0,0,1,3,0,0,40,0,0,0,0,0,4,3,13
,2021-39595,39.72527841,-105.1417334,10/19/2021 9:24,9:24,5,0,0,I-25 & W 6TH AVE,1,1,1,0,3,4,0,0,65,0,0,0,0,0,1,1,14
,2021-39596,39.68009354,-104.9406699,10/18/2021 15:23,15:23,12,0,2,S COLORADO BLVD & E COLORADO CENTER DR,1,1,0,0,1,1,0,0,35,0,0,0,0,3,2,5,10
,2021-39597,39.77663353,-105.0252099,10/18/2021 12:23,12:23,1,0,0,W 44TH AVE & N FEDERAL BLVD,1,1,1,0,1,1,0,0,30,0,0,0,0,0,2,2,13
,2021-39598,39.67620354,-105.0620699,10/17/2021 0:24,0:24,6,0,0,S HARLAN ST & W WARREN AVE,1,3,0,0,2,4,0,0,25,0,0,0,0,0,4,2,5
,2021-39599,39.80147352,-104.8843899,10/18/2021 14:35,14:35,6,0,0,N CENTRAL PARK BLVD & E 58TH AVE,1,1,0,0,1,1,0,0,15,0,0,0,0,0,4,2,16
,2021-39600,39.68757354,-104.9775099,10/17/2021 0:13,0:13,6,0,0,800 W E IOWA AVE & S EMERSON ST,1,4,0,0,1,4,0,0,25,0,0,0,0,0,4,3,5
,2021-39601,39.76922352,-104.9269899,10/18/2021 7:17,7:17,6,0,0,N FOREST ST & E 38TH AVE,1,3,0,0,1,4,0,0,25,0,0,0,0,0,4,3,2
,2021-39602,39.77705982,-104.9701395,10/18/2021 9:00,9:00,15,0,0,I-70 & N BRIGHTON BLVD,1,1,1,0,1,4,0,0,65,0,0,0,0,0,1,3,13
,2021-39714,39.70045354,-105.0480499,10/24/2021 0:37,0:37,3,0,0,MORRISON RD & W ADA PL,1,3,1,0,1,2,0,0,,0,0,0,0,0,4,2,13
,2021-39715,39.63992354,-104.88516,10/24/2021 10:29,10:29,3,0,0,YOSEMITE ST S & I-225 SB OFF RAMP,1,1,0,0,1,1,0,0,35,0,0,0,0,0,4,2,3
,2021-39716,39.72515224,-105.0242987,10/23/2021 15:28,15:28,12,0,0,HWY 6 EB ON COLLECTOR RAMP & N FEDERAL BLVD,1,1,1,0,1,8,0,0,45,0,0,0,0,0,4,2,13
,2021-39717,39.79101351,-104.79614,10/24/2021 10:15,10:15,15,0,0,N MEMPHIS ST & E 53RD AVE,1,1,0,0,1,4,0,0,30,0,0,0,0,0,4,2,13
,2021-39718,39.74019553,-104.9128009,10/24/2021 10:46,10:46,3,0,1,COLFAX AVE E & MONACO ST N,1,1,0,0,1,1,0,0,30,0,0,0,0,1,2,2,13
,2021-39719,39.61826355,-105.0913384,10/23/2021 19:20,19:20,3,0,0,W CRESTLINE AVE & S WADSWORTH BLVD,1,4,0,0,1,1,0,0,45,0,0,0,0,0,2,2,13
,2021-39720,39.77420352,-104.8470299,10/23/2021 18:26,18:26,12,0,2,I-70 & N PEORIA ST,1,3,0,0,1,4,0,0,20,0,0,0,0,1,1,2,1
,2021-39721,39.66748354,-104.9254699,10/23/2021 18:23,18:23,5,0,1,I-25 & E YALE AVE,1,3,0,0,6,4,0,0,65,0,0,0,0,3,1,1,15
,2021-39722,39.72733354,-105.0532299,10/15/2021 17:45,17:45,12,0,0,W 6TH AVE & N SHERIDAN BLVD,1,1,0,0,1,1,0,0,35,0,0,0,0,1,4,2,1
,2021-39723,39.70729353,-104.9222499,10/23/2021 18:58,18:58,11,0,1,LEETSDALE DR & S HOLLY ST,1,3,0,0,1,1,0,0,0,0,1,0,0,3,4,1,16
,2021-39724,39.72562353,-104.9836099,10/22/2021 23:26,23:26,3,0,0,GRANT ST N & E 6TH AVE,1,3,0,0,1,1,0,0,30,0,0,0,0,0,4,2,5
,2021-39725,39.69128354,-105.0297099,10/24/2021 18:31,18:31,8,0,0,W ARKANSAS AVE & S IRVING ST,1,3,0,0,1,4,0,0,25,0,0,0,0,1,4,2,1
,2021-39726,39.78377219,-104.9244231,10/16/2021 4:36,4:36,5,0,0,E 48TH AVE & N COLORADO BLVD,11,3,1,0,1,4,0,0,35,0,0,0,0,0,2,1,5
,2021-39727,39.77582352,-104.8657299,10/19/2021 20:10,20:10,9,0,1,I-70 & N HAVANA ST,1,3,0,0,2,4,0,0,65,0,0,0,0,3,1,1,5
,2021-39728,39.74024954,-105.1197344,10/20/2021 12:16,12:16,12,0,0,I-25 & W COLFAX AVE,1,1,0,0,1,4,0,0,65,0,0,0,0,0,1,2,16