id,drcog_id,latitude,longitude,crashtime,time,crashtype,numbkilled,numbinjurd,drcoglocat,rdconditin,lightngcon,roadcntgrd,weatherco,location,roaddescrp,schoolzone,constrzone,splimit,bikeinv,pedinv,sctrinv,motoinv,svrty,rdsystem,ttlvehcls,hcf
,2021-39729,39.72750354,-105.0251299,10/19/2021 5:53,5:53,5,0,0,N FEDERAL BLVD & W 7TH AVE,1,3,0,0,1,4,0,0,35,0,0,0,0,0,2,1,13
,2021-39730,39.76261436,-104.8963536,10/23/2021 18:13,18:13,3,0,0,N TRENTON ST & N SPRUCE WY,1,1,0,0,1,1,0,0,30,0,0,0,0,0,4,2,7
,2021-39731,39.64006354,-104.88519,10/24/2021 16:26,16:26,12,0,2,YOSEMITE ST S & I-225 SB RAMPS,1,1,0,0,1,1,0,0,35,0,0,0,0,1,4,2,3
,2021-39732,39.70537354,-104.9966699,10/24/2021 16:35,16:35,12,0,0,SANTA FE DR & W ALAMEDA AVE,1,2,0,0,1,4,0,0,35,0,0,0,0,0,2,2,5
,2021-39733,39.65360028,-105.0600406,6/6/2021 14:50,14:50,15,0,0,W HAMPDEN AVE & S KNOX CT,1,1,0,0,1,1,0,0,65,0,0,0,0,0,2,2,14
,2021-39734,39.74743153,-104.9128279,10/22/2021 6:42,6:42,8,0,0,N MONACO ST & E MONTVIEW BLVD,1,1,0,0,1,1,0,0,30,0,0,0,0,0,4,2,13
,2021-39735,39.77420352,-104.8470299,10/24/2021 1:11,1:11,15,0,2,I-70 & N PEORIA ST WB ON RAMP GORE,1,3,1,0,1,4,0,0,65,0,0,0,0,1,4,2,5
,2021-39736,39.73075853,-105.0158382,10/24/2021 3:50,3:50,5,0,0,I-25 & N ZUNI ST,1,3,1,0,2,8,0,0,65,0,0,0,0,0,1,1,14
,2021-39737,39.71133354,-105.0526399,10/24/2021 4:39,4:39,8,0,1,ALAMEDA AVE W & SHERIDAN BLVD S,1,3,1,0,1,1,0,0,35,0,0,0,0,1,2,2,5
,2021-39738,39.74245353,-104.9798899,10/24/2021 5:52,5:52,6,0,0,PEARL ST N & 1700 BLK N,1,3,0,0,1,4,0,0,25,0,0,0,0,0,4,2,13
,2021-39739,39.72173353,-104.9874599,10/24/2021 2:10,2:10,12,0,0,BROADWAY ST N & 3RD AVE E,1,3,0,0,1,4,0,0,30,0,0,0,0,0,4,2,4
,2021-39740,39.75120353,-105.0205099,10/24/2021 15:43,15:43,15,0,0,N CLAY ST & W 23RD AVE,1,1,1,0,1,4,0,0,25,0,0,0,0,0,4,2,7
,2021-39741,39.73298353,-105.0234399,8/5/2021 15:40,15:40,10,0,2,N FEDERAL BLVD & 10TH AVE,1,1,1,0,1,2,0,0,25,0,0,0,1,2,2,2,13
,2021-39742,39.72926777,-104.9131251,10/23/2021 10:17,10:17,3,0,0,N IVY ST & E 8TH AVE,1,1,0,0,1,1,0,0,30,0,0,0,0,0,4,2,13
,2021-39743,39.70400354,-105.0275199,10/23/2021 16:32,16:32,3,0,0,W EXPOSITION AVE & S HAZEL CT,1,1,1,0,1,1,0,0,25,0,0,0,0,0,4,2,13
,2021-39744,39.79191351,-104.8411399,9/18/2021 14:05,14:05,12,0,0,N TROY ST & E MENDORF PL,1,1,0,0,1,4,0,0,25,0,0,0,0,0,4,2,3
,2021-39745,39.75884629,-104.866195,10/22/2021 15:40,15:40,10,0,0,COLORADO BLVD N & MLK BLVD,1,1,0,0,1,1,0,0,35,0,0,0,0,0,2,2,1
,2021-39746,39.73999353,-104.9653699,10/23/2021 10:10,10:10,11,0,1,E COLFAX AVE & N HIGH ST,1,1,0,1,1,9,0,0,0,0,0,1,0,3,4,2,16
,2021-39898,39.76194852,-104.9406604,10/22/2021 19:38,19:38,12,0,0,MLK BLVD E & COLORADO BLVD N,1,3,0,0,1,1,0,0,35,0,0,0,0,0,2,2,5
,2021-39899,39.66211354,-105.0227899,10/22/2021 21:02,21:02,2,0,1,W CORNELL AVE & S DECATUR ST,1,3,0,0,1,1,0,0,25,1,0,0,0,2,4,2,1
,2021-39900,39.72948353,-104.9090399,10/22/2021 22:09,22:09,5,0,1,8TH AVE & 6801 BLK E,1,3,0,0,2,4,0,0,30,0,0,0,0,1,4,1,16
,2021-39901,39.72527841,-105.1417334,10/22/2021 22:48,22:48,15,0,0,I-25 & W 6TH AVE,1,3,0,0,1,4,0,0,65,0,0,0,0,0,1,2,16
,2021-39902,39.74043353,-105.0141499,10/23/2021 0:20,0:20,12,0,0,I-25 & W COLFAX AVE,1,3,0,0,1,4,0,0,65,0,0,0,0,0,1,2,13
,2021-39903,39.76801353,-104.9949599,10/22/2021 22:50,22:50,15,0,5,I-25 & PARK AVE,1,3,1,0,1,4,0,0,65,0,0,0,0,1,1,2,8
,2021-39904,39.66748354,-104.9254699,10/1/2021 15:33,15:33,10,0,2,E YALE AVE & I-25 NB ON RAMP,1,1,0,0,1,1,0,0,30,0,0,0,0,2,4,2,5
,2021-39905,39.8971869,-104.9499966,10/23/2021 2:19,2:19,3,0,1,E 38TH AVE & N STEELE ST,1,3,0,0,1,1,0,0,35,0,0,0,0,1,4,2,13
,2021-39906,39.75259039,-104.9848982,10/19/2021 19:11,19:11,12,0,1,I-25 & PARK AVE W,1,3,0,0,1,4,0,0,65,0,0,0,0,1,1,2,1
,2021-39907,39.81698798,-104.9733301,10/15/2021 9:00,9:00,12,0,0,E 34TH AVE & DOWNING ST,1,1,0,0,1,4,0,0,25,0,0,0,0,0,4,2,5
,2021-39908,39.76516352,-104.8925099,10/19/2021 21:54,21:54,8,0,0,E 35TH AVE & N UINTA ST,1,3,0,0,1,1,0,0,25,0,0,0,0,0,4,2,13
,2021-39909,39.73369353,-104.9741099,10/3/2021 2:19,2:19,3,0,0,E 11TH AVE & N CORONA ST,1,3,0,0,1,1,0,0,25,0,0,0,0,0,4,2,1
,2021-39910,39.75671353,-104.9998899,10/20/2021 1:15,1:15,12,0,0,19TH ST & CHESTNUT PL,1,3,0,0,1,4,0,0,35,0,0,0,0,0,4,2,14
,2021-39911,39.74043353,-105.0141499,10/14/2021 18:35,18:35,12,0,1,I-25 & W COLFAX AVE,1,3,0,0,1,4,0,0,65,0,0,0,0,1,1,2,13
,2021-39912,39.7151053,-104.8656994,10/20/2021 16:44,16:44,5,0,1,I-70 & N HAVANA ST,1,1,0,0,6,4,0,0,55,0,0,0,0,1,1,1,14
,2021-39913,39.67844354,-104.9935099,10/17/2021 21:31,21:31,2,0,0,W EVANS AVE & S SANTA FE DR,1,3,1,0,1,4,0,0,0,1,0,0,0,0,2,2,16
,2021-39914,39.75822353,-104.9597499,10/4/2021 12:52,12:52,3,0,0,N YORK ST & E 29TH AVE,1,1,0,0,1,1,0,0,30,0,0,0,0,1,4,2,1
,2021-39915,39.75927553,-104.9938504,10/19/2021 23:41,23:41,3,0,0,PARK AVE WEST & DELGANY ST,1,3,0,0,1,1,0,0,35,0,0,0,0,1,4,2,13
,2021-39916,39.71835353,-104.9862299,10/23/2021 1:29,1:29,3,0,0,1ST AVE E & N LINCOLN ST,1,3,0,7,1,1,0,0,35,0,0,0,0,0,4,2,13
,2021-39917,39.8341335,-104.77181,10/20/2021 8:20,8:20,5,0,0,PENA BLVD OUTBOUND & N TOWER RD,1,1,0,0,3,4,0,0,65,0,0,0,0,0,4,1,13
,2021-39918,39.72921353,-104.9394499,10/23/2021 13:30,13:30,3,0,0,8TH AVE E & N ALBION ST,1,1,0,0,1,1,0,0,,0,0,0,0,0,4,2,3
,2021-39919,39.75342691,-104.993233,10/20/2021 12:51,12:51,15,0,0,I-25 & 20TH ST,1,1,0,0,1,4,0,0,65,0,0,0,0,0,1,2,7
,2021-39920,39.72527841,-105.1417334,10/21/2021 6:57,6:57,12,0,0,I-25 & W 6TH AVE,1,1,0,0,1,4,0,0,65,0,0,0,0,0,1,2,13
,2021-39921,39.74014352,-104.8940199,10/23/2021 19:21,19:21,3,0,0,E COLFAX AVE & N ULSTER ST,1,3,0,0,1,1,0,0,25,0,0,0,0,0,2,2,13
,2021-39922,39.76115353,-105.0047499,10/20/2021 8:20,8:20,12,0,0,I-25 & 20TH ST,1,1,0,0,1,4,0,0,65,0,0,0,0,0,1,2,13
,2021-39923,39.75259039,-104.9848982,10/19/2021 13:05,13:05,15,0,0,I-25 & PARK AVE W,1,1,0,0,1,4,0,0,25,0,0,0,0,0,1,2,13
,2021-39924,39.73368353,-105.0028099,10/23/2021 18:11,18:11,6,0,0,MARIPOSA ST N & 11TH AVE W,1,3,0,0,1,4,0,0,25,0,0,0,0,0,4,2,3
,2021-39925,39.76204353,-104.9733299,10/23/2021 13:32,13:32,3,0,0,E MLK BLVD & N DOWNING ST,1,1,0,0,1,1,0,0,35,0,0,0,0,0,4,2,3
,2021-39926,39.71119754,-105.0251704,10/20/2021 9:50,9:50,15,0,0,S FEDERAL BLVD & W ALAMEDA AVE,1,1,1,0,1,3,0,0,40,0,0,0,0,0,2,2,16
,2021-39927,39.76193278,-104.9027536,10/15/2021 9:49,9:49,15,0,0,QUEBEC ST & MARTIN LUTHER KING JR BLVD,1,1,0,0,1,1,0,0,35,0,0,0,0,0,4,2,7
,2021-39928,39.63013355,-105.0321999,10/20/2021 10:39,10:39,6,0,0,3300 BLK W TANFORAN DR & S IRVING ST,1,1,0,0,1,4,0,0,25,0,0,0,0,0,4,2,16
,2021-39929,39.74043353,-105.0139599,10/16/2021 18:53,18:53,15,0,0,I-25 & W COLFAX AVE,1,2,1,0,1,4,0,0,65,0,0,0,0,0,1,2,13
,2021-39930,39.75128353,-105.0167799,10/20/2021 9:15,9:15,15,0,0,I-25 & W 23RD AVE,1,1,0,0,1,4,0,0,65,0,0,0,0,0,1,2,13
,2021-39931,39.69080354,-105.0250499,10/20/2021 8:20,8:20,11,0,1,S FEDERAL BLVD & W ARKANSAS AVE (RD W),1,1,0,0,1,1,0,0,25,0,1,0,0,1,2,1,16
,2021-39932,39.71120354,-104.9988899,10/19/2021 14:32,14:32,12,0,0,I-25 & W ALAMEDA AVE,1,1,0,0,1,4,0,0,65,0,0,0,0,0,1,2,1
,2021-39933,39.72527841,-105.1417334,10/20/2021 19:28,19:28,5,0,0,I-25 EXIT NB & W 6TH AVE,1,3,1,0,6,8,0,0,65,0,0,0,0,0,1,1,1
,2021-39934,39.77420352,-104.8470299,10/20/2021 17:48,17:48,15,0,0,I-70 & N PEORIA ST,1,1,0,0,1,4,0,0,65,0,0,0,0,0,1,2,13
,2021-39935,39.70392354,-105.0156899,10/18/2021 15:50,15:50,3,0,0,S ZUNI ST & W EXPOSITION AVE,1,1,1,0,1,1,0,0,25,0,0,0,0,1,4,2,5
,2021-39936,39.73827353,-104.9394899,10/20/2021 17:43,17:43,12,0,0,E 14TH AVE & N ALBION ST,1,1,0,0,1,1,0,0,25,0,0,0,0,0,4,2,13
,2021-39937,39.72527841,-105.1417334,10/21/2021 8:36,8:36,12,0,1,I-25 NB & W 6TH AVE EXIT RAMP,1,1,1,0,1,4,0,0,35,0,0,0,0,1,1,2,13
,2021-39938,39.73044353,-104.9873899,10/20/2021 17:44,17:44,3,0,0,E 9TH AVE & N BROADWAY ST,1,1,0,0,1,1,0,0,30,0,0,0,0,0,4,2,13
,2021-39939,39.74866353,-105.0020499,10/20/2021 18:00,18:00,11,0,1,14TH ST & BLAKE ST,1,2,0,0,1,1,0,0,30,0,1,0,0,1,4,1,13
,2021-39940,39.76530528,-105.0532414,8/22/2021 0:30,0:30,15,0,0,I-70 EB & N SHERIDAN BLVD,1,3,1,0,1,4,0,0,,0,0,0,0,0,1,2,14
,2021-39941,39.66771355,-105.0417399,10/20/2021 15:38,15:38,8,0,0,S RALEIGH ST & W YALE AVE,1,1,0,0,1,1,0,0,30,0,0,0,0,0,4,2,3
,2021-39942,39.72527841,-105.1417334,10/21/2021 6:57,6:57,12,0,0,I-25 & W 6TH AVE,1,1,0,0,1,4,0,0,65,0,0,0,0,0,1,2,13
,2021-39943,39.77913353,-104.9779899,10/20/2021 15:10,15:10,15,0,0,I-70 EB ENT RAMP & N WASHINGTON ST,1,1,1,0,1,8,0,0,30,0,0,0,0,0,4,2,7
,2021-39944,39.71106552,-104.9827219,10/20/2021 16:09,16:09,12,0,0,I-25 & S LOGAN ST,1,1,0,0,1,4,0,0,65,0,0,0,0,0,1,2,3
,2021-39945,39.77683888,-104.8098981,10/21/2021 19:39,19:39,15,0,1,N CHAMBERS ROAD & E ANDREW DRIVE,1,3,0,0,1,2,0,0,40,0,0,0,0,1,4,2,13
,2021-39946,39.75486353,-105.0158999,7/21/2021 17:07,17:07,11,0,1,W 26TH  AVE & N ZUNI ST,1,1,0,0,1,3,0,0,0,1,0,0,0,2,4,2,16
,2021-39947,39.65307354,-104.9184399,10/20/2021 15:59,15:59,12,0,0,I-25 & E HAMPDEN AVE,1,1,0,0,1,4,0,0,65,0,0,0,0,0,1,2,13
,2021-39948,39.69920354,-105.0532299,8/20/2021 1:45,1:45,5,0,0,SHERIDAN BLVD & W MISSISSIPPI AVE,1,3,0,0,3,4,0,0,40,0,0,0,0,0,2,1,16
,2021-39949,39.67855354,-105.0262899,8/1/2021 2:13,2:13,15,0,0,EVANS AVE 3100 BLOCK W & S FEDERAL AVE,1,3,0,0,1,4,0,0,35,0,0,0,0,0,4,2,14
,2021-39950,39.78003353,-104.9891799,10/21/2021 6:55,6:55,12,0,0,I-70 EB ON RAMP & I-25 NB OFF RAMP,1,2,0,0,1,8,0,0,45,0,0,0,0,0,1,2,13
,2021-39951,39.7257148,-105.053156,10/20/2021 17:09,17:09,12,0,0,N SHERIDAN BLVD & W 6TH AVE EB ON RAMP SLIP,1,1,0,0,1,1,0,0,40,0,0,0,0,0,2,2,3
,2021-39952,39.70665354,-104.9965899,10/20/2021 15:16,15:16,15,0,0,I-25 & S SANTA FE DR,1,1,0,0,1,8,0,0,45,0,0,0,0,0,1,2,13
,2021-39953,39.70756354,-105.0250399,10/20/2021 16:10,16:10,3,0,0,VIRGINIA AVE & 2900 BLK W,1,1,0,0,1,5,0,0,10,0,0,0,0,0,4,2,7
,2021-40045,39.77712352,-104.9404299,10/4/2021 2:34,2:34,5,1,0,COLORADO BLVD (4400 BLK N) & I-70 EB OFF RAMP,1,3,0,0,2,3,0,1,35,0,0,0,1,4,2,1,1
,2021-40046,39.77829352,-104.9034199,10/21/2021 13:35,13:35,15,0,0,I-70 EB OFF RAMP SPLIT PT & QUEBEC ST,1,1,1,0,1,4,0,0,40,0,0,0,0,0,1,2,7
,2021-40047,39.75469352,-104.8490399,8/27/2021 23:05,23:05,6,1,0,MLK BLVD (11700 BLK E) & N OSWEGO ST,1,3,0,0,1,4,0,0,35,0,0,0,1,4,4,2,1
,2021-40048,39.73869352,-104.8858199,10/21/2021 17:02,17:02,3,0,0,14TH AVE E & XENIA ST N,1,1,0,0,1,1,0,0,20,0,0,0,0,0,4,2,13
,2021-40049,39.8454435,-104.68077,10/21/2021 6:45,6:45,12,0,0,PENA BLVD & 7900 BLK,1,2,0,0,1,4,0,0,45,0,0,0,0,0,4,2,13
,2021-40050,39.70483778,-105.131057,10/21/2021 18:30,18:30,12,0,0,S SANTA FE DR & W CENTER AVE,1,1,0,0,1,4,0,0,45,0,0,0,0,0,2,2,13
,2021-40051,39.76926353,-105.0174099,10/21/2021 22:05,22:05,1,0,0,38TH AVE W & ALCOTT ST N,1,3,0,0,1,2,0,0,35,0,0,0,0,0,4,2,13
,2021-40052,39.76320353,-104.9909799,10/21/2021 17:14,17:14,15,0,0,DENARGO ST & DELGANY ST,1,1,0,0,1,4,0,0,25,0,0,0,0,0,4,2,7
,2021-40053,39.77400352,-104.8470199,10/21/2021 21:00,21:00,6,0,0,I-70 & N PEORIA ST,1,3,1,0,1,8,0,0,35,0,0,0,0,0,1,2,4
,2021-40054,39.67595354,-104.9222699,10/22/2021 0:16,0:16,6,0,0,ILIFF AVE E & HOLLY ST S,1,4,0,0,1,4,0,0,35,0,0,0,0,0,4,2,5
,2021-40055,39.70212354,-104.9875199,9/8/2021 1:55,1:55,5,0,0,S BROADWAY ST & E OHIO AVE,1,3,0,0,2,1,0,0,35,0,0,0,0,0,4,1,13
,2021-40056,39.79837151,-104.772212,10/22/2021 2:50,2:50,3,0,0,56TH AVE E & N TOWER RD,1,3,0,0,1,1,0,0,45,0,0,0,0,1,4,2,5
,2021-40057,39.77411353,-105.0158699,10/15/2021 16:16,16:16,3,1,1,W 42ND AVE & N ZUNI ST,1,1,0,0,1,1,0,0,25,0,0,0,0,4,1,2,1
,2021-40058,39.62378354,-104.9017099,10/15/2021 23:27,23:27,5,1,0,I-25 & SB OFF RAMP TP BELLVIEW,1,3,0,0,3,4,0,0,60,0,0,0,0,4,1,1,2
,2021-40059,39.76817673,-104.9948802,10/22/2021 10:10,10:10,15,0,0,PARK AVE WEST & I-25,1,1,0,0,1,8,0,0,35,0,0,0,0,0,4,2,13
,2021-40060,39.72093353,-104.9874399,9/27/2021 2:32,2:32,11,1,0,N BROADWAY ST & E 3RD AVE,1,3,0,0,1,1,0,0,30,0,1,0,0,4,4,1,16
,2021-40061,39.74803965,-104.9789258,10/15/2021 19:15,19:15,11,0,1,PARK AVE W & N WASHINGTON ST,1,3,0,0,1,3,0,0,0,0,1,0,0,2,4,1,16
,2021-40062,39.78317311,-104.9005972,8/27/2021 16:18,16:18,12,0,0,I-270 WB & N NORTHFIELD QUEBEC ST,1,1,0,0,1,4,0,1,55,0,0,0,0,0,1,2,13
,2021-40063,39.69756354,-104.9926999,9/11/2021 23:58,23:58,5,0,0,PLATTE RIVER DR & W TENNESSEE AVE,1,3,0,0,3,4,0,0,,0,0,0,0,0,2,1,14
,2021-40064,39.67841354,-104.9593799,10/16/2021 16:58,16:58,1,0,1,S UNIVERSITY BLVD & E EVANS AVE,1,1,0,0,1,1,0,0,35,0,0,0,1,3,4,2,3
,2021-40065,39.78236352,-104.8589999,10/22/2021 9:45,9:45,15,0,0,47TH AVE E & N KINGSTON ST,1,1,0,0,1,4,0,0,35,0,0,0,0,0,4,2,13
,2021-40066,39.72254353,-104.9862199,9/13/2021 0:26,0:26,9,0,0,N LINCOLN ST & E 4TH AVE,1,3,0,0,1,4,0,0,30,0,0,0,0,0,4,1,16
,2021-40067,39.66049154,-105.0157969,10/21/2021 19:08,19:08,1,0,0,W DARTMOUTH AVE & S ZUNI ST,1,3,0,0,1,1,0,0,35,0,0,0,0,0,4,2,1
,2021-40068,39.77176352,-104.9034799,8/31/2021 20:56,20:56,15,0,0,N QUEBEC ST & E SMITH RD,1,3,0,0,1,1,0,0,40,0,0,0,0,0,4,2,13
,2021-40069,39.66065354,-104.9066299,9/27/2021 9:57,9:57,5,1,0,CORNELL AVE (7000 BLOCK E) & S PONTIAC ST,1,1,0,0,3,4,0,0,25,0,0,0,0,4,4,1,10
,2021-40070,39.76769352,-104.9308199,7/31/2021 23:29,23:29,6,0,0,EUDORA ST & 3625 N,1,3,0,0,1,4,0,0,25,0,0,0,0,0,4,2,14
,2021-40071,39.79113353,-105.0346099,9/12/2021 2:35,2:35,14,0,0,N LOWELL BLVD & W 52ND AVE,1,3,1,0,1,1,0,0,35,0,0,0,0,0,4,2,14
,2021-40072,39.75095353,-104.9985099,9/11/2021 16:34,16:34,12,0,0,1600 BLK BLAKE ST & 16TH ST,1,1,1,0,1,4,0,0,30,0,0,0,0,0,4,2,6
,2021-40073,39.74606353,-104.9647399,9/3/2021 22:21,22:21,12,0,0,E 19TH AVE & N HIGH ST,1,3,0,0,1,3,0,0,25,0,0,0,0,0,4,2,13
,2021-40074,39.65315355,-105.0587799,9/5/2021 22:25,22:25,12,0,0,HAMPDEN AVE & S SHERIDAN BLVD,1,3,0,0,1,3,0,0,50,0,0,0,0,0,2,2,1
,2021-40075,39.76194353,-105.0349299,9/12/2021 20:00,20:00,6,0,0,3600 BLK W 32ND AVE & N LOWELL BLVD,1,3,0,0,1,4,0,0,35,0,0,0,0,0,4,2,14
,2021-40076,39.73640353,-104.8955899,10/21/2021 11:41,11:41,10,0,0,TAMARAC ST & 1237 BLK N,1,1,0,0,1,2,0,0,25,0,0,0,0,0,4,2,13
,2021-40077,39.71142253,-104.9408134,10/21/2021 20:34,20:34,5,0,1,S COLORADO BLVD & E ALAMEDA AVE,1,3,0,0,6,4,0,0,35,0,0,0,0,1,4,1,5
,2021-40078,39.67839421,-104.908165,10/22/2021 9:02,9:02,11,0,1,E EVANS AVE & S ONEIDA ST,1,1,0,0,1,1,0,0,25,0,1,0,0,2,4,1,13
,2021-40079,39.78485353,-105.0531999,10/20/2021 13:35,13:35,12,0,0,SHERIDAN BLVD & 4800 BLK N,1,1,0,0,1,3,0,0,35,0,0,0,0,0,2,2,13
,2021-40080,39.75443353,-105.0252099,10/20/2021 16:48,16:48,12,0,0,N FEDERAL BLVD & W 26TH AVE,1,2,0,0,1,3,0,0,40,0,0,0,0,0,2,2,5
,2021-40081,39.69227354,-104.9769399,10/21/2021 18:36,18:36,15,0,0,I-25 & S EMERSON ST,1,3,0,0,1,4,0,0,60,0,0,0,0,0,1,2,14
,2021-40082,39.76094353,-105.0043199,10/21/2021 16:04,16:04,15,0,0,I-25 & 20TH ST,1,1,0,0,1,4,0,0,65,0,0,0,0,0,1,2,13
,2021-40083,39.74043353,-105.0139599,10/21/2021 15:09,15:09,12,0,0,I-25 & W COLFAX AVE,1,1,1,0,1,4,0,0,55,0,0,0,0,0,1,2,3
,2021-40084,39.75211353,-105.0393099,10/2/2021 10:58,10:58,3,0,0,W 24TH AVE & N PERRY ST,1,1,0,0,1,1,0,0,25,0,0,0,0,0,4,2,13
,2021-40085,39.79541351,-104.8158899,10/22/2021 17:56,17:56,6,0,0,N ELKHART ST & E PENSACOLA PL,1,2,0,0,1,1,0,0,30,0,0,0,0,0,4,2,13
,2021-40086,39.71603353,-104.9590899,8/30/2021 12:12,12:12,3,0,1,S UNIVERSITY BLVD & E CHERRY CREEK NORTH DR,1,1,0,0,1,1,0,0,30,0,0,0,0,3,4,2,13
,2021-40087,39.69668354,-104.9991399,10/22/2021 16:40,16:40,11,0,1,W MISSISSIPPI AVE & S JASON ST,1,1,0,0,1,1,0,0,35,0,1,0,0,2,4,1,14
,2021-40088,39.76778093,-104.9948856,10/21/2021 22:37,22:37,9,0,0,I-25 & PARK AVE W,1,3,1,0,2,8,0,0,35,0,0,0,0,0,1,1,14
,2021-40089,39.72890353,-104.9975699,10/22/2021 17:48,17:48,3,0,0,W 8TH AVE & N INCA ST,1,1,0,0,1,1,0,0,25,0,0,0,0,0,4,2,13
,2021-40090,39.78422353,-105.0251799,10/22/2021 17:35,17:35,12,0,1,I-70 WB ON RAMP & N FEDERAL BLVD,1,1,0,0,1,4,0,0,65,0,0,0,0,3,1,2,5
,2021-40091,39.71127353,-104.9315899,10/22/2021 12:45,12:45,3,0,1,E ALAMEDA AVE & S DAHLIA ST,1,1,0,0,1,1,0,0,35,0,0,0,0,1,4,2,4
,2021-40092,39.73834353,-104.9472599,10/21/2021 22:32,22:32,15,0,1,E 14TH ST & N COOK ST,1,3,1,0,1,1,0,0,,0,0,0,0,1,4,2,16
,2021-40093,39.74326353,-104.9829499,10/2/2021 10:45,10:45,6,0,0,300 BLK E 17TH AVE & N GRANT ST,1,1,0,0,1,4,0,0,25,0,0,0,0,0,4,2,13
,2021-40094,39.69883353,-104.9317999,9/29/2021 7:08,7:08,6,0,0,900 BLOCK S DAHLIA ST & E TENNESSEE AVE,1,1,0,0,1,3,0,0,25,0,0,0,0,0,4,2,1
,2021-40095,39.81940044,-104.9828907,10/22/2021 18:29,18:29,15,0,1,I-70 & I-25 INTERCHANGE,1,1,0,0,1,4,0,0,65,0,0,0,1,2,1,2,16
,2021-40096,39.86662778,-104.6717006,10/22/2021 15:53,15:53,15,0,0,PENA BLVD & 6200 BLK,1,1,0,0,1,4,0,0,65,0,0,0,0,0,4,2,13
,2021-40097,39.67731652,-104.9982901,10/22/2021 15:35,15:35,12,0,0,S PLATTE RIVER DR & W TENNESSEE AVE,1,1,0,0,1,4,0,0,45,0,0,0,0,0,2,2,16
,2021-40098,39.72931353,-105.0148199,10/22/2021 18:01,18:01,12,0,0,I-25 & W 8TH AVE NB EXIT RAMP,1,2,0,0,1,4,0,0,55,0,0,0,0,0,1,2,16
,2021-40099,39.79107353,-105.0169799,10/21/2021 10:30,10:30,12,0,1,52ND AVE W & ALCOTT ST N,1,1,1,0,1,1,0,0,35,0,0,0,0,2,4,2,16
,2021-40100,39.70137354,-104.9874399,10/21/2021 19:02,19:02,12,0,1,I-25 & S BROADWAY,1,3,0,0,1,4,0,0,65,0,0,0,0,1,1,3,3
,2021-40101,39.77939353,-104.9791499,10/3/2021 14:30,14:30,15,0,0,I-70 & N WASHINGTON ST,1,1,0,0,1,4,0,0,55,0,0,0,0,0,1,2,13
,2021-40102,39.66992353,-104.87395,10/22/2021 12:25,12:25,6,0,0,DAYTON WY S & E HARVARD AVE,1,1,0,0,1,4,0,0,30,0,0,0,0,0,4,3,14
,2021-40103,39.72745604,-105.0532752,10/22/2021 19:17,19:17,12,0,1,W 6TH AVE & N SHERIDAN BLVD,1,3,0,0,1,4,0,0,65,0,0,0,0,1,2,3,13
,2021-40104,39.75542353,-105.0235999,10/22/2021 13:06,13:06,6,0,3,N ELIOT ST & W 27TH AVE,1,2,1,0,1,4,0,0,25,0,0,0,0,2,4,2,10
,2021-40105,39.72541754,-105.0252199,10/21/2021 6:12,6:12,3,0,0,N FEDERAL BLVD & W 6TH AVE,1,1,0,0,1,1,0,0,30,0,0,0,0,0,4,2,1
,2021-40106,39.76115353,-105.0047499,9/22/2021 21:50,21:50,12,0,0,I-25 SB & 20TH ST,1,3,1,0,1,4,0,0,55,0,0,0,0,0,1,3,14
,2021-40107,39.68930954,-104.9521826,10/8/2021 8:57,8:57,3,0,0,S MOROE ST & E FLORIDA AVE,1,1,0,0,1,1,0,0,30,0,0,0,0,0,4,2,7
,2021-40108,39.77287352,-104.9428699,10/19/2021 21:36,21:36,12,0,0,3800 BLK E 40TH AVE & N JACKSON ST,1,3,0,0,1,3,0,0,30,0,0,0,0,0,4,3,13
,2021-40109,39.75851353,-105.0345999,10/22/2021 17:16,17:16,3,0,0,W 29TH AVE & N LOWELL BLVD,1,1,0,0,1,1,0,0,25,0,0,0,0,0,4,3,16
,2021-40110,39.77273051,-104.8129318,10/20/2021 18:11,18:11,10,0,0,N AIRPORT SB BLVD & E 40TH AVE,1,2,0,0,1,1,0,0,40,0,0,0,0,0,4,2,13
,2021-40111,39.73664979,-105.0280181,7/7/2021 5:33,5:33,6,0,0,W AVONDALE DR & W 14TH AVE,1,1,0,0,1,4,0,0,35,0,0,0,0,0,4,3,16
,2021-40112,39.72527841,-105.1417334,10/21/2021 15:03,15:03,12,0,0,I-25 & W 6TH AVE,1,1,0,0,1,4,0,0,65,0,0,0,0,0,1,3,13
,2021-40113,39.78025353,-105.0251799,10/21/2021 13:04,13:04,1,0,0,N FEDERAL BLVD & W 46TH AVE,1,1,1,0,1,1,0,0,35,0,0,0,0,0,2,2,13
,2021-40114,39.77939353,-104.9791399,10/22/2021 18:44,18:44,12,0,0,I-70 & N WASHINGTON ST,1,3,2,0,1,4,0,0,55,0,0,0,0,0,1,2,14
,2021-40115,39.69299354,-104.9779699,10/22/2021 19:38,19:38,12,0,1,I-25 & E LOUISIANA AVE,1,3,0,0,1,4,0,0,65,0,0,0,0,1,1,3,7