id,drcog_id,latitude,longitude,crashtime,time,crashtype,numbkilled,numbinjurd,drcoglocat,rdconditin,lightngcon,roadcntgrd,weatherco,location,roaddescrp,schoolzone,constrzone,splimit,bikeinv,pedinv,sctrinv,motoinv,svrty,rdsystem,ttlvehcls,hcf
,2021-40116,39.75512711,-105.0000479,10/4/2021 0:27,0:27,5,0,0,17TH ST & WEWATTA ST,1,3,0,0,3,3,0,0,25,0,0,0,0,0,4,1,9
,2021-40117,39.74394353,-105.0345999,10/22/2021 14:38,14:38,3,0,2,N LOWELL BLVD & W 17TH AVE,1,1,1,0,1,1,0,0,25,0,0,0,0,1,4,2,13
,2021-40118,39.73049353,-105.0001599,10/22/2021 10:36,10:36,3,0,0,W 9TH AVE & N KALAMATH ST,1,1,1,0,1,1,0,0,25,0,0,0,0,0,4,2,13
,2021-40119,39.86662778,-104.6717006,10/22/2021 15:15,15:15,15,0,0,PENA BLVD & 4000 BLK,1,1,0,0,1,4,0,0,55,0,0,0,0,0,4,2,14
,2021-40120,39.68857354,-105.0250499,10/20/2021 17:41,17:41,12,0,0,S FEDERAL BLVD & W FLORIDA AVE,1,1,0,0,1,4,0,0,40,0,0,0,0,0,2,2,1
,2021-40121,39.75319353,-104.9783899,8/23/2021 18:06,18:06,6,0,0,26TH ST & GLENARM PL,1,1,1,0,1,4,0,0,30,0,0,0,0,0,4,3,7
,2021-40122,39.73461153,-105.1124398,10/19/2021 16:12,16:12,15,0,0,BANNOCK ST & WEST 12TH AVE,1,1,0,0,1,3,0,0,30,0,0,0,0,0,4,2,13
,2021-40123,39.78372351,-104.76114,10/3/2021 0:36,0:36,3,0,2,E GREEN VALLEY RANCH BLVD & N FLANDERS WAY,1,3,0,0,1,1,0,0,35,0,0,0,0,1,4,3,14
,2021-40124,39.75301353,-105.0191599,10/23/2021 2:17,2:17,6,0,0,N BRYANT ST & W BYRON PL,1,3,1,0,1,4,0,0,25,0,0,0,0,0,4,3,5
,2021-40125,39.70396354,-105.0430499,10/20/2021 15:16,15:16,3,0,1,MORRISON RD & W WALSH PL,1,1,0,0,1,1,0,0,25,0,1,0,0,1,4,2,13
,2021-40126,39.75342691,-104.993233,10/24/2021 15:51,15:51,12,0,0,I-25 & 20TH ST,1,1,0,0,1,4,0,0,55,0,0,0,0,0,2,3,1
,2021-40127,39.75536353,-105.0126799,10/24/2021 15:00,15:00,15,0,0,I-25 & N SPEER BLVD,1,1,0,0,1,4,0,0,65,0,0,0,0,0,1,3,3
,2021-40128,39.68480058,-104.9170399,10/23/2021 17:28,17:28,6,0,0,ILIFF AVE E & S KEARNEY ST,1,1,0,0,1,4,0,0,25,0,0,0,0,0,4,3,10
,2021-40129,39.73841353,-104.9127899,10/24/2021 15:34,15:34,15,0,0,E 14TH AVE & N MONACO ST,1,1,0,0,1,1,0,0,30,0,0,0,0,0,4,2,13
,2021-40130,39.74374353,-104.9127999,10/24/2021 13:50,13:50,12,0,0,17TH AVE E & N MONACO ST,1,1,0,0,1,3,0,0,30,0,0,0,0,0,4,3,16
,2021-40215,39.69870354,-105.0015199,9/16/2021 10:58,10:58,6,0,0,900 BLK S LIPAN ST & W KENTUCKY ST,1,1,3,0,1,4,0,0,25,0,0,0,0,0,4,3,16
,2021-40217,39.76514352,-104.8904699,9/16/2021 7:42,7:42,2,0,0,N CENTRAL PARK BLVD & E 35TH AVE,1,1,3,0,1,1,0,0,30,1,0,0,0,0,4,1,13
,2021-40220,39.77485353,-105.0017499,9/15/2021 7:14,7:14,6,0,0,LIPAN ST & W 42ND AVE,1,1,3,1,1,4,0,0,,0,0,0,0,0,4,3,16
,2021-40229,39.72563353,-104.9033999,9/14/2021 16:00,16:00,12,0,0,E 6TH AVE & N QUBEC ST,1,1,3,0,1,3,0,0,30,0,0,0,0,0,4,4,14
,2021-40232,39.78553352,-104.9782899,9/5/2021 9:52,9:52,6,0,0,WASHINGTON ST & E ELK PL,1,1,3,0,1,4,0,0,30,0,0,0,0,0,4,2,4
,2021-40237,39.74033353,-105.0434199,9/16/2021 7:58,7:58,12,0,0,COLFAX AVE & N STUART ST,1,1,3,0,1,4,0,0,20,0,0,0,0,0,2,3,13
,2021-40242,39.69391354,-104.9924799,9/15/2021 15:58,15:58,15,0,0,SANTA FE DR & W ARIZONA AVE,1,1,3,0,1,3,0,0,45,0,0,0,0,0,2,3,11
,2021-40249,39.72569653,-105.0001594,9/15/2021 12:54,12:54,15,0,0,W 6TH AVE & N KALAMATH ST,1,1,3,0,1,3,0,0,,0,0,0,0,0,4,3,16
,2021-40250,39.66407122,-104.9328589,9/16/2021 11:09,11:09,12,0,0,S HAVANA ST & E CORNELL AVE,1,1,3,0,1,4,0,0,45,0,0,0,0,0,2,2,13
,2021-40253,39.73363353,-104.9406599,9/15/2021 13:40,13:40,15,0,0,N COLORADO BLVD & E 11TH AVE,1,1,3,0,1,1,0,0,30,0,0,0,0,0,2,2,3
,2021-40256,39.77994352,-104.9404999,9/16/2021 7:50,7:50,15,0,0,I-70 EB EXIT RAMP & N COLORADO BLVD,1,1,3,0,1,1,0,0,35,0,0,0,0,0,2,2,11
,2021-40257,39.73684353,-104.9941099,9/15/2021 15:54,15:54,15,0,0,W 13TH AVE & N ELATI AVE,1,1,3,0,1,4,0,0,25,0,0,0,0,0,4,2,1
,2021-40262,39.66808354,-104.9382099,9/16/2021 10:53,10:53,15,0,0,4100 BLK E YALE AVE & S COLORADO BLVD,1,1,3,0,1,4,0,0,30,0,0,0,0,0,4,2,13
,2021-40272,39.67999354,-105.0299899,9/16/2021 5:20,5:20,12,0,0,FLORIDA AVE & S LOWELL BLVD,1,3,3,0,1,3,0,0,30,0,0,0,0,0,4,2,1
,2021-40276,39.72959353,-104.9339699,9/15/2021 16:04,16:04,15,0,0,CHERRY ST & E 8TH AVENUE,1,1,3,1,1,4,0,0,25,0,0,0,0,0,4,2,13
,2021-40279,39.74033353,-105.0440099,9/16/2021 7:17,7:17,3,0,0,W COLFAX AVE & N TENNYSON ST,1,1,3,0,1,1,1,0,20,0,0,0,0,0,2,2,13
,2021-40285,39.72569653,-105.0001594,9/15/2021 16:00,16:00,12,0,1,W 6TH AVE & N KALAMATH ST,1,1,3,0,1,3,0,0,45,0,0,0,0,1,4,2,1
,2021-40288,39.71812353,-104.9546099,9/15/2021 18:00,18:00,1,0,0,E 1ST AVE & N DETROIT ST,1,1,3,0,1,1,0,0,30,0,0,0,0,0,4,2,3
,2021-40292,39.79449351,-104.8659299,9/15/2021 6:14,6:14,12,0,0,5100 BLK N HAVANA ST & E 51ST ST,1,4,3,0,1,4,0,0,40,0,0,0,0,0,4,2,16
,2021-40293,39.66532354,-105.0251099,9/16/2021 17:45,17:45,1,0,0,FEDERAL BLVD & W AMHERST AVE,1,1,3,0,1,1,0,0,35,0,0,0,0,0,2,2,13
,2021-40294,39.74278353,-104.9883099,9/15/2021 10:22,10:22,15,0,0,1600 BLK COURT PL & N BROADWAY PL,1,1,3,0,1,4,0,0,25,0,0,0,0,0,4,2,16
,2021-40295,39.67848396,-104.9653236,9/16/2021 10:17,10:17,6,0,0,S HIGH ST & E EVANS AVE,1,1,3,0,1,4,0,0,25,0,0,0,0,0,4,2,13
,2021-40296,39.72912353,-104.9489399,9/15/2021 6:26,6:26,12,0,1,3200 BLK E 8TH AVE & N ADAMS ST,1,2,3,0,1,4,0,0,30,0,0,0,0,1,4,2,8
,2021-40297,39.68930354,-104.9965899,9/16/2021 9:45,9:45,15,0,0,S PLATTE RIVER DR & W FLORIDA AVE,1,1,3,0,1,4,0,0,30,0,0,0,0,0,4,2,13
,2021-40298,39.76999352,-104.9399899,9/15/2021 10:35,10:35,15,0,0,COLORADO BLVD & E 38TH AVE,1,1,3,0,1,4,0,0,40,0,0,0,0,0,2,2,8
,2021-40299,39.70749353,-104.9804399,9/16/2021 15:37,15:37,3,0,0,E VIRGINIA AVE & S PEARL ST,1,1,3,0,1,1,0,0,25,0,0,0,0,0,4,2,13
,2021-40300,39.72373353,-104.9729099,9/15/2021 14:20,14:20,3,0,0,E 5TH AVE & N DOWNING ST,1,1,3,0,1,1,0,0,25,0,0,0,0,0,4,2,3
,2021-40301,39.76838353,-104.9948099,9/1/2021 7:01,7:01,15,0,0,PARK AVE & I-25 SB EXIT RAMP [LOOP],1,1,3,1,1,1,0,0,35,0,0,0,0,0,1,2,16
,2021-40302,39.79832351,-104.8499999,9/16/2021 10:15,10:15,3,0,0,N OSWEGO ST & E 56TH AVE,1,1,3,0,1,1,0,0,25,0,0,0,0,0,4,2,11
,2021-40303,39.71028354,-105.0250799,8/8/2021 13:29,13:29,12,0,0,S FEDERAL BLVD & W ALAMEDA AVE,1,1,3,1,1,4,0,0,35,0,0,0,0,0,2,2,16
,2021-40304,39.70999353,-104.9099899,8/19/2021 10:35,10:35,15,0,0,E ALAMEDA AVE & S MONACO ST,1,1,3,0,1,4,0,0,35,0,0,0,0,0,4,2,13
,2021-40305,39.77329351,-104.80987,9/15/2021 8:36,8:36,15,0,0,4400 BLK N CHAMBERS RD & E ANDREWS DR,1,1,3,0,1,4,0,0,40,0,0,0,0,0,4,2,7
,2021-40306,39.73023353,-104.9752499,9/13/2021 1:30,1:30,6,0,0,800 BLK N OGDEN ST & W 8TH AVE,1,3,3,1,1,4,0,0,,0,0,0,0,0,4,2,16
,2021-40307,39.71991437,-104.9928508,9/15/2021 9:10,9:10,6,0,0,DELAWARE ST & 660 BLK,1,1,3,0,5,7,0,0,15,0,0,0,0,0,3,2,3
,2021-40309,39.75934353,-104.9864899,9/9/2021 11:59,11:59,6,0,0,1400 BLK 26TH ST & WALNUT ST,1,1,3,0,1,1,0,0,,0,0,0,0,0,4,3,16
,2021-40310,39.75447404,-104.9659442,9/14/2021 7:52,7:52,2,0,1,E 26TH AVE & N WILLIAMS ST,1,1,3,0,1,1,1,0,20,1,0,0,0,2,4,1,16
,2021-40312,39.74284353,-104.9418799,9/16/2021 9:44,9:44,6,0,0,1600 BLK N HARRISON ST & E 17TH AVE,1,1,3,0,1,4,0,0,25,0,0,0,0,0,4,2,11
,2021-40314,39.70577354,-105.0250899,9/15/2021 7:50,7:50,12,0,0,FEDERAL BLVD & W VIRGINIA AVE,1,1,3,0,1,2,0,0,35,0,0,0,0,0,2,2,1
,2021-40315,39.66994354,-104.9742799,8/19/2021 13:37,13:37,16,0,0,2525 S DOWNING ST & 2525 BLK S,1,1,3,0,5,7,0,0,,0,0,0,0,0,3,1,16
,2021-40316,39.73761354,-105.0532099,9/16/2021 11:06,11:06,12,0,0,SHERIDAN BLVD & W 14TH AVE,1,1,3,0,1,3,0,0,,0,0,0,0,0,2,2,16
,2021-40318,39.75007753,-105.0049384,9/17/2021 14:00,14:00,1,0,0,N SPEER BLVD & WEWATTA ST,1,1,3,0,1,1,0,0,35,0,0,0,0,0,4,2,3
,2021-40319,39.72922353,-104.9382999,9/15/2021 12:34,12:34,3,0,0,4100 BLK E 8TH AVE & E ASH ST,1,1,3,0,1,9,0,0,10,0,0,0,0,0,4,2,11
,2021-40320,39.74010353,-104.9538799,8/29/2021 14:05,14:05,10,0,0,COLFAX AVE & N DETROIT ST,1,1,3,0,1,3,0,0,30,0,0,0,0,0,2,2,16
,2021-40321,39.73684353,-104.9929399,9/16/2021 13:55,13:55,12,0,0,13TH AVE & N DELAWARE ST,1,1,3,0,1,4,0,0,35,0,0,0,0,0,4,3,3
,2021-40323,39.74999353,-105.0199899,9/17/2021 8:30,8:30,3,0,2,2400 BLK N ELIOT ST & W 25TH AVE,1,1,3,0,1,2,0,0,25,0,0,0,0,1,4,2,13
,2021-40325,39.70289296,-104.9128498,9/16/2021 11:06,11:06,12,0,0,LEETSDALE DR & S MONACO ST,1,1,3,0,1,4,0,0,35,0,0,0,0,0,2,2,13
,2021-40326,39.69657929,-104.8659222,9/16/2021 13:30,13:30,9,0,1,S HAVANA ST & E MISSISSIPPI AVE,1,1,3,0,1,1,0,0,35,0,0,0,1,3,2,1,14
,2021-40327,39.73840353,-104.9128199,8/30/2021 12:14,12:14,12,0,0,14TH AVE W & N MONACO ST,1,1,3,0,1,4,0,0,,0,0,0,0,0,4,2,16
,2021-40328,39.66857354,-104.9888099,9/6/2021 13:33,13:33,6,0,0,2600 BLK S ACOMA ST & W YALE ST,1,1,3,0,1,4,0,0,,0,0,0,0,0,4,2,16
,2021-40329,39.78179351,-104.73453,9/16/2021 7:50,7:50,3,0,0,E GVR BLVD & N PICADILLY RD,1,1,3,0,1,1,0,0,35,0,0,0,0,0,4,2,10
,2021-40330,39.69999354,-105.0199899,7/31/2021 2:41,2:41,6,0,0,DALE CT & W CENTER AVE,11,3,3,1,1,4,0,0,25,0,0,0,0,0,4,2,16
,2021-40332,39.72194353,-104.9728999,9/15/2021 10:56,10:56,3,0,1,E 4TH AVE & N DOWNING ST,1,1,3,0,1,1,0,0,25,0,0,0,0,1,4,2,13
,2021-40333,39.75746353,-104.9815099,9/15/2021 12:34,12:34,15,0,0,CURTIS ST & 27TH ST,1,1,3,0,1,3,0,0,35,0,0,0,0,0,4,2,16
,2021-40334,39.71799353,-104.9511699,9/14/2021 13:30,13:30,15,0,0,E 1ST AVE & N ST PAUL ST,1,1,3,0,1,1,0,0,25,0,0,0,0,0,4,2,3
,2021-40335,39.75047353,-104.9865799,7/7/2021 9:45,9:45,6,0,0,2100 STOUT ST & 21ST ST,1,1,3,0,1,4,0,0,25,0,0,0,0,0,4,2,16
,2021-40336,39.74014353,-104.9127899,9/17/2021 13:08,13:08,3,0,0,E COLFAX AVE & N MONACO ST,1,1,3,0,1,3,0,0,,0,0,0,0,0,2,2,16
,2021-40337,39.79832351,-104.76268,9/15/2021 13:38,13:38,1,0,0,E 56TH AVE & N DUNKIRK ST,1,1,3,0,1,1,0,0,45,0,0,0,0,0,4,2,8
,2021-40338,39.74920353,-105.0008699,9/17/2021 6:50,6:50,6,0,0,BLAKE ST & 14TH ST,1,1,3,1,1,4,0,0,,0,0,0,0,0,4,2,16
,2021-40340,39.74770279,-104.9835518,9/17/2021 10:32,10:32,3,0,1,E 13TH AVE & N GRANT ST,1,1,3,0,1,1,0,0,30,0,0,0,0,1,4,2,13
,2021-40341,39.78362351,-104.8294799,8/25/2021 13:06,13:06,12,0,0,E ANDREWS DR & N CARSON ST,1,1,3,0,1,1,0,0,,0,0,0,0,0,4,2,16
,2021-40342,39.73848354,-105.0463399,9/16/2021 7:18,7:18,3,0,0,W 14TH AVE & N VRAIN ST,1,1,3,0,1,1,0,0,,0,0,0,0,0,4,2,16
,2021-40343,39.61832356,-105.0912299,9/17/2021 12:59,12:59,12,0,0,WADSWORTH BLVD & W CROSS DR,1,1,3,0,1,4,0,0,40,0,0,0,0,0,2,2,13
,2021-40344,39.68968353,-104.9243999,9/15/2021 6:55,6:55,6,0,0,HUDSON ST & E FLORIDA AVE,1,2,3,0,1,4,0,0,25,0,0,0,0,0,4,2,13
,2021-40346,39.76033353,-105.0346099,9/17/2021 12:15,12:15,3,0,0,W 30TH AVE & N LOWELL BLVD,1,1,3,0,1,1,0,0,25,0,0,0,0,0,4,2,13
,2021-40348,39.67835468,-104.9058559,9/17/2021 11:49,11:49,15,0,0,E EVANS AVE & S ONEIDA ST,1,1,3,0,1,4,0,0,35,0,0,0,0,0,4,2,13
,2021-40349,39.71834353,-104.9862299,9/15/2021 17:30,17:30,10,0,0,N LINCOLN ST & E 1ST AVE,1,1,3,0,1,1,0,0,30,0,0,0,0,0,4,2,3
,2021-40350,39.64320354,-104.88506,9/15/2021 7:30,7:30,3,0,0,E NASSAU AVE & S YOSEMITE ST,1,1,3,0,1,1,0,0,30,0,0,0,0,0,4,2,13
,2021-40351,39.66999354,-104.9299899,9/15/2021 14:05,14:05,3,0,0,E EVANS AVE & S ASH ST,1,1,3,0,1,2,0,0,35,0,0,0,0,0,4,2,11
,2021-40352,39.70999353,-104.9299899,9/15/2021 7:55,7:55,3,0,0,E ALAMEDA AVE & LEETSDALE ST,1,1,3,0,1,1,0,0,35,0,0,0,0,0,2,2,11
,2021-40353,39.61831355,-105.0881799,8/31/2021 0:01,0:01,5,0,0,7900 BLK W CRESTLINE AVE & W CRESTLINE AVE,1,4,3,0,3,4,0,0,20,0,0,0,0,0,4,1,1
,2021-40354,39.67128354,-104.9875699,10/20/2021 17:41,17:41,3,0,0,E HARVARD AVE & S BROADWAY ST,1,2,0,0,1,1,0,0,40,0,0,0,0,1,4,2,13
,2021-40355,39.78075294,-104.970202,10/24/2021 0:55,0:55,15,0,0,I-25 & I-70 INTERCHANGE,1,3,1,0,1,4,0,0,,0,0,0,0,0,1,3,14
,2021-40356,39.77562352,-104.8658799,10/8/2021 21:20,21:20,5,0,0,I-70 & N HAVANA ST,1,3,1,0,3,8,0,0,65,0,0,0,0,0,1,2,2
,2021-40357,39.74012353,-104.9397899,10/23/2021 22:27,22:27,12,0,1,E COLFAX AVE & COLORADO BLVD,1,3,0,0,1,4,0,0,35,0,0,0,0,1,2,2,1
,2021-40358,39.74197352,-104.8940199,10/21/2021 22:46,22:46,6,0,0,E 16TH AVE & N ULSTER ST,1,3,0,0,1,3,0,0,25,0,0,0,0,0,4,4,5
,2021-40359,39.70039754,-105.0250714,10/19/2021 17:04,17:04,15,0,0,S FEDERAL BLVD & W KENTUCKY,1,1,0,1,1,1,0,0,35,0,0,0,0,0,2,2,13
,2021-40360,39.68356354,-105.0520999,10/16/2021 0:18,0:18,6,0,0,W COLORADO AVE & S YATES ST,1,4,0,0,1,4,0,0,25,0,0,0,0,0,4,3,16
,2021-40361,39.65301354,-104.9399399,10/23/2021 20:12,20:12,12,0,0,E HAMPDEN AVE & S COLORADO BLVD,1,3,0,0,1,3,0,0,40,0,0,0,0,0,2,3,5
,2021-40362,39.65374355,-105.0531799,10/21/2021 22:49,22:49,3,0,0,S SHERIDAN BLVD & HAMPDEN AVE WB ON/OFF RAMPS,1,3,0,0,1,1,0,0,40,0,0,0,0,0,2,3,7
,2021-40363,39.65307354,-104.9182499,10/23/2021 19:21,19:21,12,0,1,I-25 & E HAMPDEN AVE,1,3,0,0,1,4,0,0,65,0,0,0,0,1,1,4,14
,2021-40364,39.73601353,-104.9810599,9/10/2021 14:51,14:51,11,0,1,N PENNSYLVANIA ST & 12TH AVE,1,1,1,0,1,4,0,0,30,0,0,1,0,3,4,3,16
,2021-40365,39.76321353,-105.0052699,9/25/2021 2:13,2:13,6,0,0,W 33RD AVE & N OSAGE ST,1,3,1,0,1,4,0,0,25,0,0,0,0,0,4,3,14
,2021-40366,39.75365353,-104.9934099,10/15/2021 23:45,23:45,1,0,2,20TH ST & MARKET ST,1,3,0,0,1,1,0,0,35,0,0,0,0,1,4,3,9
,2021-40367,39.67941354,-104.9887799,10/22/2021 2:14,2:14,6,0,0,ACOMA ST S & W ASBURY AVE,1,4,0,0,1,4,0,0,25,0,0,0,0,0,4,3,16
,2021-40368,39.75618185,-105.0155256,10/24/2021 14:56,14:56,12,0,0,I-25 & N SPEER BLVD,1,1,0,0,1,4,0,0,65,0,0,0,0,0,1,4,13
,2021-40369,39.66049354,-105.0240499,10/22/2021 0:40,0:40,6,0,1,W DARTMOUTH AVE & S DECATUR ST,1,3,0,0,1,4,0,0,35,0,0,0,0,1,4,4,5
,2021-40370,39.65723355,-105.0337199,10/23/2021 11:22,11:22,6,0,0,LOWELL BLVD S & GRAMBLING DR W,1,1,1,0,1,4,0,0,30,0,0,0,0,1,4,3,1
,2021-40371,39.68235354,-104.9923499,10/25/2021 9:34,9:34,6,0,2,S SANTA FE DR & W EVANS AVE,1,1,0,0,1,4,0,0,65,0,0,0,0,2,2,3,16
,2021-40372,39.77362353,-104.9762899,10/23/2021 18:54,18:54,3,0,2,DELGANY ST & 38TH ST,1,3,1,0,1,1,0,0,35,0,0,0,0,1,4,3,16
,2021-40373,39.73684353,-104.9874399,10/1/2021 23:44,23:44,12,0,0,E 13TH AVE & N BROADWAY ST,1,3,0,0,1,1,0,0,30,0,0,0,0,0,4,2,16
,2021-40374,39.74005353,-104.9873799,9/19/2021 0:47,0:47,11,0,2,W COLFAX AVE & N BROADWAY ST,1,3,0,0,1,1,0,0,35,0,0,1,0,2,2,1,14
,2021-40375,39.71299354,-105.0250699,8/22/2021 11:23,11:23,15,0,1,S FEDERAL BLVD & W CEDAR AVE,1,1,1,0,1,1,0,0,40,0,0,0,1,3,2,1,14
,2021-40376,39.72549854,-105.0394624,10/25/2021 7:34,7:34,12,0,1,W 6TH AVE & N PERRY ST,1,1,1,0,1,4,0,0,65,0,0,0,0,1,1,4,14
,2021-40377,39.65679353,-104.87488,10/9/2021 19:11,19:11,5,0,1,S DAYTON ST & S DAYTON CT,1,3,0,0,3,1,0,0,25,0,0,0,0,3,4,1,1
,2021-40378,39.76115353,-105.0047599,9/9/2021 19:45,19:45,15,0,1,I-25 SB & 20TH ST,1,3,0,0,1,4,0,0,55,0,0,0,0,1,1,3,1
,2021-40379,39.72558354,-105.0249099,9/21/2021 18:25,18:25,15,0,1,N FEDERAL BLVD NB ENT RAMP [GORE PT] & W 6TH AVE,1,1,0,0,1,11,0,0,65,0,0,0,0,1,2,3,13
,2021-40380,39.75239353,-104.9919699,10/2/2021 1:59,1:59,11,0,1,20TH ST & LARIMER ST,1,3,0,0,1,4,0,0,35,0,1,0,0,3,4,1,16
,2021-40381,39.74755353,-105.0053099,10/8/2021 19:31,19:31,15,0,0,AURARIA PKWY & 11TH ST,1,3,0,0,1,4,0,0,,0,0,0,0,0,4,2,16
,2021-40382,39.71987346,-104.8472585,10/22/2021 13:40,13:40,15,0,0,I-70 & N PEORIA ST,1,1,0,0,1,4,0,0,55,0,0,0,0,0,1,2,13
,2021-40383,39.71842354,-105.0532699,10/10/2021 16:00,16:00,12,0,0,N SHERIDAN BLVD & W 1ST AVE,1,1,0,0,1,4,0,0,40,0,0,0,0,0,2,2,1
,2021-40384,39.69582354,-105.0250499,10/3/2021 21:43,21:43,12,0,0,S FEDERAL BLVD & W MISSISSIPPI AVE,1,3,0,0,1,4,0,0,,0,0,0,0,0,2,2,16
,2021-40385,39.72931353,-105.0150399,10/7/2021 19:37,19:37,12,0,0,I-25 & W 8TH AVE,1,3,0,0,1,4,0,0,55,0,0,0,0,0,1,2,16
,2021-40386,39.74044353,-104.9839199,10/12/2021 19:29,19:29,15,0,0, ,1,3,0,0,1,4,0,0,30,0,0,0,0,0,4,3,9
,2021-40387,39.74377753,-104.9499056,10/12/2021 19:30,19:30,10,0,0,BLK E 17TH AVE & N BROADWAY ST,1,3,0,0,1,3,0,0,25,0,0,0,0,0,4,2,16
,2021-40388,39.81940044,-104.9828907,10/18/2021 15:35,15:35,12,0,0,I-70 & I-25 INTERCHANGE,1,1,0,0,1,4,0,0,,0,0,0,0,0,1,2,1
,2021-40389,39.76449353,-104.9609699,10/8/2021 14:53,14:53,12,0,1,E BRUCE RANDOLPH AVE & N GAYLORD ST,1,1,0,0,1,4,0,0,35,0,0,0,0,1,4,3,1
,2021-40390,39.73228353,-104.9033599,10/11/2021 17:01,17:01,8,0,4,1000 BLK N QUEBEC ST & E 10TH AVE,1,1,0,0,1,4,0,0,30,0,0,0,0,3,4,2,5
,2021-40391,39.73686353,-104.9764499,10/10/2021 17:30,17:30,15,0,0,E 13TH AVE & N CLARKSON ST,1,1,0,0,1,4,0,0,30,0,0,0,0,0,4,2,16
,2021-40392,39.79837151,-104.772212,10/2/2021 18:43,18:43,8,0,0,N TOWER RD & E 56TH AVE,1,1,0,0,1,1,0,0,45,0,0,0,0,0,4,2,5
,2021-40393,39.71109289,-105.0691329,10/22/2021 12:11,12:11,12,0,2,I-25 & W ALAMEDA AVE,1,1,1,0,1,4,0,0,65,0,0,0,0,1,1,2,13
,2021-40394,39.67261353,-104.86821,10/22/2021 8:14,8:14,12,0,0,PARKER RD S & HARVARD AVE E,1,1,0,0,1,3,0,0,35,0,0,0,0,0,2,2,13
,2021-40395,39.78617352,-104.9475599,10/9/2021 19:56,19:56,10,0,0,N COOK ST & E BEEKMAN PL,1,3,0,0,1,1,0,0,25,0,0,0,0,0,4,2,16
,2021-40396,39.76315353,-105.0130599,10/2/2021 18:08,18:08,6,0,0,W 33RD AVE & N VALLEJO ST,1,1,0,0,1,1,0,0,25,0,0,0,0,0,4,2,14
,2021-40397,39.74764353,-105.0034799,10/8/2021 14:02,14:02,12,0,0,AURARIA PKWY & 12TH ST,1,1,1,0,1,3,0,0,40,0,0,0,0,0,4,3,13
,2021-40398,39.76450353,-104.9708699,10/14/2021 13:17,13:17,3,0,0,E BRUCE RANDOLPH AVE & N LAFAYETTE ST,1,1,0,0,1,1,0,0,25,0,0,0,0,0,4,3,1
,2021-40399,39.79471351,-104.8133099,10/2/2021 18:34,18:34,6,0,0,5500 BLK N ALTURA ST & N GRANT ST,1,1,0,0,1,4,0,0,25,0,0,0,0,0,4,2,16
,2021-40406,39.71460353,-104.9767899,9/7/2021 15:00,15:00,15,0,0,100 BLK S EMERSON ST & BAYAUD AVE,1,1,3,0,1,4,0,0,25,0,0,0,0,0,4,2,11
,2021-40542,39.68138354,-105.0250299,9/18/2021 12:51,12:51,15,0,0,FEDERAL BLVD & W JEWELL AVE,1,1,3,0,1,4,0,0,,0,0,0,0,0,2,2,16
,2021-40550,39.75722353,-104.9992299,9/19/2021 13:10,13:10,6,0,0,CHESTNUT PL & 20TH STREET,1,1,3,0,1,4,0,0,30,0,0,0,0,0,4,2,13
,2021-40558,39.63514355,-105.0840199,9/20/2021 14:31,14:31,15,0,0,7800 W STANFORD AVE & S WADSWORTH BLVD,1,1,3,0,1,4,0,0,25,0,0,0,0,0,4,2,13
,2021-40559,39.70999354,-105.0499899,9/19/2021 10:37,10:37,5,0,0,S SHERIDAN BLVD & W DAKOTA AVE,1,1,3,1,3,4,0,0,35,0,0,0,0,0,2,1,14
,2021-40562,39.74084353,-104.9810899,9/20/2021 11:10,11:10,10,0,0,1500 BLK N PENNSYLVANIA ST & E COLFAX AVE,1,1,3,0,1,2,0,0,30,0,0,0,0,0,4,2,13
,2021-40565,39.64999355,-105.0299899,9/21/2021 9:10,9:10,5,0,1,W HAMPDEN AVE & S LOWELL BLVD,1,1,3,0,2,4,0,0,65,0,0,0,1,2,2,1,14
,2021-40566,39.73841353,-104.9752899,9/20/2021 15:30,15:30,3,0,0,E 14TH AVE & N OGDEN ST,1,1,3,0,1,1,0,0,30,0,0,0,0,0,4,2,13
,2021-40585,39.74478353,-104.9891999,9/18/2021 11:43,11:43,10,0,0,17TH ST & GLENARM PL,1,1,3,0,1,1,0,0,30,0,0,0,0,0,4,2,13
,2021-40589,39.66772354,-105.0260299,9/20/2021 11:07,11:07,12,0,1,300 BLK W YALE AVE & 300 BLK W,1,1,3,7,1,2,0,0,30,0,0,0,0,1,2,2,13
,2021-40591,39.75843353,-104.9973099,9/18/2021 23:30,23:30,6,0,0,W 29TH AVE & N HURON ST,1,3,3,1,1,4,0,0,,0,0,0,0,0,4,2,16
,2021-40596,39.73287353,-104.9729699,9/19/2021 9:09,9:09,6,0,0,N DOWNING ST & E 11TH AVE,1,1,3,1,1,4,0,0,,0,0,0,0,0,4,2,16
,2021-40597,39.70803354,-105.0408699,9/20/2021 7:57,7:57,12,0,0,4100 BLK W VIRGINIA AVE & S QUITMAN ST,1,1,3,1,1,4,0,0,25,0,0,0,0,0,4,2,13
,2021-40601,39.76219353,-104.9909799,9/18/2021 5:40,5:40,6,0,0,3200 BLK DENARGO ST & WEWATTA WAY,1,3,3,0,1,4,0,0,25,0,0,0,0,0,4,3,16