id,drcog_id,latitude,longitude,crashtime,time,crashtype,numbkilled,numbinjurd,drcoglocat,rdconditin,lightngcon,roadcntgrd,weatherco,location,roaddescrp,schoolzone,constrzone,splimit,bikeinv,pedinv,sctrinv,motoinv,svrty,rdsystem,ttlvehcls,hcf
,2021-40607,39.71109353,-104.9768999,9/20/2021 13:11,13:11,12,0,0,900 BLK E ALAMEDA AVE & S OGDEN ST,1,1,3,0,1,3,0,0,30,0,0,0,0,0,4,3,14
,2021-40610,39.73839353,-104.9647699,9/18/2021 5:05,5:05,6,0,0,1800 BLK E 14TH AVE & N WILLIAMS AVE,1,1,3,1,1,4,0,0,30,0,0,0,0,0,4,3,13
,2021-40616,39.63490354,-104.8932899,9/21/2021 13:17,13:17,12,0,0,I-225 NB OFF RAMP & TAMARAC ST S,1,1,3,0,1,1,0,0,35,0,0,0,0,0,4,2,15
,2021-40617,39.75329353,-104.9929999,9/21/2021 8:31,8:31,12,0,0,20TH ST & MARKET ST,1,1,3,0,1,9,0,0,25,0,0,0,0,0,4,2,11
,2021-40618,39.74014353,-104.9081499,9/21/2021 7:09,7:09,12,0,1,E COLFAX AVE & N ONEIDA ST,1,1,3,0,1,3,0,0,30,0,0,0,0,2,2,2,3
,2021-40620,39.69674354,-105.0191599,9/21/2021 7:36,7:36,6,0,0,2500 BLK W MISSISSIPPI AVE & S BRYANT ST,1,1,3,1,1,4,0,0,30,0,0,0,0,0,4,2,16
,2021-40621,39.77726352,-104.8827699,9/21/2021 10:55,10:55,15,0,0,N CENTRAL PARK BLVD DIRECT CONNECT & I-70 WB,1,1,3,0,1,4,0,0,25,0,0,0,0,0,1,2,13
,2021-40622,39.72097353,-104.9570399,9/21/2021 8:17,8:17,15,0,0,E 3RD AVE & S JOSEPHINE ST,1,1,3,0,1,4,0,0,25,0,0,0,0,0,4,2,3
,2021-40623,39.66768354,-104.9478599,9/21/2021 11:20,11:20,6,0,0,2693 S COOK ST & E YALE AVE,1,1,3,0,1,3,0,0,25,0,0,0,0,0,4,2,8
,2021-40624,39.77082351,-104.74883,9/21/2021 9:00,9:00,6,0,0,20500 BLK E 40TH AVE & N JERICHO ST,1,1,3,0,1,4,0,0,25,0,1,0,0,0,4,3,11
,2021-40625,39.74164353,-104.9696699,9/20/2021 14:42,14:42,3,0,0,N HUMBOLDT ST & E 16TH AVE,1,1,3,0,1,1,0,0,25,0,0,0,0,0,4,2,8
,2021-40629,39.71117354,-105.0027199,9/21/2021 6:55,6:55,1,0,0,W ALAMEDA AVE & S LIPAN ST,1,1,3,0,1,2,0,0,35,0,0,0,0,0,2,2,16
,2021-40633,39.73455353,-104.9861199,9/21/2021 14:50,14:50,12,0,0,N LINCOLN ST & E 12TH AVE,1,1,3,0,1,4,0,0,30,0,0,0,0,0,1,2,3
,2021-40634,39.72563353,-104.9874244,9/21/2021 7:14,7:14,3,0,0,E 6TH AVE & N BROADWAY ST,1,1,3,0,1,1,0,0,35,0,0,0,0,0,4,2,11
,2021-40638,39.77102352,-104.8394099,9/21/2021 6:13,6:13,12,0,0,12700 BLK E 39TH AVE & N TROY ST,1,2,3,0,1,4,0,0,30,0,0,0,0,0,4,2,11
,2021-40642,39.79813351,-104.8405199,9/21/2021 14:32,14:32,12,0,0,12500 BLK E 56TH AVE & N CHAMBERS RD,1,1,3,0,1,4,0,0,40,0,0,0,0,0,4,2,7
,2021-40644,39.77798351,-104.7751,9/20/2021 15:45,15:45,12,0,0,18200 BLK E 45TH AVE & N YAMPA ST,1,1,3,0,1,4,0,0,30,0,0,0,0,0,4,2,12
,2021-40647,39.71584354,-105.0254599,10/20/2021 3:40,3:40,5,0,1,FEDERAL BLVD & 23 BLK S,1,3,0,0,3,4,0,0,35,0,0,0,0,2,2,1,6
,2021-40648,39.70931654,-104.9875909,9/29/2021 16:00,16:00,6,0,0,E DAKOTA AVE & S BROADWAY ST,11,1,0,0,1,5,0,0,25,0,0,0,0,0,4,2,13
,2021-40649,39.73845353,-104.9976299,10/14/2021 2:26,2:26,3,0,2,N SPEER BLVD & W 14TH AVE,1,3,0,0,1,1,0,0,35,0,0,0,0,3,4,2,2
,2021-40650,39.67956354,-105.0250299,10/25/2021 0:12,0:12,1,0,0,S FEDERAL BLVD & W EVANS AVE,1,3,0,0,1,4,0,0,35,0,0,0,0,0,2,2,13
,2021-40651,39.78557351,-104.8383499,10/16/2021 11:30,11:30,12,0,0,E ANDREWS DR & N TITAN CT,1,1,0,0,1,4,0,0,30,0,0,0,0,0,4,2,16
,2021-40652,39.74002353,-104.9721299,10/24/2021 17:45,17:45,3,0,0,E COLFAX AVE & N MARION ST,1,2,0,0,1,9,0,0,40,0,0,0,0,0,2,2,13
,2021-40653,39.70186353,-104.9561799,10/25/2021 2:12,2:12,3,0,0,BONNIE BRAE BLVD & 700 BLK S,1,3,1,0,1,9,0,0,30,0,0,0,0,0,4,2,5
,2021-40654,39.67307354,-104.9922599,10/23/2021 19:20,19:20,8,0,0,W WESLEY AVE & S DELAWARE ST,1,3,0,0,1,1,0,0,25,0,0,0,0,0,4,2,8
,2021-40655,39.69673354,-105.0215399,10/17/2021 4:20,4:20,6,0,0,S DALE CT & W MISSISSIPPI AVE,1,3,0,0,1,4,0,0,25,0,0,0,0,0,4,2,13
,2021-40656,39.77313351,-104.74323,10/24/2021 11:50,11:50,5,0,0,MALAYA ST & 4136 BLK N,1,3,0,0,3,4,0,0,25,0,0,0,0,0,1,1,1
,2021-40657,39.72527841,-105.1417334,10/24/2021 19:00,19:00,12,0,0,I-25 & W 6TH AVE,1,2,0,0,1,4,0,0,65,0,0,0,0,0,1,2,16
,2021-40658,39.77585351,-104.8222799,10/24/2021 2:00,2:00,6,0,0,ANDREWS DR E & N DURHAM CT,1,3,0,0,1,4,0,0,,0,0,0,0,0,4,2,13
,2021-40659,39.70145354,-104.9875299,10/24/2021 2:20,2:20,5,0,0,I-25 & S BROADWAY,1,3,1,0,3,4,0,0,65,0,0,0,0,0,1,1,5
,2021-40660,39.63872355,-105.0825199,10/24/2021 19:13,19:13,12,0,0,QUINCY AVE W & S WADSWORTH BLVD,1,3,0,0,1,4,0,0,35,0,0,0,1,1,4,2,1
,2021-40661,39.71116354,-105.0299299,9/9/2021 7:51,7:51,12,0,0,W ALAMEDA AVE & S IRVING ST,1,1,1,0,1,4,0,0,35,0,0,0,0,0,4,2,13
,2021-40662,39.71497354,-105.0250799,10/24/2021 19:30,19:30,1,0,0,S FEDERAL BLVD & W BAYAUD AVE,1,3,1,0,1,1,0,0,40,0,0,0,0,0,2,2,1
,2021-40663,39.78031074,-104.9529317,10/13/2021 17:19,17:19,15,0,1,I-70 & N FILLMORE ST,1,1,0,0,1,4,0,0,65,0,0,0,0,3,1,2,1
,2021-40664,39.72817353,-104.9823599,10/20/2021 3:50,3:50,6,0,0,700 BLK N LOGAN ST & E 8TH AVE,1,3,1,0,1,4,0,0,30,0,0,0,0,0,4,2,13
,2021-40665,39.67834354,-104.9933799,10/14/2021 3:30,3:30,10,0,2,W EVANS  AVE & S SANTA FE DR,1,3,1,0,1,3,0,0,30,0,0,0,0,1,4,2,1
,2021-40666,39.71127353,-104.9034899,10/23/2021 18:26,18:26,3,0,1,QUEBEC ST S & ALAMEDA AVE E,1,3,0,0,1,1,0,0,35,0,0,0,0,3,4,2,1
,2021-40667,39.70665354,-104.9965899,10/17/2021 0:20,0:20,5,0,1,S SANTA FE DR & I-25,1,3,0,0,2,1,0,0,45,0,0,0,0,1,2,1,16
,2021-40668,39.78003353,-104.9891799,10/16/2021 8:10,8:10,12,0,0,I-25 & I-70,1,1,0,0,1,8,0,0,65,0,0,0,0,0,1,2,16
,2021-40669,39.67570354,-104.9407699,10/25/2021 11:31,11:31,15,0,0,S COLORADO BLVD & E ILIFF AVE,1,1,0,0,1,4,0,0,35,0,0,0,0,0,2,2,14
,2021-40670,39.68361354,-105.0250299,10/22/2021 17:30,17:30,15,0,0,S FEDERAL BLVD & W JEWELL AVE,1,1,0,0,1,4,0,0,40,0,0,0,0,0,2,2,13
,2021-40671,39.71135201,-104.8928838,10/25/2021 15:27,15:27,1,0,1,ALAMEDA AVE E & S FAIRMOUNT DR,1,1,0,0,1,1,0,0,45,0,0,0,0,2,4,2,7
,2021-40672,39.8379135,-104.68557,10/25/2021 5:37,5:37,15,0,0,78TH AVE 26000 BLK E & JACKSON GAP,1,3,0,0,1,4,0,0,45,0,0,0,0,0,4,2,13
,2021-40673,39.83560159,-104.7200153,9/26/2021 20:55,20:55,12,0,0,PENA BLVD & 7600 BLK,1,1,0,0,1,4,0,0,,0,0,0,0,0,4,2,13
,2021-40674,39.72579354,-105.0416199,8/13/2021 23:05,23:05,6,0,2,W 6TH AVE & N RALEIGH ST,1,3,0,0,1,4,0,0,65,0,0,0,0,3,2,2,13
,2021-40675,39.68939954,-104.9920549,10/26/2021 17:50,17:50,15,0,0,S SANTA FE DR & W FLORIDA AVE,11,4,0,1,1,4,0,0,45,0,0,0,0,0,2,2,13
,2021-40676,39.87899349,-104.6387,10/24/2021 9:24,9:24,16,0,0,101ST AVE & 29700 BLK E,1,4,0,0,5,4,0,0,,0,0,0,0,0,3,1,5
,2021-40677,39.75131353,-105.0165199,10/22/2021 15:29,15:29,12,0,1,I-25 & W 23RD AVE,1,2,0,0,1,4,0,0,55,0,0,0,0,1,1,2,16
,2021-40678,39.83324259,-104.6860256,10/25/2021 0:30,0:30,1,0,0,PENA BLVD & 75TH AVE,1,3,0,0,1,1,0,0,35,0,0,0,0,0,4,2,13
,2021-40679,39.69301354,-104.9924899,10/25/2021 18:30,18:30,8,0,1,S SANTA FE DR & W LOUISIANA AVE,1,1,0,0,1,2,0,0,45,0,0,0,1,3,2,2,14
,2021-40680,39.8334535,-104.68764,10/25/2021 8:08,8:08,15,0,0,PENA BLVD & JACKSON GAP,1,1,0,0,1,3,0,0,45,0,0,0,0,0,4,2,13
,2021-40681,39.77029353,-104.9719099,9/13/2021 7:00,7:00,15,0,0,38TH ST & WALNUT ST,1,1,0,0,1,1,0,0,30,0,0,0,0,0,4,2,16
,2021-40682,39.79105353,-105.0076699,10/26/2021 8:24,8:24,15,0,0,52ND AVE W & N PECOS ST,1,1,1,0,1,4,0,0,30,0,0,0,0,1,4,2,16
,2021-40683,39.70672812,-104.9875831,9/17/2021 18:26,18:26,12,0,0,I-25 SB & S BROADWAY ST,1,1,0,0,1,4,0,0,65,0,0,0,0,0,1,2,14
,2021-40684,39.70331354,-105.0484099,9/16/2021 17:24,17:24,6,0,0,700 BLK S WOLFF ST & W EXPOSITION AVE,1,1,0,0,1,4,0,0,,0,0,0,0,0,4,2,16
,2021-40685,39.74262363,-105.0135523,9/11/2021 2:01,2:01,5,0,0,AURARIA PKWY & I-25 SB ENT RAMP,1,3,1,0,2,8,0,0,,0,0,0,0,0,4,1,16
,2021-40686,39.76115353,-105.0047499,10/25/2021 8:51,8:51,12,0,0,I-25 & 20TH ST,1,1,1,0,1,4,0,0,55,0,0,0,0,0,1,2,13
,2021-40687,39.73843353,-104.9861099,9/13/2021 20:27,20:27,11,0,1,E 14TH AVE & N LINCOLN ST,1,3,0,0,1,1,0,0,35,0,1,0,0,1,4,1,13
,2021-40688,39.77420352,-104.8470299,10/25/2021 7:35,7:35,12,0,0,I-70 & N PEORIA ST,1,2,1,0,1,4,0,0,65,0,0,0,0,0,1,2,13
,2021-40689,39.8165208,-104.7673043,9/17/2021 17:57,17:57,6,0,0,4932 N CATHAY ST & 4932 BLK N,1,1,0,0,1,4,0,0,30,0,0,0,0,0,4,2,13
,2021-40690,39.75112353,-104.9914199,9/17/2021 20:20,20:20,15,0,0,1900 BLK ARAPAHOE ST & 20TH ST,1,3,0,0,1,4,0,0,30,0,0,0,0,0,4,2,16
,2021-40691,39.78260803,-104.9985394,9/23/2021 8:50,8:50,15,0,0,I-70 WB & N QUEBEC ST,1,1,0,0,1,4,0,0,65,0,0,0,0,0,1,2,7
,2021-40692,39.75603353,-105.0235999,10/26/2021 8:07,8:07,3,0,0,W 27TH AVE & N ELIIOT ST,1,1,1,0,1,1,0,0,25,0,0,0,0,0,4,2,13
,2021-40693,39.63827354,-104.8947899,9/9/2021 20:50,20:50,8,0,0,E QUINCY AVE & S TAMARAC ST,1,3,1,0,6,1,0,0,35,0,0,0,0,1,4,2,16
,2021-40694,39.74033953,-105.0463519,10/26/2021 14:21,14:21,1,0,0,COLFAX AVE W & VRAIN ST N,1,1,0,0,1,1,0,0,35,0,0,0,0,0,2,2,2
,2021-40695,39.74317353,-104.9895699,8/19/2021 21:18,21:18,11,0,1,16TH ST & TREMONT PL,1,3,0,0,1,1,0,0,0,0,1,0,0,3,4,1,16
,2021-40696,39.72412353,-104.9985699,10/8/2021 22:30,22:30,6,0,0,N SANTA FE DR & W 5TH AVE,1,3,0,0,1,4,0,0,35,0,0,0,0,0,4,2,14
,2021-40697,39.73308354,-105.0503499,8/22/2021 4:49,4:49,6,0,0,W 10TH AVE & N XAVIER ST,1,4,0,0,1,4,0,0,25,0,0,0,0,0,4,2,16
,2021-40698,39.69773075,-104.9408195,10/25/2021 18:20,18:20,12,0,0,I-25 & S COLORADO BLVD,1,2,0,0,1,4,0,0,65,0,0,0,0,0,1,2,3
,2021-40699,39.73660353,-105.0392999,9/26/2021 22:20,22:20,6,0,0,W 13TH AVE & N PERRY ST,1,3,0,0,1,3,0,0,25,0,0,0,0,0,4,2,14
,2021-40700,39.7546194,-104.9769498,9/26/2021 17:50,17:50,11,0,1,E 26TH AVE & N CLARKSON ST,1,1,0,0,1,1,0,0,30,0,0,1,0,2,4,1,1
,2021-40701,39.71815354,-105.0251099,9/25/2021 23:26,23:26,1,0,3,N FEDERAL BLVD & W 1ST AVE,1,4,0,0,1,1,0,0,35,0,0,0,0,3,2,2,13
,2021-40702,39.75941038,-104.9597724,10/10/2021 17:53,17:53,10,0,1,E MLK BLVD & N YORK ST,1,2,1,0,1,1,0,0,30,0,0,0,0,1,4,2,13
,2021-40703,39.75618185,-105.0155256,10/26/2021 6:45,6:45,12,0,0,I-25 & N SPEER BLVD,1,2,0,1,1,4,0,0,65,0,0,0,0,0,1,2,14
,2021-40704,39.73288353,-104.9034499,9/26/2021 21:00,21:00,12,0,0,N QUEBEC ST & E 11TH AVE,1,3,0,0,1,3,0,0,35,0,0,0,0,0,4,2,16
,2021-40705,39.78371351,-104.77446,10/25/2021 18:50,18:50,12,0,0,GVR BLVD E & N YAMPA ST,1,4,0,0,1,4,0,0,35,0,0,0,0,0,4,2,7
,2021-40706,39.66607274,-105.0814609,10/25/2021 17:23,17:23,3,0,1,W DARTMOUTH AVE & S WADSWORTH BLVD,1,3,0,0,1,1,0,0,25,0,0,0,0,1,2,2,1
,2021-40707,39.74004423,-105.0051712,10/25/2021 20:27,20:27,11,0,0,W COLFAX AVE & N OSAGE ST,1,3,0,0,1,1,0,0,35,0,1,0,0,0,4,1,16
,2021-40708,39.72553353,-105.0131199,10/26/2021 7:10,7:10,12,0,0,I-25 & W 6TH AVE,1,2,1,0,1,4,0,0,55,0,0,0,0,0,1,2,13
,2021-40709,39.78422353,-105.0251799,9/28/2021 22:55,22:55,1,0,0,N FEDERAL BLVD & I-70 EB ENT / EXIT RAMPS,1,3,0,0,1,1,0,0,40,0,0,0,0,0,2,2,16
,2021-40710,39.78238352,-104.8469999,9/23/2021 15:15,15:15,15,0,0,E 47TH AVE & N PEORIA ST,1,1,0,0,1,1,0,0,35,0,0,0,0,0,4,2,7
,2021-40711,39.78154351,-104.76889,9/29/2021 16:46,16:46,6,0,0,ANDES ST & 4726 N,11,1,0,1,1,4,0,0,35,0,0,0,0,0,4,2,16
,2021-40757,39.78226352,-104.8613199,9/20/2021 15:00,15:00,10,0,0,E 47TH AVE & N JOLIET ST,1,1,3,0,1,1,0,0,35,0,0,0,0,0,4,2,11
,2021-40820,39.76922352,-104.9234399,10/26/2021 12:45,12:45,1,0,1,38TH AVE E & HUDSON ST N,1,1,0,0,1,1,0,0,25,0,0,0,0,2,4,2,1
,2021-40821,39.78008352,-104.9404999,10/26/2021 7:55,7:55,12,0,0,I-70 & N COLORADO BLVD,1,1,1,0,1,4,0,0,65,0,0,0,0,0,1,2,7
,2021-40822,39.71109289,-105.0691329,10/25/2021 13:11,13:11,5,0,0,I-25 & W ALAMEDA AVE,1,1,1,0,6,4,0,0,55,0,0,0,0,0,1,1,1
,2021-40823,39.68472354,-104.9594399,10/26/2021 12:58,12:58,5,0,0,I-25 & S UNIVERSITY BLVD,11,1,0,1,2,4,0,0,55,0,0,0,0,0,1,1,3
,2021-40824,39.72527841,-105.1417334,10/26/2021 14:49,14:49,12,0,1,I-25 & W 6TH AVE,1,1,1,0,1,4,0,0,65,0,0,0,0,1,1,2,13
,2021-40825,39.76443353,-105.0111899,10/26/2021 12:05,12:05,3,0,0,W 34TH AVE & N TEJON ST,1,1,1,0,1,1,0,0,25,0,0,0,0,0,4,2,13
,2021-40826,39.77666351,-104.8098995,10/9/2021 20:15,20:15,15,0,0,E 56TH AVE & N CHAMBERS RD,1,3,0,0,1,4,0,0,40,0,0,0,0,0,4,2,1
,2021-40827,39.62942354,-104.89519,10/16/2021 18:51,18:51,1,0,0,S ULSTER ST & E UNION AVE,1,3,0,0,1,1,0,0,30,0,0,0,0,0,4,2,5
,2021-40828,39.74082353,-104.9760699,10/24/2021 21:08,21:08,6,0,0,EMERSON ST N & 1500 BLK N,1,4,0,0,1,4,0,0,25,0,0,0,0,0,4,2,14
,2021-40829,39.73526353,-104.9986599,10/26/2021 14:53,14:53,1,0,0,W 12TH AVE & N SANTA FE DR,1,1,0,0,1,1,0,0,25,0,0,0,0,0,4,2,13
,2021-40830,39.74013353,-104.9172499,10/19/2021 3:34,3:34,5,0,0,E COLFAX AVE & N KEARNEY ST,1,3,0,0,2,1,0,0,35,0,0,0,0,0,2,1,5
,2021-40831,39.76115353,-105.0047499,10/25/2021 15:06,15:06,12,0,0,I-25 & 20TH ST,1,1,0,0,1,4,0,0,65,0,0,0,0,0,1,2,13
,2021-40832,39.74009468,-104.9035119,10/25/2021 16:43,16:43,12,0,0,I-70 & N QUEBEC ST,1,1,0,0,1,4,0,0,55,0,0,0,0,0,1,2,13
,2021-40833,39.75769353,-105.0532299,10/26/2021 15:09,15:09,12,0,0,N SHERIDAN BLVD & W 29TH AVE,1,1,1,0,1,4,0,0,35,0,0,0,0,0,2,2,13
,2021-40834,39.77862069,-104.9220073,10/25/2021 16:33,16:33,12,0,0,I-70 & N HOLLY ST,1,1,1,0,1,4,0,1,55,0,0,0,0,0,1,2,3
,2021-40835,39.73917912,-104.9628743,4/1/2021 10:52,10:52,11,0,1,N RACE VINE ALY & N RACE ST ALLEY,1,1,0,0,1,5,0,0,0,0,1,0,0,3,4,1,16
,2021-40836,39.73310354,-105.0532299,10/1/2021 17:10,17:10,15,0,0,W 10TH AVE & N SHERIDAN  BLVD,1,1,0,0,1,1,0,0,35,0,0,0,0,0,2,2,1
,2021-40837,39.77446352,-104.8658699,10/26/2021 17:09,17:09,1,0,0,N HAVANA ST & I-70,1,2,0,0,1,1,0,0,35,0,0,0,0,0,4,2,13
,2021-40838,39.65309354,-104.9281639,10/26/2021 8:08,8:08,12,0,1,E HAMPDEN AVE & S FAIRFAX AVE,1,1,0,0,1,3,0,0,35,0,0,0,0,1,2,2,16
,2021-40839,39.81940044,-104.9828907,10/26/2021 18:32,18:32,12,0,0,I-25 & I-225,11,3,0,1,1,4,0,0,65,0,0,0,0,0,4,3,1
,2021-40840,39.67844354,-104.9357699,10/26/2021 8:22,8:22,15,0,0,EVANS AVE E & BIRCH ST S,1,1,0,0,1,4,0,0,35,0,0,0,0,0,4,2,1
,2021-40841,39.78364751,-104.809787,10/26/2021 17:35,17:35,5,0,0,W GATEWAY AVE & N CHAMBERS RD,11,1,0,1,2,4,0,0,35,0,0,0,0,0,4,1,14
,2021-40842,39.78081352,-104.9667899,9/8/2021 12:25,12:25,12,1,3,E 46TH AVE & N BRIGHTON BLVD,1,1,0,0,1,4,0,1,65,0,0,0,0,4,2,2,1
,2021-40843,39.77657353,-105.0526499,10/26/2021 9:37,9:37,15,0,0,44TH AVE & 5100 BLK W,1,1,1,0,1,5,0,0,20,0,0,0,0,0,4,2,16
,2021-40844,39.78004353,-104.9789899,10/26/2021 18:06,18:06,1,0,0,N WASHINGTON ST & I-70 WB ENT / EXIT RAMP,11,3,0,1,1,1,0,0,35,0,0,0,0,0,4,2,1
,2021-40845,39.75259039,-104.9848982,10/26/2021 7:31,7:31,12,0,1,I-25 & PARK AVE W,1,1,0,0,1,4,0,0,65,0,0,0,0,1,1,2,14
,2021-40846,39.70418354,-105.0468899,10/12/2021 23:03,23:03,6,0,0,S VRAIN ST & W EXPOSITION AVE,1,4,0,0,1,4,0,0,25,0,0,0,0,0,4,2,5
,2021-40847,39.77727352,-104.8827699,9/25/2021 5:00,5:00,12,0,0,I-70 WB & N CENTRAL PARK BLVD,1,3,0,0,1,4,0,1,55,0,0,0,0,0,1,3,16
,2021-40848,39.76192352,-104.9456099,10/26/2021 4:31,4:31,6,0,0,E MLK BLVD & RICHARD ALLEN CT,1,3,0,0,1,4,0,0,30,0,0,0,0,0,4,3,8
,2021-40849,39.73827353,-104.9239899,10/28/2021 17:47,17:47,12,0,1,N COLORADO BLVD & E 14TH AVE,1,1,0,0,1,4,0,0,35,0,0,0,0,2,2,4,5
,2021-40850,39.73204353,-104.9740899,5/8/2021 22:44,22:44,6,0,0,E 10TH AVE & N CORONA ST,11,3,0,1,1,1,0,0,25,0,0,0,0,0,4,3,5
,2021-40851,39.74015352,-104.8952399,9/5/2021 0:10,0:10,6,0,0,E COLFAX AVE & N TAMARAC ST,1,3,0,0,1,4,0,0,35,0,0,0,0,0,4,3,16
,2021-40852,39.68013354,-104.9213999,10/1/2021 21:13,21:13,15,0,0,S HOLLY ST & E EVANS AVE,1,3,0,0,1,2,0,0,30,0,0,0,0,0,4,2,13
,2021-40853,39.76666352,-104.9091199,9/13/2021 15:00,15:00,6,0,0,N NEWPORT ST & 35TH ST,1,1,0,0,1,4,0,0,25,0,0,0,0,0,4,3,5
,2021-40854,39.74960353,-105.0003499,9/17/2021 20:35,20:35,11,0,1,15TH ST & BLAKE ST,1,3,0,0,1,1,0,0,25,0,1,0,0,2,4,1,14
,2021-40855,39.71657353,-104.9874899,10/27/2021 11:19,11:19,10,0,0,E ELLSWORTH AVE & N BROADWAY ST,1,1,0,0,1,3,0,0,30,0,0,0,0,0,4,2,8
,2021-40856,39.79100352,-104.9499399,10/22/2021 21:34,21:34,6,0,0,52ND AVE E & N STEELE ST,1,3,0,0,1,4,0,0,25,0,0,0,0,0,4,2,9
,2021-40857,39.67844354,-104.9337599,10/22/2021 19:01,19:01,12,0,1,I-25 NB ON RAMP & E EVANS AVE,1,3,2,0,1,8,0,0,40,0,0,0,0,1,1,3,13
,2021-40858,39.73999353,-105.0194399,10/27/2021 16:11,16:11,12,0,2,W COLFAX AVE & I-25 SB OFF RAMP,1,1,0,0,1,1,0,0,40,0,0,0,0,2,2,3,1
,2021-40859,39.69852353,-104.9035399,10/3/2021 21:02,21:02,12,0,2,S PARKER RD & S QUEBEC ST,1,3,0,0,1,1,0,0,40,0,0,0,0,2,4,3,3
,2021-40860,39.89935675,-104.9402419,10/29/2021 6:29,6:29,12,0,0,I-70 & N COLORADO BLVD,1,1,0,0,1,4,0,0,55,0,0,0,0,0,1,3,7
,2021-40861,39.79845351,-104.8660499,10/12/2021 18:39,18:39,3,0,0,E 56TH AVE & N HAVANA ST,1,1,0,0,1,1,0,0,40,0,0,0,0,0,4,4,1
,2021-40862,39.75259039,-104.9848982,10/29/2021 16:07,16:07,12,0,0,I-25 & PARK AVE W,1,1,0,0,1,4,0,0,55,0,0,0,0,0,1,4,16
,2021-40863,39.74562263,-104.9222373,10/21/2021 19:26,19:26,12,0,1,N COLORADO BLVD & E 19TH AVE,1,2,0,0,1,4,0,0,35,0,0,0,0,1,2,2,13
,2021-40864,39.74220353,-104.9874099,10/29/2021 17:25,17:25,11,0,0,N BROADWAY ST & CLEVELAND PL,1,1,0,0,1,1,0,0,0,0,1,0,0,0,4,1,16
,2021-40865,39.72931353,-105.0148199,10/30/2021 21:00,21:00,15,0,0,I-25 & W 8TH AVE,1,3,0,0,1,4,0,0,65,0,0,0,0,0,1,2,16
,2021-40866,39.77582352,-104.8657299,10/28/2021 6:20,6:20,15,0,0,I-70 & N HAVANA ST,1,3,1,0,1,4,0,0,65,0,0,0,0,0,1,3,1
,2021-40867,39.74321353,-104.9609999,10/31/2021 2:29,2:29,6,0,1,E 17TH AVE & N GAYLORD ST,1,3,0,0,1,4,0,0,30,0,0,0,0,1,4,4,7
,2021-40868,39.74598353,-104.9980399,10/15/2021 23:56,23:56,3,0,1,14TH ST & ARAPAHOE ST,1,3,0,0,1,1,0,0,25,0,1,0,0,2,4,3,9
,2021-40869,39.74015353,-105.0052299,10/17/2021 18:17,18:17,12,0,2,W COLFAX AVE & N OSAGE ST,1,3,0,0,1,4,0,0,35,0,0,0,0,3,2,4,14
,2021-40870,39.72541754,-105.0252199,10/27/2021 6:48,6:48,12,0,3,W 6TH AVE & N FEDERAL BLVD,1,2,0,0,1,4,0,0,55,0,0,0,0,1,1,4,14
,2021-40871,39.7980115,-104.6524964,10/31/2021 1:00,1:00,5,0,0,PENA BLVD & E 56TH AVE,1,3,0,0,3,4,0,0,,0,0,0,0,0,4,1,5
,2021-40872,39.78020353,-104.9891799,10/31/2021 17:05,17:05,5,0,0,I-70 & I-25,1,1,0,0,3,8,0,0,65,0,0,0,0,0,1,1,10
,2021-40873,39.79759351,-104.8353999,10/31/2021 3:20,3:20,5,0,0,E RANDOLPH PL & N UVALDA ST,1,3,0,0,3,3,0,0,30,0,0,0,0,0,4,1,5
,2021-40874,39.8342135,-104.74685,10/16/2021 14:30,14:30,15,0,0,PENA BLVD & E-470,1,1,0,0,1,4,0,0,65,0,0,0,0,0,4,2,14
,2021-40875,39.66739354,-104.9455299,10/23/2021 4:11,4:11,6,0,0,MADISON ST S & YALE AVE E,1,4,0,0,1,4,0,0,25,0,0,0,0,0,4,2,16
,2021-40876,39.70725099,-104.9733709,10/27/2021 19:08,19:08,15,0,1,I-25 & S DOWNING ST,1,3,0,0,1,4,0,0,60,0,0,0,0,1,1,3,7
,2021-40877,39.71116354,-105.0299599,10/31/2021 1:00,1:00,12,0,0,ALAMEDA AVE W & IRVING ST S,1,3,0,0,1,1,0,0,35,0,0,0,0,0,2,2,5
,2021-40878,39.75133353,-104.9929199,10/30/2021 23:37,23:37,11,0,1,19TH ST & LAWRENCE ST,1,3,0,0,1,1,0,0,0,0,1,0,0,2,4,1,16
,2021-40879,39.73869352,-104.8952299,10/30/2021 21:26,21:26,15,0,0,E 14TH AVE & N TAMARAC ST,1,3,0,0,1,1,0,0,30,0,0,0,0,0,4,2,13
,2021-40880,39.69685354,-105.0532199,10/27/2021 19:51,19:51,12,0,0,MORRISON RD & SHERIDAN BLVD S,1,3,0,0,1,1,0,0,,0,0,0,0,0,2,2,5
,2021-40881,39.69227354,-104.9769399,10/26/2021 15:18,15:18,12,0,0,I-25 & S EMERSON ST,1,1,0,0,1,4,0,0,65,0,0,0,0,0,1,2,13
,2021-40894,39.69669854,-104.9918704,11/1/2021 17:08,17:08,1,0,1,W MISSISSIPPI AVE & S SANTA FE DR,1,3,3,0,1,1,0,0,35,0,0,0,0,1,2,2,8