id,drcog_id,latitude,longitude,crashtime,time,crashtype,numbkilled,numbinjurd,drcoglocat,rdconditin,lightngcon,roadcntgrd,weatherco,location,roaddescrp,schoolzone,constrzone,splimit,bikeinv,pedinv,sctrinv,motoinv,svrty,rdsystem,ttlvehcls,hcf
,2021-40895,39.67302354,-104.9593799,11/1/2021 17:15,17:15,12,0,0,UNIVERSITY BLVD S & WESLEY AVE E,1,1,3,0,1,1,0,0,30,0,0,0,0,0,4,2,3
,2021-41011,39.74525353,-104.9832099,10/21/2021 21:51,21:51,14,0,0,GRANT ST N & E 18TH AVE,1,3,0,0,1,4,0,0,30,0,0,0,0,0,4,2,5
,2021-41012,39.76475353,-104.9594199,8/19/2021 15:46,15:46,3,0,0,N YORK ST & E BRUCE RANDOLPH AVE,11,1,0,1,1,2,0,0,30,0,0,0,0,0,4,3,16
,2021-41013,39.75520353,-105.0129099,10/30/2021 22:58,22:58,1,0,0,N SPEER BLVD & I-25,1,3,0,0,1,1,0,0,35,0,0,0,0,0,4,2,13
,2021-41014,39.76194852,-104.9406604,10/6/2021 15:00,15:00,3,0,0,E MLK BLVD & N COLORADO BLVD,1,1,0,0,1,1,0,0,35,0,0,0,0,0,2,2,16
,2021-41015,39.65304354,-104.87621,10/29/2021 16:52,16:52,5,0,0,HAMPDEN AVE & 9600 BLK E,1,2,0,0,3,4,0,0,40,0,0,0,0,0,2,1,13
,2021-41016,39.76684353,-105.0111899,10/14/2021 0:10,0:10,3,0,1,W 36TH AVE & N TEJON ST,1,3,0,0,1,1,0,0,25,0,0,0,0,1,4,2,14
,2021-41017,39.79275352,-104.8882799,10/22/2021 1:25,1:25,5,0,1,E PRAIRIE MEADOW DR & E 53RD AVE,1,3,0,0,2,4,0,0,30,0,0,0,0,2,4,1,5
,2021-41018,39.74380353,-104.9547699,10/6/2021 16:05,16:05,12,0,0,N DETROIT ST & E 17TH AVE,1,1,0,0,1,1,0,0,30,0,0,0,0,0,4,2,10
,2021-41019,39.63874555,-105.0740599,10/2/2021 15:24,15:24,3,0,2,REED ST S & QUINCY AVE W,1,1,0,0,1,1,0,0,10,0,0,0,1,3,4,2,13
,2021-41020,39.70041354,-105.0238499,10/29/2021 16:29,16:29,3,0,1,ELIOT ST S & KENTUCKY AVE W,1,1,0,0,1,1,0,0,25,0,0,0,0,2,4,2,7
,2021-41021,39.67846454,-104.9315884,10/18/2021 1:00,1:00,12,0,0,E EVANS AVE & S DAHLIA ST,1,3,0,0,1,1,0,0,35,0,0,0,0,0,4,2,13
,2021-41022,39.74195353,-104.9453499,10/29/2021 16:37,16:37,3,0,0,16TH AVE E & MONROE ST N,1,1,1,0,1,1,0,0,25,0,0,0,0,0,4,2,13
,2021-41023,39.68207353,-104.9128799,10/29/2021 12:24,12:24,3,0,0,S MONACO ST & E JEWELL AVE,1,1,0,0,1,1,0,0,35,0,0,0,0,0,4,2,16
,2021-41024,39.72527841,-105.1417334,10/28/2021 23:35,23:35,12,0,0,I-25 & W 6TH AVE,1,3,0,0,1,4,0,0,55,0,0,0,0,0,1,2,13
,2021-41025,39.73511953,-104.9524154,10/29/2021 17:47,17:47,1,0,0,N COLORADO BLVD & E 12TH AVE (RD E),1,2,1,0,1,1,0,0,35,0,0,0,0,0,4,2,13
,2021-41026,39.72527841,-105.1417334,10/29/2021 10:41,10:41,12,0,0,I-25 & W 6TH AVE,1,1,0,0,1,4,0,0,55,0,0,0,0,0,1,2,7
,2021-41027,39.728781,-104.9004821,10/28/2021 17:44,17:44,3,0,0,53RD PL E & N ROSLYN  ST,1,1,0,0,1,1,0,0,25,0,0,0,0,0,4,2,13
,2021-41028,39.69296354,-104.9733999,10/27/2021 10:28,10:28,12,0,0,E LOUISIANA AVE & S DOWNING ST,1,1,0,0,1,1,0,0,30,0,0,0,0,0,4,2,13
,2021-41029,39.77827801,-105.0029314,10/29/2021 14:20,14:20,8,0,0,MARIPOSA WY N & 45TH AVE W,1,1,0,0,1,4,0,0,15,0,0,0,0,0,4,2,7
,2021-41030,39.75128353,-105.0167799,10/7/2021 16:30,16:30,15,0,0,I-25 SB ON RAMP & W 23RD AVE,1,1,0,0,1,4,0,0,55,0,0,0,0,0,1,2,13
,2021-41031,39.77742243,-104.9129089,10/29/2021 6:51,6:51,12,0,0,I-70 & N MONACO ST,1,1,0,0,1,4,0,0,65,0,0,0,0,0,1,2,7
,2021-41032,39.76928353,-105.0096099,10/16/2021 15:19,15:19,12,0,0,W 38TH AVE & N SHOSHONE ST,1,1,0,0,1,1,0,0,30,0,0,0,0,0,4,2,13
,2021-41033,39.78010352,-104.9497999,10/29/2021 9:22,9:22,12,0,0,I-70 & N STEELE ST,1,1,0,0,1,4,0,0,65,0,0,0,0,0,1,2,3
,2021-41034,39.77727352,-104.8827699,10/29/2021 18:14,18:14,12,0,0,I-70 & N CENTRAL PARK BLVD,1,3,0,0,1,4,0,0,65,0,0,0,0,0,1,2,1
,2021-41035,39.72018353,-104.9546099,10/29/2021 10:26,10:26,15,0,0,N DETROIT ST & E 3RD AVE,1,1,0,0,1,3,0,0,25,0,0,0,0,0,4,2,13
,2021-41036,39.72563353,-104.9874299,10/29/2021 12:39,12:39,11,0,1,W 6TH AVE & N BROADWAY ST,1,1,0,0,1,1,0,0,0,0,0,1,0,2,4,1,16
,2021-41037,39.77987352,-104.9671599,10/15/2021 16:57,16:57,15,0,0,I-70 & N BRIGHTON BLVD,1,1,0,0,1,4,0,0,65,0,0,0,0,0,1,2,16
,2021-41038,39.73007353,-104.9351599,10/28/2021 1:08,1:08,9,0,2,N CLERMONT ST & E 8TH AVE,1,3,0,0,1,2,0,0,,0,0,0,1,3,4,1,16
,2021-41039,39.72068572,-104.8988327,10/29/2021 16:44,16:44,3,0,0,N RAMPART WY & E 1ST PL,1,1,0,0,1,1,0,0,25,0,0,0,0,1,4,2,1
,2021-41040,39.8332535,-104.77252,10/29/2021 15:29,15:29,9,0,0,7500 BLK PENA BLVD INBOUND & E 470,1,1,0,0,1,1,0,0,45,0,0,0,0,0,4,1,14
,2021-41041,39.62389354,-104.9040099,10/28/2021 8:20,8:20,10,0,0,E BELLEVIEW AVE & S QUEBEC ST,1,1,1,0,1,3,0,0,25,0,0,0,0,0,4,2,13
,2021-41042,39.8320035,-104.71553,10/29/2021 13:11,13:11,15,0,0,75TH AVE E & N GUN CLUB RD,1,1,0,0,1,1,0,0,45,0,0,0,0,0,4,2,8
,2021-41043,39.78786351,-104.80976,4/5/2021 15:13,15:13,15,0,0,N CHAMBERS  RD & E 52ND AVE,1,1,0,0,1,4,0,0,40,0,0,0,0,0,4,2,9
,2021-41044,39.76838451,-104.9451265,10/29/2021 0:48,0:48,5,0,1,46TH AVE E & MONROE ST N,1,3,0,0,4,1,0,0,25,0,0,0,0,2,4,1,5
,2021-41045,39.75834366,-104.9081291,10/28/2021 22:55,22:55,5,0,1,LEETSDALE DR E & ONEIDA ST,1,3,0,0,3,1,0,0,,0,0,0,0,1,2,1,5
,2021-41046,39.78438353,-105.0251799,10/29/2021 7:28,7:28,5,0,2,I-70 & N FEDERAL BLVD,1,1,0,0,3,4,0,0,55,0,0,0,0,1,1,2,14
,2021-41047,39.65310354,-104.9047099,10/29/2021 19:50,19:50,1,0,0,E HAMPDEN AVE & S POPLAR ST,1,4,0,0,1,1,0,0,40,0,0,0,0,0,2,2,13
,2021-41048,39.74033354,-105.0416499,10/25/2021 15:40,15:40,6,0,0,N RALEIGH ST & W COLFAX AVE,1,1,0,0,1,4,0,0,25,0,0,0,0,0,4,2,13
,2021-41049,39.75098353,-105.0091699,10/10/2021 12:00,12:00,6,0,0,2099 ELITCH CIR & 2099 BLK,1,1,0,0,1,1,0,0,15,0,0,0,0,0,4,2,7
,2021-41050,39.66372354,-105.0227799,10/28/2021 16:33,16:33,3,0,0,W BATES AVE & S DECATUR ST,1,1,0,0,1,1,0,0,25,0,0,0,0,0,4,2,3
,2021-41051,39.74015353,-104.9127899,10/29/2021 7:35,7:35,12,0,0,E COLFAX AVE & N MONACO ST,1,2,0,0,1,1,0,0,35,0,0,0,0,0,2,2,5
,2021-41052,39.70665354,-104.9965899,10/9/2021 13:34,13:34,15,0,0,I-25 & S SANTA FE DR,1,1,0,0,1,4,0,0,65,0,0,0,0,0,1,2,1
,2021-41053,39.71120354,-104.9991199,10/27/2021 16:34,16:34,12,0,0,I-25 & W ALAMEDA AVE,1,1,1,0,1,4,0,0,65,0,0,0,0,0,1,2,13
,2021-41054,39.69299354,-104.9777299,10/28/2021 17:49,17:49,12,0,0,I-25 & E LOUISIANA AVE,1,1,0,0,1,4,0,0,65,0,0,0,0,0,1,2,3
,2021-41055,39.68999354,-104.9734099,10/28/2021 15:39,15:39,15,0,2,I-25 & S DOWNING ST,1,1,0,0,1,4,0,0,55,0,0,0,0,1,1,2,13
,2021-41056,39.71815354,-105.0250999,10/27/2021 15:30,15:30,10,0,0,FEDERAL BLVD N & 1ST AVE (RD W),1,1,0,0,1,1,0,0,35,0,0,0,0,0,2,2,13
,2021-41057,39.81106351,-104.77211,10/28/2021 16:35,16:35,1,0,1,N TOWER RD & E 63RD AVE,1,1,0,0,1,2,0,0,40,0,0,0,0,2,4,2,1
,2021-41058,39.73387353,-105.0251499,10/29/2021 7:42,7:42,5,0,0,N FEDERAL BLVD & W 11TH AVE,1,1,0,0,3,4,0,0,35,0,0,0,0,0,2,1,3
,2021-41059,39.71134153,-104.9035399,10/28/2021 19:04,19:04,1,0,0,E ALAMEDA AVE & S QUEBEC ST,1,3,0,0,1,1,0,0,35,0,0,0,0,0,4,2,7
,2021-41060,39.76810352,-104.9486999,10/22/2021 15:09,15:09,6,0,0,37TH AVE E & N ADAMS ST,1,1,1,0,1,4,0,0,35,0,0,0,0,0,4,2,16
,2021-41061,39.75131353,-105.0165199,10/19/2021 7:00,7:00,15,0,0,I-25 & W 23RD AVE,1,2,0,0,1,4,0,0,55,0,0,0,0,0,1,2,16
,2021-41062,39.72553353,-105.0131199,10/28/2021 14:41,14:41,12,0,0,I-25 & W 6TH AVE,1,1,0,0,1,4,0,0,55,0,0,0,0,0,1,2,13
,2021-41063,39.75132353,-105.0066099,10/28/2021 14:14,14:14,12,0,0,SPEER BLVD N & WEWATTA ST,1,1,1,0,1,4,0,0,35,0,0,0,0,0,4,2,13
,2021-41064,39.67290997,-104.9664196,10/28/2021 18:46,18:46,3,0,1,E EVANS AVE & S WILLIAMS ST,1,3,0,0,1,1,0,0,30,0,0,0,0,1,4,2,7
,2021-41065,39.68486354,-104.9594399,10/28/2021 17:18,17:18,12,0,2,I-25 & S UNIVERSITY BLVD,1,2,0,0,1,4,0,0,60,0,0,0,0,1,1,2,3
,2021-41066,39.76535353,-104.9748099,10/27/2021 16:13,16:13,1,0,1,LAWRENCE ST & 34TH ST,1,1,0,0,1,1,0,0,30,0,0,0,0,2,4,2,3
,2021-41067,39.77871552,-104.916581,10/28/2021 21:19,21:19,15,0,0,HOLLY ST N & STAPLETON DR NE,1,3,0,0,1,1,0,0,35,0,0,0,0,0,4,2,13
,2021-41068,39.78011352,-104.9529599,10/28/2021 15:11,15:11,12,0,0,I-70 & N VASQUEZ BLVD,1,1,1,0,1,4,0,1,65,0,0,0,0,0,1,2,4
,2021-41069,39.75083353,-104.9813999,10/28/2021 21:31,21:31,11,0,1,GLENARM PL & PARK AVE,1,3,0,0,1,1,0,0,0,0,0,1,0,2,4,2,16
,2021-41070,39.7728982,-105.0205039,10/27/2021 16:56,16:56,2,0,1,W 41ST AVE & N CLAY ST,1,1,0,1,1,1,0,0,30,1,0,0,0,2,4,2,13
,2021-41071,39.72553353,-105.0131199,10/27/2021 18:58,18:58,12,0,0,I-25 & W 6TH AVE,1,3,0,0,1,4,0,0,65,0,0,0,0,0,1,2,3
,2021-41072,39.67844354,-104.9337599,10/27/2021 16:36,16:36,12,0,0,I-25 & E EVANS AVE,1,2,0,0,1,4,0,0,60,0,0,0,0,0,1,2,13
,2021-41073,39.74006353,-104.9903499,10/10/2021 15:10,15:10,15,0,0,W COLFAX AVE & 14TH ST,1,1,0,0,1,1,0,0,,0,0,0,0,0,2,2,16
,2021-41074,39.75536353,-105.0126799,10/27/2021 18:59,18:59,12,0,1,I-25 & N SPEER BLVD,1,3,0,0,1,4,0,0,65,0,0,0,0,1,1,2,13
,2021-41075,39.73839353,-104.9730099,10/27/2021 19:54,19:54,10,0,0,14TH AVE E & DOWNING ST N,1,4,0,0,1,1,0,0,30,0,0,0,0,0,4,2,13
,2021-41076,39.75208353,-105.0236099,10/28/2021 11:47,11:47,6,0,0,N ELIOT ST & W 24TH AVE,1,1,1,0,1,4,0,0,25,0,0,0,0,0,4,2,16
,2021-41077,39.75867253,-104.9782174,10/28/2021 0:10,0:10,3,0,1,29TH ST & CHAMPA ST,1,3,0,0,1,1,0,0,30,0,0,0,0,2,4,2,5
,2021-41078,39.77713352,-104.8829699,10/28/2021 11:56,11:56,5,0,0,I-70 & N CENTRAL PARK BLVD,1,1,0,0,1,4,0,0,65,0,0,0,0,0,1,2,14
,2021-41079,39.67668785,-104.9687314,10/28/2021 8:16,8:16,12,0,0,I-25 & S FRANKLIN ST,1,1,0,0,1,4,0,0,65,0,0,0,0,0,1,2,3
,2021-41080,39.72922353,-104.9406799,10/23/2021 20:25,20:25,3,0,0,N COLORADO BLVD & E 8TH AVE,1,3,0,0,1,1,0,0,35,0,0,0,0,0,2,2,1
,2021-41081,39.76191352,-104.9152099,10/27/2021 16:36,16:36,12,0,0,MLK BLVD E & N LEYDEN ST,1,1,0,0,1,1,0,0,35,0,0,0,0,1,4,2,13
,2021-41082,39.70570354,-105.0203799,10/27/2021 1:50,1:50,6,0,0,W CENTER AVE & S CLAY ST,1,3,1,0,3,4,0,0,25,0,0,0,0,0,4,2,5
,2021-41083,39.7252717,-105.0529479,10/27/2021 11:22,11:22,15,0,2,W 6TH AVE EB ON RAMP & N SHERIDAN BLVD,1,1,0,0,1,4,0,0,65,0,0,0,0,1,1,2,7
,2021-41084,39.73416353,-104.9383899,6/17/2021 19:18,19:18,6,0,0,E HALE PKWY & N ASH ST,1,1,0,0,1,1,0,0,30,0,0,0,0,0,4,2,13
,2021-41085,39.73266353,-104.9194499,10/27/2021 22:14,22:14,6,0,0,JERSEY ST & E 10TH AVE,1,3,0,0,1,4,0,0,,0,0,0,0,0,4,2,16
,2021-41086,39.70126354,-104.9874499,10/27/2021 16:43,16:43,3,0,0,BROADWAY ST S & I-25 SB OFF RAMP,1,1,1,0,1,1,0,0,30,0,0,0,0,0,1,2,13
,2021-41087,39.68945354,-105.0366999,10/28/2021 0:06,0:06,5,0,1,FLORIDA AVE W & NEWTON ST S,1,3,0,0,2,4,0,0,35,0,0,0,0,2,4,1,5
,2021-41088,39.78332353,-105.0345699,10/26/2021 19:03,19:03,5,0,0,I-70 & N LOWELL BLVD,11,3,1,1,6,4,0,0,55,0,0,0,0,0,1,1,1
,2021-41089,39.77107452,-104.8464169,10/27/2021 18:43,18:43,1,0,4,N PEORIA ST & E 39TH AVE,1,3,0,0,1,1,0,0,35,0,0,0,0,2,4,2,7
,2021-41090,39.75388353,-104.9913699,10/23/2021 22:30,22:30,12,0,0,LARIMER ST & 21ST ST,1,3,0,0,1,4,0,0,30,0,0,0,0,0,4,2,13
,2021-41091,39.73047895,-104.9143534,10/28/2021 7:55,7:55,3,0,0,E 9TH AVE & N ASH ST,1,1,0,0,1,1,0,0,30,0,0,0,0,0,4,2,7
,2021-41092,39.73203353,-104.9822499,10/27/2021 0:22,0:22,3,0,0,104TH AVE E & N LOGAN ST,1,3,0,0,1,1,0,0,30,0,0,0,0,0,4,2,13
,2021-41093,39.72569653,-105.0001594,10/27/2021 16:30,16:30,15,0,0,N KALAMATH ST & W 6TH AVE,1,1,0,0,1,4,0,0,55,0,0,0,0,0,2,2,13
,2021-41094,39.77987352,-104.9671599,9/22/2021 23:20,23:20,15,0,0,I-70 EB & N BRIGHTON BLVD,1,3,0,0,1,4,0,0,55,0,0,0,0,0,1,2,13
,2021-41095,39.74002353,-104.9980499,10/26/2021 20:09,20:09,3,0,1,W COLFAX AVE & N SPEER BLVD NB,11,3,0,1,1,1,0,0,35,0,0,0,0,3,2,2,13
,2021-41096,39.77967353,-104.9791499,10/26/2021 22:04,22:04,12,0,0,I-70 & N WASHINGTON ST,1,3,0,0,1,4,0,0,55,0,0,0,0,0,1,2,7
,2021-41097,39.73998353,-104.9622299,10/10/2021 19:45,19:45,11,0,1,E COLFAX & N VINE ST,1,3,0,0,1,1,0,0,30,0,1,0,0,3,2,1,1
,2021-41098,39.76568353,-104.9950429,10/27/2021 6:10,6:10,1,0,0,PARK AVE W & N GLOBEVILLE RD,1,3,0,0,1,1,0,0,35,0,0,0,0,1,4,2,7
,2021-41099,39.73196353,-104.9845299,10/13/2021 2:30,2:30,6,0,0,200 BLK E 10TH AVE & N GRANT ST,1,3,0,0,1,4,0,0,30,0,0,0,0,0,4,2,14
,2021-41194,39.73763353,-104.9718399,9/22/2021 14:10,14:10,5,0,1,1300 BLOCK N MARION ST & E 13TH AVE,1,1,3,0,3,9,0,0,10,0,0,0,0,2,4,1,3
,2021-41195,39.72412353,-104.9534099,9/22/2021 12:24,12:24,2,0,0,N FILLMORE ST & E 5TH AVE,1,1,3,0,1,1,0,0,25,1,0,0,0,0,4,1,13
,2021-41197,39.73684353,-104.9902499,9/23/2021 14:53,14:53,3,0,0,200 BLK W 13TH AVE & CHEROKEE ST,1,1,3,0,1,9,0,0,30,0,0,0,0,0,4,2,11
,2021-41199,39.75507353,-104.9880899,9/22/2021 21:04,21:04,11,0,1,PARK AVE W & LAWRENCE ST,1,3,3,0,1,1,0,0,30,0,0,1,0,1,4,1,13
,2021-41200,39.67664353,-104.9035799,9/23/2021 10:29,10:29,12,0,0,E EVANS AVE & S QUEBEC ST,1,1,3,0,1,4,0,0,35,0,0,0,0,0,4,2,3
,2021-41201,39.73504353,-104.9634799,9/15/2021 8:13,8:13,2,0,0,E 12TH AVE & N RACE ST,1,1,3,1,1,1,0,0,25,1,0,0,0,0,4,1,16
,2021-41204,39.75828353,-104.9405899,9/21/2021 14:40,14:40,11,0,1,N COLORADO BLVD & E 29TH AVE,1,1,3,0,1,1,0,0,35,0,1,0,0,2,2,1,11
,2021-41206,39.73831353,-104.9428799,9/23/2021 9:30,9:30,12,0,0,N JACKSON ST & E 14TH AVE,1,1,3,0,1,2,0,0,15,0,0,0,0,0,4,2,10
,2021-41216,39.79472351,-104.8115399,9/22/2021 14:05,14:05,6,0,0,15000 BLK E MAXWELL PL & CHAMBERS RD,1,1,3,0,1,4,0,0,,0,0,0,0,0,4,2,16
,2021-41217,39.77999352,-104.8999899,9/23/2021 7:34,7:34,3,0,0,N NORTHFIELD QUEBEC ST & N SAND CREEK RD,1,1,3,0,1,1,0,0,35,0,0,0,0,0,4,2,11
,2021-41219,39.77885352,-104.8632699,9/23/2021 9:00,9:00,6,0,0,E 45TH AVE & N IRONTON ST,1,1,3,0,1,4,0,0,30,0,0,0,0,0,4,2,1
,2021-41220,39.71127353,-104.9034899,9/23/2021 11:51,11:51,15,0,0,E ALAMEDA AVE & S QUEBEC ST,1,1,3,0,1,4,0,0,35,0,0,0,0,0,4,2,11
,2021-41223,39.68756354,-104.9875099,9/23/2021 7:34,7:34,1,0,0,W IOWA ST & S BROADWAY,1,2,3,0,1,1,0,0,30,0,0,0,0,0,4,2,11
,2021-41224,39.72999353,-104.9899899,9/23/2021 13:37,13:37,3,0,0,N SPEER BLVD & W 13TH AVE,1,1,3,0,1,1,0,0,30,0,0,0,0,0,4,2,16
,2021-41225,39.78289351,-104.7554,9/23/2021 8:05,8:05,12,0,0,N HIMALAYA RD & E GVR BLVD,1,1,3,0,1,3,0,0,35,0,0,0,0,0,4,2,3
,2021-41231,39.72999353,-104.9499899,9/23/2021 11:04,11:04,15,0,0,1000 BLK N YORK ST & E 10TH AVE,1,1,3,0,1,4,0,0,25,0,0,0,0,0,4,2,13
,2021-41250,39.72561353,-104.9823499,9/22/2021 11:20,11:20,3,0,2,N LOGAN ST & E 6TH AVE,1,1,3,0,1,1,0,0,30,0,0,0,0,1,4,2,3
,2021-41253,39.74699353,-104.9993799,10/27/2021 7:52,7:52,15,0,0,14TH ST & LARIMER ST,1,1,0,0,1,4,0,0,30,0,0,0,0,0,4,2,7
,2021-41254,39.76928353,-105.0111899,10/27/2021 11:21,11:21,11,0,1,N TEJON ST & W 38TH AVE,1,1,1,0,1,1,0,0,30,0,1,0,0,2,4,1,13
,2021-41255,39.72563353,-104.9811099,10/26/2021 21:07,21:07,6,0,0,6TH AVE E & S PENNSYLVANIA ST,11,3,0,1,1,4,0,0,35,0,0,0,0,0,4,2,16
,2021-41256,39.75834366,-104.9081291,10/27/2021 8:05,8:05,12,0,0,EVANS AVE E & ONEIDA ST,1,1,0,0,1,3,0,0,35,0,0,0,0,0,4,2,13
,2021-41257,39.67845554,-104.9222509,10/27/2021 7:47,7:47,15,0,0,HOLLY ST S & EVANS AVE E,14,1,0,0,1,3,0,0,35,0,0,0,0,0,4,2,16
,2021-41258,39.76199352,-104.9140499,10/8/2021 19:00,19:00,15,0,0,E MLK BLVD & N LOCUST ST,1,3,0,0,1,1,0,0,30,0,0,0,0,0,4,2,1
,2021-41259,39.72906353,-104.9848599,8/28/2021 11:44,11:44,3,0,1,E 8TH AVE & N SHERMAN ST,1,1,1,0,1,1,0,0,35,0,0,0,1,3,4,2,13
,2021-41260,39.74906353,-104.9887699,9/4/2021 2:19,2:19,5,0,0,STOUT ST AND 19TH ST & 19TH ST,1,3,0,0,3,1,0,0,30,0,0,0,0,0,4,1,16
,2021-41261,39.77967825,-104.9312234,10/27/2021 13:52,13:52,3,0,0,STAPLETON DR S & N MONACO PKWY,1,1,0,0,1,1,0,0,30,0,0,0,0,0,4,2,13
,2021-41262,39.75823353,-104.9671699,7/31/2021 13:05,13:05,6,0,0,29TH AVE & 1700 BLK,1,3,0,0,1,4,0,0,25,0,0,0,0,0,4,2,5
,2021-41263,39.72453354,-105.0394499,10/27/2021 12:04,12:04,3,0,0,W 5TH AVE & PERRY ST N,1,1,0,0,1,1,0,0,25,0,0,0,0,0,4,2,13
,2021-41264,39.68925353,-104.9389099,9/27/2021 8:04,8:04,12,0,0,4100 BLOCK E FLORIDA AVE & S ASH ST,1,1,0,0,1,4,0,0,30,0,0,0,0,0,4,2,3
,2021-41265,39.78269353,-105.0062499,9/7/2021 13:09,13:09,15,0,0,N PECOS ST & 48TH AVE,1,1,0,0,1,6,0,0,25,0,0,0,0,0,4,2,13
,2021-41266,39.76447353,-104.9573199,8/19/2021 15:50,15:50,6,0,0,N COLUMBINE ST & E BRUCE RANDOLPH AVE,11,1,0,1,1,4,0,0,25,0,0,0,0,0,4,2,1
,2021-41267,39.67480658,-104.9361693,10/27/2021 9:02,9:02,3,0,0,E ILIFF AVE & S PARKER RD,1,1,0,0,1,2,0,0,40,0,0,0,0,0,2,2,13
,2021-41268,39.74210353,-104.9914199,10/1/2021 2:07,2:07,15,0,0,400 BLOCK 15TH ST & GLENARM ST,1,3,0,0,1,4,0,0,30,0,0,0,0,0,4,2,13
,2021-41269,39.74335353,-104.9873699,10/2/2021 21:42,21:42,11,0,1,E 17TH AVE & N BROADWAY ST,1,3,0,0,1,1,0,0,30,0,1,0,0,2,4,1,7
,2021-41270,39.75106353,-104.9828799,10/25/2021 4:40,4:40,3,0,0,PARK AVE W & WELTON ST,1,3,0,0,1,1,0,0,35,0,0,0,0,0,4,2,5
,2021-41271,39.76668353,-104.9765599,10/14/2021 13:30,13:30,6,0,0,34TH ST & WALNUT ST,1,1,0,0,1,4,0,0,30,0,0,0,0,0,4,2,13
,2021-41272,39.76962352,-104.8474499,10/11/2021 15:30,15:30,12,0,0,N PEORIA ST & E 38TH AVE,1,1,0,0,1,3,0,0,35,0,0,0,0,0,4,2,1
,2021-41273,39.71987346,-104.8472585,10/27/2021 17:12,17:12,12,0,0,N PEORIA ST & I-70 EB ON RAMP,1,1,0,0,1,4,0,0,35,0,0,0,0,0,4,2,4
,2021-41274,39.74000353,-104.9684499,9/4/2021 0:40,0:40,11,0,1,E COLFAX AVE & N FRANKLIN ST,1,3,0,0,1,1,0,0,0,0,1,0,0,3,2,1,16
,2021-41275,39.74176983,-105.0147646,9/4/2021 0:33,0:33,5,0,0,I-25 SB EXIT RAMP & W COLFAX AVE,1,3,0,0,3,8,0,0,45,0,0,0,0,0,1,1,13
,2021-41276,39.69663554,-104.9891302,10/27/2021 20:46,20:46,3,0,0,W MISSISSIPPI AVE & S SANTA FE DR,1,3,0,0,1,1,0,0,30,0,0,0,0,0,2,2,13
,2021-41277,39.74862352,-104.9034299,10/4/2021 16:10,16:10,12,0,0,N QUEBEC ST & E 21ST AVE,1,1,0,0,1,4,0,0,35,0,0,0,0,0,4,2,13
,2021-41278,39.76563353,-105.0158499,10/27/2021 17:06,17:06,3,0,0,35TH AVE W & N ZUNI ST,1,2,0,0,1,1,0,0,35,0,0,0,0,0,4,2,8
,2021-41279,39.63930354,-104.88511,10/24/2021 18:51,18:51,12,0,4,I-225 & S YOSEMITE ST,1,3,0,0,1,4,0,0,55,0,0,0,0,3,1,2,13
,2021-41280,39.69773354,-105.0524099,10/31/2021 19:18,19:18,5,0,0,MORRISON RD & 5100 BLK,1,3,0,0,2,2,0,0,35,0,0,0,0,0,4,1,2
,2021-41281,39.74512353,-105.0095099,10/15/2021 12:50,12:50,3,0,0,7TH ST & AURORIA PKWY,1,1,1,0,1,1,0,0,40,0,0,0,0,0,4,2,16
,2021-41282,39.72182353,-104.9813699,11/1/2021 2:22,2:22,5,0,1,E SPEER BLVD & S LOGAN ST,1,3,0,0,3,4,0,0,35,0,0,0,0,1,4,1,5
,2021-41283,39.70947353,-104.9863799,10/31/2021 20:56,20:56,12,0,0,LINCOLN ST S & ALAMEDA AVE E,1,3,0,0,1,4,0,0,30,0,0,0,0,0,4,2,13
,2021-41284,39.73565353,-105.0217499,10/31/2021 19:28,19:28,15,0,0,N DECATUR ST & W HOLDEN PL,1,3,0,0,1,4,0,0,35,0,0,0,0,0,4,2,13
,2021-41285,39.68471354,-104.9594399,10/30/2021 2:29,2:29,5,0,0,I-25 & S UNIVERSITY BLVD,1,3,1,0,2,8,0,0,30,0,0,0,0,0,1,1,6
,2021-41286,39.76761353,-104.9753499,10/28/2021 19:50,19:50,3,0,0,35TH ST & WALNUT ST,1,3,0,0,1,1,0,0,30,0,0,0,0,0,4,2,13
,2021-41287,39.71133354,-105.0532399,10/31/2021 23:52,23:52,3,0,4,W ALAMEDA AVE & S SHERIDAN BLVD,1,3,0,0,1,1,0,0,,0,0,0,0,2,2,2,9
,2021-41288,39.78197352,-104.9002599,10/31/2021 23:48,23:48,5,0,0,I-270 & QUEBEC ST OFF RAMP,1,4,0,0,3,4,0,0,55,0,0,0,0,0,1,1,5
,2021-41289,39.8234135,-104.76959,7/17/2021 11:32,11:32,2,0,1,N ARGONNE ST & E 70TH AVE,1,1,0,0,1,2,0,0,30,1,0,0,0,1,4,2,5
,2021-41290,39.73584353,-105.0321699,10/29/2021 10:12,10:12,5,0,0,N KNOX CT & W 12TH AVE,1,1,1,0,6,4,0,0,30,0,0,0,0,0,4,1,16
,2021-41291,39.77582353,-105.0436699,8/29/2021 8:29,8:29,5,0,0,N TENNYSON ST & 4326  BLK,1,1,0,0,3,4,0,0,30,0,0,0,0,0,4,2,13
,2021-41292,39.75432353,-104.9942599,9/10/2021 23:48,23:48,11,0,1,20TH ST & BLAKE ST,1,3,0,0,1,1,0,0,0,0,1,0,0,1,4,1,16