id,drcog_id,latitude,longitude,crashtime,time,crashtype,numbkilled,numbinjurd,drcoglocat,rdconditin,lightngcon,roadcntgrd,weatherco,location,roaddescrp,schoolzone,constrzone,splimit,bikeinv,pedinv,sctrinv,motoinv,svrty,rdsystem,ttlvehcls,hcf
,2021-41293,39.77939353,-104.9791399,10/21/2021 7:32,7:32,12,0,0,N WASHINGTON ST & I-70 WB OFF RAMP,1,1,1,0,1,8,0,0,25,0,0,0,0,0,4,2,14
,2021-41294,39.76094353,-105.0043199,9/12/2021 2:20,2:20,12,0,0,20TH ST WB & I-25,1,3,0,0,1,3,0,0,35,0,0,0,0,0,4,2,3
,2021-41295,39.78010353,-104.9895499,10/8/2021 17:01,17:01,12,0,0,I-70 EB OFF RAMP & I-25 SB ON RAMP,1,1,0,0,1,8,0,0,45,0,0,0,0,0,1,2,16
,2021-41296,39.65716355,-105.0532099,10/29/2021 8:54,8:54,3,0,1,SHERIDAN BLVD S & COLGATE DR W,1,1,1,0,1,1,0,0,40,0,0,0,0,1,2,2,13
,2021-41297,39.78010353,-104.9895499,10/29/2021 18:58,18:58,12,0,0,I-70 EB OFF RAMP & I-25 SB ON RAMP,1,3,1,0,1,8,0,0,55,0,0,0,0,0,1,2,13
,2021-41298,39.75246349,-105.0073485,9/12/2021 16:54,16:54,12,0,0,N SPEER  BLVD & CHOPPER CIR,1,1,0,0,1,1,0,0,,0,0,0,0,0,4,2,13
,2021-41299,39.68398354,-104.9822299,7/27/2021 18:00,18:00,6,0,0,COLORADO AVE 400 BLK E & S PENNSYLVANIA ST,1,3,0,0,1,4,0,0,35,0,0,0,0,0,4,2,16
,2021-41300,39.75330247,-104.9799717,10/31/2021 22:49,22:49,3,0,1,PARK AVE W & WELTON ST,1,3,0,0,1,1,0,0,35,0,0,0,0,1,4,2,14
,2021-41301,39.74015353,-104.9127899,10/31/2021 9:36,9:36,3,0,0,N MONACO ST & E COLFAX AVE,1,1,0,0,1,1,0,0,30,0,0,0,0,0,2,2,13
,2021-41302,39.73070353,-104.9819699,9/23/2021 22:16,22:16,6,0,0,N LOGAN ST & E 9TH AVE,1,3,0,0,1,4,0,0,30,0,0,0,0,0,4,2,6
,2021-41303,39.82518502,-104.9816053,7/27/2021 11:18,11:18,12,0,0,I-25 NB & I-225,1,1,0,0,1,4,0,0,55,0,0,0,0,0,1,3,3
,2021-41304,39.74043353,-105.0139599,11/2/2021 15:30,15:30,12,0,0,I-25 & W COLFAX AVE,1,1,0,0,1,4,0,0,55,0,0,0,0,0,1,2,13
,2021-41305,39.66762354,-104.9041599,11/2/2021 8:14,8:14,12,0,0,YALE AVE & 7200 BLK E,11,1,1,1,1,3,0,0,35,0,0,0,0,0,4,1,16
,2021-41306,39.74001353,-104.9701999,10/29/2021 8:46,8:46,6,0,0,E COLFAX AVE & N HUMBOLDT ST,1,1,0,0,1,4,0,0,30,0,0,0,0,0,2,2,13
,2021-41307,39.79840751,-104.7872825,10/29/2021 12:00,12:00,15,0,0,56TH AVE E & N PENA BLVD,1,1,0,0,1,1,0,0,40,0,0,0,0,0,4,2,3
,2021-41308,39.76855353,-104.9741599,11/1/2021 6:47,6:47,15,0,0,36TH ST & WALNUT ST,1,1,0,0,1,1,0,0,,0,0,0,0,0,4,3,13
,2021-41309,39.71819354,-105.0493899,8/26/2021 8:15,8:15,3,0,0,W 1ST AVE & N XAVIER ST,1,1,0,0,1,1,0,0,30,0,0,0,0,1,4,2,7
,2021-41310,39.70133354,-105.0324199,11/2/2021 16:01,16:01,11,0,1,S KNOX CT & W ADA PL,1,1,0,0,1,4,0,0,0,0,1,0,0,2,4,1,16
,2021-41311,39.70021353,-104.9082099,11/1/2021 22:41,22:41,1,0,0,LEETSDALE DR & ONEIDA ST S,1,3,0,0,1,1,0,0,35,0,0,0,0,0,2,2,2
,2021-41312,39.75128353,-105.0167799,11/2/2021 7:45,7:45,15,0,0,I-25 & W 23RD AVE,11,1,1,0,1,4,0,0,55,0,0,0,0,0,1,2,13
,2021-41313,39.71766966,-104.9500523,11/2/2021 10:48,10:48,3,0,0,E 1ST AVE & N DETROIT ST,1,1,0,0,1,1,0,0,30,0,0,0,0,0,4,2,8
,2021-41314,39.78342352,-104.9316099,10/31/2021 10:47,10:47,9,0,1,N DAHLIA ST & E 48TH AVE,1,1,0,0,1,1,0,0,25,0,0,0,1,3,4,1,13
,2021-41315,39.74202549,-105.0440203,11/1/2021 18:44,18:44,6,0,0,TENNYSON ST N & W 16TH AVE,1,3,0,0,1,4,0,0,30,0,1,0,0,1,4,3,13
,2021-41316,39.71475353,-104.9862599,11/2/2021 13:23,13:23,10,0,0,S LINCOLN ST & E BAYAUD AVE,1,1,0,0,1,1,0,0,30,0,0,0,0,0,4,2,13
,2021-41317,39.77792197,-104.7829242,11/2/2021 15:32,15:32,12,0,0,E GVR BLVD & N TELLURIDE ST,1,1,0,0,1,1,0,0,35,0,0,0,0,0,4,2,13
,2021-41318,39.77887352,-104.9258099,11/1/2021 7:03,7:03,5,0,1,I-70 & N GLENOE ST,1,3,1,0,3,4,0,0,55,0,0,0,0,3,1,1,1
,2021-41319,39.72922353,-104.9327199,11/1/2021 0:04,0:04,6,0,0,8TH AVE E & N DEXTER ST,1,3,0,0,1,1,0,0,30,0,0,0,0,0,4,4,16
,2021-41320,39.72096253,-104.9522933,11/1/2021 7:13,7:13,1,0,0,E 3RD AVE & N COLORADO BLVD,1,1,0,0,1,1,0,0,35,0,0,0,0,0,2,3,13
,2021-41321,39.65680355,-105.0251799,11/2/2021 17:28,17:28,3,0,1,W FLOYD AVE & S FEDERAL BLVD,1,1,0,0,1,1,0,0,25,0,0,0,0,2,2,3,7
,2021-41322,39.78411351,-104.81168,10/30/2021 18:30,18:30,3,0,0,GATEWAY AVE E & N FRASER WY,1,3,0,0,1,1,0,0,30,0,0,0,0,0,4,2,13
,2021-41323,39.79027153,-105.0076451,10/31/2021 0:24,0:24,6,0,0,BERKLEY PL & 1860 BLK W,1,4,0,0,1,4,0,0,25,0,0,0,0,0,4,4,1
,2021-41324,39.73922353,-104.9810799,11/1/2021 21:54,21:54,8,0,0,PENNSYLVANIA ST N & E 13TH AVE,1,3,0,0,1,4,0,0,,0,0,0,0,0,4,3,16
,2021-41325,39.73492353,-104.9549499,10/30/2021 10:27,10:27,6,0,0,12TH AVE & 2700 BLK E,1,1,0,0,1,4,0,0,25,0,0,0,0,0,4,2,13
,2021-41326,39.71842354,-104.9985699,11/2/2021 3:00,3:00,3,0,1,N SANTA FE DR & W 1ST AVE,1,3,0,0,1,1,0,0,30,0,0,0,0,3,4,2,16
,2021-41327,39.77249353,-105.0439999,11/2/2021 8:28,8:28,12,0,0,4300 BLK W 41ST AVE & N TENNYSON ST,1,1,0,0,1,5,0,0,25,0,0,0,0,0,4,2,13
,2021-41328,39.65306654,-104.926777,11/1/2021 22:34,22:34,1,0,0,E HAMPDEN AVE & I-25,1,3,0,0,1,1,0,0,40,0,0,0,0,0,2,2,4
,2021-41329,39.78010352,-104.9497999,11/2/2021 10:45,10:45,12,0,0,I-70 & N STEELE ST,11,1,0,1,1,4,0,0,65,0,0,0,0,0,1,2,13
,2021-41330,39.7257528,-105.0153475,11/1/2021 22:10,22:10,15,0,0,I-25 & 6TH AVE,1,3,0,0,1,8,0,0,65,0,0,0,0,0,1,2,8
,2021-41331,39.71669211,-104.8995656,11/2/2021 12:46,12:46,3,0,0,E 1TH AVE & N ROSEMRY ST,11,1,0,1,1,1,0,0,20,0,0,0,0,1,4,2,13
,2021-41332,39.79829351,-104.75545,10/30/2021 2:04,2:04,1,0,0,56TH AVE E & N TOWER RD,1,3,0,0,1,1,0,0,40,0,0,0,0,1,4,2,14
,2021-41333,39.72253753,-104.9862274,11/1/2021 22:25,22:25,8,0,0,4TH AVE E & N LINCOLN ST,1,3,0,0,1,1,0,0,25,0,0,0,0,1,4,2,13
,2021-41334,39.75007753,-105.0049384,10/30/2021 18:40,18:40,1,0,0,SPEER BLVD N & WEWATTA ST,1,2,0,0,1,1,0,0,30,0,0,0,0,0,4,2,16
,2021-41335,39.75342691,-104.993233,11/2/2021 6:36,6:36,12,0,0,I-25 & 20TH ST,11,2,0,0,1,4,0,0,55,0,0,0,0,0,1,2,14
,2021-41336,39.75128353,-105.0167799,11/2/2021 6:47,6:47,12,0,1,I-25 & W 23RD AVE,1,2,0,0,1,4,0,0,55,0,0,0,0,1,4,2,14
,2021-41337,39.74000353,-104.9659799,10/17/2021 21:50,21:50,12,0,1,E COLFAX AVE & N WILLIAMS ST,1,3,0,0,1,4,0,0,40,0,0,0,0,1,2,3,13
,2021-41338,39.71834353,-104.9593309,11/2/2021 8:44,8:44,12,0,0,E 1ST AVE & N UNIVERSITY BLVD,11,1,0,1,1,3,0,0,35,0,0,0,0,0,4,2,13
,2021-41339,39.70133354,-105.0324199,11/2/2021 16:25,16:25,6,0,0,S KNOX CT & W ADA PL,1,1,0,0,1,4,0,0,25,0,0,0,0,0,4,2,6
,2021-41340,39.76512353,-104.9708699,10/29/2021 21:07,21:07,6,0,0,LAFAYETTE ST N & BRUCE RANDOLPH AVE,1,4,0,0,1,4,0,0,25,0,0,0,0,0,4,2,3
,2021-41478,39.66999353,-104.8999899,9/20/2021 9:28,9:28,3,0,0,E EVANS AVE & 7100 BLK,1,1,3,0,5,7,0,0,10,0,0,0,0,0,3,3,1
,2021-41479,39.76924352,-104.9188099,9/22/2021 7:40,7:40,3,0,1,E 38TH AVE & N JASMINE ST,1,1,3,0,1,1,0,0,25,0,0,0,0,2,4,2,11
,2021-41483,39.77999351,-104.78999,9/24/2021 7:20,7:20,1,0,0,E GVR BLVD & PENA BLVD,1,1,3,0,1,1,0,0,35,0,0,0,0,0,4,2,13
,2021-41485,39.69168207,-105.122957,9/22/2021 6:06,6:06,15,0,0,S SANTA FE DR & W FLORIDA AVE,1,4,3,0,1,4,0,0,40,0,0,0,0,0,2,2,13
,2021-41487,39.74033353,-105.0358099,9/23/2021 8:03,8:03,12,0,0,W COLFAX AVE & N MEADE ST,1,1,3,0,1,3,0,0,35,0,0,0,0,0,2,3,13
,2021-41488,39.69748354,-104.9605599,9/23/2021 14:52,14:52,12,0,0,1000 BLK S YORK ST & E MISSISSIPPI AVE,1,1,3,0,1,2,0,0,25,0,0,0,0,0,4,2,6
,2021-41490,39.70711353,-104.8853699,8/26/2021 17:00,17:00,15,0,1,E ALAMEDA AVE & S XENIA ST,1,1,3,0,1,1,0,0,40,0,0,0,0,2,4,2,3
,2021-41492,39.77829352,-104.9034199,9/22/2021 9:45,9:45,5,0,0,N NORTHFIELD QUEBEC ST & I-70 EB,1,1,3,0,1,4,0,0,35,0,0,0,0,0,4,2,14
,2021-41499,39.77582352,-104.8657299,9/24/2021 6:25,6:25,12,0,0,I-70 WB & N HAVANA ST,1,2,3,0,1,4,0,0,55,0,0,0,0,0,1,2,13
,2021-41507,39.79847352,-104.8754599,9/22/2021 7:30,7:30,12,0,0,E 56TH AVE & N DALLAS ST,1,1,3,0,1,4,0,0,40,0,0,0,0,0,4,2,7
,2021-41508,39.74325757,-105.0171091,9/22/2021 8:25,8:25,15,0,0,I-25 SB & MILE HIGH STADIUM CIR,1,1,3,0,1,4,0,0,45,0,0,0,0,0,1,2,13
,2021-41509,39.69669854,-104.9918704,9/23/2021 12:38,12:38,15,0,0,S SANTA FE DR & MISSISSIPPI AVE,1,1,3,0,1,3,0,0,30,0,0,0,0,0,2,3,8
,2021-41511,39.72999353,-104.9699899,9/22/2021 8:10,8:10,3,0,0,N MARION ST & E 14TH AVE,1,1,3,0,1,1,0,0,25,0,0,0,0,0,4,2,7
,2021-41512,39.75293353,-104.9925899,9/24/2021 10:00,10:00,15,0,0,20TH ST & LARIMER ST,1,1,3,0,1,1,0,0,25,0,0,0,0,0,4,2,11
,2021-41516,39.77317353,-105.0416499,9/23/2021 21:30,21:30,6,0,0,4200 BLK N RALEIGH ST & W 42ND AVE,1,4,3,0,1,4,0,0,25,0,0,0,0,0,4,2,13
,2021-41519,39.67566015,-105.0532873,9/24/2021 10:18,10:18,12,0,1,SHERIDAN BLVD & W WARREN AVE,1,1,3,1,1,4,0,0,35,0,0,0,0,2,2,2,14
,2021-41520,39.69274523,-104.9924773,9/24/2021 6:57,6:57,15,0,0,S SANTA FE DR & W LOUSIANA AVE,1,2,3,0,1,4,0,0,40,0,0,0,0,0,2,2,11
,2021-41522,39.74009653,-104.9835589,9/22/2021 16:53,16:53,15,0,0,E COLFAX AVE & N GRANT ST,1,1,3,0,1,3,0,0,,0,0,0,0,0,2,2,16
,2021-41525,39.63492354,-104.89328,9/27/2021 8:20,8:20,3,0,1,TAMARAC ST S & I-225 NB OFF RAMP,1,1,3,0,1,1,0,0,35,0,0,0,0,1,1,2,11
,2021-41528,39.74004353,-104.9835799,9/24/2021 9:44,9:44,15,0,0,E COLFAX AVE & N GRANT ST,1,1,3,0,1,1,0,0,30,0,0,0,0,0,2,2,13
,2021-41534,39.73285353,-104.9810299,9/18/2021 3:00,3:00,6,0,0,1000 BLK N PENNSYLVANIA ST & E 11TH AVE,1,3,3,0,1,4,0,0,,0,0,0,0,0,4,4,16
,2021-41537,39.68361253,-104.8952766,9/22/2021 9:11,9:11,6,0,0,E COLORADO AVE & S LAFAYETTE ST,13,1,3,0,1,4,0,1,25,0,0,0,0,0,4,2,11
,2021-41541,39.68665191,-105.1109373,9/22/2021 10:00,10:00,12,0,3,W IOWA AVE & S ACOMA ST,1,1,3,0,1,4,0,0,30,0,0,0,0,1,4,2,3
,2021-41542,39.74999353,-104.9899899,9/22/2021 11:58,11:58,15,0,0,1900 BLK 19TH ST & CHESTNUT ST,1,1,3,0,1,2,0,0,25,0,0,0,0,0,4,2,13
,2021-41545,39.75999353,-104.9999899,9/22/2021 6:58,6:58,3,0,0,W 38TH AVE & N LIPAN ST,1,1,3,0,1,1,0,0,35,0,0,0,0,0,4,2,13
,2021-41562,39.72096353,-104.9582399,9/23/2021 13:14,13:14,15,0,0,200 BLK N JOSEPHINE ST & E 3RD AVE,1,1,3,0,1,4,0,0,30,0,0,0,0,0,4,2,13
,2021-41570,39.73677353,-104.9867499,9/22/2021 8:10,8:10,12,0,0,E 13TH AVE & N BROADWAY ST,1,1,3,0,1,1,0,0,30,0,0,0,0,0,4,3,3
,2021-41611,39.70305354,-105.0311099,9/22/2021 6:58,6:58,6,0,0,W WALSH PL & S KNOX CT,1,1,3,1,1,4,0,0,25,0,0,0,0,0,4,4,16
,2021-41612,39.72253753,-104.9594479,11/1/2021 9:38,9:38,12,0,0,N UNIVERSITY BLVD & E 4TH AVE,1,1,0,0,1,1,0,0,30,0,0,0,0,0,4,2,14
,2021-41613,39.77798351,-104.77206,11/1/2021 19:33,19:33,15,0,0,45TH AVE E & N TOWER RD,1,3,0,0,1,4,0,0,40,0,0,0,0,0,4,2,16
,2021-41614,39.77105352,-104.9222999,11/1/2021 15:00,15:00,8,0,0,39TH AVE E & N HOLLY ST,1,1,0,0,1,2,0,0,25,0,0,0,0,0,4,2,14
,2021-41615,39.72541754,-105.0252199,11/1/2021 7:55,7:55,12,0,0,W 6TH AVE & N FEDERAL BLVD,1,1,1,0,1,4,0,0,55,0,0,0,0,0,1,2,7
,2021-41616,39.7980115,-104.6524964,9/25/2021 21:43,21:43,1,0,1,E 56TH AVE & N PENA BLVD,1,3,0,0,1,1,0,0,40,0,0,0,0,1,4,2,5
,2021-41617,39.78003353,-104.9891799,11/1/2021 9:30,9:30,15,0,1,I-25 NB OFF RAMP GORE & I-70 RAMP EB,1,1,0,0,1,8,0,0,45,0,0,0,0,1,1,2,13
,2021-41618,39.67467353,-104.8724299,10/25/2021 14:40,14:40,11,0,1,9800 BLOCK E ILIFF AVE & S PARKER RD,1,1,0,0,1,4,0,0,0,0,1,0,0,2,4,1,16
,2021-41619,39.63871154,-104.8995115,11/1/2021 8:49,8:49,15,0,0,I-25 & E QUINCY AVE,1,1,0,0,1,4,0,0,65,0,0,0,0,0,1,2,1
,2021-41620,39.71109289,-105.0691329,11/1/2021 7:29,7:29,12,0,0,I-25 & W ALAMEDA AVE,1,1,0,0,1,4,0,0,55,0,0,0,0,0,1,2,16
,2021-41621,39.78379351,-104.8017,11/1/2021 15:59,15:59,11,0,1,E GVR BLVD & N KITTREDGE ST,1,1,0,0,1,1,0,0,35,0,1,0,0,2,4,1,14
,2021-41622,39.74506353,-105.0095099,11/1/2021 18:39,18:39,3,0,0,7TH ST & AURARIA PKWY,1,3,0,0,1,1,0,0,35,0,0,0,0,0,4,2,16
,2021-41623,39.76940452,-104.9915228,11/1/2021 11:45,11:45,6,0,0,GLOBEVILLE RD & PARK AVE W,1,1,1,0,1,4,0,0,30,0,0,0,0,0,4,2,13
,2021-41624,39.73869352,-104.8905399,11/1/2021 18:12,18:12,15,0,1,14TH AVE E & VERBENA ST N,1,1,0,0,1,1,0,0,35,0,0,0,0,2,4,2,13
,2021-41625,39.72976353,-104.9728399,10/26/2021 13:50,13:50,12,0,0,N DOWNING ST & E 8TH AVE,1,1,0,0,1,3,0,0,,0,0,0,0,0,4,2,16
,2021-41626,39.76094353,-105.0043199,10/28/2021 2:34,2:34,15,0,0,I-25 & 20TH ST,1,3,0,0,1,4,0,0,55,0,0,0,0,0,1,2,14
,2021-41627,39.74745352,-104.8846499,10/26/2021 17:53,17:53,12,0,0,CENTRAL PARK BLVD N & E MONVIEW BLVD,6,1,1,1,1,1,0,0,30,0,0,0,0,0,4,2,13
,2021-41628,39.77450352,-104.9359999,10/5/2021 19:55,19:55,15,0,0,ALBION ST & 4100 N,1,3,0,0,1,7,0,0,25,0,0,0,0,0,4,2,6
,2021-41660,39.69449354,-105.0532699,10/8/2021 7:34,7:34,12,0,0,S SHERIDAN BLVD & W ARIZONA AVE,1,1,3,0,1,4,0,0,35,0,0,0,0,0,2,3,12
,2021-41666,39.72093353,-104.9874399,11/8/2021 11:21,11:21,12,0,0,N BROADWAY ST & E 3RD AVE,1,1,3,0,1,1,0,1,30,0,0,0,0,0,4,2,3
,2021-41706,39.74029354,-105.0530899,10/2/2021 11:49,11:49,12,0,0,W COLFAX AVE & SHERIDAN BLVD,1,1,3,0,1,3,0,0,,0,0,0,0,0,2,2,16
,2021-41797,39.69675354,-105.0483899,9/28/2021 8:39,8:39,2,0,1,W MISSISSIPPI AVE & S WOLFF ST,1,1,3,1,1,1,0,0,25,1,0,0,0,2,4,1,13
,2021-41798,39.78094352,-104.8828099,9/25/2021 14:40,14:40,1,0,0,E 46TH PL & N CENTRAL PARK BLVD,1,1,3,0,1,1,0,1,35,0,0,0,0,0,4,2,11
,2021-41799,39.77400352,-104.8470299,9/27/2021 13:15,13:15,12,0,0,I-70 EB & N PEORIA ST,1,1,3,0,1,4,0,0,55,0,0,0,0,0,1,2,16
,2021-41800,39.71016354,-105.0074399,9/23/2021 5:00,5:00,6,0,0,W NEVADA PL & S RARITAN ST,1,4,3,0,1,4,0,0,,0,0,0,0,0,4,4,16
,2021-41805,39.77994352,-104.9404999,9/26/2021 7:45,7:45,12,0,0,I-70 EB & N COLORADO BLVD,1,1,3,0,1,4,0,0,,0,0,0,0,0,1,3,16
,2021-41807,39.67483354,-104.9593699,9/24/2021 15:55,15:55,11,0,1,S UNIVERSITY BLVD & E ILIFF AVE,1,1,3,0,1,1,0,0,30,0,1,0,0,1,4,1,14
,2021-41812,39.62418355,-105.0944499,9/27/2021 14:31,14:31,12,0,0,S DUDLEY ST & W BELLEVIEW AVE,1,1,3,0,1,3,0,0,,0,0,0,0,0,4,2,16
,2021-41814,39.77993352,-104.9724499,9/28/2021 7:37,7:37,12,0,0,I-70 WB & BRIGHTON,1,1,3,0,1,4,0,0,55,0,0,0,0,0,1,2,1
,2021-41815,39.79837151,-104.772212,9/27/2021 12:20,12:20,12,0,0,N TOWER RD & E 56TH AVE,1,1,3,0,1,3,0,0,45,0,0,0,0,0,4,2,13
,2021-41816,39.74444353,-104.9948599,9/27/2021 10:25,10:25,6,0,0,STOUT ST & 14TH ST,1,1,3,0,1,1,0,0,30,0,0,0,0,0,4,2,13
,2021-41817,39.72563353,-104.9874244,9/28/2021 9:33,9:33,15,0,0,E 6TH AVE & N BROADWAY ST,1,1,3,0,1,3,0,0,35,0,0,0,0,0,4,2,7
,2021-41818,39.69449353,-104.9081899,9/26/2021 12:17,12:17,3,0,0,E ARIZONA AVE & S ONEIDA ST,1,1,3,0,1,1,0,0,25,0,0,0,0,0,4,2,11
,2021-41820,39.77999351,-104.76999,9/27/2021 11:15,11:15,12,0,0,E GVR BLVD & N YAMPA ST,1,1,3,0,1,3,0,0,35,0,0,0,0,1,4,2,13
,2021-41821,39.72524354,-105.0333899,9/28/2021 7:16,7:16,12,0,0,W 6TH AVE & N FEDERAL BLVD,1,1,3,1,1,4,0,0,55,0,0,0,0,0,2,2,13
,2021-41822,39.75893353,-105.0486699,9/26/2021 10:03,10:03,6,0,0,2900 BLK N WOLFF ST & W 30TH AVE,1,1,3,1,1,4,0,0,25,0,0,0,0,0,4,2,13
,2021-41823,39.72906353,-104.9823599,9/26/2021 15:23,15:23,3,0,0,E 8TH AVE & N LOGAN ST,1,1,3,0,1,1,0,0,,0,0,0,0,0,4,2,16
,2021-41824,39.69207354,-104.9815699,9/24/2021 14:08,14:08,6,0,0,1300 BLK S PENNSYLVANIA ST & E LOUISIANA AVE,1,1,3,0,1,4,0,0,25,0,0,0,0,0,4,2,6
,2021-41826,39.71998113,-104.9908296,9/8/2021 9:27,9:27,16,0,0,660 N BANNOCK ST & 6600 BLK N,1,3,3,0,5,7,0,0,10,0,0,0,0,0,3,2,16
,2021-41827,39.72840353,-105.0121299,9/24/2021 12:43,12:43,12,0,0,N UMATILLA ST & W 7TH AVE,1,1,3,0,1,2,0,0,,0,0,0,0,0,4,2,16
,2021-41829,39.72623354,-105.0526299,9/27/2021 6:46,6:46,12,0,0,N SHERIDAN BVLD WB ENT RAMP & W 6TH AVE ENT [GORE PT,1,1,3,1,1,8,0,0,35,0,0,0,0,0,2,2,13
,2021-41830,39.72524354,-105.0333899,9/28/2021 6:40,6:40,12,0,0,W 6TH AVE & N FEDERAL BLVD,1,2,3,7,1,4,0,0,55,0,0,0,0,0,2,2,3
,2021-41831,39.68751353,-104.9293299,9/27/2021 14:20,14:20,3,0,0,S ELM ST & E IOWA AVE,1,1,3,0,1,1,0,0,25,0,0,0,0,0,4,2,3
,2021-41832,39.71782353,-104.9485799,9/27/2021 13:20,13:20,3,0,0,N ADAMS ST & E 1ST AVE,1,1,3,0,1,1,0,0,25,0,0,0,0,0,4,2,3
,2021-41833,39.74409353,-104.9888199,9/27/2021 13:24,13:24,3,0,0,17TH & TREMONT PL,1,1,3,0,1,1,0,0,30,0,0,0,0,0,4,2,13
,2021-41834,39.71119354,-105.0006399,9/27/2021 15:30,15:30,15,0,0,W ALAMEDA AVE & S PLATTE RIVER DR,1,1,3,1,1,1,0,0,30,0,0,0,0,0,2,2,8
,2021-41835,39.71129353,-104.9128499,8/27/2021 9:00,9:00,12,0,0,E ALAMEDA AVE & S MONACO ST,1,1,3,0,1,3,0,0,,0,0,0,0,0,4,2,16
,2021-41836,39.72468354,-105.0249599,9/28/2021 7:19,7:19,12,0,0,N FEDERAL BLVD & W 6TH AVE,1,1,3,1,1,3,0,0,35,0,0,0,0,0,2,2,13
,2021-41837,39.72524354,-105.0333899,9/28/2021 6:40,6:40,12,0,0,6TH AVE & N FEDERAL BLVD,1,2,3,4,1,4,0,0,55,0,0,0,0,0,2,2,1
,2021-41838,39.71999353,-104.9299899,9/28/2021 1:00,1:00,6,0,0,300 BLK N BIRCH ST & E 3RD AVE,1,1,3,0,1,4,0,0,25,0,0,0,0,0,4,2,16
,2021-41841,39.79829052,-104.8844689,9/28/2021 8:25,8:25,9,0,1,E 56TH AVE & N CENTRAL PARK BLVD,1,1,3,0,1,3,0,0,40,0,0,0,1,1,4,1,1
,2021-41843,39.76104352,-104.9105599,9/25/2021 13:50,13:50,12,0,0,3000 BLK N NIAGARA ST & E MLK JR BLVD,1,1,3,0,1,2,0,0,25,0,0,0,0,0,4,2,11
,2021-41845,39.77419352,-104.8470299,11/7/2021 9:48,9:48,12,0,0,I-70 WB OFF RAMP TO & PEORIA ST N,1,1,3,0,1,8,0,0,25,0,0,0,0,0,1,2,11
,2021-41846,39.74526353,-105.0007099,11/4/2021 9:56,9:56,12,0,0,N SPEER BLVD & LAWRENCE ST,1,1,3,0,1,1,0,0,35,0,0,0,0,0,4,2,16
,2021-41847,39.73869352,-104.8928599,11/3/2021 9:15,9:15,3,0,0,E 14TH AVE & N UINTA ST,1,1,3,0,1,3,0,0,25,0,0,0,0,0,4,2,16
,2021-41849,39.77734352,-104.8470199,11/5/2021 14:00,14:00,15,0,0,4400 BLK N PEORIA ST & E 44TH AVE,1,1,3,0,1,4,0,0,35,0,0,0,0,0,4,3,7
,2021-41852,39.78430351,-104.80606,11/7/2021 7:10,7:10,6,0,0,E 48TH PL & N JASPER ST,1,1,3,0,1,3,0,0,25,0,0,0,0,0,4,3,7
,2021-41853,39.69112353,-104.9406399,11/5/2021 13:04,13:04,12,0,2,COLORADO BLVD S & ARKANSAS AVE E,1,1,3,1,1,4,0,0,35,0,0,0,0,1,2,2,13
,2021-41857,39.67798353,-104.9050799,11/8/2021 8:09,8:09,1,0,0,EVANS AVE E & QUEBEC ST S,1,1,3,0,1,2,0,0,35,0,0,0,0,0,4,2,16
,2021-41859,39.76194852,-104.9406604,11/7/2021 12:49,12:49,12,0,0,COLORADO BLVD N & MLK BLVD E,1,1,3,0,1,1,0,0,35,0,0,0,0,0,2,2,3
,2021-41874,39.68070354,-105.0479999,11/7/2021 10:24,10:24,1,0,1,WOLFF ST S & JEWELL AVE W,1,1,3,1,1,4,0,0,25,0,0,0,0,2,4,2,13
,2021-41876,39.77482352,-104.8470199,11/7/2021 16:30,16:30,15,0,0,PEORIA ST N & I-70 WB ON RAMP,1,1,3,0,1,1,0,0,,0,0,0,0,0,4,2,16
,2021-41878,39.71126354,-105.0426599,11/7/2021 11:57,11:57,15,0,0,ALAMEDA AVE W & RALEIGH ST S,1,1,3,1,1,4,0,0,35,0,0,0,0,0,2,2,13
,2021-41892,39.77362353,-104.9762899,11/4/2021 8:15,8:15,3,0,0,38TH ST & DELGANY ST,1,1,3,0,1,9,0,0,30,0,0,0,0,0,4,2,16
,2021-41896,39.75157353,-104.9873799,11/4/2021 15:19,15:19,10,0,0,N BROADWAY ST & N BROADWAY ST,1,1,3,0,1,3,0,0,25,0,0,0,0,0,4,2,16
,2021-41913,39.76473352,-104.9057099,11/5/2021 14:26,14:26,10,0,0,PONTIAC ST N & 35TH AVE E,1,1,3,0,1,4,0,0,25,0,0,0,0,0,4,2,11
,2021-41925,39.72623354,-105.0526299,9/27/2021 6:46,6:46,12,0,0,N SHERIDAN BVLD NB ENT RAMP [GORE PT] & W 6TH AVE EB,1,1,3,1,1,8,0,0,35,0,0,0,0,0,2,2,13
,2021-41930,39.76623353,-105.0041199,11/7/2021 11:20,11:20,15,0,0,NAVAJO ST N & 36TH AVE W,1,1,3,0,1,4,0,0,,0,0,0,0,0,4,2,16
,2021-41996,39.72155353,-104.8877499,11/2/2021 21:49,21:49,5,0,0,E LOWRY BLVD & N WILLOW CIR,11,3,0,1,3,1,0,0,30,0,0,0,0,0,4,1,7
,2021-41997,39.8323635,-104.66927,11/2/2021 12:07,12:07,5,0,0,27100 BLOCK E 75TH AVE & N UNDERGROVE ST,11,1,0,1,2,4,0,0,30,0,0,0,0,0,4,1,14