id,drcog_id,latitude,longitude,crashtime,time,crashtype,numbkilled,numbinjurd,drcoglocat,rdconditin,lightngcon,roadcntgrd,weatherco,location,roaddescrp,schoolzone,constrzone,splimit,bikeinv,pedinv,sctrinv,motoinv,svrty,rdsystem,ttlvehcls,hcf
,2021-41998,39.75645353,-105.0092699,11/2/2021 19:22,19:22,11,0,1,15TH ST & PLATTE ST,11,3,0,1,1,1,0,0,25,0,1,0,0,2,4,1,8
,2021-41999,39.65621298,-104.8846932,11/3/2021 9:06,9:06,12,0,0,S YOSEMITE ST & E KENYON AVE,1,1,0,0,1,3,0,0,35,0,0,0,0,0,4,2,13
,2021-42000,39.76832053,-105.0346384,11/2/2021 15:00,15:00,6,0,0,W CLYDE PL & N LOWELL BLVD,11,1,0,2,1,2,0,0,25,0,0,0,0,0,4,2,13
,2021-42001,39.78459996,-104.8142246,11/4/2021 16:34,16:34,8,0,0,N ENID WAY & E GATEWAY AVE,1,1,0,0,1,1,0,0,30,0,0,0,0,0,4,2,13
,2021-42002,39.67769354,-105.0250399,11/3/2021 20:25,20:25,12,0,0,FEDERAL BLVD S & 2100 BLK S,1,3,0,0,1,4,0,0,35,0,0,0,0,0,2,2,13
,2021-42003,39.78892352,-104.9315999,11/3/2021 15:30,15:30,1,0,0,51ST AVE E & DAHLIA ST N,1,1,0,0,1,2,0,0,30,0,0,0,0,0,4,2,14
,2021-42004,39.64625632,-104.92701,11/3/2021 11:38,11:38,12,0,0,E MANSFIELD AVE & S YOSEMITE ST,1,1,0,0,1,3,0,0,35,0,0,0,0,0,4,2,13
,2021-42005,39.76017353,-104.9405799,11/3/2021 8:10,8:10,15,0,0,COLORADO BLVD N & 30TH AVE E,1,1,0,0,1,4,0,0,30,0,0,0,0,0,2,2,7
,2021-42006,39.78957901,-104.8308438,11/4/2021 16:04,16:04,3,0,3,51ST AVE E & XANADU ST N,1,1,0,0,1,1,0,0,25,0,0,0,0,2,4,2,13
,2021-42007,39.73298353,-105.0217299,11/2/2021 17:29,17:29,1,0,0,N DECATUR ST & W 10TH AVE,1,1,0,0,1,1,0,0,20,0,0,0,0,0,4,2,13
,2021-42008,39.63623354,-104.8944199,11/3/2021 8:30,8:30,15,0,0,I-225 SB/WB ON RAMP FROM & TAMARAC ST S,1,1,1,0,1,8,0,0,45,0,0,0,0,0,4,2,1
,2021-42009,39.70748953,-104.9122985,11/4/2021 0:56,0:56,12,0,0,S MONACO ST & E VIRGINIA AVE,1,3,0,0,1,1,0,0,35,0,0,0,0,1,4,2,16
,2021-42010,39.66989354,-105.0250699,11/2/2021 20:09,20:09,3,0,0,S FEDERAL BLVD & W COLLEGE AVE,1,3,0,0,1,3,0,0,40,0,0,0,0,0,2,2,1
,2021-42011,39.77288352,-104.9406289,11/3/2021 21:51,21:51,10,0,0,COLORADO BLVD N & 40TH AVE E,1,4,0,0,1,1,0,0,35,0,0,0,0,0,2,2,13
,2021-42012,39.74012353,-104.9406499,11/2/2021 19:43,19:43,11,0,0,N COLORADO BLVD & E COLFAX AVE,11,3,0,1,1,1,0,0,35,0,1,0,0,0,2,1,3
,2021-42013,39.72541754,-105.0252199,11/2/2021 18:45,18:45,15,0,0,W 6TH AVE & WB RAMP SPLIT TO FEDERAL BLVD,1,1,0,0,1,4,0,0,55,0,0,0,0,0,2,2,16
,2021-42014,39.75529353,-105.0124799,10/31/2021 2:15,2:15,12,0,0,N SPEER BLVD & I-25 NB ON RAMP,1,3,0,0,1,8,0,0,45,0,0,0,0,0,4,2,13
,2021-42015,39.74584353,-104.9597799,11/4/2021 2:33,2:33,5,0,0,1900 BLK N YORK ST & E 20TH AVE,1,3,0,0,2,4,0,0,30,0,0,0,0,0,4,1,2
,2021-42016,39.65349853,-104.8685075,11/3/2021 21:00,21:00,5,0,0,E HAMPDEN AVE & S GALENA ST,1,3,0,0,3,1,0,0,45,0,0,0,0,0,2,1,16
,2021-42017,39.74377752,-104.9040693,11/4/2021 15:19,15:19,12,0,0,N QUEBEC & E 17TH AVE,1,1,0,0,1,1,0,0,30,0,0,0,0,0,4,2,13
,2021-42018,39.70041354,-105.0481099,11/4/2021 13:34,13:34,3,0,0,MORRISON RD & KENTUCKY AVE W,1,1,0,0,1,1,0,0,30,0,0,0,0,0,4,2,16
,2021-42019,39.72590354,-105.0252334,11/3/2021 8:44,8:44,15,0,0,6TH AVE W & FEDERAL BLVD N,1,1,1,0,1,8,0,0,55,0,0,0,0,0,1,2,1
,2021-42020,39.75342691,-104.993233,11/4/2021 8:08,8:08,15,0,0,I-25 & 20TH ST,1,1,0,0,1,8,0,0,55,0,0,0,0,0,1,2,7
,2021-42021,39.76465683,-104.9791758,10/28/2021 10:14,10:14,3,0,1,WALNUT ST & 32ND ST,1,1,0,0,1,1,0,0,25,0,0,0,0,1,4,2,8
,2021-42022,39.79164351,-104.8284399,11/4/2021 12:20,12:20,5,0,0,N ATCHINSON WAY & E ELMENDORF PL,1,1,0,0,2,3,0,0,25,0,0,0,0,0,4,1,1
,2021-42023,39.75594352,-104.8989799,11/4/2021 15:46,15:46,10,0,0,N SYRACUSE ST & E 28TH AVE,1,1,0,0,1,1,0,0,30,0,0,0,0,0,4,2,1
,2021-42024,39.72553353,-105.0131199,11/4/2021 13:11,13:11,12,0,2,I-25 & 6TH AVE W,1,1,0,0,1,4,0,0,55,0,0,0,0,1,1,2,2
,2021-42025,39.73044353,-104.9740799,11/2/2021 19:01,19:01,3,0,0,N CORONA ST & E 9TH AVE,11,3,0,1,1,1,0,0,35,0,0,0,0,0,4,2,13
,2021-42026,39.76084103,-105.0040802,11/4/2021 12:43,12:43,15,0,0,20TH ST W & I-25 NB ON RAMP,1,1,0,0,1,1,0,0,25,0,0,0,0,0,1,2,8
,2021-42027,39.73204353,-104.9740899,11/3/2021 15:58,15:58,11,0,1,10TH AVE E & CORONA ST N,1,1,0,0,1,1,0,0,25,0,1,0,0,1,4,1,14
,2021-42028,39.75512353,-105.0127099,11/2/2021 18:16,18:16,12,0,1,I-25 & N SPEER BLVD,11,3,0,1,1,4,0,0,55,0,0,0,0,1,1,2,7
,2021-42029,39.79837151,-104.772212,11/2/2021 18:50,18:50,12,0,0,E 56TH AVE & N TOWER RD,1,3,0,0,1,4,0,0,40,0,0,0,0,0,4,2,3
,2021-42030,39.75641654,-104.9123787,11/3/2021 14:57,14:57,3,0,0,MONACO PKWY N & 11TH AVE E,1,1,0,0,1,1,0,0,35,0,0,0,0,0,4,2,13
,2021-42031,39.73832353,-104.9439499,10/29/2021 20:38,20:38,3,0,1,14TH AVE E & GARFIELD ST N,1,3,0,0,1,1,0,0,35,0,0,0,1,2,4,2,1
,2021-42032,39.77727352,-104.8827699,11/5/2021 17:30,17:30,12,0,0,I-70 WB EXIT GORE PT & CENTRAL PARK BLVD N,1,1,0,0,1,4,0,0,55,0,0,0,0,0,1,2,13
,2021-42033,39.7437871,-105.1188925,11/3/2021 7:09,7:09,12,0,0,I-25 & 17TH AVE W,1,1,0,0,1,4,0,0,55,0,0,0,0,0,1,2,13
,2021-42034,39.75330247,-104.9799717,11/4/2021 0:26,0:26,5,0,0,WELTON ST & PARK AVE W,1,3,0,0,2,4,0,0,30,0,0,0,0,0,4,1,8
,2021-42035,39.74744052,-104.8917252,11/5/2021 9:40,9:40,1,0,1,COLORADO BLVD N & MONTVIEW BLVD,1,1,0,0,1,1,0,0,30,0,0,0,0,1,2,2,7
,2021-42036,39.81823681,-104.7719992,11/5/2021 16:14,16:14,6,0,0,N TOWER RD & E HIGH POINT BLVD,1,1,0,0,1,1,0,0,45,0,0,0,0,0,4,2,13
,2021-42037,39.78025353,-105.0251799,11/5/2021 12:23,12:23,15,0,0,FEDERAL BLVD N & 46TH AVE W,1,1,1,0,1,1,0,0,35,0,0,0,0,0,2,2,13
,2021-42038,39.72527841,-105.1417334,11/5/2021 16:16,16:16,12,0,0,6TH AVE W & I-25,1,2,1,0,1,4,0,0,55,0,0,0,0,0,2,2,13
,2021-42039,39.70999353,-104.9226099,11/4/2021 10:59,10:59,5,0,0,HOLLY ST & 357 BLK S,1,1,1,0,3,4,0,0,25,0,0,0,0,0,4,1,16
,2021-42040,39.85051349,-104.67963,11/5/2021 12:59,12:59,15,0,0,8400 BLOCK PENA BLVD & LEVEL 6 EAST,1,1,1,0,1,4,0,0,25,0,0,0,0,0,4,2,14
,2021-42041,39.79059351,-104.8363599,10/31/2021 1:57,1:57,6,0,1,51ST AVE E & 13060 E 51ST AVE,1,3,0,0,1,4,0,0,25,0,0,0,0,2,4,2,1
,2021-42042,39.63523792,-105.0422351,11/4/2021 18:34,18:34,12,0,0,4100 BLK W EVANS & S QUITMAN ST,1,3,0,0,1,3,0,0,30,0,0,0,0,0,4,2,13
,2021-42043,39.91915628,-105.0050976,11/5/2021 17:11,17:11,12,0,0,I-70 & PECOS ST N,1,2,1,0,1,4,0,0,55,0,0,0,0,0,1,2,13
,2021-42044,39.6784026,-104.9336091,11/5/2021 9:30,9:30,12,0,1,I-25 & EVANS AVE N,1,1,0,0,1,4,0,0,65,0,0,0,0,1,1,2,13
,2021-42045,39.73029353,-105.0182999,11/4/2021 9:10,9:10,6,0,0,BARBERRY PL W & BRYANT ST N,1,1,1,0,1,4,0,0,25,0,0,0,0,0,4,2,16
,2021-42046,39.72579554,-105.0533449,11/5/2021 19:13,19:13,12,0,1,6TH AVE W & SHERIDAN BLVD N,1,3,0,0,1,4,0,0,55,0,0,0,0,2,2,2,13
,2021-42047,39.74740353,-104.9246199,11/5/2021 14:16,14:16,3,0,1,MONTVIEW BLVD E & GRAPE ST N,1,1,0,0,1,1,0,0,,0,0,0,0,1,4,2,13
,2021-42048,39.71476153,-104.9875144,11/4/2021 19:01,19:01,6,0,0,W BAYAUD AVE & S BROADWAY ST,1,4,0,0,1,4,0,0,25,0,0,0,0,0,4,2,3
,2021-42049,39.78349351,-104.7814,10/20/2021 2:30,2:30,5,0,0,GREEN VALLEY RANCH BLVD & 17600 BLK E,1,3,0,0,3,4,0,0,40,0,0,0,0,0,4,1,5
,2021-42050,39.74855489,-104.8957797,11/5/2021 15:27,15:27,15,0,0,E 21ST AVE & N QUEBEC ST,1,1,0,0,1,1,0,0,40,0,0,0,0,0,4,2,7
,2021-42051,39.68999354,-104.9734099,11/4/2021 16:41,16:41,12,0,0,I-25 NB OFF RAMP TO & DOWNING ST S,1,1,0,0,1,8,0,0,25,0,0,0,0,0,1,2,13
,2021-42052,39.66751353,-104.86814,11/4/2021 17:57,17:57,9,0,0,YALE AVE E & ELMIRA ST S,1,4,1,0,2,4,0,0,,0,0,0,1,0,4,1,1
,2021-42053,39.71116354,-105.0299299,11/5/2021 14:42,14:42,1,0,1,ALAMEDA AVE W & IRVING ST S,1,1,1,0,1,1,0,0,35,0,0,0,0,1,2,2,13
,2021-42054,39.71117354,-105.0015499,11/3/2021 16:58,16:58,1,0,0,W ALAMEDA AVE & S LIPAN ST,1,1,0,0,1,3,0,0,30,0,0,0,0,0,2,2,1
,2021-42055,39.75131353,-105.0165199,11/4/2021 15:47,15:47,12,0,0,I-25 & 23RD AVE W,1,2,0,0,1,4,0,0,55,0,0,0,0,0,1,2,13
,2021-42056,39.76115353,-105.0047499,11/4/2021 21:15,21:15,15,0,0,20TH ST & I-25 SB RAMPS,1,3,0,0,1,1,0,0,35,0,0,0,0,0,4,2,10
,2021-42057,39.75520353,-105.0129099,11/4/2021 16:01,16:01,12,0,0,I-25 & SPEER BLVD N,1,1,0,0,1,4,0,0,55,0,0,0,0,0,1,2,13
,2021-42058,39.75695353,-105.0381299,11/5/2021 12:45,12:45,6,0,0,OSCEOLA ST & 2700 BLK N,1,1,1,0,1,4,0,0,25,0,0,0,0,0,4,2,16
,2021-42059,39.68214354,-104.9875599,11/4/2021 21:17,21:17,8,0,0,S BROADWAY ST & E JEWELL AVE,1,3,0,0,1,1,0,0,,0,0,0,0,0,4,2,3
,2021-42060,39.72527841,-105.1417334,11/4/2021 6:44,6:44,12,0,0,I-25 & 6TH AVE W,1,1,1,0,1,4,0,0,55,0,0,0,0,0,1,2,14
,2021-42061,39.76801353,-104.9949599,11/4/2021 6:46,6:46,12,0,0,I-25 & PARK AVE W,1,1,1,0,1,4,0,0,55,0,0,0,0,0,4,2,14
,2021-42065,39.65699053,-104.866451,10/26/2021 7:13,7:13,15,0,0,I-70 & N HAVANA ST,1,1,3,0,1,4,0,0,55,0,0,0,0,0,1,2,11
,2021-42070,39.8341335,-104.77181,11/8/2021 13:50,13:50,12,0,0,N TOWER RD & PENA BLVD,1,1,3,0,1,3,0,0,45,0,0,0,0,0,4,2,13
,2021-42072,39.75440353,-104.9873699,11/9/2021 9:20,9:20,14,0,0,2200 BLK N BROADWAY ST & ARAPAHOE ST,1,1,3,0,1,4,0,0,30,0,0,0,0,0,4,2,3
,2021-42073,39.75007353,-104.9597599,11/8/2021 15:40,15:40,12,0,0,2200 BLK N YORK ST & E 23RD AVE.,1,1,3,0,1,4,0,0,30,0,0,0,0,0,4,2,10
,2021-42074,39.77400352,-104.8470299,11/9/2021 7:05,7:05,12,0,0,I-70 EB OFF RAMP SLIP TO & PEORIA ST N,1,1,3,0,1,8,0,0,25,0,0,0,0,0,4,2,13
,2021-42076,39.74553353,-104.9861099,11/8/2021 9:36,9:36,6,0,0,1800 BLK N LINCOLN ST & 18TH AVE,1,1,3,0,1,4,0,0,30,0,0,0,0,0,4,2,4
,2021-42077,39.71341354,-104.9982299,11/9/2021 10:53,10:53,15,0,0,200 BLK S SANTA FE DR & E CEDAR AV,1,1,3,0,1,4,0,0,35,0,0,0,0,0,4,2,8
,2021-42078,39.79753452,-104.9721739,11/8/2021 13:00,13:00,3,0,1,E 17TH AVE & N MARION ST,1,1,3,0,1,1,0,0,30,0,0,0,0,1,4,2,11
,2021-42079,39.73921353,-104.9268999,8/5/2021 13:44,13:44,6,0,0,1400 BLK N FOREST ST & E 14TH AVE,1,1,3,0,1,4,0,0,,0,0,0,1,0,4,2,16
,2021-42080,39.72648354,-105.0293999,11/9/2021 7:27,7:27,12,0,0,6TH AVE W & FEDERAL BLVD N,1,1,3,1,1,4,0,0,55,0,0,0,0,0,2,2,13
,2021-42084,39.76566353,-104.9945129,11/10/2021 5:55,5:55,11,0,1,GLOBEVILLE RD & PARK AVE W,1,4,3,0,1,2,0,0,0,0,1,0,0,3,4,1,16
,2021-42088,39.63481354,-104.88516,11/10/2021 9:58,9:58,3,0,2,BROADMOOR RD S & YOSEMITE ST S,1,1,3,0,1,1,0,0,30,0,0,0,0,2,4,3,10
,2021-42091,39.72552106,-104.9682679,11/10/2021 8:50,8:50,12,0,0,E 23RD AVE & N FRANKLIN ST,1,1,3,0,1,3,0,0,30,0,0,0,0,0,4,2,13
,2021-42098,39.77999352,-104.9571399,11/10/2021 14:08,14:08,12,0,0,I-70 & COLUMBINE ST N,1,1,3,0,1,4,0,0,55,0,0,0,0,0,1,2,16
,2021-42102,39.8472732,-104.9907112,11/8/2021 8:00,8:00,16,0,0,1331 N CHEROKEE ST & 1331 BLK N,1,1,3,0,5,7,0,0,15,0,0,0,0,0,3,1,13
,2021-42104,39.75923352,-104.9317099,11/9/2021 9:05,9:05,6,0,0,2900 BLK N DAHLIA ST & E 30TH AVE,1,1,3,0,1,4,0,0,25,0,0,0,0,0,4,2,11
,2021-42112,39.75352353,-104.9848599,10/31/2021 12:15,12:15,12,0,0,CHAMPA ST & PARK AVE W,1,1,3,0,1,4,0,0,30,0,0,0,0,0,4,3,16
,2021-42113,39.76001352,-104.8855399,10/25/2021 6:59,6:59,15,0,0,MLK BLVD E & XENIA ST N (OFFSET REF),1,3,3,0,1,4,0,0,35,0,0,0,0,0,4,2,1
,2021-42117,39.73726353,-104.8987399,11/9/2021 9:36,9:36,3,0,0,E 13TH AVE & N SYRACUSE ST,1,1,3,0,1,1,0,0,30,0,0,0,0,0,4,2,13
,2021-42118,39.76190352,-104.9126099,11/9/2021 7:35,7:35,15,0,0,MLK BLVD E & MONACO ST N,1,1,3,0,1,1,0,0,35,0,0,0,0,0,4,3,1
,2021-42120,39.74490353,-104.9942499,11/10/2021 15:18,15:18,15,0,1,15TH ST & STOUT ST,1,1,3,0,1,4,0,0,25,0,0,0,0,1,4,2,11
,2021-42147,39.76450353,-104.9720899,11/9/2021 8:32,8:32,3,0,0,N MARION ST & E BRUCE RANDOLPH AVE,1,1,3,0,1,1,0,0,30,0,0,0,0,0,4,2,16
,2021-42149,39.71310353,-104.9128199,11/8/2021 14:40,14:40,15,0,0,S MONACO ST & E CEDAR AVE,1,1,3,0,1,3,0,0,35,0,0,0,0,0,4,2,2
,2021-42152,39.67840354,-104.9407399,11/10/2021 9:01,9:01,3,0,0,EVANS AVE E & COLORADO BLVD S,1,1,3,0,1,2,0,0,35,0,0,0,0,0,4,2,8
,2021-42153,39.65211354,-104.8847899,11/9/2021 7:54,7:54,3,0,0,3500 BLK S YOSEMITE ST & E HAMPDEN AVE,1,1,3,0,1,2,0,0,35,0,0,0,0,0,4,2,11
,2021-42157,39.71301354,-105.0528099,10/25/2021 7:32,7:32,15,0,0,S SHERIDAN BLVD & W CEDAR AVE,1,1,3,1,1,4,0,0,35,0,0,0,0,0,2,2,16
,2021-42169,39.69274523,-104.9924773,11/10/2021 5:54,5:54,15,0,0,SANTA FE DR S & CEDAR AVE W,1,3,3,0,1,4,0,0,35,0,0,0,0,0,4,2,8
,2021-42179,39.77419352,-104.8470299,11/10/2021 14:12,14:12,15,0,0,PEORIA ST N & I-70 WB OFF RAMP,1,1,3,0,1,4,0,0,40,0,0,0,0,0,4,2,13
,2021-42181,39.75725353,-104.9800399,11/10/2021 7:14,7:14,6,0,0,CHAMPA ST & 27TH ST,1,1,3,1,1,4,0,0,25,0,0,0,0,0,4,4,16
,2021-42187,39.74374353,-104.9406399,11/10/2021 8:10,8:10,12,0,1,COLORADO BLVD N & 17TH AVE E,1,1,3,0,1,1,0,0,35,0,0,0,0,1,2,2,13
,2021-42190,39.70752354,-104.9863399,11/10/2021 9:18,9:18,3,0,1,S LINCOLN ST & E VIRGINIA AVE,1,1,3,0,1,1,0,0,30,0,0,0,1,3,4,2,1
,2021-42191,39.74744352,-104.8846399,11/9/2021 6:12,6:12,12,0,2,E MONTVIEW BLVD & N CENTRAL PARK BLVD,1,2,3,0,1,1,0,0,30,0,0,0,0,2,4,2,11
,2021-42203,39.70021353,-104.9082099,11/9/2021 9:00,9:00,11,0,1,LEETSDALE DR & ONEIDA ST S,1,1,3,0,1,1,0,0,0,0,0,1,0,2,2,1,16
,2021-42219,39.69669854,-104.9918704,11/10/2021 12:26,12:26,15,0,0,SANTA FE DR S & MISSISSIPPI AVE W,1,1,3,0,1,3,0,1,45,0,0,0,0,0,2,2,11
,2021-42277,39.79823351,-104.8471699,11/5/2021 12:00,12:00,15,0,0,N PEORIA ST & E 56TH AVE,1,1,0,0,1,4,0,0,40,0,0,0,0,0,4,2,7
,2021-42278,39.77967353,-104.9791499,10/26/2021 21:46,21:46,5,0,2,I-70 WB OFF RAMP & N WASHINGTON ST,11,3,1,1,6,8,0,0,55,0,0,0,0,3,1,1,5
,2021-42279,39.69478354,-105.0104299,10/31/2021 1:27,1:27,6,0,0,S SHOSHONE ST & S SENECA WAY,1,3,0,0,1,4,0,0,25,0,0,0,0,0,4,2,5
,2021-42280,39.76944353,-105.0387399,10/28/2021 14:46,14:46,12,0,0,38TH AVE W & PERRY ST N,1,1,1,0,1,4,0,0,30,0,0,0,0,0,4,2,16
,2021-42281,39.72553353,-105.0131199,10/17/2021 1:14,1:14,5,0,0,W 6TH AVE WB ON RAMP & I-25,1,3,1,0,3,8,0,0,45,0,0,0,0,0,1,1,16
,2021-42282,39.70586353,-104.9390099,11/5/2021 8:59,8:59,3,0,1,ALAMEDA AVE E & COLORADO BLVD S,1,1,0,0,1,2,0,0,30,0,0,0,0,1,4,2,13
,2021-42283,39.75828353,-104.9405799,10/21/2021 19:56,19:56,11,0,1,N COLORADO BLVD & E 29TH AVE,1,1,0,4,1,3,0,0,0,0,1,0,0,3,4,1,16
,2021-42284,39.76944592,-105.0315221,10/16/2021 16:15,16:15,12,0,0,I-25 & 38TH AVE,1,1,0,0,1,4,0,0,55,0,0,0,0,0,1,2,13
,2021-42285,39.78379351,-104.80171,10/31/2021 19:35,19:35,3,0,0,GVR BLVD E & N KITTREDGE ST,1,3,0,0,1,1,0,0,35,0,0,0,0,1,4,2,8
,2021-42286,39.64137103,-105.0299311,11/5/2021 8:30,8:30,1,0,0,S IRVING ST & W NEVADA PL,1,1,0,0,1,1,0,0,,0,0,0,0,0,4,2,13
,2021-42287,39.85165152,-105.0014734,10/4/2021 2:30,2:30,5,0,0,I-70 & N LIPAN ST,1,3,0,0,6,4,0,0,55,0,0,0,0,0,1,1,14
,2021-42288,39.74009468,-104.9035119,10/6/2021 15:09,15:09,12,0,0,I-70 & N QUEBEC ST,1,1,0,1,1,4,0,0,35,0,0,0,0,0,1,2,3
,2021-42289,39.78742613,-105.0252255,11/4/2021 15:02,15:02,11,0,1,FEDERAL BLVD N & REGIS BLVD W,1,1,0,0,1,1,0,0,30,0,1,0,0,1,2,1,13
,2021-42290,39.78362051,-104.7722075,10/17/2021 17:30,17:30,12,0,0,N TOWER RD & E GVR BLVD,1,1,0,0,1,1,0,0,40,0,0,0,0,0,4,2,5
,2021-42291,39.63976355,-105.0532599,11/5/2021 6:30,6:30,1,0,1,SHERIDAN BLVD S & QUINCY AVE W,1,3,0,0,1,1,0,0,35,0,0,0,0,2,4,2,14
,2021-42292,39.75170353,-104.9789699,10/24/2021 20:18,20:18,6,0,0,25TH ST W & GLENARM ST,1,3,0,0,1,4,0,0,25,0,0,0,0,0,4,3,1
,2021-42293,39.74544353,-104.9900899,10/11/2021 2:17,2:17,3,0,0,17TH ST & WELTON ST,1,3,1,0,1,1,0,0,30,0,0,0,0,1,4,2,14
,2021-42294,39.70758354,-105.0250799,10/28/2021 3:44,3:44,3,0,0,S FEDERAL BLVD & W VIRGINIA AVE,1,3,0,0,1,1,0,0,40,0,0,0,0,0,2,2,13
,2021-42295,39.69168207,-105.122957,9/30/2021 22:54,22:54,5,0,0,W FLORIDA AVE & S DALE CT,1,3,0,0,3,1,0,0,35,0,0,0,0,0,4,1,1
,2021-42296,39.74002353,-104.9810899,10/11/2021 12:25,12:25,12,0,0,E COLFAX AVE & N PENNSYLVANIA ST,1,1,0,0,1,4,0,0,35,0,0,0,0,0,2,2,16
,2021-42297,39.72562353,-104.9904599,10/22/2021 20:30,20:30,12,0,0,6TH AVE W & N BANNOCK ST,1,3,0,0,1,1,0,0,35,0,0,0,0,0,4,2,13
,2021-42298,39.75322353,-104.9745699,10/17/2021 7:00,7:00,6,0,0,25TH AVE & 900 BLK E,1,2,0,0,1,4,0,0,25,0,0,0,0,0,4,3,5
,2021-42299,39.74018653,-104.9407414,11/5/2021 0:00,0:00,1,0,1,N COLORADO BLVD & E COLFAX AVE,1,3,0,0,1,1,0,0,35,0,0,0,0,1,2,2,16
,2021-42300,39.76201353,-105.0181799,10/29/2021 5:53,5:53,6,0,0,N FIRE CT & W 32ND AVE,1,3,1,0,1,4,0,0,30,0,0,0,0,0,4,3,1
,2021-42301,39.66049354,-105.0251499,10/4/2021 2:05,2:05,12,0,0,S FEDERAL BLVD & W DARTMOUTH AVE,1,3,0,0,1,3,0,0,45,0,0,0,0,0,2,2,1
,2021-42302,39.74166353,-104.9798899,10/18/2021 15:40,15:40,2,0,1,E 16TH AVE & N PEARL ST,1,1,0,0,1,1,0,0,30,1,0,0,0,1,4,2,7
,2021-42303,39.79767351,-104.74315,10/17/2021 3:45,3:45,6,0,0,21031 E RANDOLPH PL & N MALAYA ST,1,3,0,0,1,4,0,0,25,0,0,0,0,0,4,3,5
,2021-42304,39.71303354,-104.9944699,10/30/2021 11:30,11:30,6,0,0,CEDAR AVE W & CHEROKEE ST S,1,1,0,0,1,4,0,0,25,0,0,0,0,0,4,2,13
,2021-42305,39.69281354,-105.0527599,10/17/2021 20:41,20:41,15,0,0,S SHERIDAN BLVD & W ARKANSAS AVE,1,3,0,0,1,4,0,0,40,0,0,0,0,0,2,2,16
,2021-42306,39.78591351,-104.81122,9/23/2021 15:40,15:40,16,0,0,CHAMBERS RD & 5141 BLK N,1,1,0,0,5,7,0,0,,0,0,0,0,0,3,2,16
,2021-42307,39.77400352,-104.8470199,11/5/2021 15:44,15:44,12,0,1,I-70 & PEORIA ST N,1,1,0,0,1,4,0,0,55,0,0,0,0,1,1,3,13
,2021-42308,39.74866353,-105.0020499,10/3/2021 2:12,2:12,5,0,0,14TH ST & BLAKE ST,1,3,0,0,3,3,0,0,30,0,0,0,0,0,4,1,1
,2021-42309,39.70494353,-104.8753399,11/3/2021 7:50,7:50,1,0,0,DAYTON ST S & EXPOSITION AVE E,1,1,0,0,1,2,0,0,30,0,0,0,0,0,4,3,13
,2021-42310,39.67861354,-105.0360499,11/5/2021 15:38,15:38,12,0,0,3700 BLK W EVANS AVE & S MEADE ST,1,1,0,0,1,4,0,0,35,0,0,0,0,1,4,4,4
,2021-42311,39.77996352,-104.9497999,11/4/2021 6:35,6:35,12,0,0,I-70 & STEELE ST N,1,3,0,0,1,4,0,0,55,0,0,0,0,0,1,3,13
,2021-42312,39.79630788,-104.8894594,11/5/2021 7:25,7:25,3,0,2,17TH AVE E & WABASH ST N,1,1,0,0,1,1,0,0,25,0,0,0,0,1,4,3,13
,2021-42313,39.76094353,-105.0043199,11/3/2021 16:44,16:44,12,0,0,I-25 & 20TH ST,1,1,0,0,1,4,0,0,55,0,0,0,0,0,1,4,1
,2021-42314,39.77997353,-104.9915999,11/4/2021 14:27,14:27,15,0,0,I-70 EB OFF RAMP & I-25 NB,1,1,1,0,1,8,0,0,35,0,0,0,0,0,1,3,13
,2021-42315,39.74015353,-104.9127899,10/31/2021 13:15,13:15,12,0,2,E COLFAX AVE & N MONACO ST,1,1,0,0,1,1,0,0,35,0,0,0,0,2,2,3,3
,2021-42316,39.72912554,-105.1239386,11/3/2021 22:02,22:02,12,0,0,I-25 & 8TH AVE W,1,3,0,0,1,4,0,0,55,0,0,0,0,0,1,4,3
,2021-42317,39.75131353,-105.0165199,10/17/2021 19:16,19:16,12,0,1,I-25 & W 23RD AVE,1,3,0,0,1,4,0,0,55,0,0,0,0,1,1,3,16
,2021-42318,39.69274523,-104.9924773,11/4/2021 21:47,21:47,9,0,1,I-25 & SANTA FE DR S,1,4,0,0,1,4,0,0,55,0,0,0,0,1,1,3,13
,2021-42319,39.73683353,-104.9836099,10/30/2021 21:17,21:17,11,0,2,E 13TH AVE & N GRANT ST,1,3,0,0,1,1,0,0,,0,1,0,0,2,4,1,16
,2021-42320,39.69317354,-105.0531799,11/1/2021 8:58,8:58,1,0,1,S SHERIDAN BLVD & W LOUISIANA AVE,1,1,0,0,1,1,0,0,40,0,0,0,0,1,2,2,13
,2021-42321,39.79840751,-104.7872825,11/4/2021 15:53,15:53,12,0,0,E 56TH AVE & PENA BLVD INBOUND,1,1,0,0,1,4,0,0,40,0,0,0,0,0,4,3,13
,2021-42322,39.72451384,-105.0151966,11/3/2021 9:05,9:05,12,0,0,I-25 SB ON RAMP GORE PT FROM & HWY 6 EB DISTRIBUTOR RAMP,1,1,1,0,1,8,0,0,45,0,0,0,0,0,1,3,13
,2021-42323,39.74998353,-105.0381299,11/2/2021 22:24,22:24,6,0,0,3900 BLK W 22ND AVE & N OSCELOA ST,11,3,0,0,1,4,0,0,25,0,0,0,0,0,4,4,5
,2021-42324,39.71008353,-104.9034999,11/4/2021 16:51,16:51,12,0,0,300 BLK S QUEBEC ST & E ALAMEDA AVE,1,1,0,0,1,4,0,0,35,0,0,0,0,0,4,3,1