id,drcog_id,latitude,longitude,crashtime,time,crashtype,numbkilled,numbinjurd,drcoglocat,rdconditin,lightngcon,roadcntgrd,weatherco,location,roaddescrp,schoolzone,constrzone,splimit,bikeinv,pedinv,sctrinv,motoinv,svrty,rdsystem,ttlvehcls,hcf
,2021-42325,39.74016353,-104.9518099,11/3/2021 14:30,14:30,6,0,0,N MILWAUKEE ST & E COLFAX AVE,1,1,1,0,1,4,0,0,,0,0,0,0,0,2,4,16
,2021-42326,39.72551353,-105.0133499,11/3/2021 12:39,12:39,12,0,1,I-25 & 6TH AVE W,1,1,0,0,1,4,0,0,55,0,0,0,0,2,1,3,3
,2021-42327,39.72561553,-104.9407909,11/3/2021 8:28,8:28,1,0,0,COLORADO BLVD N & 6TH AVE E,1,1,0,0,1,1,0,0,35,0,0,0,0,0,2,2,13
,2021-42328,39.78145351,-104.7905,11/4/2021 17:02,17:02,12,0,0,4600 BLK PENA BLVD INBOUND & N GREEN VALLEY RANCH BLVD,1,1,0,0,1,4,0,0,45,0,0,0,0,0,4,3,1
,2021-42329,39.77582352,-104.8657299,11/3/2021 16:50,16:50,12,0,1,I-70 & HAVANA ST N,1,1,0,0,1,4,0,0,55,0,0,0,0,1,1,3,13
,2021-42330,39.71120354,-104.9988899,11/4/2021 9:12,9:12,12,0,3,I-25 & ALAMEDA AVE W,1,1,1,0,1,4,0,0,55,0,0,0,0,1,1,3,7
,2021-42331,39.75512711,-105.0000479,11/4/2021 15:22,15:22,1,0,0,15TH ST & WEWATTA ST,1,1,0,0,1,1,0,0,30,0,0,0,0,0,4,3,7
,2021-42332,39.72546693,-105.0117526,11/3/2021 12:53,12:53,12,0,0,I-25 NB OFF RAMP TO & 6TH AVE W,1,1,0,0,1,8,0,0,55,0,0,0,0,0,1,3,13
,2021-42336,39.72018353,-104.9534099,11/6/2021 10:55,10:55,6,0,0,FILLMORE ST N & 2ND AVE E,1,1,3,0,1,4,0,0,25,0,0,0,0,0,4,2,10
,2021-42337,39.78212353,-105.0252299,11/11/2021 8:00,8:00,12,0,0,FEDERAL BLVD N & 46TH AVE W,1,1,3,0,1,3,0,0,35,0,0,0,0,0,2,2,3
,2021-42339,39.69310354,-105.0390499,11/11/2021 10:43,10:43,3,0,2,W LOUISIANA AVE & S PATTON CT,1,1,3,0,1,1,0,0,25,0,0,0,0,1,4,3,7
,2021-42344,39.76568353,-104.9950429,11/11/2021 7:08,7:08,3,0,1,GLOBEVILLE RD N & PARK AVE W,1,1,3,0,1,1,0,0,35,0,0,0,0,1,4,2,10
,2021-42347,39.72566353,-104.9928199,11/11/2021 12:51,12:51,10,0,0,N DELAWARE ST & W 6TH AVE,1,1,3,0,1,1,0,0,30,0,0,0,0,0,4,2,13
,2021-42360,39.74409353,-104.9883499,11/10/2021 15:03,15:03,10,0,0,17TH ST & TREMONT PL,1,1,3,0,1,1,0,0,25,0,0,0,0,0,4,2,16
,2021-42363,39.68568354,-104.9383899,11/10/2021 15:27,15:27,15,0,0,4100 BLK E MEXICO AVE & S COLORADO BLVD,1,1,3,0,1,3,0,0,25,0,0,0,0,0,4,2,3
,2021-42368,39.73203353,-104.9764199,11/11/2021 14:39,14:39,3,0,1,E 10TH AVE & N EMERSON ST,1,1,3,0,1,1,0,0,25,0,0,0,0,1,4,2,13
,2021-42372,39.77035352,-104.8470199,11/10/2021 17:00,17:00,15,0,0,3800 BLK N PEORIA ST & E 39TH AVE,1,3,3,0,1,4,0,0,35,0,0,0,0,0,4,2,7
,2021-42374,39.77396353,-104.9767299,11/5/2021 20:08,20:08,12,0,1,38TH ST & DELGANY ST,1,3,3,0,1,4,0,0,,0,0,0,0,1,4,2,16
,2021-42385,39.69202353,-104.9406299,11/12/2021 11:34,11:34,12,0,0,COLORADO BLVD S & ARKANSAS AVE E,1,1,3,0,1,4,0,0,35,0,0,0,0,0,2,2,13
,2021-42393,39.74000353,-104.9672199,11/10/2021 16:47,16:47,6,0,1,COLFAX AVE E & GILPIN ST N,1,3,3,0,1,1,0,0,,0,0,0,0,1,2,2,16
,2021-42399,39.75791353,-104.9917599,11/10/2021 14:02,14:02,12,0,0,PARK AVE W & WAZEE ST,1,1,3,0,1,4,0,0,35,0,0,0,0,1,4,3,8
,2021-42402,39.71782353,-104.9292999,11/11/2021 14:04,14:04,3,0,0,E 1ST AVE & N ELM ST,1,1,3,0,1,1,0,0,25,0,0,0,0,0,4,2,11
,2021-42403,39.67846454,-104.9315884,11/11/2021 14:00,14:00,10,0,0,E EVANS AVE & S DAHLIA ST,1,1,3,0,1,1,0,0,30,0,0,0,0,0,4,2,3
,2021-42404,39.65333355,-105.0530799,11/11/2021 11:47,11:47,12,0,0,HWY 285 WB OFF RAMP TO & SHERIDAN BLVD S,1,1,3,1,1,8,0,0,35,0,0,0,0,0,2,2,13
,2021-42405,39.74195353,-104.9453499,11/11/2021 7:51,7:51,8,0,1,E 16TH AVE & N MONROE ST,1,1,3,0,1,1,0,0,25,0,0,0,0,2,4,2,11
,2021-42407,39.74014353,-105.0052299,11/12/2021 7:29,7:29,3,0,0,COLFAX AVE W & 7TH ST,1,1,3,0,1,14,0,0,35,0,0,0,0,0,2,2,13
,2021-42417,39.78523352,-104.9028399,11/11/2021 7:50,7:50,10,0,0,E 49TH AVE & N SAND CREEK RD,1,1,3,0,1,3,0,0,35,0,0,0,0,0,4,2,11
,2021-42418,39.72413353,-104.9862399,11/11/2021 18:30,18:30,10,0,0,N LINCOLN ST & E 5TH AVE,1,1,3,0,1,1,0,0,30,0,0,0,0,0,4,2,3
,2021-42419,39.66761354,-104.9257499,11/11/2021 15:30,15:30,12,0,0,I-25 SB EXIT GORE PT TO & YALE AVE E,1,1,3,0,1,4,0,0,65,0,0,0,0,0,1,2,3
,2021-42427,39.70021353,-104.9593199,11/11/2021 17:00,17:00,1,0,0,S UNIVERSITY BLVD & E KENTUCKY AVE,1,1,3,0,1,1,0,0,30,0,0,0,0,0,4,2,3
,2021-42429,39.72383353,-104.8841944,11/11/2021 13:00,13:00,15,0,0,E LOWRY BLVD & N YOSEMITE ST,1,1,3,0,1,1,0,0,25,0,0,0,0,0,4,2,3
,2021-42431,39.71116354,-104.9899999,11/12/2021 10:34,10:34,12,0,0,S BANNOCK ST & W ALAMEDA AVE,1,1,3,0,1,1,0,0,25,0,0,0,0,0,4,2,13
,2021-42432,39.67844354,-104.9339699,11/11/2021 15:30,15:30,12,0,0,I-25 & EVANS AVE E,1,1,3,0,1,4,0,0,65,0,0,0,0,0,1,2,3
,2021-42433,39.68224354,-105.0461399,11/12/2021 12:18,12:18,3,0,0,W JEWELL AVE & S VRAIN ST,1,1,3,0,1,1,0,0,30,0,0,0,0,0,4,2,13
,2021-42478,39.77838353,-105.0392399,11/11/2021 10:42,10:42,6,0,0,W 45TH AVE & N PERRY ST,1,1,3,0,1,4,0,0,25,0,0,0,0,0,4,2,16
,2021-42483,39.69635653,-104.8974019,11/11/2021 9:29,9:29,3,0,0,MISSISSIPPI AVE E & PARKER RD S,1,1,3,0,1,2,0,0,35,0,0,0,0,0,4,2,11
,2021-42561,39.72976353,-104.9873999,10/1/2021 12:30,12:30,12,0,0,800 BLK  N BROADWAY ST & W 8TH AVE,1,1,3,0,1,4,0,0,30,0,0,0,0,0,4,4,1
,2021-42562,39.77419352,-104.8470299,9/29/2021 14:32,14:32,15,0,0,N PEORIA ST & I-70 WB ENT / EXIT RAMPS,11,1,3,1,1,1,0,0,35,0,0,0,0,0,4,2,7
,2021-42563,39.74032353,-105.0334199,9/29/2021 9:15,9:15,3,0,0,W COLFAX AVE & N KING ST,1,1,3,1,1,1,0,0,30,0,0,0,0,0,2,2,16
,2021-42571,39.74999353,-105.0099899,9/29/2021 6:10,6:10,5,0,0,I25 HWY SB & MILE HIGH STADIUM CIR,1,1,3,0,2,4,0,0,35,0,0,0,0,0,1,1,14
,2021-42575,39.6242121,-104.8898591,10/1/2021 9:27,9:27,1,0,0,E BELLEVIEW AVE & DTC BLVD,1,1,3,0,1,3,0,0,40,0,0,0,0,0,4,2,13
,2021-42577,39.78115353,-105.0345799,10/1/2021 9:48,9:48,12,0,0,N LOWELL BLVD & W 46TH AVE,1,1,3,0,1,4,0,0,,0,0,0,0,0,4,2,16
,2021-42578,39.69127354,-105.0297099,9/29/2021 7:30,7:30,3,0,1,W ARKANSAS AVE & S IRVING ST,1,1,3,0,1,1,0,0,25,0,0,0,0,1,4,4,7
,2021-42579,39.71123354,-104.9971264,9/29/2021 9:15,9:15,1,0,0,W ALAMEDA AVE & S SANTA FE DR,1,1,3,0,1,1,0,0,35,0,0,0,0,0,2,2,10
,2021-42583,39.70665354,-104.9965899,10/1/2021 9:52,9:52,12,0,0,S SANTA FE DR & I-25 NB OFF RAMP COLLECTOR,1,1,3,0,1,1,0,0,40,0,0,0,0,0,2,3,16
,2021-42586,39.73345615,-104.9632588,9/30/2021 12:09,12:09,2,0,1,E 11TH AVE & N RACE ST,1,1,3,0,1,3,0,0,25,1,0,0,0,1,4,1,16
,2021-42601,39.75277353,-104.9874099,10/1/2021 9:18,9:18,3,0,0,22ND ST & N BROADWAY ST,1,1,3,0,1,1,0,0,30,0,0,0,0,0,4,2,13
,2021-42604,39.73999353,-104.9399899,9/30/2021 12:55,12:55,3,0,0,E 17TH AVE & N MONROE ST,1,1,3,0,1,1,0,0,35,0,0,0,0,1,4,2,1
,2021-42607,39.69662354,-104.9874199,9/29/2021 12:53,12:53,12,0,0,W MISSISSIPPI AVE & S BROADWAY ST,1,1,3,0,1,4,0,0,30,0,0,0,0,0,4,2,13
,2021-42608,39.74001353,-104.9696799,9/29/2021 13:00,13:00,12,0,3,E COLFAX AVE & N HUMBOLDT ST,1,1,3,0,1,4,0,0,30,0,0,0,0,1,2,2,3
,2021-42610,39.71999353,-104.9799899,9/29/2021 12:49,12:49,15,0,1,N LINCOLN ST & E 6TH AVE,1,1,3,0,1,3,0,0,30,0,0,0,0,2,4,2,8
,2021-42611,39.74481353,-104.9696699,9/29/2021 9:40,9:40,10,0,0,E 18TH ST & N HUMBOLDT ST,1,1,3,0,1,1,0,0,30,0,0,0,0,0,4,2,13
,2021-42612,39.73849354,-105.0498099,10/21/2021 21:53,21:53,6,0,0,N XAVIER ST & W 14TH AVE,1,3,0,0,1,4,0,0,25,0,0,0,0,0,4,2,16
,2021-42613,39.82518502,-104.9816053,11/3/2021 6:57,6:57,12,0,0,I-25 NB EXIT GORE PT TO & 6TH AVE W,1,1,0,0,1,8,0,0,65,0,0,0,0,0,1,5,14
,2021-42614,39.72553353,-105.0131199,11/5/2021 12:37,12:37,15,0,4,I-25 & 6TH AVE W,1,1,1,0,1,4,0,0,65,0,0,0,0,2,1,6,3
,2021-42615,39.75481353,-105.0184699,10/26/2021 8:14,8:14,6,0,0,W 26TH AVE & N ALCOTT ST,1,1,1,0,1,4,0,0,30,0,0,0,0,0,4,3,16
,2021-42616,39.74770279,-104.9835518,11/3/2021 4:22,4:22,6,0,0,100 BLK N GRANT ST & E 2ND AVE,1,4,0,0,1,4,0,0,25,0,0,0,0,0,4,5,16
,2021-42617,39.70716354,-105.0350299,8/14/2021 14:55,14:55,12,0,1,W CUSTER PL & S LOWELL BLVD,1,1,0,0,1,1,0,0,25,0,0,0,0,2,4,2,3
,2021-42618,39.70233354,-105.0105999,9/21/2021 3:39,3:39,6,0,0,800 BLK S TEJON ST & W OHIO AVE,1,3,0,0,1,4,0,0,25,0,0,0,0,0,4,2,13
,2021-42619,39.71120354,-104.9991199,10/24/2021 2:18,2:18,6,0,2,I-25 & W ALAMEDA AVE,1,3,1,0,1,4,0,0,65,0,0,0,0,3,1,2,16
,2021-42620,39.75383353,-104.9608899,10/19/2021 21:44,21:44,6,0,3,N GAYLORD ST & E 25TH AVE,1,3,0,0,2,4,0,0,25,0,0,0,0,3,4,4,8
,2021-42621,39.73840353,-104.9694799,10/4/2021 19:59,19:59,6,0,0,1500 BLK E 14TH AVE & N FRANKLIN ST,1,3,0,0,1,4,0,0,30,0,0,0,0,0,4,3,5
,2021-42622,39.67466354,-104.9649099,9/28/2021 19:30,19:30,6,0,0,2300 BLOCK S HIGH ST & E ILIFF AVE,1,2,3,0,1,4,0,0,,0,0,0,0,0,4,2,16
,2021-42623,39.76804353,-105.0205099,9/29/2021 8:48,8:48,3,0,0,W 37TH AVE & N CLAY ST,1,1,3,0,1,1,0,0,25,0,0,0,0,0,4,2,13
,2021-42624,39.71135201,-104.8928838,9/29/2021 7:10,7:10,15,0,0,E LOWRY BLVD & E FAIRMOUNT DR,1,1,3,0,1,6,0,0,30,0,0,0,0,0,4,2,13
,2021-42627,39.78399353,-105.0158299,9/29/2021 8:15,8:15,3,0,0,W 48TH AVE & N ZUNI ST,1,1,3,0,1,1,0,0,30,0,0,0,0,1,4,2,1
,2021-42629,39.71304354,-105.0156799,11/12/2021 12:23,12:23,3,0,0,ZUNI ST S & CEDAR AVE W,1,1,3,0,1,1,0,0,,0,0,0,0,0,4,2,16
,2021-42632,39.69839353,-104.9340299,9/29/2021 8:44,8:44,10,0,0,S CHERRY ST & E TENNESSE AVE,1,1,3,0,1,2,0,0,30,0,0,0,0,0,4,2,13
,2021-42633,39.69477354,-104.9806699,11/10/2021 12:25,12:25,6,0,0,ARIZONA AVE E & BUCHTEL BLVD E,1,1,3,0,1,9,0,0,25,0,0,0,0,0,4,2,13
,2021-42635,39.77156353,-105.0189699,9/29/2021 6:53,6:53,14,0,0,N BRYANT ST & W 40TH AVE,1,1,3,1,1,4,0,0,25,0,0,0,0,0,4,2,16
,2021-42637,39.69518202,-104.9780779,11/11/2021 20:00,20:00,6,0,0,00 BLK S CLARKSON ST & E BAYAUD AVE,1,1,3,0,1,4,0,0,,0,0,0,0,0,4,2,16
,2021-42644,39.75443353,-105.0252099,9/30/2021 8:15,8:15,15,0,0,FEDERAL BLVD & W 26TH AVE,1,1,3,0,1,4,0,0,35,0,0,0,0,0,2,2,1
,2021-42646,39.76446353,-104.9498999,9/30/2021 11:26,11:26,3,0,0,E BRUCE RANDOLPH AVE & N STEELE ST,1,1,3,0,1,1,0,0,25,0,0,0,0,0,4,2,13
,2021-42648,39.65303354,-104.9316899,10/1/2021 7:38,7:38,1,0,2,E HAMPDEN AVE & S DAHLIA ST,1,2,3,1,1,1,0,0,40,0,0,0,0,2,2,3,13
,2021-42650,39.75549353,-104.9753299,9/30/2021 14:05,14:05,12,0,0,2800 BLK GLENARM PL & 28TH ST,1,1,3,0,1,4,0,0,20,0,0,0,0,0,4,2,11
,2021-42654,39.71144353,-104.9381999,9/28/2021 16:30,16:30,1,0,0,E ALAMEDA AVE & LEETSDALE DR,1,1,3,0,1,2,0,0,30,0,0,0,0,0,2,2,3
,2021-42655,39.79814351,-104.8422999,9/30/2021 7:40,7:40,12,0,0,E 56TH AVE & N REVERE ST,1,1,3,0,1,4,0,0,40,0,0,0,0,0,4,2,3
,2021-42656,39.69752353,-104.8753099,9/29/2021 8:03,8:03,3,0,0,S DAYTON ST & S EMPORIA ST,1,1,3,0,1,2,0,0,30,0,0,0,0,0,4,2,13
,2021-42657,39.72452354,-105.0318699,9/28/2021 8:25,8:25,6,0,0,3400 BLK W 5TH AVE & N KNOX CT,1,1,3,4,1,4,0,0,,0,0,0,0,0,4,2,16
,2021-42659,39.77282351,-104.79058,9/30/2021 11:10,11:10,1,0,0,E 40TH AVE & PENA BLVD,1,1,3,0,1,3,0,0,40,0,0,0,0,0,4,2,8
,2021-42661,39.71782353,-104.9473699,9/29/2021 16:30,16:30,15,0,0,E 1ST AVE & N COOK ST,1,1,3,0,1,1,0,0,30,0,0,0,0,0,4,2,3
,2021-42662,39.67843354,-104.9390199,9/28/2021 13:19,13:19,12,0,0,4100 BLK E EVANS AVE & S ASH ST,1,1,3,0,1,3,0,1,35,0,0,0,0,0,4,3,3
,2021-42664,39.67846454,-104.9315884,9/29/2021 14:30,14:30,12,0,0,E EVANS AVE & S DAHLIA ST,11,1,3,1,1,1,0,0,30,0,0,0,0,0,4,2,1
,2021-42666,39.74999352,-104.8899899,9/28/2021 13:10,13:10,12,0,0,N CENTRAL PARK BLVD & E MLK BLVD,1,1,3,0,1,3,0,0,35,0,0,0,0,0,4,2,13
,2021-42667,39.76815353,-104.9720999,10/1/2021 8:08,8:08,3,0,0,E 37TH AVE & N MARION ST,1,1,3,0,1,1,0,1,25,0,0,0,0,0,4,3,13
,2021-42670,39.74894352,-104.9128399,9/25/2021 13:20,13:20,15,0,0,2100 BLK N MONACO ST & E MONTVIEW BLVD,1,1,3,0,1,4,0,0,30,0,0,0,0,0,4,2,1
,2021-42675,39.67842354,-104.9395399,10/1/2021 13:29,13:29,3,0,0,E EVANS ST & S ALBION ST,1,1,3,0,1,1,0,0,30,0,0,0,0,0,4,3,13
,2021-42684,39.69191354,-105.0531999,9/29/2021 15:01,15:01,12,0,0,S SHERIDAN BLVD & W WYOMING PL,11,1,3,1,1,4,0,0,35,0,0,0,0,0,2,2,13
,2021-42686,39.75151753,-104.9874469,8/22/2021 14:20,14:20,10,0,0,CHAMPA ST & N BROADWAY ST,1,1,3,0,1,1,0,0,30,0,0,0,0,0,4,2,16
,2021-42694,39.67834354,-104.9933899,9/30/2021 10:46,10:46,1,0,0,S SANTA FE DR & W EVANS AVE,1,1,3,0,1,1,0,0,30,0,0,0,0,0,2,2,13
,2021-42697,39.67846454,-104.9315884,9/28/2021 15:00,15:00,12,0,0,E EVANS AVE & S DAHLIA ST,1,1,3,0,1,1,0,0,30,0,0,0,0,0,4,2,3
,2021-42702,39.77288352,-104.9406289,9/29/2021 6:30,6:30,1,0,0,N COLORADO BLVD & E 40TH AVE,1,3,3,0,1,1,0,0,35,0,0,0,0,0,2,2,11
,2021-42703,39.76575353,-104.9684199,9/30/2021 9:17,9:17,3,0,0,N FRANKLIN ST & E 35TH AVE,1,1,3,0,1,1,0,0,25,0,0,0,0,0,4,3,1
,2021-42704,39.76230352,-104.9401599,9/27/2021 10:10,10:10,12,0,1,N COLORADO BLVD & E MLK BLVD,1,1,3,0,1,3,0,0,40,0,0,0,0,3,2,2,16
,2021-42705,39.75999353,-104.9499899,9/29/2021 15:35,15:35,12,0,0,2300 BLK E MLK BLVD & N YORK ST,11,1,3,0,1,4,0,0,35,0,0,0,0,1,4,3,3
,2021-42706,39.71999353,-104.9799899,9/29/2021 17:41,17:41,3,0,0,N ACOMA ST & W 8TH AVE,1,1,3,0,1,1,0,0,35,0,0,0,0,1,4,2,11
,2021-42718,39.71833353,-104.9633499,9/29/2021 15:45,15:45,15,0,0,E 1ST AVE & N RACE ST,1,1,3,0,1,1,0,0,30,0,0,0,0,1,4,2,3
,2021-42720,39.67852354,-104.9781199,9/29/2021 15:39,15:39,12,0,0,E EVANS AVE & S CLARKSON ST,1,1,3,0,1,1,0,0,35,0,0,0,0,0,4,2,4
,2021-42722,39.72490353,-105.0001599,9/29/2021 14:31,14:31,15,0,0,N KALAMATH ST & W 6TH AVE,11,1,3,1,1,4,0,0,30,0,0,0,0,0,4,2,13
,2021-42726,39.6786049,-105.011015,9/30/2021 14:12,14:12,8,0,0,W EVANS AVE & S TEJON ST,1,1,3,0,1,1,0,0,30,0,0,0,0,0,4,2,13
,2021-42802,39.75883352,-104.8645299,10/4/2021 11:57,11:57,3,0,0,N IOLA ST & E 29TH DR,1,1,3,0,1,1,0,0,30,0,0,0,0,0,4,2,3
,2021-42803,39.73368353,-104.9752699,9/29/2021 16:25,16:25,3,0,0,N OGDEN ST & E 11TH AVE,1,2,3,0,1,1,0,0,,0,0,0,0,0,4,2,16
,2021-42805,39.72999353,-104.9899899,10/4/2021 9:00,9:00,5,0,1,SPEER BLVD & 1331 N,1,1,3,1,5,7,0,0,15,0,0,0,0,2,3,1,14
,2021-42806,39.76928353,-105.0066399,9/30/2021 10:05,10:05,12,0,0,1700 BLK W 38TH  AVE & N BRIGHTON BLVD,1,1,3,1,1,4,0,0,30,0,0,0,0,0,4,2,16
,2021-42807,39.74009353,-105.0015699,10/2/2021 7:00,7:00,15,0,0,W COLFAX AVE & N MARIPOSA ST,1,1,3,1,1,4,0,0,30,0,0,0,0,0,2,2,13
,2021-42808,39.74004353,-104.9842099,10/5/2021 12:10,12:10,15,0,0,E COLFAX AVE & N GRANT ST,1,1,3,0,1,4,0,0,30,0,0,0,0,0,4,2,13
,2021-42809,39.76695353,-104.9659399,10/5/2021 9:11,9:11,3,0,0,N WILLIAMS ST & E 36TH AVE,1,1,3,0,1,1,0,0,25,0,0,0,0,0,4,4,1
,2021-42811,39.65102354,-104.8856599,10/5/2021 11:04,11:04,3,0,0,E JEFFERSON AVE & S YOSEMITE ST,1,1,3,0,1,2,0,0,25,0,0,0,0,0,4,2,1
,2021-42813,39.69044354,-105.0480599,10/3/2021 6:30,6:30,6,0,0,1400 BLK S WOLFF ST & W FLORIDA AVE,1,1,3,1,1,4,0,0,25,0,0,0,0,0,4,3,16
,2021-42814,39.73999353,-104.9641099,10/2/2021 6:44,6:44,12,0,1,COLFAX AVE & 1900 BLK E,1,1,3,1,1,4,0,0,30,0,0,0,0,1,2,2,16
,2021-42815,39.77832352,-104.9792399,10/3/2021 12:52,12:52,11,0,2,N WASHINGTON ST & E 45TH AVE,1,1,3,0,1,1,0,0,35,0,1,0,0,3,4,1,10
,2021-42816,39.71138353,-104.9064599,10/4/2021 18:00,18:00,1,0,0,E ALAMEDA AVE & S OLIVE WAY,1,1,3,0,1,1,0,0,30,0,0,0,0,1,4,2,13
,2021-42819,39.65999354,-104.8999899,10/4/2021 13:56,13:56,12,0,0,S QUEBEC ST & E YALE AVE,1,1,3,0,1,3,0,0,30,0,0,0,0,1,4,2,3
,2021-42821,39.71565353,-104.9862499,10/5/2021 8:19,8:19,15,0,0,S LINCOLN ST & E ELLSWORTH AVE,1,1,3,0,1,3,0,0,30,0,0,0,0,0,4,2,8
,2021-42822,39.74167353,-104.9823199,9/30/2021 13:10,13:10,12,0,0,16TH AVE & N LOGAN ST,1,1,3,0,1,4,0,0,,0,0,0,0,0,4,3,16
,2021-42824,39.71950862,-104.9407316,9/29/2021 15:47,15:47,12,0,0,N COLORADO BLVD & E 2ND AVE,11,1,3,0,1,3,0,0,,0,0,0,0,0,2,2,16
,2021-42825,39.72413353,-104.9874699,10/1/2021 13:08,13:08,10,0,0,W 5TH AVE & N BROADWAY ST,1,1,3,0,1,1,0,0,35,0,0,0,0,0,4,2,13
,2021-42826,39.71565353,-104.9862499,10/5/2021 13:20,13:20,15,0,0,LINCOLN ST & E ELLSWORTH AVE,1,1,3,0,1,4,0,0,30,0,0,0,0,0,4,2,10
,2021-42827,39.73681353,-104.9647699,9/29/2021 17:26,17:26,11,0,1,N HIGH ST & E 13TH AVE,1,1,3,0,1,3,0,0,25,0,1,0,0,1,4,1,13
,2021-42828,39.63280595,-104.9044255,10/4/2021 8:56,8:56,12,0,0,I-225 ON RAMP TO NB & I-25 NB OFF RAMP,1,1,3,0,1,8,0,0,65,0,0,0,0,0,1,2,3
,2021-42829,39.65831355,-105.0456799,10/3/2021 11:36,11:36,5,0,0,W DARTMOUTH AVE & S UTICA ST,1,1,3,1,3,4,0,0,30,0,0,0,0,0,4,1,10
,2021-42830,39.76728352,-104.9025199,10/4/2021 12:40,12:40,1,0,0,3500 BLK N QUEBEC ST & E 35TH AVE,1,1,3,0,1,4,0,0,45,0,0,0,0,0,4,2,8
,2021-42831,39.68660353,-104.9316799,10/4/2021 15:30,15:30,6,0,0,1600 BLOCK S DAHLIA ST & E IOWA AVE,1,1,3,0,1,4,0,0,25,0,0,0,0,0,4,2,3
,2021-42832,39.72912353,-104.9494899,10/4/2021 14:35,14:35,15,0,0,E COLFAX AVE & N COLUMBINE ST,1,1,3,0,1,3,0,0,30,0,0,0,0,0,2,3,11
,2021-42833,39.75832352,-104.9090899,9/27/2021 9:49,9:49,6,0,0,E 29TH AVE & N NEWPORT ST,1,1,3,0,1,4,0,0,30,0,0,0,0,0,4,2,3
,2021-42843,39.68930954,-104.9407324,10/4/2021 19:00,19:00,12,0,1,S COLORADO BLVD & E FLORIDA AVE,1,2,3,0,1,1,0,0,,0,0,0,0,1,2,2,16
,2021-42844,39.73605353,-104.9861199,10/4/2021 16:05,16:05,12,0,0,N LINCOLN ST & E 12TH AVE,1,1,3,0,1,1,0,0,30,0,0,0,0,0,4,2,8
,2021-42848,39.69296353,-104.9317199,10/4/2021 16:40,16:40,6,0,0,E LOUISIANA AVE & S DAHLIA ST,1,1,3,0,1,3,0,0,25,0,0,0,0,0,4,2,3
,2021-42849,39.78158351,-104.75614,11/15/2021 9:45,9:45,3,0,0,E 47TH AVE & N HIMALAYA RD,1,1,3,0,1,1,0,0,25,0,0,0,0,0,4,2,11
,2021-42850,39.75992643,-104.8907524,11/14/2021 12:29,12:29,10,0,0,N CENTRAL PARK BLVD & MLK BLVD,1,1,3,6,1,1,0,0,30,0,0,0,0,0,4,2,8
,2021-42851,39.76563352,-104.9034399,11/11/2021 8:40,8:40,15,0,0,35TH AVE E & QUEBEC ST N,1,1,3,0,1,4,0,0,,0,0,0,0,0,4,2,16
,2021-42852,39.73921353,-104.9798999,11/11/2021 12:08,12:08,3,0,0,PEARL ST N & COLFAX AVE E,1,1,3,0,1,2,0,0,,0,0,0,0,0,4,2,16
,2021-42855,39.74379352,-104.8987299,11/12/2021 16:20,16:20,1,0,0,N SYRACUSE ST & 17TH AVE,1,2,3,6,1,1,0,0,30,0,0,0,0,0,4,2,10
,2021-42858,39.67842354,-104.9593799,11/12/2021 19:30,19:30,3,0,0,EVANS AVE E & UNIVERSITY BLVD S,1,3,3,0,1,1,0,0,,0,0,0,0,0,4,2,16
,2021-42860,39.75843353,-104.9967599,11/15/2021 7:38,7:38,6,0,0,600 BLK W 29TH AVE & N GALAPAGO ST,1,1,3,1,1,4,0,0,25,0,0,0,0,0,4,2,16
,2021-42866,39.76860353,-104.9993999,11/14/2021 7:41,7:41,6,0,0,JASON ST N & 38TH AVE W,1,1,3,1,1,4,0,0,25,0,0,0,0,0,4,3,16
,2021-42867,39.79837351,-104.78637,10/2/2021 11:00,11:00,12,0,0,E 56TH AVE & PENA BLVD INBOND,1,1,3,0,1,4,0,0,40,0,0,0,0,0,4,2,13
,2021-42874,39.73286353,-104.9597899,11/11/2021 8:01,8:01,15,0,0,1000 BLK N YORK ST & E 9TH AVE,1,1,3,0,1,4,0,0,25,0,0,0,0,0,4,2,16
,2021-42876,39.76197352,-104.9034299,11/13/2021 13:30,13:30,3,0,1,N QUEBEC ST & MLK BLVD,1,1,3,6,1,1,0,0,35,0,0,0,0,1,4,2,7
,2021-42881,39.65308354,-104.9153399,9/3/2021 12:56,12:56,3,0,0,E HAMPDEN AVE & 6300 BKL [APPROX],11,1,3,1,1,2,0,0,,0,0,0,0,0,2,2,16
,2021-42883,39.74005883,-104.9793015,11/15/2021 9:45,9:45,12,0,1,COLFAX AVE E & COLORADO BLVD N,1,1,3,6,1,4,0,0,35,0,0,0,0,1,2,3,10
,2021-42884,39.76115353,-105.0047599,11/15/2021 8:06,8:06,12,0,0,I-25 & 20TH ST,1,1,3,0,1,4,0,0,,0,0,0,0,0,1,2,16
,2021-42885,39.67114354,-105.0250499,11/15/2021 8:15,8:15,12,0,0,FEDERAL BLVD S & HARVARD AVE W,1,1,3,1,1,4,0,0,35,0,0,0,0,0,2,2,13
,2021-42900,39.71463353,-104.9406899,11/13/2021 11:50,11:50,12,0,0,COLORADO BLVD S & BAYAUD AVE E,1,1,3,0,1,1,0,0,30,0,0,0,0,0,2,2,3