id,drcog_id,latitude,longitude,crashtime,time,crashtype,numbkilled,numbinjurd,drcoglocat,rdconditin,lightngcon,roadcntgrd,weatherco,location,roaddescrp,schoolzone,constrzone,splimit,bikeinv,pedinv,sctrinv,motoinv,svrty,rdsystem,ttlvehcls,hcf
,2021-42904,39.77799351,-104.77207,11/13/2021 12:54,12:54,1,0,0,E 45TH AVE & N TOWER RD,1,1,3,0,1,1,0,0,25,0,0,0,0,0,4,2,11
,2021-42906,39.7570745,-104.9929849,11/12/2021 8:52,8:52,12,0,0,1600 BLK PARK AVE W & WAZEE ST,1,1,3,0,1,4,0,0,35,0,0,0,0,0,4,3,3
,2021-42907,39.72353353,-104.9127299,11/12/2021 15:50,15:50,15,0,0,MONACO ST N & 6TH AVE E,1,1,3,0,1,1,0,0,30,0,0,0,0,0,4,2,11
,2021-42909,39.77827352,-104.9475099,11/12/2021 3:30,3:30,6,0,0,COOK ST N & 45TH AVE E,1,3,3,0,1,4,0,0,25,0,0,0,0,0,4,3,1
,2021-42912,39.75498353,-104.9951399,11/12/2021 17:10,17:10,12,0,0,20TH ST & WAZEE ST,1,3,3,0,1,1,0,0,35,0,0,0,0,0,4,3,3
,2021-42913,39.77660353,-105.0201099,10/4/2021 13:36,13:36,6,0,0,2600 BLK W 44TH AVE & N CLAY ST,1,1,3,0,1,4,0,0,25,0,0,0,0,0,4,2,16
,2021-42920,39.77077303,-105.0618904,10/3/2021 13:10,13:10,12,0,1,N FOX ST & W 39TH AVE,1,1,3,0,1,4,0,0,30,0,0,0,0,1,4,2,16
,2021-42928,39.76999353,-104.9699899,10/3/2021 12:50,12:50,12,0,0,4400 BLK N WASHINGTON ST & W 45TH AVE,1,1,3,0,1,4,0,0,35,0,0,0,0,1,4,2,10
,2021-42936,39.76260353,-105.0052699,10/3/2021 0:30,0:30,6,0,0,N OSAGE ST & W 33RD AVE,1,1,3,0,1,4,0,0,25,0,0,0,0,0,4,2,10
,2021-42941,39.74453353,-104.9861099,11/15/2021 11:15,11:15,6,0,0,LINCOLN ST N & 17TH AVE E,1,1,3,0,1,4,0,0,30,0,0,0,0,0,4,2,13
,2021-42942,39.71118353,-104.9152799,11/12/2021 18:15,18:15,12,0,0,E ALAMEDA AVE & S LEYDEN ST,1,1,3,0,1,1,0,0,30,0,0,0,0,0,4,2,3
,2021-42947,39.74043353,-105.0141499,10/3/2021 11:48,11:48,3,0,0,W COLFAX AVE & I-25,1,1,3,1,1,1,0,0,40,0,0,0,0,0,2,2,4
,2021-42948,39.77107452,-104.8464169,10/2/2021 12:40,12:40,12,0,0,N PEORIA ST & E 39TH AVE,1,1,3,0,1,4,0,0,35,0,0,0,0,0,4,2,13
,2021-42957,39.74762353,-104.9856399,10/4/2021 12:45,12:45,15,0,0,500 BLK 20TH ST & WELTON ST,1,1,3,0,1,4,0,0,30,0,0,0,0,0,4,2,8
,2021-42964,39.78132352,-104.9405799,10/4/2021 8:57,8:57,15,0,0,N COLORADO BLVD & E 46TH AVE,1,1,3,0,1,1,0,0,35,0,0,0,0,0,2,2,16
,2021-42970,39.74638353,-104.9886999,10/3/2021 11:00,11:00,6,0,0,18TH ST & 600 BLK,1,1,3,0,1,4,0,0,30,0,0,0,0,0,4,2,13
,2021-42979,39.8048341,-104.868493,11/12/2021 11:51,11:51,3,0,0,GALENA ST N & 56TH PL E,1,1,3,0,1,2,0,0,25,0,0,0,0,0,4,2,11
,2021-42983,39.7165678,-104.9925006,10/4/2021 7:17,7:17,6,0,0,LOWELL BLVD & W ELLSWORTH AVE,1,1,3,1,1,4,0,0,25,0,0,0,0,0,4,2,16
,2021-42992,39.71123354,-104.9971264,11/15/2021 15:42,15:42,12,0,0,ALAMEDA AVE W & SANTA FE DR S,1,1,3,0,1,1,0,0,30,0,0,0,0,0,2,2,16
,2021-43019,39.73869352,-104.8881699,10/2/2021 12:15,12:15,10,0,0,E 14TH AVE & N WILLOW ST,1,1,3,0,1,1,0,0,25,0,0,0,0,0,4,2,7
,2021-43021,39.70999354,-104.9999899,10/5/2021 6:53,6:53,5,0,0,W ALAMEDA AVE & S LIPAN ST,1,1,3,1,1,4,0,0,35,0,0,0,0,0,2,2,13
,2021-43034,39.74377752,-104.9040693,10/4/2021 10:54,10:54,10,0,0,E 17TH AVE & N HIGH ST,1,1,3,0,1,1,0,0,30,0,0,0,0,0,4,2,13
,2021-43068,39.66808354,-104.9382099,11/12/2021 15:06,15:06,8,0,0,4100 BLK E YALE AVE & N COLORADO BLVD,1,1,3,0,1,1,0,0,,0,0,0,0,0,4,2,16
,2021-43082,39.66549354,-104.9406799,11/12/2021 15:00,15:00,11,0,2,COLORADO BLVD S & AMHERST AVE E,1,1,3,0,1,1,0,0,25,0,1,0,0,1,2,1,3
,2021-43096,39.74463833,-104.996333,11/14/2021 13:23,13:23,12,0,1,14TH ST & CHAMPA ST,1,1,3,0,1,1,0,0,30,1,0,0,0,1,4,2,16
,2021-43137,39.67855354,-104.9840699,11/16/2021 8:16,8:16,12,0,0,E EVANS AVE & S GRANT ST,1,1,3,2,1,3,0,0,35,0,0,0,0,0,4,2,4
,2021-43141,39.78362051,-104.7722075,11/16/2021 7:35,7:35,10,0,0,N TOWER RD & GVR BLVD,1,1,3,6,1,1,0,0,40,0,0,0,0,0,4,2,10
,2021-43144,39.75103353,-104.9339199,11/14/2021 17:00,17:00,12,0,0,23RD AVE E & DEXTER ST N,1,3,3,6,1,4,0,0,30,0,0,0,0,0,4,4,10
,2021-43147,39.77107452,-104.8464169,11/15/2021 12:20,12:20,12,0,0,N PEORIA ST & 39TH AVE,1,1,3,0,1,3,0,0,35,0,0,0,0,0,4,2,3
,2021-43148,39.67842354,-104.9959899,11/15/2021 15:45,15:45,3,0,0,EVANS AVE W & GALAPAGO ST S,1,1,3,0,1,1,0,0,25,0,0,0,0,0,4,2,3
,2021-43149,39.75803353,-105.0205299,11/15/2021 13:19,13:19,3,0,1,CLAY ST N & SPEER BLVD N,1,1,3,0,1,1,0,0,25,0,0,0,0,2,4,3,11
,2021-43150,39.70009353,-104.9078799,11/15/2021 11:49,11:49,12,0,0,LEETSDALE DR & ONEIDA ST S,1,1,3,0,1,3,0,0,45,0,0,0,0,0,2,3,10
,2021-43151,39.74311353,-104.9931099,11/16/2021 10:00,10:00,15,0,0,1400 BLK WELTON ST & 14TH ST,1,1,3,0,1,1,0,0,30,0,0,0,0,0,4,2,13
,2021-43159,39.73764353,-104.9798899,11/15/2021 9:15,9:15,6,0,0,PEARL ST N & 13TH AVE E,1,1,3,0,1,1,0,0,30,0,0,0,0,0,4,2,16
,2021-43166,39.69650353,-104.8706399,11/15/2021 17:00,17:00,3,0,0,FULTON ST S & MISSISSIPPI AVE E,1,3,3,0,1,1,0,0,25,0,0,0,0,0,4,2,3
,2021-43179,39.77015352,-104.8877999,11/15/2021 16:05,16:05,12,0,1,N CENTRAL PARK BLVD & SMITH RD,1,2,3,0,1,4,0,0,30,0,0,0,0,1,4,2,11
,2021-43184,39.71826353,-104.9591999,11/15/2021 10:33,10:33,15,0,0,1ST AVE E & UNIVERSITY BLVD S,1,1,3,0,1,3,0,0,30,0,0,0,0,0,4,2,14
,2021-43189,39.78342352,-104.9316099,11/16/2021 12:58,12:58,10,0,1,N DAHLIA ST & 48TH AVE,1,1,3,0,1,3,0,0,30,0,0,0,0,2,4,2,6
,2021-43194,39.74483353,-104.9747699,10/6/2021 7:35,7:35,11,0,0,E 18TH AVE & N OGDEN ST,1,1,3,0,1,3,0,0,25,0,1,0,0,0,4,1,16
,2021-43195,39.72342354,-105.0251199,11/15/2021 9:15,9:15,12,0,0,FEDERAL BLVD N & HWY 6 EB RAMPS,1,1,3,0,1,3,0,0,30,0,0,0,0,0,2,2,4
,2021-43203,39.77987352,-104.9671599,11/15/2021 17:10,17:10,12,0,0,I-70 & BRIGHTON BLVD N,1,3,3,6,1,4,0,0,55,0,0,0,0,0,1,2,16
,2021-43204,39.74879353,-105.0220699,9/26/2021 12:30,12:30,5,0,0,W 21ST AVE & N DECATUR ST,1,1,3,0,3,1,0,0,30,0,0,0,0,0,4,1,9
,2021-43212,39.69745354,-105.0015099,11/15/2021 10:50,10:50,15,0,0,LIPAN ST S & MISSISSIPPI AVE W,1,1,3,0,1,4,0,0,,0,0,0,0,0,4,2,16
,2021-43220,39.72217354,-105.0248499,11/5/2021 14:10,14:10,12,0,0,FEDERAL BLVD N & 5TH AVE W,1,1,3,0,1,3,0,0,,0,0,0,0,0,2,2,16
,2021-43228,39.74791353,-104.9921099,11/16/2021 14:55,14:55,6,0,0,CHAMPA ST & 18TH ST,1,1,3,0,1,4,0,0,30,0,0,0,0,0,4,2,13
,2021-43230,39.76564352,-104.9124599,11/16/2021 10:37,10:37,12,0,0,N MONACO ST & 35TH AVE,1,1,3,0,1,3,0,1,35,0,0,0,0,0,4,2,13
,2021-43236,39.74933353,-104.9726399,10/6/2021 9:00,9:00,5,0,0,22ND AVE & 1220 E,1,1,3,0,5,7,0,0,,0,0,0,0,0,3,1,16
,2021-43237,39.71109353,-104.9768999,11/15/2021 8:00,8:00,12,0,0,E ALAMEDA AVE (NOT CDOT) & S EMERSON ST,1,1,3,0,1,3,0,0,30,0,0,0,0,0,4,2,3
,2021-43238,39.69295354,-104.9593399,10/6/2021 12:28,12:28,11,0,1,E LOUISIANA AVE & S UNIVERSITY BLVD,1,1,3,0,1,3,0,0,0,0,1,0,0,1,4,1,16
,2021-43247,39.74326453,-104.9861005,10/7/2021 5:56,5:56,11,0,1,E 17TH AVE & N LINCOLN ST,1,3,3,0,1,1,0,0,0,0,1,0,0,2,4,1,16
,2021-43254,39.71417354,-105.0299999,10/8/2021 13:52,13:52,6,0,0,100 BLK S IRVING ST & W BAYAUD AVE,1,1,3,0,1,4,0,0,25,0,0,0,0,0,4,2,13
,2021-43255,39.68939954,-104.9920549,10/5/2021 13:45,13:45,15,0,1,S SANTA FE DR & W FLORIA AVE,1,1,3,1,1,1,0,0,40,0,0,0,0,1,2,2,3
,2021-43257,39.69956353,-104.8919399,8/16/2021 12:08,12:08,12,0,1,1000 BLK S VALENTIA ST & E MISSISSIPPI AVE,1,1,3,0,1,3,0,0,30,0,0,0,0,1,4,3,1
,2021-43258,39.76736352,-104.8996299,10/7/2021 18:45,18:45,3,0,0,7700 BLK E 36TH AVE & N QUEBEC ST,1,4,3,0,1,1,0,0,20,0,0,0,0,0,4,2,11
,2021-43259,39.79830351,-104.77094,10/6/2021 7:13,7:13,12,0,0,56TH AVE 18700 BLK E & N ARGONNE ST,6,1,3,0,1,3,0,0,40,0,0,0,0,0,4,2,1
,2021-43260,39.68485354,-104.9594399,10/7/2021 10:52,10:52,12,0,0,I-25 & S UNIVERSITY BLVD,1,1,3,0,1,8,0,0,30,0,0,0,0,0,1,2,13
,2021-43262,39.77657352,-104.8314899,10/6/2021 8:00,8:00,11,0,2,E ALBROOK DR & N CRYSTAL ST,1,1,3,0,1,1,1,0,25,0,1,0,0,1,4,1,13
,2021-43264,39.71090494,-104.987574,10/8/2021 12:03,12:03,6,0,0,BLK W PALE AVE & S BROADWAY ST,1,1,3,0,1,4,0,0,25,0,0,0,0,0,4,2,13
,2021-43265,39.71115354,-104.9863599,10/8/2021 15:57,15:57,15,0,0,S LINCOLN ST & E ALAMEDA AVE,1,1,3,0,1,1,0,0,30,0,0,0,0,0,4,2,13
,2021-43266,39.72412353,-104.9546199,10/5/2021 17:00,17:00,6,0,0,N DETROIT ST & E 5TH AVE,1,1,3,0,1,3,0,0,25,0,0,0,0,0,4,2,3
,2021-43267,39.71834353,-104.9862299,10/8/2021 13:29,13:29,10,0,0,N LINCOLN ST & E 1ST AVE,1,1,3,0,1,1,0,0,30,0,0,0,0,0,4,2,8
,2021-43268,39.71392354,-105.0144799,10/7/2021 15:00,15:00,6,0,0,100 BLK S YUMA ST & W CEDAR AVE,1,1,3,0,1,4,0,0,,0,0,0,0,0,4,2,16
,2021-43269,39.71144353,-104.9381999,10/5/2021 18:15,18:15,1,0,0,E ALAMEDA AVE & S COLORADO BLVD,1,1,3,0,1,1,0,0,30,0,0,0,0,0,4,3,3
,2021-43270,39.69299354,-104.9772699,10/5/2021 15:00,15:00,15,0,0,E LOUISIANA AVE & E BUCHTELL BLVD,1,1,3,0,1,1,0,0,25,0,0,0,1,0,4,2,3
,2021-43271,39.72412353,-104.9546199,10/5/2021 17:15,17:15,6,0,0,2800 BLK E 5TH AVE & N FILLMORE ST,1,1,3,0,1,4,0,0,25,0,0,0,0,0,4,2,3
,2021-43272,39.73659354,-105.0381099,10/6/2021 18:00,18:00,6,0,0,3800 BLK W 13TH AVE & N OSCEOLA ST,1,3,3,0,1,4,0,0,,0,0,0,0,0,4,2,16
,2021-43273,39.72908053,-104.9874064,10/8/2021 10:29,10:29,3,0,0,E 8TH AVE & N BROADWAY ST,1,1,3,0,1,1,0,0,30,0,0,0,0,0,4,2,13
,2021-43275,39.74864353,-104.9894399,10/6/2021 9:00,9:00,15,0,0,19TH ST & CALIFORNIA ST,1,1,3,0,1,1,0,0,25,0,0,0,0,0,4,2,16
,2021-43276,39.65308354,-104.9129199,10/6/2021 7:16,7:16,12,0,0,E HAMPDEN AVE & S MONACO ST,1,1,3,0,1,4,0,0,35,0,0,0,0,0,2,2,13
,2021-43277,39.78577352,-104.8566199,10/7/2021 11:35,11:35,6,0,0,N LIMA ST & E 47TH AVE,1,1,3,0,1,2,0,0,25,0,0,0,0,0,4,2,13
,2021-43278,39.72556353,-104.8753199,10/7/2021 12:19,12:19,12,0,0,E LOWRY BLVD & N DAYTON ST,1,1,3,0,1,3,0,0,40,0,0,0,0,0,4,2,14
,2021-43281,39.73757353,-104.9516899,10/7/2021 21:53,21:53,6,0,0,1300 BLK N MILWAUKEE ST & N FILLMORE ST,1,4,3,0,1,4,0,0,35,0,0,0,0,0,4,2,3
,2021-43283,39.70928353,-104.9222699,10/6/2021 16:00,16:00,3,0,0,S HOLLY ST & E DAKOTA AVE,1,1,3,0,1,1,0,0,25,0,0,0,0,0,4,3,7
,2021-43290,39.70174354,-105.0230099,11/6/2021 18:30,18:30,6,0,0,800 BLK S DECATUR ST & W OHIO AVE,1,4,0,0,1,4,0,0,25,0,0,0,0,0,4,2,13
,2021-43291,39.77802352,-104.8470199,10/27/2021 4:50,4:50,11,1,0,E 45TH AVE & N PEORIA ST,1,3,0,0,1,1,0,0,0,0,1,0,0,4,4,1,16
,2021-43292,39.68945354,-105.0296999,11/7/2021 10:15,10:15,12,0,0,FLORIDA AVE W & IRVING ST S,1,1,0,0,1,4,0,0,,0,0,0,0,0,4,2,13
,2021-43293,39.78438353,-105.0251799,11/7/2021 14:07,14:07,12,0,0,I-70 & FEDERAL BLVD N,1,1,0,0,1,4,0,0,65,0,0,0,0,0,1,2,3
,2021-43294,39.62414355,-105.0911699,11/6/2021 16:07,16:07,12,0,0,WADSWORTH WY S & BELLEVIEW AVE W,1,1,0,0,1,3,0,0,35,0,0,0,0,0,2,2,13
,2021-43295,39.71297053,-104.9875549,11/7/2021 15:21,15:21,12,0,0,E CEDAR AVE & S BROADWAY ST,1,1,0,0,1,1,0,0,30,0,0,0,0,1,4,2,7
,2021-43296,39.67819354,-105.0297999,11/7/2021 16:20,16:20,3,0,0,W EVANS AVE & S IRVING ST,1,1,0,0,1,1,0,0,30,0,0,0,0,0,4,2,3
,2021-43297,39.63424355,-105.1099399,11/7/2021 9:50,9:50,3,0,0,S KIPLING ST & W STANFORD AVE,1,1,0,0,1,1,0,0,45,0,0,0,0,0,4,2,3
,2021-43298,39.65305754,-104.87564,11/10/2021 23:04,23:04,1,0,0,HAMPDEN AVE E & DAYTON ST S,1,3,0,0,1,1,0,0,45,0,0,0,0,0,2,2,5
,2021-43299,39.73827353,-104.9406499,11/6/2021 7:00,7:00,3,0,0,COLORADO BLVD N & 14TH AVE E,1,2,0,0,1,1,0,0,35,0,0,0,0,0,2,2,13
,2021-43300,39.71622971,-104.9080715,11/6/2021 23:05,23:05,5,0,0,E LOWRY BLVD & N UINTA WAY,1,3,0,0,3,6,0,0,35,0,0,0,0,0,4,1,16
,2021-43301,39.69635653,-104.8974019,11/7/2021 8:04,8:04,15,0,1,E MISSISSIPPI AVE & S PARKER RD,1,1,1,0,1,1,0,0,30,0,0,0,0,1,4,2,14
,2021-43302,39.74015352,-104.8846399,11/5/2021 23:28,23:28,3,0,0,COLFAX AVE E & YOSEMITE ST N,1,3,0,0,1,1,0,0,35,0,0,0,0,0,2,2,13
,2021-43303,39.66857354,-104.9911299,11/7/2021 0:08,0:08,6,0,0,CHEROKEE ST S & VASSAR AVE W,1,4,0,0,1,4,0,0,25,0,0,0,0,0,4,2,5
,2021-43304,39.69948354,-105.0494299,11/6/2021 19:23,19:23,11,0,1,MORRISON RD & WOLFF ST S,1,4,1,0,1,4,0,0,0,0,1,0,0,3,4,1,16
,2021-43305,39.72527841,-105.1417334,11/7/2021 1:05,1:05,9,0,1,6TH AVE W & I-25,1,3,0,0,3,4,0,0,55,0,0,0,0,1,2,1,14
,2021-43306,39.74000353,-104.9659799,11/5/2021 20:32,20:32,10,0,0,COLFAX AVE E & WILLIAMS ST N,1,3,0,0,1,2,0,0,30,0,0,0,0,0,2,2,1
,2021-43307,39.72580354,-105.0532499,11/10/2021 21:50,21:50,5,0,0,6TH AVE W & SHERIDAN BLVD N,1,3,0,0,3,4,0,0,55,0,0,0,0,0,2,1,16
,2021-43308,39.73295353,-104.9888399,11/11/2021 1:36,1:36,6,0,0,ACOMA ST N & 11TH AVE W,1,3,0,0,1,4,0,0,,0,0,0,0,0,4,2,16
,2021-43309,39.78626257,-104.9457622,11/11/2021 10:59,10:59,12,0,1,I-70 & VASQUEZ BLVD N,1,1,0,0,1,4,0,0,55,0,0,0,0,1,1,2,3
,2021-43310,39.75013353,-104.9961999,11/11/2021 1:19,1:19,8,0,0,17TH ST & LARIMER ST,1,3,0,0,1,1,0,0,35,0,0,0,0,0,4,2,8
,2021-43311,39.74854904,-104.9796169,11/6/2021 21:05,21:05,11,0,1,PARK AVE W & CLEVELAND PL,1,2,0,0,1,1,0,0,25,0,1,0,0,1,4,1,3
,2021-43312,39.76927351,-104.75342,11/6/2021 17:50,17:50,1,0,0,E 38TH AVE & N HIMALAYA RD,1,2,0,0,1,1,0,0,40,0,0,0,0,1,4,2,13
,2021-43313,39.74618353,-104.9861099,11/6/2021 18:00,18:00,12,0,2,N LINCOLN ST & E 19TH AVE,1,3,0,0,1,1,0,0,35,0,0,0,0,3,4,2,5
,2021-43314,39.69669854,-104.9918704,11/10/2021 22:18,22:18,12,0,0,SANTA FE DR S & MISSISSIPPI AVE W,1,3,1,0,1,1,0,0,45,0,0,0,0,0,2,2,2
,2021-43315,39.73841353,-104.9127899,11/6/2021 13:15,13:15,3,0,1,14TH AVE E & MONACO ST N,1,1,0,0,1,1,0,0,30,0,0,0,0,2,4,2,13
,2021-43316,39.74167353,-104.9823199,11/7/2021 3:01,3:01,3,0,0,E 16TH AVE & N LOGAN ST,1,3,0,0,1,1,0,0,25,0,0,0,0,1,4,2,13
,2021-43317,39.84979749,-104.6738195,7/18/2021 9:34,9:34,3,0,4,PENA BLVD INBOUND & E GVR BLVD,1,1,0,0,1,1,0,0,40,0,0,0,0,1,4,2,1
,2021-43318,39.74325353,-104.9597699,11/7/2021 1:57,1:57,5,0,0,N YORK ST & E 17TH AVE,1,3,1,0,3,3,0,0,,0,0,0,0,0,4,1,7
,2021-43319,39.70202353,-104.9593199,11/11/2021 11:36,11:36,12,0,0,S UNIVERSITY BLVD & E OHIO AVE,1,1,0,0,1,3,0,0,35,0,0,0,0,0,4,2,13
,2021-43320,39.72725353,-104.9775499,11/5/2021 22:34,22:34,8,0,0,7TH AVE & 800 BLK E,1,3,0,0,1,4,0,0,20,0,0,0,0,0,4,2,14
,2021-43321,39.77434352,-104.8515999,11/7/2021 1:58,1:58,12,0,0,I-70 EB OFF RAMP GORE PT TO & PEORIA ST N,1,4,0,0,1,8,0,0,65,0,0,0,0,0,1,2,13
,2021-43322,39.74043353,-105.0139599,11/10/2021 14:32,14:32,12,0,0,I-25 & COLFAX AVE W,1,1,0,0,1,4,0,0,55,0,0,0,0,0,1,2,13
,2021-43323,39.76811818,-104.8491138,11/6/2021 16:52,16:52,8,0,1,E 37TH AVE & MARION ST,1,1,1,0,1,1,0,0,30,0,0,0,0,2,4,2,3
,2021-43324,39.75804353,-105.0205299,11/11/2021 12:26,12:26,3,0,0,N CLAY ST & N SPEER BLVD,1,1,1,0,1,1,0,0,25,0,0,0,0,0,4,2,13
,2021-43325,39.73825353,-105.0251499,11/11/2021 14:26,14:26,15,0,0,FEDERAL BLVD N & 14TH AVE W,1,1,1,0,1,4,0,0,35,0,0,0,0,0,2,2,13
,2021-43326,39.89935675,-104.9402419,11/11/2021 13:33,13:33,15,0,1,I-70 & COLORADO BLVD N,1,1,0,0,1,4,0,0,65,0,0,0,0,1,1,2,13
,2021-43327,39.63799248,-104.912672,11/10/2021 9:14,9:14,15,0,0,E MONTVIEW BLVD & MONACO ST,1,1,0,0,1,1,0,0,35,0,0,0,0,0,4,2,13
,2021-43328,39.72930553,-105.0230854,11/10/2021 14:55,14:55,12,0,0,W 8TH AVE & SPEER BLVD NB,1,1,0,0,1,1,0,0,30,0,0,0,0,0,4,2,13
,2021-43329,39.73120353,-104.9786599,11/10/2021 23:57,23:57,6,0,0,WASHINGTON ST & 900 BLK N,1,3,1,0,1,4,0,0,30,0,0,0,0,0,4,3,5
,2021-43330,39.79014351,-104.8548699,11/11/2021 14:50,14:50,12,0,0,E 51ST AVE & N MOLINE ST,1,1,0,0,1,3,0,0,35,0,0,0,0,0,4,2,13
,2021-43331,39.76503353,-105.0064399,11/6/2021 20:38,20:38,6,0,0,PECOS ST N & 34TH AVE W,1,3,0,0,1,4,0,0,25,0,0,0,0,0,4,3,14
,2021-43332,39.72527841,-105.1417334,11/11/2021 11:34,11:34,12,0,0,I-25 & 6TH AVE W,1,1,0,0,1,4,0,0,55,0,0,0,0,0,1,2,13
,2021-43333,39.77286352,-104.8338299,10/21/2021 8:13,8:13,12,0,0,I-70 & I-225,1,1,0,0,1,8,0,0,55,0,0,0,0,0,1,2,3
,2021-43334,39.74014353,-104.9166299,11/6/2021 6:05,6:05,6,0,0,COLFAX AVE E & JASMINE ST S,1,3,0,0,1,4,0,0,30,0,0,0,0,0,2,3,3
,2021-43335,39.71465035,-104.9453763,11/11/2021 2:16,2:16,5,0,2,STEELE ST S & BAYAUD AVE E,1,3,0,0,2,1,0,0,30,0,0,0,0,1,4,1,4
,2021-43336,39.70306354,-105.0367599,9/27/2021 5:36,5:36,8,0,0,W WALSH PL & S NEWTON ST,1,3,0,0,1,1,0,0,25,0,0,0,0,0,4,3,16
,2021-43337,39.76622353,-104.9771699,10/31/2021 2:53,2:53,6,0,0,WALNUT ST & 34TH ST,1,3,0,0,1,4,0,0,25,0,0,0,0,0,4,2,3
,2021-43338,39.74035353,-105.0252099,11/11/2021 17:45,17:45,12,0,0,COLFAX AVE W & FEDERAL BLVD N,1,3,0,7,1,1,0,0,45,0,0,0,0,0,2,2,13
,2021-43339,39.73988353,-104.9694099,10/12/2021 23:00,23:00,6,0,0,E COLFAX AVE & N FRANKLIN ST,1,3,0,0,1,1,0,0,35,0,0,0,0,0,2,4,1
,2021-43340,39.78026353,-104.9895499,11/10/2021 22:00,22:00,15,0,0,I-70 WB OFF RAMP LOOP TO & I-25 SB,1,3,1,0,1,8,0,0,55,0,0,0,0,0,1,2,14
,2021-43341,39.74681353,-104.9747499,11/12/2021 8:50,8:50,15,0,0,1900 BLK N OGDEN ST & E 19TH AVE,1,1,0,0,1,4,0,0,25,0,0,0,0,0,4,3,13
,2021-43342,39.67664353,-104.9035799,11/11/2021 18:50,18:50,15,0,0,EVANS AVE E & QUEBEC ST S,1,3,0,0,1,1,0,0,35,0,0,0,0,0,4,2,13
,2021-43343,39.74326353,-104.9810699,11/11/2021 17:15,17:15,2,0,1,PENNSYLVANIA ST N & 17TH AVE E,1,3,0,0,1,1,0,0,35,1,0,0,0,1,4,2,14
,2021-43344,39.75105399,-104.9757356,11/11/2021 18:17,18:17,12,0,0,E 17TH AVE & N EMERSON ST,1,3,0,0,1,4,0,0,30,0,0,0,0,0,4,2,2
,2021-43345,39.76927353,-105.0017499,11/11/2021 14:44,14:44,1,0,1,38TH AVE W & LIPAN ST N,1,1,0,0,1,1,0,0,35,0,0,0,0,1,4,2,13
,2021-43346,39.66257355,-105.0532299,11/11/2021 8:57,8:57,3,0,0,SHERIDAN BLVD S & BATES AVE W,1,1,0,0,1,1,0,0,25,0,0,0,0,0,2,2,3
,2021-43347,39.70293354,-104.9862699,11/11/2021 9:45,9:45,15,0,0,700 BLK S LINCOLN ST & E OHIO AVE,1,1,0,0,1,4,0,0,35,0,0,0,0,0,4,2,16
,2021-43348,39.76128695,-104.9585555,11/13/2021 6:30,6:30,3,0,1,COLFAX AVE E & JOSEPHINE ST N,1,1,0,0,1,1,0,0,35,0,0,0,0,1,2,2,1
,2021-43349,39.73684353,-104.9902499,11/12/2021 8:31,8:31,10,0,0,13TH AVE W & 200 BLK W,1,1,0,0,1,9,0,0,30,0,0,0,0,0,4,2,13
,2021-43350,39.79830351,-104.80838,11/14/2021 6:43,6:43,5,0,0,15400 E 56TH AVE & N CHAMBERS RD,1,2,0,0,2,4,0,0,40,0,0,0,0,0,4,1,14
,2021-43351,39.77796623,-104.9889745,11/14/2021 5:30,5:30,12,0,0,I-25 NB RAMP SPLIT TO & I-70 EB/WB,1,2,1,0,1,8,0,0,,0,0,0,0,0,1,2,1
,2021-43352,39.74004353,-104.9835699,11/5/2021 22:08,22:08,1,0,0,E COLFAX AVE & N GRANT ST,1,3,1,0,1,1,0,0,35,0,0,0,0,0,2,3,14
,2021-43353,39.68213354,-105.0046499,11/12/2021 1:50,1:50,5,0,0,JEWELL AVE W & OSAGE ST S,1,3,2,0,2,4,0,0,35,0,0,0,0,0,4,1,1
,2021-43354,39.76072353,-104.9561099,11/14/2021 3:35,3:35,6,0,0,31ST AVE E & 2500 BLK E,1,3,1,0,1,4,0,0,,0,0,0,0,0,4,2,2
,2021-43355,39.78742613,-105.0252255,11/13/2021 15:46,15:46,11,0,0,FEDERAL BLVD N & 50TH AVE W,1,1,0,0,1,1,0,0,30,0,1,0,0,0,2,1,13
,2021-43356,39.69849853,-104.9035984,11/11/2021 19:24,19:24,1,0,4,QUEBEC ST S & LEETSDALE DR,1,3,0,0,1,2,0,0,30,0,0,0,0,1,4,2,14
,2021-43357,39.71815354,-105.0250999,11/14/2021 2:18,2:18,5,0,0,FEDERAL BLVD N & 1ST AVE E,1,3,0,7,3,1,0,0,35,0,0,0,0,0,2,1,3
,2021-43359,39.73128353,-105.0260099,6/9/2021 10:34,10:34,6,0,0,900 BLK N GROVE ST & W 10TH AVE,1,1,3,0,1,4,0,0,25,0,0,0,0,0,4,3,16
,2021-43360,39.69635653,-104.8974019,9/24/2021 7:33,7:33,15,0,0,S PARKER RD & E MISSISSIPPI AVE,1,2,3,0,1,4,0,0,35,0,0,0,0,0,2,2,11
,2021-43363,39.75448353,-104.9659499,11/17/2021 15:20,15:20,3,0,0,E 26TH AVE & N WILLIAMS ST,1,1,3,0,1,1,0,0,25,0,0,0,0,0,4,2,16
,2021-43364,39.78588351,-104.77211,11/17/2021 13:45,13:45,15,0,0,TOWER RD N & 4800 BLK N,1,1,3,0,1,3,0,0,35,0,0,0,0,0,4,2,3