id,drcog_id,latitude,longitude,crashtime,time,crashtype,numbkilled,numbinjurd,drcoglocat,rdconditin,lightngcon,roadcntgrd,weatherco,location,roaddescrp,schoolzone,constrzone,splimit,bikeinv,pedinv,sctrinv,motoinv,svrty,rdsystem,ttlvehcls,hcf
,2021-43366,39.76738452,-104.9025184,11/17/2021 8:45,8:45,10,0,0,36TH AVE E & QUEBEC ST N,1,1,3,0,1,1,0,0,35,0,0,0,0,0,4,2,4
,2021-43371,39.63128354,-104.89233,11/17/2021 7:02,7:02,3,0,1,S DTC BLVD & UNION AVE,1,1,3,0,1,1,0,0,35,0,0,0,0,1,4,3,13
,2021-43373,39.70199354,-104.9862599,11/16/2021 14:45,14:45,3,0,0,E OHIO AVE & S LINCOLN ST,1,1,3,0,1,1,0,0,25,0,0,0,0,0,4,2,3
,2021-43375,39.72093353,-104.9862399,11/16/2021 14:00,14:00,10,0,0,N LINCOLN ST & 3RD AVE,1,1,3,0,1,1,0,0,30,0,0,0,0,0,4,2,3
,2021-43377,39.67845353,-104.9127999,11/16/2021 18:00,18:00,1,0,0,MONACO ST S & EVANS AVE E,1,3,3,0,1,1,0,0,25,0,0,0,0,0,4,2,3
,2021-43384,39.73999352,-104.8999899,10/6/2021 9:35,9:35,15,0,1,E COLFAX AVE & N QUEBEC ST,1,1,3,0,1,1,0,0,35,0,0,0,0,1,2,3,1
,2021-43390,39.71827353,-104.9592099,10/6/2021 8:41,8:41,15,0,0,N UNIVERSITY BLVD & E 1ST AVE,1,1,3,0,1,4,0,0,35,0,0,0,0,0,4,2,13
,2021-43391,39.76411353,-105.0321799,9/28/2021 21:48,21:48,6,0,0,3300 BLK N JULIAN ST & W 33RD AVE,1,3,3,0,1,4,0,0,25,0,0,0,0,0,4,2,16
,2021-43394,39.70748953,-104.9122985,10/7/2021 8:10,8:10,12,0,0,S QUEBEC ST & E VIRGINIA AVE,1,1,3,0,1,4,0,0,35,0,0,0,0,0,4,2,13
,2021-43396,39.78506353,-105.0251799,8/29/2021 8:59,8:59,1,0,0,N FEDERAL BLVD & 4805 BLK,1,1,3,1,1,2,0,0,35,0,0,0,0,0,2,2,9
,2021-43405,39.76201353,-105.0144699,10/7/2021 13:16,13:16,3,0,1,W 32ND AVE & N WYANDOT ST,1,1,3,0,1,1,0,0,25,0,0,0,0,1,4,2,13
,2021-43407,39.73515353,-104.9724099,11/17/2021 12:32,12:32,3,0,0,12TH AVE E & MARION ST N,1,1,3,0,1,2,0,0,,0,0,0,0,0,4,2,16
,2021-43417,39.70021353,-104.9593199,11/16/2021 17:00,17:00,3,0,0,KENTUCKY AVE E & UNIVERSITY BLVD S,1,3,3,0,1,1,0,0,25,0,0,0,0,0,4,2,16
,2021-43421,39.71155353,-104.9406899,11/17/2021 11:26,11:26,3,0,0,COLORADO BLVD S & ALAMEDA AVE E,1,1,3,0,1,1,0,0,40,0,0,0,0,0,2,2,3
,2021-43422,39.74739353,-105.0233699,9/26/2021 12:35,12:35,14,0,0,MILE HIGH STADIUM CIR & W 20TH AVE,1,1,3,0,1,4,0,0,30,0,0,0,0,0,4,2,1
,2021-43424,39.73148353,-105.0120499,11/17/2021 7:30,7:30,6,0,0,2000 BLK W MULBERRY PL & N TEJON ST,1,1,3,0,1,4,0,0,25,0,0,0,0,0,4,4,14
,2021-43428,39.67908354,-105.0552499,11/15/2021 13:10,13:10,15,0,0,EVANS AVE W & SHERIDAN BLVD S,1,1,3,0,1,2,0,0,25,0,0,0,0,0,4,2,16
,2021-43430,39.77829352,-104.9034199,10/6/2021 10:25,10:25,15,0,0,I-70 EB OFF RAMP & QUEBEC ST,1,1,3,0,1,8,0,1,25,0,0,0,0,0,1,2,8
,2021-43431,39.71833353,-104.9849899,11/16/2021 15:30,15:30,1,0,0,E 1ST AVE & N SHERMAN ST,1,1,3,0,1,1,0,0,25,0,0,0,0,0,4,2,3
,2021-43432,39.74014353,-104.9093499,10/6/2021 15:47,15:47,12,0,1,E COLFAX AVE & NEWPORT ST,1,1,3,0,1,1,0,0,35,0,0,0,0,1,2,2,16
,2021-43433,39.68848354,-104.9862799,9/3/2021 12:42,12:42,6,0,0,1500 BLK S LINCOLN ST & E FLORIDA AVE,1,1,3,0,1,4,0,0,,0,0,0,1,0,4,2,16
,2021-43434,39.71109353,-104.9899999,10/6/2021 13:23,13:23,12,0,0,W ALAMEDA AVE & S BANNOCK ST,1,1,3,0,1,4,0,0,30,0,0,0,0,1,4,2,13
,2021-43436,39.74864353,-105.0220699,9/26/2021 12:25,12:25,12,0,0,2000 BLK N DECATUR ST & W 20TH AVE,1,1,3,0,1,1,0,0,30,0,0,0,0,0,4,2,1
,2021-43437,39.71130353,-104.8929099,11/17/2021 6:37,6:37,12,0,0,E ALAMEDA AVE (NOT CDOT) & FAIRMOUNT DR,1,3,3,0,1,4,0,0,40,0,0,0,0,0,4,2,13
,2021-43438,39.76230352,-104.8658999,11/17/2021 10:55,10:55,10,0,0,N HAVANA ST (NOT CDOT) & N FLORENCE WAY,1,1,3,0,1,1,0,0,40,0,0,0,0,0,4,2,8
,2021-43439,39.66999354,-104.9899899,10/1/2021 14:19,14:19,16,0,0, ,1,1,3,0,5,7,0,0,,0,0,0,0,0,3,2,16
,2021-43440,39.71117353,-104.9923899,10/6/2021 13:10,13:10,15,0,0,W ALAMEDA AVE & S CHEROKEE ST,1,1,3,0,1,1,0,0,30,0,0,0,0,0,4,2,3
,2021-43445,39.66948354,-104.9899599,10/6/2021 15:00,15:00,3,0,0,S BANNOCK ST & W VASSAR AVE,1,1,3,0,1,1,0,0,25,0,0,0,0,0,4,2,14
,2021-43447,39.74999353,-105.0199899,9/24/2021 9:51,9:51,16,0,0,2960 N SPEER BLVD & 2960 BLK N,1,1,3,0,5,7,0,0,10,0,0,0,0,0,3,2,14
,2021-43449,39.73061353,-104.9918699,10/6/2021 8:40,8:40,15,0,0,SPEER BLVD 1000 BLK N & W 11TH AVE,1,1,3,1,1,4,0,0,35,0,0,0,0,0,4,2,13
,2021-43451,39.78140352,-104.9035499,10/7/2021 12:34,12:34,12,0,0,QUEBEC ST & 4600 N,1,1,3,0,1,1,0,0,40,0,0,0,0,0,4,2,13
,2021-43452,39.70308354,-105.0391099,10/7/2021 8:55,8:55,3,0,0,W WALSH PL & S PATTON CT,1,1,3,0,1,1,0,0,25,0,0,0,0,0,4,2,11
,2021-43454,39.75330247,-104.9799717,11/17/2021 5:59,5:59,10,0,0,PARK AVE W & WELTON ST,1,2,3,0,1,1,0,0,30,0,0,0,0,0,4,2,3
,2021-43455,39.76331353,-105.0252399,10/7/2021 16:40,16:40,12,0,0,N FEDERAL BLVD & W 34TH AVE,1,1,3,0,1,4,0,0,35,0,0,0,0,0,2,4,13
,2021-43456,39.73701353,-104.9999099,10/6/2021 21:00,21:00,6,0,0,1300 BLK N KALAMATH ST & W 14TH AVE,1,3,3,0,1,4,0,0,,0,0,0,0,0,4,2,16
,2021-43457,39.71999353,-104.9699899,10/6/2021 10:10,10:10,3,0,0,E 6TH AVE (NOT CDOT) & N WASHINGTON ST,1,1,3,0,1,1,0,0,30,0,0,0,0,1,4,2,13
,2021-43460,39.69149811,-104.9129065,8/13/2021 15:39,15:39,10,0,0,E CHERRY CREEK N ALY & S MONACO ST,1,1,3,0,1,9,0,0,30,0,0,0,0,0,4,2,11
,2021-43466,39.78815351,-104.8381899,10/5/2021 19:00,19:00,6,0,0,N URSULA ST & E 51ST AVE,1,1,3,0,1,4,0,0,20,0,0,0,0,0,4,2,1
,2021-43468,39.75120353,-105.0283799,11/17/2021 9:48,9:48,10,0,0,W 23RD AVE & N HOOKER ST,1,1,3,0,1,1,0,0,30,0,0,0,0,0,4,2,16
,2021-43469,39.74999353,-105.0199899,10/7/2021 7:30,7:30,12,0,0,N FEDERAL BLVD & W 29TH AVE,1,1,3,0,1,3,0,0,35,0,0,0,0,0,2,2,1
,2021-43471,39.75414433,-104.9892881,10/6/2021 17:45,17:45,12,0,0,22ND ST & LAWRENCE ST,1,1,3,0,1,1,0,0,35,0,0,0,0,0,4,2,3
,2021-43508,39.79103352,-104.9851899,11/12/2021 18:06,18:06,1,0,0,E 52ND AVE & N SHERMAN ST,1,3,0,0,1,1,0,0,20,0,0,0,0,0,4,2,13
,2021-43509,39.77798351,-104.77206,11/14/2021 13:15,13:15,12,0,0,N TOWER RD & 45TH AVE,1,1,0,0,1,1,0,0,45,0,0,0,0,0,4,2,13
,2021-43510,39.72527841,-105.1417334,11/14/2021 17:19,17:19,15,0,0,I-25 & 6TH AVE W,1,3,0,0,1,4,0,0,55,0,0,0,0,0,1,2,13
,2021-43511,39.76564352,-104.9128599,11/12/2021 12:07,12:07,6,0,0,35TH AVE E & MONACO ST N,1,1,0,0,1,3,0,0,25,0,0,0,0,0,4,2,3
,2021-43512,39.77972352,-104.9707199,11/12/2021 22:43,22:43,9,0,1,I-70 WB ENT GORE PT FROM & BRIGHTON BLVD,1,3,0,0,1,4,0,0,55,0,0,0,1,3,1,1,13
,2021-43513,39.74405353,-105.0005999,11/14/2021 18:47,18:47,11,0,1,SPEER BLVD N & ARAPAHOE ST,1,3,0,0,1,1,0,0,0,0,1,0,0,2,4,1,16
,2021-43514,39.79414351,-104.79941,11/13/2021 6:00,6:00,6,0,0,16100 BLK E 55TH AVE & N LEWISTON ST,1,2,0,0,1,4,0,0,25,0,0,0,0,0,4,2,5
,2021-43515,39.72569653,-104.9986024,11/14/2021 18:28,18:28,3,0,0,W 6TH AVE & N SANTA FE DR,1,3,0,0,1,1,0,0,35,0,0,0,0,1,4,2,13
,2021-43516,39.78010353,-104.9895499,11/9/2021 8:27,8:27,12,0,0,I-25 & I-70,1,1,0,0,1,4,0,0,55,0,0,0,0,0,1,2,13
,2021-43517,39.67840354,-104.9407399,11/8/2021 14:00,14:00,15,0,0,EVANS AVE E & COLORADO BLVD S,1,1,0,0,1,1,0,0,40,0,0,0,0,0,2,2,3
,2021-43518,39.76162353,-105.0057099,11/13/2021 22:39,22:39,11,0,1,20TH ST & OSAGE ST N,1,3,0,0,1,1,0,0,30,0,1,0,0,1,4,1,13
,2021-43519,39.76094353,-105.0043199,11/13/2021 21:55,21:55,12,0,0,I-25 & 20TH ST,1,3,1,0,1,4,0,0,55,0,0,0,0,0,1,2,7
,2021-43520,39.72912353,-104.9483899,11/8/2021 19:57,19:57,6,0,2,8TH AVE E & ADAMS ST N,1,3,0,0,3,4,0,0,25,0,0,0,0,2,4,2,3
,2021-43521,39.65307354,-104.9182499,11/9/2021 8:20,8:20,12,0,1,I-25 & HAMPDEN AVE E,1,1,0,0,1,4,0,0,65,0,0,0,0,1,1,2,13
,2021-43522,39.71567353,-104.9874999,11/9/2021 21:22,21:22,12,0,0,S BROADWAY ST & W ARCHER PL,1,3,0,0,1,1,0,0,30,0,0,0,0,0,4,2,16
,2021-43523,39.71812353,-104.9521999,11/9/2021 8:30,8:30,1,0,0,MILWAUKEE ST N & 1ST AVE E,1,1,0,0,1,1,0,0,35,0,0,0,0,0,4,2,13
,2021-43524,39.80894243,-105.0346847,11/10/2021 8:25,8:25,12,0,1,6TH AVE W & LOWELL BLVD N,1,1,1,0,1,4,0,0,55,0,0,0,0,1,1,2,7
,2021-43525,39.72908053,-104.9874064,10/30/2021 2:33,2:33,5,0,0,N BROADWAY ST & E 8TH AVE,1,3,0,0,3,1,0,0,35,0,0,0,0,0,4,1,5
,2021-43526,39.77690353,-105.0247999,11/6/2021 2:00,2:00,16,0,0,4400 N FEDERAL BLVD & PRIVATE PROPERTY,1,3,0,0,5,7,0,0,35,0,0,0,0,0,3,1,5
,2021-43527,39.77881232,-104.894738,11/10/2021 1:13,1:13,5,0,0,I-270 WB DIRECT CONNECT FROM & I-70 WB,1,3,0,0,2,4,0,0,35,0,0,0,0,0,1,1,5
,2021-43528,39.74000353,-104.9678399,11/9/2021 16:03,16:03,15,0,0,COLFAX AVE E & FRANKLIN ST N,1,3,0,7,1,4,0,0,35,0,0,0,0,0,2,2,13
,2021-43529,39.71116354,-105.0299299,11/9/2021 16:03,16:03,12,0,0,W ALAMEDA AVE & S IRVING ST,1,1,0,0,1,3,0,0,35,0,0,0,0,1,4,2,3
,2021-43530,39.74695453,-104.9733394,11/13/2021 23:02,23:02,15,0,0,E 14TH AVE & N DOWNING ST,1,3,0,0,1,4,0,0,30,0,0,0,0,1,4,2,13
,2021-43531,39.83230305,-104.9834911,11/10/2021 8:38,8:38,12,0,0,I-25 SB EXIT GORE PT TO & 6TH AVE W,1,1,1,0,1,8,0,0,55,0,0,0,0,0,1,2,7
,2021-43532,39.65716355,-105.0532099,11/9/2021 14:08,14:08,3,0,0,W COLGATE PL & S SHERIDAN BLVD,1,1,0,0,1,1,0,0,25,0,0,0,0,0,4,2,3
,2021-43533,39.77804052,-104.8471054,11/9/2021 21:41,21:41,3,0,0,45TH AVE E & PEORIA ST N,1,3,0,0,1,2,0,0,25,0,0,0,0,0,4,2,13
,2021-43534,39.69391354,-104.9924799,11/10/2021 8:07,8:07,15,0,0,SANTA FE DR S & MISSISSIPPI AVE E,1,1,0,0,1,3,0,0,45,0,0,0,0,0,2,2,13
,2021-43535,39.68981354,-104.9734099,11/9/2021 16:16,16:16,15,0,0,I-25 & DOWNING ST S,1,2,0,0,1,4,0,0,65,0,0,0,0,0,1,2,13
,2021-43536,39.88251331,-104.6780857,11/10/2021 21:00,21:00,6,0,0,103RD AVE & 26000 BLK E,1,3,0,0,1,4,0,0,,0,0,0,0,0,4,2,16
,2021-43537,39.70023353,-104.9216199,11/9/2021 22:55,22:55,6,0,1,S HOLLY ST & E KENTUCKY AVE,1,4,0,0,1,4,0,0,25,0,0,0,0,2,4,2,13
,2021-43538,39.70896353,-104.8753799,11/9/2021 18:02,18:02,12,0,0,9600 BLK E ALAMEDA AVE & S DAYTON ST,1,2,0,0,1,4,0,0,35,0,0,0,0,0,4,2,13
,2021-43539,39.78362051,-104.7722075,11/9/2021 14:54,14:54,1,0,1,N TOWER RD & E GVR BLVD,1,1,0,0,1,1,0,0,35,0,0,0,0,2,4,2,5
,2021-43540,39.72558353,-104.9671099,11/13/2021 22:46,22:46,10,0,0,E 6TH AVE & N GILPIN ST,1,3,0,0,1,1,0,0,35,0,0,0,0,0,4,2,13
,2021-43541,39.68753353,-104.9210499,11/10/2021 16:53,16:53,1,0,0,E IOWA AVE & S IVANHOE ST,1,3,0,0,1,1,0,0,25,0,0,0,0,1,4,2,13
,2021-43542,39.75131353,-105.0165199,11/10/2021 16:57,16:57,12,0,0,I-25 & 23RD AVE W,1,3,0,0,1,4,0,0,65,0,0,0,0,0,1,2,7
,2021-43543,39.77432852,-104.8657359,11/10/2021 15:57,15:57,1,0,0,HAVANA ST N & I-70 EB ON RAMP,1,1,0,0,1,1,0,0,40,0,0,0,0,0,4,2,3
,2021-43544,39.71115354,-104.9863599,11/10/2021 8:55,8:55,10,0,0,ALAMEDA AVE E & LINCOLN ST S,1,1,0,0,1,1,0,0,30,0,0,0,0,0,4,2,13
,2021-43545,39.71859353,-104.9406999,11/10/2021 17:46,17:46,12,0,3,COLORADO BLVD N & 1ST AVE E,1,3,1,0,1,4,0,0,35,0,0,0,0,1,2,2,13
,2021-43546,39.74034354,-105.0469099,11/10/2021 16:18,16:18,3,0,1,COLFAX AVE W & 4600 BLK W,1,2,0,0,1,9,0,0,35,0,0,0,0,1,2,2,13
,2021-43547,39.75512353,-105.0127099,11/10/2021 16:27,16:27,12,0,0,I-25 & SPEER BLVD N,1,3,0,0,1,4,0,0,65,0,0,0,0,0,1,2,13
,2021-43548,39.72666353,-104.9874199,11/9/2021 15:47,15:47,10,0,1,SPEER BLVD E & BROADWAY ST N,1,1,0,0,1,1,0,0,30,0,0,0,0,1,4,2,8
,2021-43549,39.74405353,-105.0005999,11/10/2021 8:50,8:50,12,0,0,N SPEER BLVD & ARAPAHOE ST,1,1,0,0,1,4,0,0,30,0,0,0,0,0,4,2,8
,2021-43550,39.76568353,-104.9950429,11/10/2021 15:50,15:50,12,0,0,PARK AVE W & N GLOBEVILLE RD,1,1,1,0,1,1,0,0,35,0,0,0,0,0,4,2,13
,2021-43551,39.71120354,-104.9991199,11/10/2021 17:50,17:50,12,0,0,I-25 & ALAMEDA AVE W,1,2,0,0,1,4,0,0,65,0,0,0,0,0,1,2,14
,2021-43554,39.76200352,-104.9225399,11/18/2021 9:11,9:11,12,0,1,MLK BLVD E & HUDSON ST,1,1,3,0,1,4,0,0,35,0,0,0,0,1,4,2,10
,2021-43557,39.68947354,-105.0262199,11/18/2021 15:22,15:22,3,0,0,FLORIDA AVE W & FEDERAL BLVD S,1,1,3,0,1,2,0,0,30,0,0,0,0,0,4,2,13
,2021-43558,39.72095353,-104.9406899,11/17/2021 17:00,17:00,12,0,0,COLORADO BLVD N & 3RD AVE E,1,3,3,0,1,1,0,0,30,0,0,0,0,0,2,2,3
,2021-43559,39.74526353,-105.0007099,11/17/2021 11:00,11:00,15,0,0,LAWRENCE ST & SPEER BLVD N,1,1,3,0,1,1,0,0,30,0,0,0,0,0,4,2,3
,2021-43561,39.66748354,-104.9254699,11/17/2021 14:00,14:00,15,0,0,I-25 NB EXIT GORE PT TO & YALE AVE E,1,1,3,0,1,4,0,0,65,0,0,0,0,0,1,2,3
,2021-43562,39.71936353,-104.9862299,11/17/2021 19:00,19:00,10,0,0,N LINCOLN ST & 2ND AVE,1,3,3,0,1,1,0,0,30,0,0,0,0,0,4,2,3
,2021-43563,39.70145354,-104.9875199,11/17/2021 15:00,15:00,3,0,0,BROADWAY ST S & I-25 SB OFF RAMP,1,1,3,0,1,1,0,0,30,0,0,0,0,0,4,2,3
,2021-43567,39.71799353,-104.9511699,11/17/2021 16:00,16:00,15,0,0,E 1ST AVE & N ST PAUL ST,1,1,3,0,1,1,0,0,25,0,0,0,0,0,4,2,3
,2021-43573,39.78374351,-104.80979,11/17/2021 15:37,15:37,3,0,0,CHAMBERS RD N & GVR BLVD E,1,1,3,0,1,1,0,0,40,0,0,0,0,0,4,2,7
,2021-43574,39.70026353,-104.9272499,11/17/2021 15:16,15:16,3,0,0,KENTUCKY AVE E & CHERRY CREEK DR SE,1,1,3,0,1,1,0,0,35,0,0,0,0,0,4,2,11
,2021-43575,39.74326353,-104.9810699,11/18/2021 8:00,8:00,12,0,0,500 BLK E 17TH AVE & N PENNSYLVANIA ST,1,1,3,0,1,9,0,0,15,0,0,0,0,0,4,2,13
,2021-43576,39.68756354,-104.9875099,11/18/2021 12:45,12:45,12,0,0,S BROADWAY ST & W IOWA AVE,1,1,3,0,1,3,0,0,35,0,0,0,0,0,4,2,13
,2021-43577,39.72922353,-104.9406899,11/17/2021 12:58,12:58,15,0,0,COLORADO BLVD N & 8TH AVE E,1,1,3,0,1,1,0,0,35,0,0,0,0,0,2,2,6
,2021-43586,39.78371351,-104.77447,11/17/2021 11:50,11:50,3,0,0,GVR BLVD E & YAMPA ST N,1,1,3,0,1,1,0,0,20,0,0,0,0,0,4,2,11
,2021-43591,39.74981352,-104.8987199,11/17/2021 9:55,9:55,1,0,1,N SYRACUSE ST & 22ND AVE,1,1,3,0,1,1,0,0,30,0,0,0,0,1,4,2,11
,2021-43592,39.65307354,-104.9184399,11/18/2021 8:00,8:00,15,0,0,I-25 SB ON RAMP SLIP FROM & HWY 285 EB,1,2,3,0,1,8,0,0,35,0,0,0,0,0,1,2,13
,2021-43601,39.75119353,-105.0183599,11/19/2021 6:29,6:29,3,0,0,23RD AVE W & I-25 SB ON RAMP,1,4,3,0,1,1,0,0,30,0,0,0,0,0,4,2,13
,2021-43610,39.78258351,-104.76489,11/18/2021 12:30,12:30,3,0,0,4700 BLK N ARGONNE ST & PRIVATE ROAD,1,1,3,0,1,1,0,0,25,0,0,0,0,0,4,2,11
,2021-43615,39.78081352,-104.9497799,11/18/2021 15:30,15:30,3,0,0,E 46TH AVE & N VASQUEZ BLVD,1,1,3,0,1,1,0,0,35,0,0,0,0,0,2,2,1
,2021-43616,39.77877352,-104.8658099,11/17/2021 13:11,13:11,3,0,0,HAVANA ST N & 45TH AVE E,1,1,3,0,1,1,0,0,45,0,0,0,0,0,4,2,6
,2021-43620,39.75200353,-104.9937999,11/17/2021 8:58,8:58,3,0,0,19TH ST & LARMIER ST,1,1,3,0,1,1,0,0,25,0,0,0,0,0,4,2,16
,2021-43624,39.78022353,-105.0439399,11/19/2021 6:08,6:08,3,0,0,TENNYSON ST N & 46TH AVE W,1,4,3,0,1,2,0,0,30,0,0,0,0,0,4,2,11
,2021-43627,39.66549354,-104.9406799,11/18/2021 14:58,14:58,11,0,1,COLORADO BLVD S & AMHERST AVE E,1,1,3,0,1,1,0,0,40,0,1,0,0,2,2,1,11
,2021-43634,39.63128354,-104.89233,11/18/2021 16:46,16:46,1,0,0,DTC BLVD S & UNION AVE E,1,3,3,0,1,1,0,0,35,0,0,0,0,0,4,2,14
,2021-43672,39.69762353,-104.9007499,10/18/2021 9:11,9:11,10,0,0,E MISSISSIPPI AVE & S PARKER ROAD,1,1,3,0,1,1,0,0,40,0,0,0,0,0,2,2,11
,2021-43758,39.78816352,-104.9048799,10/2/2021 16:33,16:33,12,0,0,I-270 & QUEBEC ST,1,1,3,0,1,4,0,0,55,0,0,0,0,0,1,2,11
,2021-43830,39.75105038,-104.9372945,11/6/2021 7:00,7:00,5,0,0,23RD AVE E & BELAIRE ST N,1,2,0,0,2,4,0,0,25,0,0,0,0,0,4,1,13
,2021-43831,39.74024954,-105.1197344,11/10/2021 14:09,14:09,15,0,0,I-25 & COLFAX AVE W,1,1,1,0,1,4,0,0,65,0,0,0,0,0,1,2,13
,2021-43832,39.78317311,-104.9005972,11/10/2021 18:25,18:25,12,0,0,I-270 & NORTHFIELD QUEBEC ST N,1,3,0,0,1,4,0,0,55,0,0,0,0,0,1,1,13
,2021-43833,39.73687353,-105.0052499,11/10/2021 10:35,10:35,3,0,0,N OSAGE ST & W 13TH AVE,1,1,1,0,1,1,0,0,30,0,0,0,0,0,4,2,13
,2021-43834,39.73527353,-104.9861099,11/6/2021 2:37,2:37,15,0,0,N LINCOLN ST & E 12TH AVE,1,3,0,0,1,1,0,0,35,0,0,0,0,0,4,2,14
,2021-43835,39.71859353,-104.9406999,11/10/2021 10:42,10:42,15,0,0,COLORADO BLVD N & 2ND AVE E,1,1,1,0,1,4,0,0,35,0,0,0,0,0,2,2,13
,2021-43836,39.73368853,-104.9786809,11/10/2021 9:20,9:20,3,0,0,E 11TH AVE & N WASHINGTON ST,1,1,0,0,1,1,0,0,30,0,0,0,0,0,4,2,3
,2021-43837,39.70091354,-105.0486699,11/7/2021 0:00,0:00,12,0,0,800 BLK S WOLFF ST & W OHIO AVE,1,3,0,0,1,4,0,0,25,0,0,0,0,0,4,2,13
,2021-43838,39.74024954,-105.1197344,11/6/2021 3:12,3:12,12,0,0,I-25 & COLFAX AVE W,1,3,0,0,1,4,0,0,65,0,0,0,0,0,1,2,13
,2021-43839,39.78346312,-105.0112166,9/9/2021 16:07,16:07,12,0,0,I-70 EB & I-225,14,1,0,0,1,4,0,0,55,0,0,0,0,0,1,2,1
,2021-43840,39.73684353,-104.9873799,11/7/2021 0:00,0:00,11,0,0,13TH AVE E & BROADWAY ST N,1,3,0,0,1,1,0,0,0,0,0,1,0,0,4,1,16
,2021-43841,39.76738452,-104.9025184,11/7/2021 17:13,17:13,8,0,0,E 36TH AVE & N QUEBEC ST,1,1,0,2,1,1,0,0,35,0,0,0,0,1,4,2,7
,2021-43842,39.78128351,-104.74235,11/7/2021 17:15,17:15,3,0,1,MALAYA ST N & GVR BLVD E,1,3,0,0,1,1,0,0,35,0,0,0,0,3,4,2,13
,2021-43843,39.78589351,-104.77212,10/7/2021 17:16,17:16,12,0,0,N TOWER RD & E 49TH AVE,1,1,0,0,1,1,0,0,40,0,0,0,0,0,4,2,13
,2021-43844,39.76109353,-104.9837999,11/8/2021 13:39,13:39,12,0,0,WALNUT ST & 28TH ST,1,1,0,0,1,4,0,0,25,0,0,0,0,0,4,2,13
,2021-43845,39.8320535,-104.77612,11/9/2021 16:40,16:40,12,0,0,PENA BLVD INBOUND & 7400 BLK,1,1,0,0,1,4,0,0,45,0,0,0,0,0,4,2,1
,2021-43846,39.75358353,-104.9813099,10/13/2021 18:15,18:15,2,0,1,25TH ST & CALIFORNIA ST,1,1,0,0,1,1,0,0,25,1,0,0,0,1,4,2,14
,2021-43847,39.68472354,-104.9594399,11/8/2021 14:19,14:19,15,0,0,UNIVERSITY BLVD S & I-25 SB,1,1,0,0,1,1,0,0,30,0,0,0,0,0,4,2,8
,2021-43848,39.66948354,-104.9828199,11/7/2021 17:10,17:10,3,0,0,E VASSAR AVE & S LOGAN ST,1,2,1,0,1,1,0,0,30,0,0,0,0,1,4,2,13
,2021-43849,39.73675353,-104.9161499,8/18/2021 10:53,10:53,10,0,0,E 13TH AVE & N KRAMERIA ST,1,1,0,0,1,1,0,0,30,0,0,0,0,0,4,2,16
,2021-43850,39.74015352,-104.8928699,11/8/2021 13:29,13:29,15,0,1,COLFAX AVE E & UINTA ST N,1,1,0,0,1,4,0,0,30,0,0,0,0,1,2,2,14
,2021-43851,39.83230305,-104.9834911,11/8/2021 5:55,5:55,15,0,0,I-25 SB EXIT GORE PT TO & 6TH AVE W,1,2,0,0,1,4,0,0,65,0,0,0,0,0,1,2,3
,2021-43852,39.71658353,-105.0001699,11/7/2021 19:41,19:41,3,0,1,KALAMATH ST N & ELLSWORTH AVE W,1,3,0,0,1,1,0,0,30,0,0,0,0,1,4,2,1
,2021-43853,39.73827353,-104.9406499,10/28/2021 20:01,20:01,6,0,0,N COLORADO BLVD & E 14TH AVE,1,4,1,0,1,4,0,0,35,0,0,0,0,0,2,2,1
,2021-43854,39.66049154,-105.0204701,11/8/2021 6:40,6:40,1,0,0,S SHERIDAN PL & W DARTMOUTH AVE,1,1,0,0,1,1,0,0,40,0,0,0,0,1,4,2,13
,2021-43855,39.7151053,-104.8656994,10/22/2021 22:25,22:25,12,0,0,I-70 & N HAVANA ST,1,3,0,0,1,4,0,0,65,0,0,0,0,0,1,2,5
,2021-43856,39.68857354,-105.0250499,11/8/2021 2:03,2:03,5,0,0,FEDERAL BLVD S & FLORIDA AVE W,1,3,1,0,3,4,0,0,45,0,0,0,0,0,2,1,5
,2021-43857,39.68557354,-104.9683999,10/21/2021 18:30,18:30,6,0,0,FRANKLIN ST S & COLORADO AVE E,1,1,0,0,1,4,0,0,25,0,0,0,0,0,4,2,13
,2021-43858,39.75536353,-105.0126799,10/21/2021 5:55,5:55,15,0,0,I-25 & N SPEER BLVD,1,3,0,0,1,4,0,0,65,0,0,0,0,0,1,2,13
,2021-43859,39.72552354,-105.0439599,11/5/2021 19:16,19:16,12,0,0,6TH AVE W & TENNYSON ST N,1,3,0,0,1,4,0,0,65,0,0,0,0,0,2,2,14
,2021-43860,39.62836536,-105.0864347,11/5/2021 19:15,19:15,16,0,0, ,1,4,0,0,5,7,0,0,,0,0,0,0,0,3,2,16
,2021-43861,39.68939954,-104.9920549,11/3/2021 22:49,22:49,3,0,2,SANTA FE DR S & FLORIDA AVE W,1,3,0,0,1,1,0,0,65,0,0,0,0,2,2,2,5
,2021-43862,39.71127354,-105.0333199,10/16/2021 2:17,2:17,5,0,0,W ALAMEDA AVE & S STUART ST,1,3,0,0,3,4,0,0,35,0,0,0,0,0,4,1,16