id,drcog_id,latitude,longitude,crashtime,time,crashtype,numbkilled,numbinjurd,drcoglocat,rdconditin,lightngcon,roadcntgrd,weatherco,location,roaddescrp,schoolzone,constrzone,splimit,bikeinv,pedinv,sctrinv,motoinv,svrty,rdsystem,ttlvehcls,hcf
,2021-43863,39.75845353,-105.0213599,11/8/2021 18:09,18:09,3,0,1,29TH AVE W & SPEER BLVD N,1,3,1,0,1,1,0,0,35,0,0,0,1,1,4,2,1
,2021-43864,39.67847354,-104.9550799,11/5/2021 1:28,1:28,6,0,0,2700 BLK E EVANS AVE & S UNIVERSITY BLVD,1,3,1,0,1,4,0,0,30,0,0,0,0,0,4,2,5
,2021-43865,39.71110354,-105.0483799,10/23/2021 23:47,23:47,5,0,0,ALAMEDA AVE & 4688 BLK W,1,3,1,0,3,4,0,0,,0,0,0,0,0,4,1,5
,2021-43866,39.72907353,-104.9717699,11/8/2021 18:09,18:09,3,0,1,N MARION ST & E 8TH AVE,1,4,0,0,1,1,0,0,25,0,0,0,0,2,4,2,7
,2021-43867,39.78153352,-104.9616599,10/13/2021 19:10,19:10,5,0,0,GAYLORD ST & 4677 BLK N,1,4,1,0,3,5,0,0,25,0,0,0,0,0,4,1,13
,2021-43868,39.76738452,-104.9025184,10/7/2021 11:05,11:05,12,0,0,E 36TH AVE & N QUEBEC ST,1,1,0,0,1,3,0,0,30,0,0,0,0,1,4,2,15
,2021-43869,39.78301753,-105.0576658,11/5/2021 19:02,19:02,12,0,0,I-25 & 48TH AVE W,1,3,0,0,1,4,0,0,65,0,0,0,0,0,2,2,16
,2021-43870,39.78380352,-104.9479099,9/25/2021 21:36,21:36,11,0,1,E 48TH AVE & N VASQUEZ BLVD,1,3,0,0,1,1,0,0,45,0,1,0,0,3,4,1,1
,2021-43871,39.77400352,-104.8470199,11/8/2021 20:33,20:33,15,0,0,I-70 EB ON RAMP & PEORIA ST N,1,3,0,0,1,8,0,0,35,0,0,0,0,0,4,2,13
,2021-43872,39.85191349,-104.67403,11/8/2021 10:05,10:05,12,0,0,PENA BLVD & 8500 BLK,1,1,0,0,1,1,0,0,15,0,0,0,0,0,4,2,7
,2021-43873,39.80181351,-104.76747,11/3/2021 17:06,17:06,6,0,0,58TH AVE E & BISCAY ST N,1,2,0,0,1,4,0,0,30,0,0,0,0,0,4,2,5
,2021-43874,39.77804052,-104.8471054,11/8/2021 15:10,15:10,12,0,0,N PEORIA ST & E 45TH AVE,1,1,0,0,1,4,0,0,40,0,0,0,0,0,4,3,13
,2021-43875,39.69881412,-104.8706415,11/7/2021 12:42,12:42,6,0,0,GALENA WY S & FULTON ST S,1,1,0,0,1,4,0,0,30,0,0,0,0,0,4,4,5
,2021-43876,39.71088353,-104.9220399,10/29/2021 23:22,23:22,15,0,0,ALAMEDA AVE & 5600 BLK E,1,3,0,0,1,4,0,0,35,0,0,0,0,0,4,2,13
,2021-43877,39.75615353,-104.9918999,11/7/2021 1:59,1:59,14,0,0,22ND ST & BLAKE ST,1,3,0,0,1,4,0,0,35,0,0,0,0,0,4,3,14
,2021-43878,39.74330053,-104.9861014,11/8/21 0:00,0:00,6,0,0,E 17TH AVE & N LINCOLN ST,1,3,1,0,1,4,0,0,30,0,0,0,0,0,4,3,13
,2021-43879,39.76025353,-105.0252299,11/8/2021 9:29,9:29,3,0,0,FEDERAL BLVD N & SPEER BLVD N,1,1,1,0,1,1,0,0,30,0,0,0,0,0,2,2,13
,2021-43880,39.78008352,-104.9404999,11/8/2021 6:40,6:40,12,0,0,I-70 & COLORADO BLVD N,1,1,0,0,1,4,0,0,55,0,0,0,0,0,1,3,13
,2021-43881,39.68356354,-105.0327599,10/23/2021 2:15,2:15,6,0,0,S KNOX CT & W JEWELL AVE,1,3,0,0,1,4,0,0,25,0,0,0,0,0,4,3,5
,2021-43882,39.76115353,-105.0047499,11/8/2021 17:52,17:52,12,0,0,I-25 & 20TH ST,1,3,0,0,1,4,0,0,65,0,0,0,0,0,1,3,8
,2021-43883,39.7819244,-104.9812009,11/8/2021 1:56,1:56,6,0,0,PENNSYLVANIA ST & 800 BLK N,1,3,0,0,1,4,0,0,30,0,0,0,0,0,4,3,5
,2021-43884,39.76385202,-104.9560889,11/3/2021 7:51,7:51,8,0,0,N ELIZABETH ST & E 33RD AVE,1,1,0,0,1,1,0,0,30,0,0,0,0,0,4,2,13
,2021-43885,39.77420352,-104.8470299,11/8/2021 7:25,7:25,12,0,0,I-70 WB OFF RAMP TO & PEORIA ST N,1,1,1,0,1,8,0,0,45,0,0,0,0,0,1,3,1
,2021-43905,39.75663353,-105.0220699,10/10/2021 11:01,11:01,6,0,0,N DECATUR ST & W 27TH AVE,1,1,3,1,1,4,0,0,,0,0,0,0,0,4,2,16
,2021-43912,39.74014353,-104.9127899,11/21/2021 16:41,16:41,12,0,0,E COLFAX AVE & N MONACO ST,1,1,3,0,1,1,0,0,35,0,0,0,0,0,4,2,16
,2021-43948,39.66130354,-105.0251499,10/9/2021 11:06,11:06,12,0,0,S FEDERAL BLVD & W CORNELL AVE,1,1,3,0,1,4,0,0,30,0,0,0,0,0,2,2,13
,2021-43981,39.72541754,-105.0252199,10/9/2021 10:13,10:13,3,0,0,N FEDERAL BLVD & W 6TH AVE EB OFF RAMP,1,1,3,0,1,1,0,0,35,0,0,0,0,0,2,2,13
,2021-43988,39.76079353,-105.0144699,10/10/2021 9:23,9:23,3,0,0,W 31ST AVE & N WYANDOT ST,1,1,3,1,1,1,0,0,25,0,0,0,0,0,4,2,13
,2021-44017,39.69676354,-105.0413799,10/11/2021 8:15,8:15,3,0,0,W MISSISSIPPI AVE & S QUITMAN ST,1,1,3,1,1,1,0,0,25,0,0,0,0,0,4,2,13
,2021-44023,39.75226353,-104.9795599,10/10/2021 12:54,12:54,3,0,0,25TH ST & GLENARM PL,1,1,3,1,1,1,0,0,25,0,0,0,0,0,4,2,16
,2021-44040,39.69127354,-105.0297099,10/11/2021 8:51,8:51,3,0,0,W ARKANSAS AVE & S IRVING ST,1,1,3,1,1,1,0,0,25,0,0,0,0,1,4,2,13
,2021-44042,39.77581351,-104.8107,10/10/2021 15:50,15:50,10,0,0,N GRANBY WAY & E ANDREWS DR,1,1,3,0,1,2,0,0,25,0,0,0,0,0,4,2,16
,2021-44053,39.72974353,-104.9912199,10/10/2021 14:15,14:15,12,0,1,700 BLK N SPEER BLVD & N BANNOCK ST,1,1,3,0,1,3,0,0,35,0,0,0,0,2,4,2,10
,2021-44116,39.70913354,-104.9823499,9/28/2021 17:45,17:45,6,0,0,400 BLOCK S LOGAN ST & E VIRGINIA AVE,1,1,3,0,1,4,0,0,30,0,0,0,0,0,4,2,16
,2021-44118,39.73454353,-104.9835899,8/31/2021 4:06,4:06,6,0,0,N GRANT ST & E 11TH AVE,1,3,3,0,1,4,0,0,30,0,0,0,1,0,4,5,16
,2021-44134,39.73939353,-105.0334099,10/30/2021 2:24,2:24,6,0,0,KING ST N & W 14TH AVE,1,4,0,0,1,4,0,0,25,0,0,0,0,0,4,3,16
,2021-44135,39.69674354,-105.0192099,11/4/2021 1:15,1:15,3,0,0,W MISSISSIPPI AVE & S CANOSA CT,1,4,0,0,1,1,0,0,35,0,0,0,0,1,4,2,5
,2021-44136,39.75788353,-104.9917399,11/9/2021 18:12,18:12,2,0,1,PARK AVE & WAZEE ST,1,3,0,0,1,1,0,0,0,1,0,0,0,3,4,2,16
,2021-44137,39.82982829,-104.7717199,11/10/2021 17:55,17:55,12,0,0,7300 BLK N TOWER RD & PENA BLVD,1,3,0,0,1,4,0,0,45,0,0,0,0,1,4,3,7
,2021-44138,39.73921353,-104.9798999,11/10/2021 1:28,1:28,6,0,0,1400 BLK N PEARL ST & E COLFAX AVE,1,3,0,0,1,4,0,0,30,0,0,0,0,0,4,4,14
,2021-44139,39.71622594,-104.9453686,11/10/2021 17:59,17:59,6,0,0,000 BLK S LOGAN ST & E ELLSWORTH AVE,1,3,0,0,1,4,0,0,25,0,0,0,0,0,4,2,13
,2021-44140,39.73204353,-104.9902499,11/9/2021 9:30,9:30,8,0,0,N BANNOCK ST & W 10TH AVE,1,1,0,0,1,1,0,0,35,0,0,0,0,1,4,3,13
,2021-44141,39.70194353,-104.8753399,11/10/2021 8:45,8:45,3,0,0,DAYTON ST S & ALTON WY S,1,1,0,0,1,1,0,0,30,0,0,0,0,0,4,3,13
,2021-44142,39.72481914,-105.0157384,11/13/2021 17:25,17:25,15,0,0,I-25 SB ON RAMP FROM & HWY 6 EB,1,2,1,0,1,8,0,0,65,0,0,0,1,0,1,2,13
,2021-44143,39.73600354,-105.0531299,10/15/2021 14:30,14:30,15,0,0,1200 BLK N SHERIDAN BLVD & W 13TH AVE,1,1,0,0,1,1,0,0,35,0,0,0,0,0,4,2,5
,2021-44144,39.67966354,-104.9366999,10/16/2021 2:00,2:00,5,0,0,E COLORADO CENTER DR & S BIRCH ST,1,3,0,0,2,4,0,0,25,0,0,0,0,0,4,1,5
,2021-44145,39.75814353,-104.9787599,11/12/2021 6:37,6:37,6,0,0,CHAMPA ST & 2800 BLK,1,2,0,0,1,14,0,0,25,0,0,0,0,0,4,3,1
,2021-44146,39.70145354,-104.9875199,11/11/2021 15:43,15:43,15,0,0,I-25 & BROADWAY ST S,1,1,0,0,1,4,0,0,55,0,0,0,0,0,1,4,13
,2021-44147,39.70896353,-104.8753799,11/5/2021 18:02,18:02,12,0,0,9600 BL E ALAMEDA AVE & S DAYTON ST,1,2,0,0,1,4,0,0,35,0,0,0,0,0,4,3,13
,2021-44148,39.78560353,-105.0251799,11/14/2021 18:08,18:08,12,0,0,FEDERAL BLVD N & 49TH AVE W,1,2,0,0,1,1,0,0,35,0,0,0,0,0,2,3,13
,2021-44149,39.76627353,-104.9736099,11/8/2021 9:07,9:07,6,0,0,LAWRENCE ST & 35TH ST,1,1,0,0,1,4,0,0,25,0,0,0,0,0,4,2,16
,2021-44150,39.79109353,-105.0239499,11/9/2021 8:13,8:13,6,0,0,N ELIOT ST & W 52ND AVE,1,1,0,0,1,4,0,0,25,0,0,0,0,0,4,2,16
,2021-44151,39.69648354,-104.9820199,10/28/2021 14:19,14:19,1,0,0,BROADWAY & I-25 SB ON RAMP,1,1,0,0,1,1,0,0,35,0,0,0,0,0,4,2,1
,2021-44152,39.71561354,-105.0527699,11/9/2021 17:28,17:28,12,0,0,SHERIDAN BLVD & 60 S,1,3,0,0,1,4,0,0,35,0,0,0,0,0,4,3,1
,2021-44153,39.72532254,-105.0529478,11/6/2021 13:09,13:09,12,0,0,HWY 6 EB ON RAMP SLIP FROM & SHERIDAN BLVD N,1,1,1,0,1,8,0,0,35,0,0,0,0,0,2,3,13
,2021-44154,39.75618185,-105.0155256,11/15/2021 9:08,9:08,12,0,1,I-25 & SPEER BLVD N,1,1,0,0,1,4,0,0,65,0,0,0,0,1,1,2,3
,2021-44155,39.73686353,-104.9695199,11/11/2021 8:15,8:15,2,0,1,13TH AVE E & HUMBOLDT ST N,1,1,0,0,1,1,0,0,20,1,0,0,0,1,4,2,5
,2021-44156,39.79169043,-104.8893296,11/12/2021 14:22,14:22,6,0,1,E 51ST AVE & N BRIGHTON BLVD,1,1,0,0,1,4,0,0,30,0,0,0,0,2,4,2,1
,2021-44157,39.68840354,-104.9500399,11/15/2021 19:41,19:41,6,0,0,1500 BLK S STEELE ST & IOWA AVE,1,3,0,1,1,4,0,0,35,0,0,0,0,0,4,2,15
,2021-44158,39.78422353,-105.0251799,11/7/2021 18:40,18:40,6,0,0,FEDERAL BLVD N & I-70 EB RAMPS,1,3,0,0,1,4,0,0,35,0,0,0,1,0,2,2,1
,2021-44159,39.77114353,-105.0440099,11/15/2021 12:37,12:37,6,0,0,39TH AVE W & TENNYSON ST N,1,1,1,0,1,9,0,0,25,0,0,0,0,0,4,2,16
,2021-44160,39.64419354,-104.9127099,11/15/2021 23:51,23:51,5,0,1,S MONACO ST & S PEACH WAY,1,3,0,0,2,1,0,0,30,0,0,0,0,3,4,1,13
,2021-44161,39.79836351,-104.75325,11/16/2021 16:40,16:40,3,0,0,56TH AVE E & IRELAND ST N,1,3,0,0,1,1,0,0,40,0,0,0,0,0,4,2,3
,2021-44162,39.63865354,-104.9039999,11/16/2021 15:18,15:18,1,0,0,S QUEBEC ST & QUINCY AVE,1,1,0,0,1,1,0,0,40,0,0,0,0,0,4,2,7
,2021-44163,39.78362951,-104.791364,10/24/2021 12:17,12:17,12,0,0,PENA BLVD & GVR BLVD E,1,1,1,0,1,1,0,0,40,0,0,0,0,0,4,2,16
,2021-44164,39.78554352,-104.8812599,11/15/2021 16:54,16:54,9,0,0,NORTHFIELD BLVD E & BEELER ST N,6,3,0,0,3,4,0,0,35,0,0,0,0,0,4,1,14
,2021-44165,39.65385354,-104.9128699,11/16/2021 15:55,15:55,11,0,1,MONACO ST & EXPOSITION AVE,1,1,1,0,1,1,0,0,35,0,1,0,0,1,4,1,13
,2021-44166,39.76514352,-104.8904699,11/16/2021 15:53,15:53,12,0,0,N CENTRAL PARK BLVD & 35TH AVE,1,1,0,0,1,1,0,0,30,0,0,0,0,0,4,2,13
,2021-44167,39.72931353,-105.0139799,11/16/2021 17:04,17:04,3,0,1,8TH AVE W & WYANDOT ST N,1,3,0,0,1,1,0,0,30,0,0,0,0,1,4,2,13
,2021-44168,39.76182121,-104.9407074,11/15/2021 18:12,18:12,11,0,0,COLORADO BLVD N & MLK BLVD E,1,3,0,0,1,1,0,0,35,0,1,0,0,0,2,1,14
,2021-44169,39.71117953,-104.8928974,11/16/2021 16:18,16:18,12,0,0,E ALAMEDA AVE (NOT CDOT) & FAIRMOUNT DR,1,1,0,0,1,4,0,0,35,0,0,0,0,0,4,2,13
,2021-44170,39.71465353,-104.9498399,11/16/2021 8:35,8:35,5,0,0,S STEELE ST & BAYAUD AVE,1,1,0,0,3,4,0,0,30,0,0,0,1,0,4,1,16
,2021-44171,39.74043353,-105.0141499,11/15/2021 17:07,17:07,12,0,0,I-25 & COLFAX AVE W,1,2,0,0,1,4,0,0,55,0,0,0,0,0,1,2,1
,2021-44172,39.74019353,-104.9574199,11/15/2021 14:45,14:45,1,0,1,COLUMBINE ST N & COLFAX AVE E,1,1,0,0,1,1,0,0,25,0,0,0,0,2,2,2,3
,2021-44173,39.65350353,-104.8684,11/16/2021 14:27,14:27,1,0,0,HAMPDEN AVE E & GALENA ST S,1,1,0,0,1,1,0,0,45,0,0,0,0,0,2,2,13
,2021-44174,39.65050355,-105.0530099,11/16/2021 14:00,14:00,3,0,0,S SHERIDAN BLVD (NOT CDOT) & W KENYON AVE,1,1,0,0,1,1,0,0,35,0,0,0,0,0,4,2,13
,2021-44175,39.74018652,-104.8881679,11/16/2021 8:31,8:31,14,0,0,WILLOW ST N & COLFAX AVE E,1,1,0,0,1,1,0,0,25,0,0,0,0,0,2,2,13
,2021-44176,39.69670754,-104.9929099,11/16/2021 11:52,11:52,10,0,2,PLATTE RIVER DR S & MISSISSIPPI AVE W,1,1,0,0,1,1,0,0,40,0,0,0,0,1,2,2,1
,2021-44177,39.77663353,-105.0252099,11/15/2021 18:43,18:43,1,0,0,FEDERAL BLVD N & 44TH AVE W,1,2,0,0,1,1,0,0,35,0,0,0,0,0,2,2,13
,2021-44178,39.73838353,-104.9586799,11/16/2021 13:52,13:52,3,0,0,N JOSEPHINE ST & 14TH AVE,1,1,0,0,1,1,0,0,40,0,0,0,0,1,4,2,13
,2021-44179,39.71116354,-105.0532399,11/16/2021 13:31,13:31,1,0,0,SHERIDAN BLVD S & ALAMEDA AVE W,1,1,0,0,1,2,0,0,40,0,0,0,0,0,2,2,8
,2021-44180,39.78015876,-104.8255776,11/13/2021 18:55,18:55,5,0,0,ANDREWS DR E & URSULA ST N,1,3,0,0,2,4,0,0,30,0,0,0,0,0,4,1,16
,2021-44181,39.70888004,-104.9863869,11/15/2021 16:17,16:17,12,0,0,I-25 & LINCOLN ST S,1,2,0,0,1,4,0,0,65,0,0,0,0,0,1,2,13
,2021-44182,39.65052712,-104.9248271,11/15/2021 23:00,23:00,3,0,0,E JEFFERSON AVE & S YOSEMITE ST,1,3,0,0,1,1,0,0,35,0,0,0,0,0,4,2,13
,2021-44183,39.78290353,-105.0064099,11/11/2021 15:42,15:42,15,0,0,PECOS & 4700 BLK N,1,1,0,0,1,6,0,0,20,0,0,0,0,0,4,2,13
,2021-44184,39.7065553,-104.979255,11/15/2021 12:43,12:43,12,0,0,S WASHINGTON ST & EVANS AVE,1,1,0,0,1,3,0,0,35,0,0,0,0,0,4,2,13
,2021-44185,39.75896353,-105.0003499,11/15/2021 22:47,22:47,12,0,0,2000 BLK 20TH ST & LITTLE RAVEN ST,1,3,2,0,1,3,0,0,35,0,0,0,0,1,4,2,5
,2021-44186,39.73999353,-104.9653699,11/14/2021 22:37,22:37,6,0,0,COLFAX AVE E & HIGH ST N,1,3,0,0,1,4,0,0,35,0,0,0,0,0,2,2,5
,2021-44187,39.66770954,-104.9816594,11/13/2021 18:05,18:05,15,0,0,S HOLLY S T & YALE AVE,1,2,0,0,1,1,0,0,25,0,0,0,0,0,4,2,13
,2021-44188,39.77113353,-105.0485999,11/12/2021 16:00,16:00,6,0,0,WOLFF ST N & 39TH AVE W,1,1,0,0,1,3,0,0,20,0,0,0,0,0,4,2,7
,2021-44189,39.78076752,-104.9497729,11/15/2021 20:55,20:55,3,0,0,N VASQUEZ BLVD & 46TH AVE N,1,3,0,0,1,1,0,0,35,0,0,0,0,0,4,2,13
,2021-44192,39.63957354,-104.8851,11/20/2021 13:20,13:20,15,0,0,I-225 & MM 2.45,1,1,3,6,1,4,0,0,65,0,0,0,0,0,1,2,13
,2021-44196,39.76807353,-104.9948099,11/22/2021 6:30,6:30,15,0,0,I-25 NB ON RAMP SLIP FROM & PARK AVE W,1,1,3,0,1,8,0,0,25,0,0,0,0,0,4,2,3
,2021-44197,39.78374351,-104.80979,11/21/2021 14:40,14:40,10,0,0,N CHAMBERS RD & E GVR BLVD,1,1,3,0,1,2,0,0,40,0,0,0,0,0,4,2,1
,2021-44200,39.72812353,-104.9940199,11/20/2021 10:43,10:43,6,0,0,ELATI ST N & 8TH AVE W,1,1,3,6,1,4,0,0,25,0,0,0,0,0,4,2,3
,2021-44201,39.74898353,-104.9801899,11/21/2021 16:39,16:39,1,0,0,PARK AVE_W & COURT PL,1,2,3,0,1,1,0,0,30,0,0,0,0,1,4,2,13
,2021-44208,39.75101352,-104.9034199,11/22/2021 15:17,15:17,15,0,0,N QUEBEC ST & E 23RD AVE,1,1,3,0,1,4,0,0,,0,0,0,0,0,4,2,16
,2021-44210,39.74740353,-104.9222699,11/19/2021 14:05,14:05,1,0,0,E MONTVIEW BLVD & N HOLLY ST,1,1,3,0,1,1,0,0,35,0,0,0,0,0,4,2,11
,2021-44211,39.71127353,-104.9222799,11/20/2021 14:00,14:00,3,0,0,E ALAMEDA AVE & S HOLLY ST,1,1,3,6,1,1,0,0,35,0,0,0,0,0,4,2,3
,2021-44212,39.78739152,-104.9875774,11/22/2021 8:14,8:14,6,0,0,50TH AVE W & BROADWAY ST N,1,1,3,1,1,4,0,0,25,0,0,0,0,0,4,2,16
,2021-44215,39.75398353,-104.9938399,11/22/2021 11:00,11:00,10,0,0,1400 BLK 20TH ST & MARKET ST,1,1,3,0,1,3,0,0,30,0,0,0,0,0,4,2,8
,2021-44219,39.77107452,-104.8464169,11/21/2021 14:42,14:42,12,0,0,N PEORIA ST & E 39TH AVE,1,1,3,0,1,1,0,0,30,0,0,0,0,0,4,2,1
,2021-44220,39.73061353,-104.9918699,11/21/2021 10:44,10:44,15,0,0,1000 BLK N SPEER BLVD & W 11TH AVE,1,1,3,1,1,4,0,0,35,0,0,0,0,0,4,2,16
,2021-44226,39.71454353,-104.8944799,11/21/2021 9:21,9:21,1,0,0,FAIRMOUNT DR E & ALAMEDA AVE E,1,1,3,0,1,2,0,0,30,0,0,0,0,0,4,2,1
,2021-44235,39.75963353,-105.0151499,11/21/2021 11:45,11:45,15,0,0,2300 BLK W 30TH AVE & N ZUNI ST,1,1,3,0,1,4,0,0,30,0,0,0,0,0,4,2,13
,2021-44240,39.66796354,-104.9879799,11/20/2021 11:10,11:10,12,0,0,2600 BLK S BROADWAY ST & W YALE AVE,1,1,3,6,1,4,0,0,35,0,0,0,0,0,4,2,10
,2021-44242,39.74006353,-104.9916399,11/22/2021 14:25,14:25,12,0,0,COLFAX AVE W & CHEROKEE ST N,1,1,3,0,1,1,0,0,,0,0,0,0,0,2,2,16
,2021-44244,39.78013352,-104.9670799,11/19/2021 12:20,12:20,12,0,1,I-70 & BRIGHTON BLVD N,1,1,3,0,1,4,0,0,55,0,0,0,0,1,1,3,3
,2021-44251,39.74770279,-104.9835518,11/22/2021 12:50,12:50,6,0,1,GRANT ST N & 1600 BLK N,1,1,3,0,1,4,0,0,30,0,0,0,0,2,4,2,1
,2021-44256,39.68071354,-105.0532199,11/19/2021 13:05,13:05,12,0,0,SHERIDAN BLVD S & EVANS AVE W,1,1,3,0,1,3,0,0,35,0,0,0,0,0,2,2,13
,2021-44272,39.75828353,-104.9405899,11/22/2021 15:42,15:42,11,0,1,COLORADO BLVD N & 29TH AVE E,1,1,3,0,1,1,0,0,35,0,1,0,0,1,2,1,16
,2021-44284,39.71119354,-104.9983799,11/19/2021 16:04,16:04,3,0,0,W ALAMEDA AVE & S KALAMATH ST,1,1,3,0,1,1,0,0,30,0,0,0,0,0,4,2,8
,2021-44331,39.73685353,-104.9741299,10/23/2021 20:47,20:47,15,0,0,13TH AVE E & N CORONA ST,1,4,3,0,1,1,0,0,30,0,0,0,0,1,4,2,8
,2021-44352,39.70137354,-104.9874399,10/20/2021 11:52,11:52,12,0,0,S BROADWAY ST & I-25,1,1,0,0,1,3,0,0,30,0,0,0,0,0,4,2,16
,2021-44353,39.75132353,-105.0066099,11/16/2021 13:29,13:29,12,0,0,1800 BLK N SPEER BLVD & CHOPPER  CIR,1,1,1,0,1,4,0,0,35,0,0,0,0,0,4,2,8
,2021-44354,39.75471353,-104.9449899,8/11/2021 18:27,18:27,5,0,0,E 26TH AVE & 3601 BLK,1,1,0,0,2,4,0,0,30,0,0,0,0,0,4,1,14
,2021-44355,39.72566353,-104.9924799,11/16/2021 14:22,14:22,12,0,0,300 BLK W 6TH AVE & N DELAWARE ST,1,1,1,0,1,4,0,0,30,0,0,0,0,0,4,2,13
,2021-44356,39.66381063,-105.0308017,9/25/2021 21:45,21:45,6,0,0,3400 BLK W LOUSIANA AVE & S IRVING ST,1,3,0,0,1,4,0,0,25,0,0,0,0,0,4,2,1
,2021-44357,39.65347355,-105.0620299,11/5/2021 3:08,3:08,5,0,0,5900 BLK W HAMPDEN AVE - N FRTG & S IVAN CT,1,3,0,0,2,4,0,0,25,0,0,0,0,0,4,1,14
,2021-44358,39.76115353,-105.0047499,11/15/2021 19:05,19:05,15,0,0,I-25 & 20TH ST,1,3,0,0,1,4,0,0,65,0,0,0,0,0,1,2,1
,2021-44359,39.77747353,-105.0439699,11/2/2021 15:25,15:25,3,0,0,N TENNYSON ST & W 44TH AVE,1,1,1,0,1,2,0,0,30,0,0,0,0,0,4,2,16
,2021-44360,39.72725353,-104.9873839,11/14/2021 2:01,2:01,3,0,0,SPEER BLVD N & BROADWAY ST N,1,3,0,0,1,1,0,0,35,0,0,0,0,0,4,2,14
,2021-44361,39.76450353,-104.9720899,11/16/2021 13:13,13:13,3,0,1,BRUCE RANDOLPH AVE E & MARION ST N,1,1,0,0,1,1,0,0,35,0,0,0,0,1,4,3,13
,2021-44362,39.78743684,-105.0111979,11/14/2021 16:23,16:23,6,0,0,TEJON ST & 844 S,1,1,0,0,1,4,0,0,30,0,0,0,0,0,4,2,13
,2021-44363,39.73130353,-104.9975999,11/15/2021 12:57,12:57,15,0,0,INCA ST N & 19TH AVE W,1,1,1,0,1,4,0,0,25,0,0,0,0,0,4,2,13
,2021-44364,39.71109289,-105.0691329,11/16/2021 7:48,7:48,12,0,3,I-25 & ALAMEDA AVE W,1,1,1,0,1,4,0,0,65,0,0,0,0,1,1,3,14
,2021-44365,39.70940354,-105.0250799,11/16/2021 10:37,10:37,12,0,0,FEDERAL BLVD S & DAKOTA AVE W,1,1,0,0,1,4,0,0,40,0,0,0,0,0,2,3,3
,2021-44366,39.69567354,-104.9732999,10/31/2021 1:53,1:53,6,0,0,DOWNING ST & 1100 BLK S,1,3,0,0,3,4,0,0,30,0,0,0,0,0,4,2,2
,2021-44367,39.81894002,-105.0250553,11/13/2021 11:44,11:44,5,0,0,FEDERAL BLVD N & I-70,1,1,0,0,3,4,0,0,35,0,0,0,0,0,2,1,1
,2021-44368,39.74043353,-105.0141499,11/15/2021 17:55,17:55,12,0,0,I-25 & COLFAX AVE W,1,3,0,0,1,4,0,0,65,0,0,0,0,0,1,3,3
,2021-44369,39.74009468,-104.9035119,11/12/2021 16:26,16:26,15,0,0,I-70 & QUEBEC ST N,1,2,0,0,1,4,0,0,55,0,0,0,0,0,1,2,13
,2021-44370,39.74019553,-105.0001549,11/5/2021 15:30,15:30,3,0,2,COLFAX AVE W & KALAMATH ST N,1,1,1,0,1,1,0,0,30,0,0,0,0,1,2,2,16
,2021-44371,39.78749351,-104.8437499,11/15/2021 18:27,18:27,6,0,0,5000 BLK N SCRANTON ST & 51ST ST,1,3,0,0,1,4,0,0,25,0,0,0,0,0,4,3,2
,2021-44372,39.75618185,-105.0155256,11/15/2021 8:19,8:19,12,0,1,I-25 & SPEER BLVD N,1,1,0,0,1,4,0,0,,0,0,0,0,1,1,2,16
,2021-44373,39.75469333,-104.8741388,10/30/2021 13:33,13:33,2,0,1,E 26TH AVE & N EMPORIA ST,1,1,0,0,1,4,0,0,30,1,0,0,0,2,4,2,13
,2021-44374,39.74378352,-104.8940199,11/15/2021 9:12,9:12,8,0,0,E 17TH AVE & N ULSTER ST,1,1,0,0,1,1,0,0,30,0,0,0,0,1,4,2,13
,2021-44375,39.65420354,-104.9073899,10/26/2021 19:30,19:30,6,0,0,S OLENDER CT & E GIRARD AVE,1,1,0,0,1,4,0,0,25,0,0,0,0,0,4,2,5
,2021-44376,39.74855352,-104.8949999,11/14/2021 17:00,17:00,11,0,0,TAMARAC ST N & 21ST AVE E,1,1,0,0,1,1,0,0,25,0,1,0,0,0,4,1,5
,2021-44377,39.63281354,-104.9063999,11/15/2021 3:35,3:35,5,0,1,I-225 SB/WB OFF RAMP TO & I-25 SB,1,3,0,0,3,8,0,0,45,0,0,0,0,2,1,1,13
,2021-44378,39.67920354,-105.0464099,11/14/2021 21:12,21:12,6,0,1,EVANS AVE E & VRAIN ST S,1,3,0,0,1,4,0,0,30,0,0,0,0,1,4,2,1
,2021-44379,39.69849853,-104.9035984,11/14/2021 17:06,17:06,1,0,0,S QUEBEC ST & LEETSDALE DR,1,2,0,0,1,1,0,0,35,0,0,0,0,0,2,2,8
,2021-44380,39.75039352,-104.8963599,11/14/2021 17:01,17:01,5,0,0,22ND PL E & SPRUCE ST N,1,1,0,0,1,4,0,0,25,0,0,0,0,0,4,2,13
,2021-44381,39.71120354,-104.9991199,11/15/2021 10:04,10:04,3,0,0,ALAMEDA AVE W & I-25 SB OFF RAMP,1,1,0,0,1,1,0,0,35,0,0,0,0,0,2,2,13
,2021-44382,39.73293353,-105.0263599,10/30/2021 2:20,2:20,6,0,0,N GROVE  ST & W 10TH AVE,1,3,0,0,1,4,0,0,25,0,0,0,0,0,4,3,5
,2021-44383,39.74043353,-105.0141499,10/29/2021 20:28,20:28,3,0,0,W COLFAX AVE & I-25 SB OFF RAMP,1,3,0,0,1,1,0,0,45,0,0,0,1,0,2,2,16