id,drcog_id,latitude,longitude,crashtime,time,crashtype,numbkilled,numbinjurd,drcoglocat,rdconditin,lightngcon,roadcntgrd,weatherco,location,roaddescrp,schoolzone,constrzone,splimit,bikeinv,pedinv,sctrinv,motoinv,svrty,rdsystem,ttlvehcls,hcf
,2021-44384,39.72527841,-105.1417334,11/14/2021 3:05,3:05,5,0,1,I-25 & 6TH AVE W,1,3,0,0,2,4,0,0,65,0,0,0,0,2,1,1,16
,2021-44385,39.75536353,-105.0126899,10/30/2021 21:18,21:18,12,0,0,I-25 NB EXIT GORE & N SPEER BLVD,1,3,0,0,1,4,0,0,65,0,0,0,0,0,1,3,1
,2021-44386,39.72590354,-105.0252334,11/15/2021 10:31,10:31,12,0,1,HWY 6 WB OFF RAMP TO & FEDERAL BLVD N,1,1,1,0,1,8,0,0,55,0,0,0,0,2,2,3,1
,2021-44387,39.80228351,-104.76495,11/14/2021 2:00,2:00,6,0,0,5821 N CEYLON ST & 58TH AVE,1,4,0,0,1,4,0,0,25,0,0,0,0,0,4,2,16
,2021-44388,39.72551353,-105.0133499,11/12/2021 12:17,12:17,12,0,1,I-25 & 6TH AVE W,1,1,1,0,1,4,0,0,55,0,0,0,0,1,1,2,7
,2021-44389,39.75211352,-104.8958499,11/14/2021 17:04,17:04,8,0,2,N SPRUCE WAY & 24TH AVE,1,1,0,0,1,4,0,0,25,0,0,0,0,2,4,2,5
,2021-44390,39.8334235,-104.7718,11/14/2021 18:08,18:08,1,0,0,TOWER RD N & PENA BLVD,1,3,0,0,1,1,0,0,45,0,0,0,0,0,4,2,1
,2021-44391,39.76563353,-105.0046999,11/14/2021 11:45,11:45,11,0,1,35TH AVE W & NAVAJO ST N,1,1,0,0,1,1,0,0,0,1,0,0,0,3,4,1,16
,2021-44392,39.76928353,-105.0064499,10/2/2021 19:43,19:43,1,0,0,W 38TH AVE & N PECOS ST,1,1,0,0,1,1,0,0,25,0,0,0,0,0,4,2,13
,2021-44393,39.75618185,-105.0155256,11/15/2021 8:41,8:41,12,0,0,I-25 & SPEER BLVD N,1,1,0,0,1,4,0,0,55,0,0,0,0,0,1,3,14
,2021-44394,39.76020352,-104.8963699,11/11/2021 17:50,17:50,10,0,0,E MLK BLVD & N TRENTON ST,14,5,0,7,1,1,0,0,35,0,0,0,0,0,4,2,14
,2021-44395,39.89935675,-104.9402419,11/13/2021 7:43,7:43,12,0,3,I-70 & COLORADO BLVD N,1,1,0,0,1,4,0,0,55,0,0,0,0,2,1,4,7
,2021-44396,39.65307354,-104.9182499,10/21/2021 10:35,10:35,12,0,0,I-25 & E HAMPDEN AVE,1,1,0,0,1,4,0,0,65,0,0,0,0,0,1,3,14
,2021-44401,39.73813353,-104.9375799,11/23/2021 4:30,4:30,8,0,1,1395 N BELLAIRE ST & E 14TH AVE/N BELLAIRE ST,1,3,3,0,1,4,0,0,25,0,0,0,0,2,4,2,14
,2021-44402,39.69299354,-104.9792599,11/22/2021 18:00,18:00,12,0,0,S WASHINGTON ST & E LOUISIANA AVE,1,3,3,0,1,1,0,0,25,0,0,0,0,0,4,2,3
,2021-44405,39.70929353,-104.9803599,11/23/2021 18:48,18:48,3,0,0,S PEARL ST & E DAKOTA AVE,1,3,3,0,1,1,0,0,25,0,0,0,0,0,4,2,1
,2021-44406,39.74824153,-104.9864389,11/23/2021 17:26,17:26,3,0,0,20TH ST & WELTON ST,1,3,3,0,1,3,0,0,35,0,0,0,0,0,4,2,16
,2021-44407,39.71119354,-104.9991199,11/22/2021 15:55,15:55,12,0,0,I-25 & ALAMEDA AVE W,1,1,3,0,1,4,0,0,55,0,0,0,0,0,1,2,13
,2021-44408,39.75666353,-104.9756399,11/23/2021 5:51,5:51,8,0,0,29TH ST & WELTON ST,1,3,3,0,1,1,0,0,25,0,0,0,0,0,4,2,11
,2021-44409,39.78020353,-104.9891799,11/23/2021 16:33,16:33,12,0,0,I-70 WB OFF RAMP TO & I-25 NB,1,2,3,0,1,8,0,0,35,0,0,0,0,0,1,2,3
,2021-44410,39.71819353,-104.9732199,11/23/2021 12:46,12:46,10,0,0,E SPEER BLVD & N DOWNING ST,1,1,3,0,1,1,0,0,35,0,0,0,0,0,4,2,13
,2021-44411,39.72974353,-104.9912199,11/23/2021 16:18,16:18,10,0,0,N SPEER BLVD & N BANNOCK ST,1,2,3,0,1,1,0,0,30,0,0,0,0,1,4,2,8
,2021-44412,39.70932353,-104.9875899,11/22/2021 21:40,21:40,3,0,0,S BROADWAY ST & E DAKOTA AVE,1,3,3,0,1,1,0,0,25,0,0,0,0,0,4,2,16
,2021-44413,39.76007652,-104.8734331,11/22/2021 8:55,8:55,3,0,0,N QUEBEC ST & E MARTIN LUTHER KING BLVD,1,1,3,0,1,1,0,0,35,0,0,0,0,0,4,2,1
,2021-44414,39.67834354,-104.9933899,11/24/2021 14:33,14:33,1,0,0,SANTA FE DR S & EVANS AVE W,1,1,3,0,1,1,0,0,35,0,0,0,0,0,4,2,16
,2021-44415,39.79841773,-104.8803044,11/24/2021 17:14,17:14,15,0,0,9100 E 56TH AVE & N DALLAS ST,1,3,3,0,1,4,0,0,45,0,0,0,0,0,4,2,13
,2021-44416,39.65306354,-104.8861099,11/23/2021 8:27,8:27,12,0,1,HAMPDEN AVE E & YOSEMITE ST S,1,1,3,0,1,4,0,0,40,0,0,0,0,1,2,2,14
,2021-44417,39.75293353,-104.9925899,11/23/2021 16:31,16:31,15,0,0,20TH ST & LARIMER ST,1,2,3,0,1,4,0,0,,0,0,0,0,0,4,2,16
,2021-44419,39.67845353,-104.9104999,11/23/2021 9:43,9:43,12,0,0,6800 BLK E EVANS AVE & S ONEIDA ST,1,1,3,0,1,3,0,0,35,0,0,0,0,0,4,2,11
,2021-44420,39.78313353,-105.0064199,11/23/2021 17:36,17:36,12,0,0,I-70 & PECOS ST N,1,3,3,0,1,4,0,0,55,0,0,0,0,0,1,2,13
,2021-44421,39.73841353,-104.9775999,11/22/2021 8:06,8:06,3,0,0,E 14TH AVE & N CLARKSON ST,1,1,3,0,1,1,0,0,30,0,0,0,0,0,4,2,11
,2021-44423,39.75375353,-104.9350199,11/22/2021 14:40,14:40,15,0,0,2500 BLK N CLERMONT ST & E 25TH AVE,1,1,3,0,1,4,0,0,25,0,0,0,0,0,4,2,11
,2021-44425,39.73688353,-104.9822899,11/24/2021 9:40,9:40,10,0,0,N LOGAN ST & E 13TH AVE,1,1,3,0,1,1,0,0,30,0,0,0,0,0,4,2,8
,2021-44428,39.70170354,-104.9870899,11/23/2021 18:09,18:09,12,0,1,BROADWAY ST S & KENTUCKY AVE E,1,3,3,0,1,4,0,0,35,0,0,0,0,1,4,2,8
,2021-44430,39.73514353,-104.9804599,11/24/2021 13:40,13:40,3,0,0,500 BLK E 12TH AVE & N PEARL ST,1,1,3,0,1,9,0,0,35,0,0,0,0,0,4,2,11
,2021-44431,39.65307354,-104.9184399,11/23/2021 14:00,14:00,12,0,0,HAMPDEN AVE E & I-25 SB RAMPS,1,1,3,0,1,1,0,0,35,0,0,0,1,0,2,2,3
,2021-44435,39.78348351,-104.77919,11/24/2021 11:00,11:00,1,0,0,18000 E GVR BLVD & TOWER RD,1,1,3,0,1,2,0,0,35,0,0,0,0,0,4,2,13
,2021-44436,39.69478354,-104.9901499,11/23/2021 19:20,19:20,15,0,0,BANNOCK ST S & ARIZONA AVE W,1,3,3,0,1,1,0,0,,0,0,0,0,0,4,2,16
,2021-44439,39.78622083,-104.9002277,11/23/2021 17:15,17:15,12,0,1,I-70 & QUEBEC ST N,1,2,3,0,1,4,0,1,55,0,0,0,0,1,1,3,8
,2021-44440,39.71155353,-104.9406899,11/23/2021 15:00,15:00,15,0,0,COLORADO BLVD S & ALAMEDA AVE E,1,1,3,0,1,1,0,0,35,0,0,0,0,0,2,2,3
,2021-44445,39.70755354,-104.9876199,11/23/2021 10:49,10:49,12,0,0,BROADWAY ST S & 400 BLK S,1,1,3,0,1,3,0,0,,0,0,0,0,0,4,2,16
,2021-44446,39.71129353,-104.9128499,11/23/2021 15:45,15:45,1,0,0,E ALAMEDA AVE & S MONACO ST,1,1,3,0,1,1,0,0,30,0,0,0,0,0,4,2,3
,2021-44447,39.72383353,-104.8841944,11/23/2021 9:10,9:10,15,0,0,E LOWRY BLVD & N YOSEMITE ST,1,1,3,0,1,6,0,0,25,0,0,0,0,0,4,2,1
,2021-44449,39.67840354,-104.9407399,11/22/2021 18:50,18:50,15,0,0,E EVANS AVE & S COLORADO BLVD,1,4,3,0,1,1,0,0,30,0,0,0,0,0,4,2,3
,2021-44450,39.63128354,-104.89233,11/23/2021 17:00,17:00,1,0,0,S DTC BLVD & E UNION AVE,1,3,3,0,1,1,0,0,25,0,0,0,0,0,4,2,1
,2021-44451,39.67845353,-104.9209699,11/22/2021 15:30,15:30,12,0,0,E EVANS AVE & S IVANHOE ST,1,1,3,0,1,1,0,0,30,0,0,0,0,0,4,3,3
,2021-44452,39.79254351,-104.77207,11/23/2021 13:14,13:14,12,0,0,5500 BLK N TOWER RD & E 56TH AVE,1,1,3,0,1,4,0,0,35,0,0,0,0,0,4,3,3
,2021-44453,39.61832356,-105.0912299,11/23/2021 12:00,12:00,12,0,0,5400 BLK S WADSWORTH BLVD & W CROSS AVE,1,1,3,0,1,4,0,0,45,0,0,0,0,0,4,3,3
,2021-44454,39.8039519,-104.7720422,11/22/2021 13:20,13:20,15,0,0,GVR BLVD E & TOWER RD N,1,1,3,0,1,1,0,0,35,0,0,0,0,0,4,2,11
,2021-44460,39.78372351,-104.76489,11/24/2021 17:44,17:44,11,0,1,GVR BLVD E & ARGONNE ST N,11,3,3,0,1,1,0,0,35,0,1,0,0,2,4,1,11
,2021-44461,39.72541754,-105.0252199,11/23/2021 23:04,23:04,12,0,1,FEDERAL BLVD N & HWY 6 WB RAMPS,1,3,3,0,1,3,0,0,35,0,0,0,0,1,2,2,14
,2021-44466,39.70039754,-105.0250714,11/22/2021 22:44,22:44,1,0,0,FEDERAL BLVD S & KENTUCKY AVE W,1,3,3,0,1,1,0,0,40,0,0,0,0,0,2,2,11
,2021-44468,39.74695353,-104.9733299,11/21/2021 20:56,20:56,16,0,0,20TH AVE E & DOWNING ST N,14,5,3,7,6,14,0,0,,0,0,0,0,0,4,4,16
,2021-44469,39.79034351,-104.80974,11/23/2021 16:13,16:13,15,0,0,5300 N CHAMBERS RD & E 53RD AVE,1,3,3,0,1,1,0,0,40,0,0,0,0,0,4,2,10
,2021-44470,39.69655353,-104.8659499,11/22/2021 14:00,14:00,15,0,0,HAVANA ST S & MISSISSIPPI AVE E,1,1,3,0,1,1,0,0,,0,0,0,0,0,2,2,16
,2021-44471,39.72542344,-105.0527106,11/24/2021 16:43,16:43,12,0,0,HWY 6 EB ON RAMP & SHERIDAN BLVD S,11,4,3,1,1,8,0,0,35,0,0,0,0,0,2,2,10
,2021-44474,39.77876351,-104.8303499,11/25/2021 1:40,1:40,6,0,0,N CRYSTAL ST & N CORNISH WAY,1,3,3,0,1,4,0,0,25,0,0,0,0,0,4,3,2
,2021-44475,39.72546693,-105.0117526,11/25/2021 13:40,13:40,12,0,1,I-25 NB OFF RAMP TO & 6TH AVE W,1,1,3,0,1,8,0,0,45,0,0,0,0,2,1,3,8
,2021-44482,39.69661354,-104.9850599,11/23/2021 6:29,6:29,3,0,1,SHERMAN ST S & MISSISSIPPI AVE E,1,3,3,0,1,1,0,0,,0,0,0,0,1,4,2,16
,2021-44483,39.72371353,-104.9749099,11/25/2021 1:13,1:13,6,0,1,OGDEN ST N & 468 N OGDEN ST,1,4,3,0,1,4,0,0,25,0,0,0,0,2,4,2,14
,2021-44484,39.79253351,-104.77206,11/23/2021 14:42,14:42,3,0,1,N TOWER RD & E ELMENDORF DR,1,1,3,0,1,1,0,0,45,0,0,0,0,2,4,2,11
,2021-44487,39.74019553,-105.0001549,11/25/2021 19:06,19:06,3,0,0,COLFAX AVE W & KALAMATH ST N,1,3,3,0,1,1,0,0,35,0,0,0,0,0,2,2,4
,2021-44493,39.77074351,-104.75341,11/25/2021 15:11,15:11,3,0,0,HIMALAYA RD N & 40TH AVE E,1,1,3,0,1,1,0,0,25,0,0,0,0,0,4,2,14
,2021-44494,39.73568353,-105.0251799,11/24/2021 18:25,18:25,12,0,0,FEDERAL BLVD N & HOLDEN PL W,11,3,3,2,1,4,0,0,35,0,0,0,0,0,2,2,7
,2021-44498,39.78003353,-104.9891799,11/24/2021 0:01,0:01,12,0,1,I-25 & I-70,1,3,3,0,1,4,0,0,55,0,0,0,0,3,1,2,14
,2021-44501,39.79847352,-104.8754499,11/24/2021 9:35,9:35,12,0,0,10200 BLK E 56TH AVE & N GALENA ST,1,1,3,0,1,1,0,0,40,0,0,0,0,0,4,2,13
,2021-44503,39.75604353,-105.0152499,11/23/2021 20:05,20:05,15,0,0,2600 BLK N SPEER BLVD & N ZUNI ST,1,3,3,0,1,4,0,0,35,0,0,0,0,0,4,2,7
,2021-44504,39.67855354,-104.9840699,11/23/2021 18:45,18:45,1,0,0,E EVANS AVE & S GRANT ST,1,3,3,0,1,1,0,0,30,0,0,0,0,0,4,2,3
,2021-44506,39.76738452,-104.9025184,11/23/2021 21:44,21:44,1,0,0,36TH AVE E & QUEBEC ST N,1,3,3,0,1,1,0,0,35,0,0,0,0,0,4,2,10
,2021-44511,39.67845353,-104.9251899,11/24/2021 14:00,14:00,12,0,0,E EVANS AVE & S GRAPE ST,1,1,3,0,1,1,0,0,30,0,0,0,0,0,4,2,3
,2021-44516,39.72908353,-104.9694499,11/25/2021 13:51,13:51,10,0,0,8TH AVE E & HUMBOLDT ST N,1,1,3,7,1,1,0,0,30,0,0,0,0,0,4,2,14
,2021-44525,39.72568754,-105.0394669,11/26/2021 18:00,18:00,15,0,0,6TH AVE W & PERRY ST N,1,3,3,0,1,4,0,0,55,0,0,0,0,0,2,2,16
,2021-44526,39.70729353,-104.9222499,11/26/2021 14:31,14:31,1,0,0,LEETSDALE DR & HOLLY ST S,1,1,3,0,1,1,0,0,35,0,0,0,0,0,2,2,11
,2021-44528,39.75000353,-104.9911899,11/26/2021 8:43,8:43,10,0,0,19TH ST & CURTIS ST,1,1,3,0,1,1,0,0,,0,0,0,0,0,4,2,16
,2021-44529,39.67915354,-105.0474599,11/26/2021 12:00,12:00,6,0,0,4700 BLK W EVANS AVE & S WINONA CT,1,1,3,1,1,4,0,0,30,0,0,0,0,0,4,2,16
,2021-44530,39.71835353,-104.9883499,11/24/2021 11:05,11:05,16,0,0,1ST AVE W & 49 W 1ST AVE,14,5,3,7,5,7,0,0,,0,0,0,0,0,3,2,16
,2021-44531,39.74374352,-104.9034499,11/26/2021 14:05,14:05,12,0,0,1600 BLK N QUEBEC ST & E 16TH AVE,1,1,3,0,1,4,0,0,30,0,0,0,0,0,4,3,3
,2021-44532,39.66772354,-105.0260299,11/26/2021 4:25,4:25,12,0,0,3000 BLK W YALE AVE & S FEDERAL BLVD,1,3,3,1,1,4,0,0,30,0,0,0,0,0,4,2,16
,2021-44533,39.73041353,-104.9787499,11/25/2021 22:27,22:27,5,0,0,E 9TH AVE & N WASHINGTON ST,1,3,3,0,2,1,0,0,,0,0,0,0,0,4,1,16
,2021-44534,39.77400352,-104.8470299,11/26/2021 9:55,9:55,3,0,0,PEORIA ST N & I-70 EB OFF RAMP TO,1,1,3,0,1,1,0,0,35,0,0,0,0,0,4,2,11
,2021-44535,39.70854354,-105.0298099,11/26/2021 10:44,10:44,3,0,0,W ALASKA PL & S IRVING ST,1,1,3,0,1,1,0,0,30,0,0,0,0,0,4,2,11
,2021-44537,39.64320354,-104.88506,11/26/2021 10:02,10:02,3,0,0,NASSAU AVE E & YOSEMITE ST S,1,1,3,0,1,1,0,0,35,0,0,0,0,0,4,2,13
,2021-44538,39.69565353,-104.9034999,11/26/2021 12:30,12:30,3,0,0,S QUEBEC ST & E MISSISSIPPI AVE,1,1,3,0,1,1,0,0,35,0,0,0,0,0,4,2,13
,2021-44539,39.74043353,-105.0141499,11/24/2021 13:34,13:34,12,0,0,I-25 & COLFAX AVE W,1,1,3,0,1,4,0,0,55,0,0,0,0,0,1,3,16
,2021-44541,39.77100353,-104.9766999,11/25/2021 9:00,9:00,12,0,0,3609 WYNKOOP ST & E 38TH AVE,1,1,3,0,1,4,0,0,25,0,0,0,0,0,4,2,16
,2021-44542,39.68396354,-104.9887699,11/24/2021 16:30,16:30,6,0,0,S ACOMA ST & W COLORADO AVE,1,3,3,0,1,1,0,0,,0,0,0,0,0,4,2,16
,2021-44543,39.70530413,-104.9108124,11/25/2021 23:05,23:05,3,0,0,LINCOLN ST S & CENTER AVE E,1,3,3,0,1,1,0,0,35,0,0,0,0,0,4,4,11
,2021-44544,39.69852353,-104.9035399,11/26/2021 13:54,13:54,3,0,0,PARKER RD S & QUEBEC ST S,1,1,3,0,1,2,0,0,40,0,0,0,0,0,2,2,13
,2021-44545,39.74377352,-104.9034499,11/25/2021 17:22,17:22,10,0,0,17TH AVE E & QUEBEC ST N,1,2,3,0,1,9,0,0,30,0,0,0,0,0,4,2,14
,2021-44546,39.71110353,-104.9721699,11/26/2021 1:10,1:10,6,0,0,300 BLK S MARION ST & S MARION ST / E ALAMEDA AVE,1,3,3,0,1,4,0,0,25,0,0,0,0,0,4,2,14
,2021-44548,39.86591727,-104.7150257,11/25/2021 19:11,19:11,15,0,0,75TH AVE E & GUN CLUB RD N,1,3,3,0,1,1,0,0,45,0,0,0,0,0,4,2,8
,2021-44558,39.68947354,-104.9966499,11/24/2021 14:54,14:54,10,0,0,1300 BLK S PLATTE RIVER DR & W FLORIDA AVE,1,1,3,0,1,3,0,0,45,0,0,0,0,0,4,2,8
,2021-44566,39.68568354,-104.9500399,11/24/2021 16:00,16:00,3,0,0,E MEXICO AVE & S STEELE ST,1,1,3,0,1,1,0,0,25,0,0,0,0,0,4,2,3
,2021-44567,39.75700353,-104.9873499,11/24/2021 12:29,12:29,12,0,0,N BROADWAY ST & LARIMER ST,1,1,3,0,1,3,0,0,35,0,0,0,0,0,4,2,3
,2021-44568,39.76539352,-104.9025999,11/23/2021 17:22,17:22,15,0,0,N QUEBEC ST & E 35TH AVE,1,3,3,0,1,4,0,0,35,0,0,0,0,0,4,2,16
,2021-44573,39.77726352,-104.8827699,11/27/2021 9:42,9:42,3,0,0,CENTRAL PARK BLVD N & I-70 WB OFF RAMP,1,1,3,0,1,1,0,0,45,0,0,0,0,0,4,2,13
,2021-44574,39.70394354,-105.0250699,11/26/2021 5:34,5:34,12,0,0,FEDERAL BLVD S & EXPOSITION AVE W,1,3,3,0,1,1,0,0,35,0,0,0,0,0,2,2,7
,2021-44575,39.79837473,-104.7889303,11/26/2021 18:58,18:58,12,0,0,N QUEBEC ST & E 56TH AVE,1,3,3,0,1,3,0,0,40,0,0,0,0,1,4,2,11
,2021-44582,39.80365451,-104.8692721,11/26/2021 18:40,18:40,3,0,2,TOWER RD N & 59TH AVE E,1,3,3,0,1,1,0,0,45,0,0,0,0,1,4,2,11
,2021-44586,39.78104351,-104.80175,11/26/2021 6:10,6:10,6,0,0,15900 BLK E ELK PL & N KITTREDGE ST,1,4,3,0,1,4,0,0,25,0,0,0,0,0,4,2,16
,2021-44587,39.71614353,-104.9921599,11/27/2021 16:30,16:30,6,0,0,CHEROKEE ST S & ARCHER PL W,1,2,3,0,2,5,0,0,25,0,0,0,0,0,4,2,16
,2021-44588,39.76446352,-104.9474799,11/25/2021 23:07,23:07,6,0,1,BRUCE RANDOLPH AVE E & MADISON ST N,1,3,3,0,1,4,0,0,25,0,0,0,0,2,4,3,1
,2021-44589,39.73846353,-105.0052199,11/22/2021 14:28,14:28,3,0,0,W 14TH AVE & N OSAGE ST,1,1,3,0,1,1,0,0,30,0,0,0,0,0,4,3,13
,2021-44590,39.74151353,-105.0369799,11/27/2021 8:55,8:55,3,0,0,W CONEJOS PL & N NEWTON ST,1,1,3,0,1,1,0,0,20,0,0,0,0,0,4,2,13
,2021-44591,39.69316354,-105.0531799,11/25/2021 14:36,14:36,1,0,0,SHERIDAN BLVD S & LOUISIANA AVE E,1,1,3,0,1,1,0,0,35,0,0,0,0,0,2,2,7
,2021-44592,39.77393271,-104.8657399,11/27/2021 17:15,17:15,12,0,0,I-70 & HAVANA ST N,1,3,3,0,1,4,0,0,55,0,0,0,0,0,2,3,16
,2021-44593,39.72562453,-104.9220116,11/26/2021 18:24,18:24,12,0,0,I-25 & 6TH AVE E,1,3,3,0,1,4,0,0,,0,0,0,0,0,1,3,16
,2021-44607,39.71300353,-104.9899799,10/28/2021 12:10,12:10,3,0,0,CEDAR AVE W & BANNOCK ST S,1,1,3,0,1,1,0,0,25,0,0,0,0,0,4,2,11
,2021-44610,39.78026351,-104.80836,8/22/2021 7:59,7:59,5,0,0,E BOLLING DR & HELENA ST,1,1,3,0,3,4,0,0,25,0,0,0,0,0,4,1,1
,2021-44645,39.78003353,-104.9891799,10/12/2021 6:49,6:49,12,0,1,I-70 & I-25 INTERCHANGE,1,1,3,0,1,4,0,0,45,0,0,0,0,1,1,3,13
,2021-44647,39.79829052,-104.8844689,11/25/2021 18:02,18:02,1,0,0,E 56TH AVE & N CENTRAL PARK BLVD,1,3,3,0,1,3,0,0,40,0,0,0,0,0,4,2,11
,2021-44652,39.72082437,-104.9087689,10/12/2021 10:30,10:30,5,0,0,N ONEIDA ST & E 26TH AVE,1,3,3,0,3,2,0,0,30,0,0,0,0,0,4,1,10
,2021-44656,39.65304354,-104.9266599,10/14/2021 15:02,15:02,12,0,0,HAMPDEN AVE & 5200 BLK E,11,1,3,1,1,4,0,0,40,0,0,0,0,0,2,3,14
,2021-44662,39.76549623,-104.9850962,10/5/2021 17:34,17:34,5,1,0,BRIGHTON BLVD (3000 BLK N) & 29TH ST,1,1,3,0,2,4,0,0,30,0,0,0,1,4,4,1,1
,2021-44665,39.66032353,-104.8903299,10/11/2021 18:00,18:00,6,0,0,8600 BLK E DARTMOUTH AVE & S QUEBEC ST,1,1,3,0,1,4,0,0,25,0,0,0,0,0,4,3,3
,2021-44666,39.73846353,-105.0028099,10/12/2021 11:22,11:22,3,0,0,W 14TH AVE & N MARIPOSA ST,1,1,3,0,1,1,0,0,25,0,0,0,0,0,4,3,1
,2021-44669,39.73800353,-105.0251799,9/23/2021 6:35,6:35,11,0,1,W HOWARD PL & N FEDERAL BLVD,1,1,3,0,1,1,0,0,0,0,1,0,0,3,2,1,16
,2021-44679,39.67842354,-104.9593799,10/13/2021 16:02,16:02,12,0,0,S UNIVERSITY BLVD & E EVANS AVE,1,1,3,0,1,3,0,0,30,0,0,0,0,0,4,3,4
,2021-44680,39.77209353,-104.9765299,10/13/2021 15:59,15:59,15,0,0,3700 BLK N BRIGHTON BLVD & 38TH ST,1,1,3,0,1,4,0,0,30,0,0,0,0,0,4,2,8
,2021-44682,39.74330953,-104.9873839,10/11/2021 11:50,11:50,10,0,0,N BROADWAY ST & E 17TH AVE,1,1,3,0,1,1,0,0,30,0,0,0,0,0,4,2,13
,2021-44683,39.77803352,-104.8482299,10/12/2021 12:25,12:25,8,0,0,12000 BLK E 45TH AVE & N PEORIA ST,1,1,3,0,1,1,0,0,25,0,0,0,0,0,4,2,11
,2021-44684,39.72331353,-105.0001799,10/13/2021 14:59,14:59,15,0,0,N KALAMATH ST & W 4TH AVE,1,1,3,0,1,4,0,0,,0,0,0,0,0,4,2,16
,2021-44685,39.79575262,-104.8874878,10/11/2021 10:50,10:50,3,0,2,E 54TH PL & N WABASH ST,1,1,3,0,1,1,0,0,25,0,0,0,0,2,4,2,8
,2021-44686,39.73998353,-104.9603899,10/13/2021 17:30,17:30,6,0,0,E COLFAX AVE & N GAYLORD ST,1,1,3,0,1,4,0,0,35,0,0,0,0,0,2,2,11
,2021-44687,39.77461151,-104.8079375,10/11/2021 14:00,14:00,3,0,0,E ANDREWS DR & E ANDREWS DR,1,1,3,0,1,2,0,0,25,0,0,0,0,0,4,2,10
,2021-44688,39.69570354,-104.9874299,11/24/2021 1:00,1:00,2,0,1,BROADWAY ST S & ARIZONA AVE W,1,3,3,0,1,2,0,0,,1,0,0,0,1,4,1,16
,2021-44689,39.73286353,-104.9597899,10/11/2021 13:50,13:50,15,0,0,1000 BLK N YORK ST & E 9TH AVE,1,1,3,0,1,4,0,0,25,0,0,0,0,0,4,2,13
,2021-44690,39.74006353,-104.9916399,10/14/2021 9:14,9:14,6,0,0,N CHEROKEE ST & W COLFAX AVE,1,1,3,0,1,4,0,0,25,0,0,0,0,0,4,2,16
,2021-44691,39.72560353,-104.9775499,10/11/2021 14:45,14:45,3,0,0,E 6TH AVE & N CLARKSON ST,1,1,3,0,1,1,0,0,35,0,0,0,0,1,4,2,3
,2021-44692,39.82007951,-104.7732087,10/11/2021 11:40,11:40,1,0,1,E 68TH AVE & N TOWER RD,1,1,3,0,1,1,0,0,40,0,0,0,0,2,4,2,7
,2021-44693,39.74166353,-104.9775499,10/11/2021 16:00,16:00,3,0,0,E 16TH AVE & N CLARKSON ST,1,1,3,0,1,1,0,0,25,0,0,0,0,0,4,4,3
,2021-44694,39.72252353,-104.9985699,10/13/2021 17:00,17:00,3,0,0,W 4TH AVE & N SANTA FE DR,1,1,3,0,1,1,0,0,25,0,0,0,0,0,4,2,3
,2021-44695,39.70532353,-104.9175399,10/13/2021 16:13,16:13,3,0,0,LEETSDALE DR & E EXPOSITION AVE,1,1,3,0,1,2,0,0,35,0,0,0,0,0,2,2,3
,2021-44696,39.77871352,-104.9222799,10/13/2021 17:50,17:50,10,0,0,N HOLLY ST & E STAPLETON N DR,1,2,3,0,1,1,0,0,30,0,0,0,0,0,4,2,8
,2021-44697,39.72553353,-105.0131199,10/14/2021 6:46,6:46,12,0,0,I-25 NB OFF RAMP & W 6TH AVE NB EXIT GORE PT TO EB/WB,1,1,3,0,1,8,0,0,45,0,0,0,0,0,1,2,13
,2021-44699,39.66761353,-104.8961299,10/13/2021 19:00,19:00,12,0,0,E YALE AVE & S ULSTER ST,1,1,3,5,1,1,0,0,30,0,0,0,0,0,4,2,14
,2021-44701,39.78553352,-104.9782899,10/11/2021 11:57,11:57,12,0,0,N WASHINGTON ST & E 49TH AVE,1,1,3,0,1,4,0,0,,0,0,0,0,0,4,2,16
,2021-44702,39.85149548,-105.0001884,11/26/2021 21:36,21:36,1,0,2,KALAMATH ST N & COLFAX AVE W,1,3,3,0,1,1,0,0,30,0,0,0,0,2,2,2,7
,2021-44703,39.6282646,-104.8981009,10/14/2021 7:49,7:49,3,0,0,S DTC BLVD & E UNION AVE,1,1,3,0,1,1,0,0,30,0,0,0,0,0,4,2,13
,2021-44704,39.78928351,-104.8446599,10/11/2021 5:23,5:23,3,0,0,N QUENTIN ST & E 51ST AVE,1,4,3,0,1,1,0,0,25,0,0,0,0,0,4,6,1
,2021-44705,39.73658353,-105.0369199,10/13/2021 5:35,5:35,6,0,0,3700 BLK W 13TH AVE & N MEADE ST,1,4,3,0,1,3,0,0,25,0,0,0,0,0,4,2,14
,2021-44707,39.74059353,-104.9891199,10/12/2021 12:25,12:25,15,0,1,COLFAX AVE & N BROADWAY ST,1,1,3,0,1,4,0,0,30,0,0,0,0,1,2,3,1
,2021-44709,39.75073353,-104.9745499,10/12/2021 13:47,13:47,3,0,0,N OGDEN ST & E 23RD AVE,1,1,3,0,1,1,0,0,25,0,0,0,0,1,4,2,1