id,drcog_id,latitude,longitude,crashtime,time,crashtype,numbkilled,numbinjurd,drcoglocat,rdconditin,lightngcon,roadcntgrd,weatherco,location,roaddescrp,schoolzone,constrzone,splimit,bikeinv,pedinv,sctrinv,motoinv,svrty,rdsystem,ttlvehcls,hcf
,2021-44710,39.74014352,-104.8999799,10/14/2021 7:57,7:57,12,0,0,E COLFAX AVE & N ROSEMARY ST,1,1,3,0,1,3,0,0,35,0,0,0,0,0,2,2,13
,2021-44711,39.71223211,-105.0638753,10/12/2021 7:37,7:37,6,0,0,W BYERS PL & S TEJON ST,1,1,3,1,1,4,0,0,,0,0,0,0,0,4,2,16
,2021-44712,39.71298354,-104.9875299,10/13/2021 12:50,12:50,12,0,0,S BROADWAY ST & E CEDAR AVE,1,1,3,0,1,1,0,0,35,0,0,0,0,0,4,2,3
,2021-44713,39.74014352,-104.8928499,10/12/2021 16:19,16:19,12,0,1,E COLFAX AVE & N UINTA ST,1,1,3,0,1,3,0,0,30,0,0,0,0,2,2,3,3
,2021-44714,39.65308454,-104.8848559,10/13/2021 16:00,16:00,12,0,0,S YOSEMITE ST & E HAMPDEN AVE,1,1,3,0,1,1,0,0,30,0,0,0,0,0,4,2,3
,2021-44715,39.64879544,-104.9262328,10/14/2021 8:55,8:55,6,0,1,S FOREST WAY & HAPPY CANYON RD,1,1,3,0,1,4,0,0,25,0,0,0,0,2,4,2,16
,2021-44716,39.71117353,-104.9923899,10/13/2021 6:05,6:05,3,0,0,W ALAMEDA AVE & S CHEROKEE ST,1,3,3,0,1,1,0,0,30,0,0,0,0,0,4,2,11
,2021-44719,39.71464353,-104.9413299,10/13/2021 15:00,15:00,12,0,0,S HARRISON ST & E BAYAUD AVE,1,1,3,0,1,1,0,0,25,0,0,0,0,0,4,2,3
,2021-44720,39.74981352,-104.9104999,11/18/2021 13:59,13:59,3,0,0,E 22ND AVE & N NIAGARA ST `,1,1,0,0,1,1,0,0,25,0,0,0,0,0,4,2,7
,2021-44721,39.75829352,-104.9394099,11/18/2021 14:16,14:16,14,0,0,E 29TH AVE & N ALBION ST,1,1,0,0,1,4,0,0,25,0,0,0,0,0,4,2,1
,2021-44722,39.72174353,-104.9405999,10/16/2021 11:38,11:38,15,0,0,N COLORADO BLVD & E 4TH AVE (RD W),1,1,0,0,1,4,0,0,35,0,0,0,0,0,2,3,1
,2021-44723,39.75759353,-105.0346099,11/18/2021 0:01,0:01,6,0,0,2700 BLK N LOWELL BLVD & W 29TH AVE,1,3,0,0,1,4,0,0,,0,0,0,0,0,4,2,16
,2021-44724,39.77541351,-104.73753,10/8/2021 8:12,8:12,6,0,2,4200 BLOCK N ORLEANS CT & E 42ND AVE,1,1,0,0,1,4,0,0,25,0,0,0,0,2,4,2,14
,2021-44725,39.84047462,-104.9817604,11/17/2021 20:16,20:16,3,0,0,COLFAX AVE E & GRANT ST,1,3,0,0,1,1,0,0,30,0,0,0,0,0,2,2,3
,2021-44726,39.75512353,-105.0127099,11/18/2021 6:53,6:53,12,0,0,I-25 & SPEER BLVD N,1,1,0,0,1,4,0,0,65,0,0,0,0,0,1,2,7
,2021-44727,39.74893353,-104.9994799,11/17/2021 20:35,20:35,11,0,1,15TH ST & MARKET ST,1,3,0,0,1,1,0,0,25,0,1,0,0,1,4,1,13
,2021-44728,39.77287352,-104.9429199,11/18/2021 6:24,6:24,6,0,0,N JACKSON ST & 40TH AVE,1,1,0,0,1,4,0,0,25,0,0,0,0,0,4,2,16
,2021-44729,39.65307354,-104.9184399,11/18/2021 8:54,8:54,15,0,0,I-25 & HAMPDEN AVE E,1,1,0,0,1,4,0,0,65,0,0,0,0,0,1,2,13
,2021-44730,39.67844354,-104.9337699,10/1/2021 6:53,6:53,1,0,0,E EVANS AVE & I-25,1,1,1,0,1,1,0,0,40,0,0,0,0,0,4,2,13
,2021-44731,39.76948353,-105.0330599,11/18/2021 5:08,5:08,3,0,0,38TH AVE W & KING ST N,1,3,0,0,1,1,0,0,30,0,0,0,0,0,4,2,7
,2021-44732,39.70885353,-104.8701099,11/17/2021 22:13,22:13,3,0,1,S GALENA WAY & S DAKOTA AVE,1,4,0,0,1,1,0,0,35,0,0,0,0,3,4,2,7
,2021-44733,39.74695453,-104.9733394,11/18/2021 17:31,17:31,3,0,0,DOWNING ST N & 26TH AVE E,1,3,0,0,1,1,0,0,35,0,0,0,0,0,4,2,16
,2021-44734,39.65306654,-104.926777,11/17/2021 19:54,19:54,12,0,1,I-25 & HAMPDEN AVE E,1,3,0,0,1,4,0,0,60,0,0,0,0,1,1,2,14
,2021-44735,39.67483354,-104.9599499,11/18/2021 19:57,19:57,12,0,1,2300 BLK E ILIFF AVE & S UNIVERSITY BLVD  (NOT CDOT),1,3,0,0,1,3,0,0,25,0,0,0,0,2,4,2,13
,2021-44736,39.76538652,-104.9026039,11/16/2021 18:10,18:10,15,0,0,N QUEBEC ST & 35TH AVE,1,3,0,0,1,4,0,0,35,0,0,0,0,1,4,2,1
,2021-44737,39.7692749,-105.008046,9/19/2021 11:37,11:37,2,0,1,W 38TH AVE & N QUIVAS ST,1,1,0,0,1,1,0,0,0,1,0,0,0,2,4,2,16
,2021-44738,39.78020353,-105.0439399,11/18/2021 15:04,15:04,3,0,1,N TENNYSON ST & W 46TH AVE,1,1,0,0,1,1,0,0,25,0,0,0,0,3,4,2,1
,2021-44739,39.76855353,-104.9741599,11/18/2021 17:31,17:31,3,0,0,36TH ST & WALNUT ST,1,3,0,0,1,1,0,0,25,0,0,0,0,1,4,3,16
,2021-44740,39.82518502,-104.9816053,11/18/2021 11:14,11:14,12,0,0,I-25 NB & 6TH AVE W,1,1,1,0,1,4,0,0,55,0,0,0,0,0,1,2,13
,2021-44741,39.63648354,-104.8934699,11/18/2021 16:39,16:39,5,0,1,I-225 SB/WB OFF RAMP & TAMARAC ST S,1,2,0,0,3,8,0,0,30,0,0,0,1,2,4,1,1
,2021-44742,39.82022351,-104.78625,11/18/2021 12:02,12:02,12,0,0,6700 PENA BLVD INBOUND & N TOWER RD,1,1,0,0,1,4,0,0,65,0,0,0,0,0,4,2,16
,2021-44743,39.65215355,-105.0531999,11/18/2021 15:17,15:17,12,0,0,SHERIDAN BLVD S & 3500 BLK S,1,1,0,0,1,3,0,0,40,0,0,0,0,0,2,2,14
,2021-44744,39.70642354,-104.9967799,11/18/2021 11:46,11:46,15,0,0,I-25 SB ON RAMP SPLIT FROM & HWY 85 NB OFF RAMP LOOP,1,1,0,0,1,8,0,0,25,0,0,0,0,0,4,2,13
,2021-44745,39.74744052,-104.8917252,11/18/2021 17:20,17:20,3,0,0,MONTVIEW BLVD E & AKRON ST N,1,3,0,0,1,1,0,0,25,0,0,0,0,0,4,2,8
,2021-44746,39.77967353,-104.9791499,11/18/2021 11:11,11:11,12,0,0,I-70 WB OFF RAMP TO & WASHINGTON ST N,1,1,1,0,1,8,0,0,35,0,0,0,0,0,1,2,13
,2021-44747,39.78023353,-105.0239399,11/18/2021 8:51,8:51,1,0,0,46TH AVE W & ELIOT ST N,1,1,1,0,1,1,0,0,,0,0,0,0,0,4,2,13
,2021-44748,39.76189352,-104.9081699,11/18/2021 16:27,16:27,3,0,2,E MLK BLVD & N ONEIDA ST,1,1,0,0,1,1,0,0,25,0,0,0,0,2,4,3,1
,2021-44749,39.67915354,-105.0572299,11/18/2021 12:40,12:40,11,0,1,EVANS AVE W & DEPEW ST S,1,1,0,0,1,1,0,0,20,0,1,0,0,3,4,1,3
,2021-44750,39.76935353,-105.0439999,11/18/2021 14:31,14:31,1,0,0,W 38TH AVE & N TENNYSON ST,1,1,1,0,1,1,0,0,35,0,0,0,0,1,4,4,13
,2021-44751,39.68214354,-104.9875599,10/7/2021 18:06,18:06,3,0,0,W JEWELL AVE & S BROADWAY ST,1,1,0,0,1,5,0,0,10,0,0,0,0,0,4,2,1
,2021-44752,39.66748354,-104.9254699,11/18/2021 14:55,14:55,3,0,1,YALE AVE E & I-25 NB OFF RAMP,1,1,0,0,1,1,0,0,35,0,0,0,0,1,4,2,13
,2021-44753,39.79478351,-104.80971,11/18/2021 15:45,15:45,3,0,0,E MAXWELL PL & N CHAMBERS RD,1,1,0,0,1,1,0,0,40,0,0,0,0,0,4,2,3
,2021-44754,39.67310354,-104.9734399,10/8/2021 12:12,12:12,6,0,0,S DOWNING ST & E WESLEY AVE,1,1,0,0,1,4,0,0,25,0,0,0,0,1,4,2,7
,2021-44755,39.76974353,-105.0080299,9/19/2021 11:37,11:37,2,0,1,W 38TH AVE & N QUIVAS ST,1,1,0,0,1,1,0,0,0,1,0,0,0,2,4,2,16
,2021-44756,39.75851353,-105.0345999,11/18/2021 10:09,10:09,3,0,0,W 29TH AVE & N LOWELL BLVD,1,1,1,0,1,1,0,0,30,0,0,0,0,0,4,2,13
,2021-44757,39.77420352,-104.8470299,11/18/2021 7:14,7:14,12,0,1,I-70 & PEORIA ST N,1,1,0,0,1,4,0,0,55,0,0,0,0,1,1,3,7
,2021-44758,39.72314353,-104.9399599,10/16/2021 14:46,14:46,12,0,0,N COLORADO BLVD & E 4TH AVE (RD E),1,1,0,0,1,4,0,0,35,0,0,0,1,0,2,2,7
,2021-44759,39.70294453,-104.9129359,11/17/2021 19:00,19:00,12,0,0,LEETSDALE DR & S MONACO ST,1,3,0,0,1,1,0,0,35,0,0,0,0,0,2,3,16
,2021-44767,39.62747354,-104.9111099,10/14/2021 12:40,12:40,3,0,0,S MONACO ST & E UNION AVE,1,1,3,0,1,1,0,0,35,0,0,0,0,0,4,2,3
,2021-44768,39.76568353,-104.9950429,11/28/2021 11:05,11:05,3,0,1,PARK AVE W & GLOBEVILLE RD N,1,1,3,0,1,1,0,0,35,0,0,0,0,1,4,2,16
,2021-44769,39.74015353,-104.9500499,11/27/2021 11:56,11:56,12,0,0,N STEELE ST & E COLFAX AVE,1,1,3,0,1,1,0,0,35,0,0,0,0,0,4,2,11
,2021-44770,39.78371351,-104.77447,10/14/2021 14:12,14:12,12,0,0,GREEN VALLEY RANCH BLVD & N YAMPA ST,11,1,3,1,1,1,0,0,40,0,0,0,0,0,4,2,4
,2021-44771,39.74743352,-104.8987399,10/12/2021 16:11,16:11,12,0,0,E MONTVIEW BLVD & N SYRACUSE ST,1,1,3,0,1,1,0,0,35,0,0,0,0,0,4,2,4
,2021-44773,39.73423353,-104.9586099,11/27/2021 23:36,23:36,6,0,0,JOSEPHINE ST N & 12TH AVE E,1,3,3,0,3,4,0,0,30,0,0,0,0,0,4,2,2
,2021-44775,39.67840354,-104.9407399,10/12/2021 15:15,15:15,1,0,0,E EVANS AVE & S COLORADO BLVD,1,1,3,0,1,3,0,0,30,0,0,0,0,0,4,2,3
,2021-44777,39.65410354,-104.9204499,11/28/2021 4:32,4:32,6,0,0,3400 BLOCK S IVY WAY & S IVY WAY/ E HAMPDEN AVE,1,3,3,0,1,4,0,0,25,0,0,0,0,0,4,2,3
,2021-44782,39.70756349,-105.0015199,10/13/2021 7:45,7:45,3,0,0,W VIRGINIA AVE & S LIPAN ST,1,1,3,0,1,1,0,0,25,0,0,0,0,0,4,2,3
,2021-44797,39.75893353,-104.9761399,10/14/2021 10:13,10:13,3,0,0,30TH ST & STOUT ST,1,1,3,0,1,1,0,0,25,0,0,0,0,1,4,2,13
,2021-44799,39.66060355,-105.0399699,10/13/2021 15:36,15:36,12,0,0,W DARTMOUTH AVE & S PATTON CT,1,1,3,0,1,4,0,0,30,0,0,0,0,0,4,2,13
,2021-44802,39.77288352,-104.9406289,10/14/2021 8:13,8:13,12,0,0,N COLORADO BLVD & E 40TH AVE,1,1,3,0,1,3,0,0,35,0,0,0,0,0,2,2,3
,2021-44805,39.73680353,-104.9585899,10/14/2021 12:25,12:25,12,0,0,N JOSEPHINE ST & E 113TH AVE,1,1,3,0,1,3,0,0,30,0,0,0,0,0,4,2,1
,2021-44806,39.74018353,-104.9556799,9/23/2021 12:04,12:04,12,0,0,E COLFAX AVE & N ELIZABETH ST,1,1,3,0,1,3,0,0,,0,0,0,0,0,2,2,16
,2021-44813,39.62407355,-105.0910599,10/23/2021 21:11,21:11,12,0,0,S WADSWORTH BLVD & W BELLEVIEW AVE,1,3,3,0,1,1,0,0,40,0,0,0,0,0,2,2,1
,2021-44816,39.74893453,-104.9873749,11/28/2021 9:59,9:59,6,0,1,CALIFORNIA ST & 20TH ST,1,1,3,0,1,4,0,0,30,0,0,0,0,2,4,2,14
,2021-44820,39.72931353,-105.0148299,10/14/2021 8:53,8:53,12,0,0,I-25 & W 8TH AVE,1,1,3,0,1,8,0,0,45,0,0,0,0,0,1,2,13
,2021-44821,39.69582354,-105.0250499,10/13/2021 8:55,8:55,15,0,0,S FEDERAL BLVD & W MISSISSIPPI AVE,1,1,3,1,1,4,0,0,35,0,0,0,0,0,2,2,16
,2021-44822,39.74526353,-105.0007099,9/22/2021 13:59,13:59,15,0,0,N SPEER BLVD & LAWRENCE ST,1,1,3,0,1,3,0,0,,0,0,0,0,0,4,2,11
,2021-44833,39.64416354,-104.8914499,10/13/2021 7:42,7:42,15,0,0,S VINCENNES CT & E MANSFIELD AVE,1,1,3,0,1,4,0,0,15,0,0,0,0,0,4,2,13
,2021-44835,39.74483353,-104.9761399,10/14/2021 10:57,10:57,6,0,0,N EMERSON ST & E 18TH AVE,1,1,3,0,1,4,0,0,25,0,0,0,0,0,4,2,16
,2021-44837,39.71115354,-105.0263099,10/14/2021 10:19,10:19,15,0,0,W ALAMEDA AVE & S FEDERAL BLVD,1,1,3,1,1,4,0,0,30,0,0,0,0,0,2,2,16
,2021-44838,39.69335354,-105.0532999,10/24/2021 12:59,12:59,12,0,0,S SHERIDAN BLVD & W LOUISIANA AVE,1,1,3,0,1,3,0,0,35,0,0,0,0,0,2,2,8
,2021-44848,39.74015353,-104.9063599,10/13/2021 15:55,15:55,12,0,0,E COLFAX AVE & N OLIVE ST,1,1,3,0,1,4,0,0,35,0,0,0,0,0,2,2,3
,2021-44849,39.73844353,-104.9935099,9/26/2021 14:27,14:27,12,0,0,W 14TH AVE & N ELATI ST,1,1,3,0,1,3,0,0,,0,0,0,0,0,4,2,16
,2021-44864,39.72342354,-105.0251199,10/14/2021 12:20,12:20,12,0,1,N FEDERAL BLVD & W 5TH AVE RD E,1,1,3,0,1,4,0,0,30,0,0,0,0,2,2,2,13
,2021-44868,39.74035354,-105.0486599,9/23/2021 10:46,10:46,12,0,0,W COLFAX AVE & N WOLFF ST,1,1,3,0,1,3,0,0,30,0,0,0,0,0,2,2,13
,2021-44871,39.7151053,-104.8656994,10/9/2021 14:30,14:30,12,0,0,I-70 & N HAVANA ST,1,1,3,0,1,4,0,0,55,0,0,0,0,0,1,2,3
,2021-44876,39.74522353,-104.9916299,10/8/2021 15:35,15:35,6,0,0,1600 BLOCK CALIFORNIA ST & 16TH ST,1,1,3,0,1,4,0,0,,0,0,0,0,0,4,2,16
,2021-44877,39.70506634,-104.9963974,10/15/2021 14:30,14:30,12,0,0,S SANTA FE DR & I-25 ON RAMP,1,1,3,0,1,4,0,0,35,0,0,0,0,0,2,2,13
,2021-44878,39.69656353,-104.9535012,10/15/2021 8:14,8:14,12,0,1,S HAVANA ST & E MISSISSIPPI AVE,1,1,3,0,1,4,0,0,35,0,0,0,0,1,2,2,11
,2021-44879,39.71123354,-104.9971264,10/15/2021 12:47,12:47,12,0,0,S SANTA FE DR & W ALAMEDA AVE,1,1,3,0,1,4,0,0,30,0,0,0,0,0,4,2,13
,2021-44883,39.71834353,-104.9862299,10/14/2021 13:36,13:36,10,0,1,N LINCOLN ST & E 1ST AVE,1,1,3,0,1,1,0,0,35,0,0,0,0,1,4,2,8
,2021-44888,39.75537353,-104.9763799,9/29/2021 16:45,16:45,6,0,0,500 BLK 28TH ST & 28TH ST,1,1,3,0,1,4,0,0,35,0,0,0,0,0,4,2,16
,2021-44890,39.68933353,-104.9316899,10/15/2021 16:33,16:33,12,0,0,E FLORIDA AVE & S DAHLIA ST,1,1,3,0,1,1,0,0,30,0,0,0,0,0,4,2,16
,2021-44892,39.73664353,-105.0251699,9/26/2021 10:29,10:29,15,0,0,N FEDERAL BLVD & W 12TH AVE,1,1,3,1,1,4,0,0,35,0,0,0,0,0,2,2,16
,2021-44893,39.68296453,-104.9212114,10/15/2021 11:31,11:31,10,0,0,S IVANHOE ST & E EVANS AVE,1,1,3,0,1,1,0,0,30,0,0,0,0,1,4,2,13
,2021-44895,39.66033354,-104.8941699,10/15/2021 11:40,11:40,3,0,0,E DARTMOUTH AVE & S ULSTER ST,1,1,3,0,1,1,0,0,25,0,0,0,0,0,4,2,13
,2021-44897,39.8334235,-104.7718,10/13/2021 9:12,9:12,12,0,0,N TOWER RD & PENA BLVD INBOUND,1,1,3,0,1,3,0,0,45,0,0,0,0,0,4,2,10
,2021-44898,39.79557352,-104.9722199,10/13/2021 7:09,7:09,10,0,0,E 54TH AVE & N MARION ST,1,1,3,0,1,1,0,0,30,0,0,0,0,0,4,2,1
,2021-44908,39.74999353,-105.0099899,10/13/2021 10:54,10:54,15,0,0,N SPEER BLVD & I-25 SB EXIT TO NB SPEER,1,1,3,0,1,4,0,0,35,0,0,0,0,0,1,2,13
,2021-44914,39.69294553,-104.9407234,10/15/2021 10:30,10:30,12,0,0,S COLORADO BLVD & E LOUISIANA AVE,1,1,3,0,1,4,0,0,35,0,0,0,0,0,2,2,13
,2021-44918,39.74033354,-105.0533899,10/27/2021 10:36,10:36,1,0,1,W COLFAX AVE & SHERIDAN BLVD,1,1,3,0,1,1,0,0,35,0,0,0,1,2,2,2,13
,2021-44926,39.64999354,-104.9299899,10/15/2021 11:44,11:44,12,0,0,E HAMPDEN AVE & S DAHLIA ST,1,1,3,0,1,4,0,0,35,0,0,0,0,0,2,2,3
,2021-44927,39.77511352,-104.9010499,10/13/2021 13:07,13:07,12,0,0,41ST AVE & 7400 BLK E,1,1,3,0,1,4,0,0,35,0,0,0,0,0,4,2,3
,2021-44930,39.70733353,-104.9407399,10/13/2021 9:34,9:34,12,0,0,S COLORADO BLVD & E CHERRY CREEK N DR,1,1,3,0,1,4,0,0,35,0,0,0,0,0,2,2,13
,2021-44937,39.75238353,-104.9846099,10/13/2021 6:46,6:46,3,0,0,PARK AVE W & CHAMPA ST,1,1,3,1,1,1,0,0,25,0,0,0,0,0,4,2,13
,2021-45088,39.72362354,-105.0248299,9/16/2021 12:44,12:44,12,0,0,N FEDERAL BLVD & W 6TH AVE EB EXIT RAMP,1,1,3,0,1,3,0,0,,0,0,0,0,0,2,2,10
,2021-45092,39.75456353,-104.9922299,11/28/2021 1:56,1:56,11,0,3,21ST ST & MARKET ST,1,3,3,0,1,1,0,0,35,0,1,0,0,2,4,1,1
,2021-45093,39.75200353,-104.9937999,11/29/2021 8:00,8:00,6,0,0,LARIMER ST & 19TH ST,1,2,3,0,1,4,0,0,,0,0,0,0,0,4,2,16
,2021-45096,39.74623353,-104.9960199,11/28/2021 10:15,10:15,15,0,0,900 BLK 15TH ST & CURTIS ST,1,1,3,0,1,4,0,0,30,0,0,0,0,1,4,2,13
,2021-45099,39.66032355,-105.0406599,11/27/2021 12:36,12:36,12,0,0,3900 BLK W DARTMOUTH AVE & S PATTON CT,1,1,3,0,1,4,0,0,30,0,0,0,0,1,4,3,13
,2021-45105,39.65308354,-104.8898499,10/18/2021 9:27,9:27,5,0,0,HAMPDEN AVE & 8400 BLK E,1,1,3,0,2,4,0,0,45,0,0,0,0,0,2,1,1
,2021-45111,39.73204353,-104.9740899,11/27/2021 13:47,13:47,3,0,0,E 10TH AVE & N CORONA ST,1,1,3,0,1,1,0,0,25,0,0,0,0,0,4,2,8
,2021-45114,39.68756354,-104.9920599,11/29/2021 17:38,17:38,1,0,0,S SANTA FE DR & W IOWA AVE,1,3,3,0,1,3,0,0,45,0,0,0,0,0,4,2,1
,2021-45115,39.78304335,-104.9009529,10/15/2021 21:29,21:29,5,0,0,I-270 & QUEBEC ST,1,4,3,0,1,4,0,0,55,0,0,0,0,0,1,1,16
,2021-45116,39.65305354,-104.9261399,10/19/2021 6:59,6:59,12,0,0,E HAMPDEN AVE & S GLENCOE ST,1,1,3,0,1,3,0,0,40,0,0,0,0,0,2,3,3
,2021-45123,39.75641654,-104.9123787,11/29/2021 14:37,14:37,12,0,0,I-70 & MONACO PKWY,1,1,3,0,1,4,0,0,55,0,0,0,0,0,1,2,13
,2021-45125,39.75481353,-105.0291599,11/29/2021 5:11,5:11,6,0,0,26TH AVE W & IRVING ST N,1,3,3,1,1,4,0,0,30,0,0,0,0,0,4,2,16
,2021-45127,39.73838353,-104.9587199,11/27/2021 11:57,11:57,3,0,0,2300 BLK E 14TH AVE & YORK ST,1,1,3,0,1,9,0,0,30,0,0,0,0,0,4,2,1
,2021-45129,39.67865354,-105.0191899,11/29/2021 7:40,7:40,10,0,0,2600 BLK W EVANS AVE & S BRYANT ST,1,1,3,1,1,1,0,0,25,0,0,0,0,0,4,2,13
,2021-45131,39.75376353,-105.0299599,11/29/2021 6:12,6:12,6,0,0,IRVING ST N & 26TH AVE W,1,3,3,1,1,4,0,0,25,0,0,0,0,0,4,2,16
,2021-45135,39.74320353,-104.9857899,9/12/2021 13:19,13:19,6,0,0,E 17TH AVE & N SHERMAN ST,1,1,3,1,1,4,0,0,30,0,0,0,0,0,4,2,7
,2021-45137,39.63840501,-105.0811681,9/17/2021 12:31,12:31,16,0,0,7900 W QUINCY AVE & 7900 BLK W,1,1,3,0,5,7,0,0,,0,0,0,0,0,3,2,16
,2021-45141,39.74004353,-104.9835799,10/13/2021 12:10,12:10,15,0,2,E COLFAX AVE & N GRANT ST,1,1,3,0,1,1,0,0,,0,0,0,0,1,2,2,16
,2021-45143,39.67014354,-105.0239099,10/5/2021 7:28,7:28,6,0,0,VASSAR AVE 2900 BLK W & S FEDERAL BLVD,1,1,3,1,1,4,0,0,25,0,0,0,0,0,4,2,16
,2021-45146,39.74377752,-104.9040693,11/28/2021 11:24,11:24,12,0,0,N QUEBEC ST & E 17TH AVE,1,1,3,0,1,4,0,0,30,0,0,0,0,0,4,2,3
,2021-45149,39.78366353,-105.0532299,11/29/2021 7:19,7:19,15,0,0,SHERIDAN BLVD N & I-70 WB OFF RAMP SLIP,1,1,3,0,1,8,0,0,25,0,0,0,0,0,2,2,3
,2021-45150,39.77691353,-105.0204899,9/14/2021 8:15,8:15,6,0,0,4400 BLK N CLAY ST & W 44TH AVE,1,1,3,1,1,4,0,0,25,0,0,0,0,0,4,2,16
,2021-45153,39.72559353,-104.9658499,11/28/2021 14:53,14:53,3,0,0,E 6TH AVE & N WILLIAMS ST,1,1,3,0,1,1,0,0,25,0,0,0,0,0,4,2,13
,2021-45155,39.67593354,-105.0367699,11/28/2021 8:09,8:09,6,0,0,NEWTON ST S & ILIFF AVE W,1,1,3,1,1,4,0,0,25,0,0,0,0,0,4,2,16
,2021-45157,39.75931353,-104.9936899,10/18/2021 9:20,9:20,12,0,0,WEWATTA ST & PARK AVE WEST,1,1,3,0,1,4,0,0,30,0,0,0,0,0,4,2,13
,2021-45159,39.71030354,-105.0311199,11/26/2021 15:20,15:20,8,0,0,3300 BLK W NEVADA PL & S IRVING ST,1,4,3,0,1,3,0,0,15,0,0,0,0,0,4,3,11
,2021-45160,39.66125353,-104.8846399,11/28/2021 22:48,22:48,5,0,0,3100 BLK S YOSEMITE ST & S SYRACUSE WAY,1,3,3,0,6,4,0,0,30,0,0,0,0,0,4,1,1
,2021-45161,39.73286353,-104.9740999,11/27/2021 15:45,15:45,6,0,0,1000 BLK N CORONA ST & E 11TH AVE,1,1,3,0,1,4,0,0,25,0,0,0,0,0,4,3,14
,2021-45164,39.78999352,-104.8599899,10/7/2021 6:07,6:07,3,0,0,N HAVANA ST & E 54TH AVE,1,3,3,0,1,1,0,0,35,0,0,0,0,0,4,2,1
,2021-45167,39.76183352,-104.9211199,10/15/2021 16:23,16:23,8,0,0,5600 BLK E MLK BLVD & N HOLLY ST,1,1,3,0,1,3,0,0,35,0,0,0,0,0,4,2,10
,2021-45169,39.73726353,-104.9034499,10/8/2021 13:30,13:30,12,0,0,N QUEBEC ST & E 13TH AVE,1,1,3,0,1,4,0,0,25,0,0,0,0,0,4,2,13
,2021-45171,39.76999351,-104.76999,9/21/2021 12:30,12:30,6,0,0,4300 BLK N ANDES ST & ANDES WAY,1,4,3,0,1,4,0,0,,0,0,0,0,0,4,2,16
,2021-45173,39.78355351,-104.77093,9/16/2021 14:32,14:32,1,0,1,18600 BLK E GVR BLVD & TOWER RD,1,1,3,0,1,1,0,0,35,0,0,0,1,3,4,2,11
,2021-45175,39.73758353,-104.9562699,10/16/2021 7:19,7:19,6,0,0,1300  BLK N ELIZABETH ST & E 13TH AVE,1,1,3,1,1,4,0,0,25,0,0,0,0,0,4,2,13
,2021-45176,39.76054404,-104.9659414,10/17/2021 15:49,15:49,1,0,1,E COLFAX AVE & N WILLIAMS ST,1,1,3,0,1,1,0,0,30,0,0,0,0,1,2,2,13
,2021-45178,39.67398354,-104.9875699,10/15/2021 15:09,15:09,12,0,2,2300 BLK S BROADWAY ST & E ILIFF AVE,1,1,3,0,1,3,0,0,35,0,0,0,0,2,4,3,14
,2021-45179,39.78396161,-105.0154056,10/18/2021 14:40,14:40,12,0,1,W 48TH AVE & N FOX ST,1,1,3,0,1,4,0,0,35,0,0,0,0,2,4,2,3
,2021-45180,39.74743352,-104.8840399,10/15/2021 14:27,14:27,12,0,0,8900 BLK E MOUNTVIEW BLVD & N ARKON ST,1,1,3,0,1,4,0,0,20,0,0,0,0,0,4,2,3
,2021-45182,39.70642354,-104.9967899,10/15/2021 14:10,14:10,15,0,0,I-25 & S SANTA FE DR,1,1,3,0,1,4,0,0,,0,0,0,0,0,1,2,16
,2021-45183,39.71150353,-104.9466099,11/28/2021 21:08,21:08,12,0,0,CHERRY CREEK DR SE & MADISON ST S,1,3,3,0,1,3,0,0,35,0,0,0,0,0,4,2,16
,2021-45184,39.76780353,-105.0346299,10/15/2021 17:00,17:00,6,0,0,3700 BLK N LOWELL BLVD & W 37TH AVE,1,1,3,0,1,4,0,0,,0,0,0,0,0,4,2,16
,2021-45187,39.75237009,-104.984559,10/18/2021 14:05,14:05,12,0,0,STOUT ST & PARK AVE,1,1,3,0,1,3,0,0,30,0,0,0,0,0,4,2,3
,2021-45192,39.79741692,-104.9358106,10/18/2021 17:44,17:44,12,0,0,E 56TH AVE & VASQUEZ BLVD,1,1,3,0,1,3,0,0,,0,0,0,0,0,4,2,13
,2021-45219,39.75932633,-104.9936878,10/19/2021 13:55,13:55,3,0,0,WEWATTA WAY & DENARGO ST,1,1,3,0,1,1,0,0,30,0,0,0,0,0,4,2,13
,2021-45230,39.74960353,-105.0003499,11/20/2021 2:26,2:26,3,0,0,15TH ST & BLAKE ST,1,4,0,0,1,1,0,0,25,0,0,0,0,1,4,2,14
,2021-45231,39.76568353,-104.9950429,11/22/2021 14:06,14:06,3,0,0,PARK AVE W & GLOBEVILLE RD N,1,1,1,0,1,1,0,0,35,0,0,0,0,0,4,3,13
,2021-45232,39.69852353,-104.9035399,10/11/2021 7:56,7:56,1,0,0,LEETSDALE DR & S QUEBEC ST,1,1,0,0,1,1,0,0,40,0,0,0,0,0,4,2,1
,2021-45233,39.89935675,-104.9402419,11/20/2021 11:49,11:49,12,0,1,I-70 & COLORADO BLVD N,1,1,1,0,1,4,0,0,55,0,0,0,0,1,1,2,13