id,drcog_id,latitude,longitude,crashtime,time,crashtype,numbkilled,numbinjurd,drcoglocat,rdconditin,lightngcon,roadcntgrd,weatherco,location,roaddescrp,schoolzone,constrzone,splimit,bikeinv,pedinv,sctrinv,motoinv,svrty,rdsystem,ttlvehcls,hcf
,2021-45234,39.72553353,-105.0131199,11/19/2021 9:35,9:35,12,0,1,I-25 & 6TH AVE W,1,1,0,0,1,4,0,0,,0,0,0,0,1,1,4,16
,2021-45235,39.66746654,-104.9323049,11/22/2021 17:15,17:15,12,0,3,I-25 & YALE AVE E,1,3,0,0,1,4,0,0,55,0,0,0,0,2,1,4,1
,2021-45236,39.7790217,-104.9413877,11/27/2021 14:32,14:32,15,0,0,COLORADO BLVD N & 46TH AVE E,1,1,0,0,1,1,0,0,35,0,0,0,0,0,2,2,14
,2021-45237,39.75700353,-105.0177999,11/24/2021 10:42,10:42,3,0,0,ALCOTT ST N & SPEER BLVD N,1,1,1,0,1,1,0,0,25,0,0,0,0,0,4,2,13
,2021-45238,39.74547352,-104.8884899,11/18/2021 19:00,19:00,6,0,0,WILLOW ST & 1795 N,1,3,0,0,1,4,0,0,,0,0,0,0,0,4,3,16
,2021-45239,39.79837151,-104.772212,11/20/2021 6:30,6:30,1,0,0,N TOWER RD & 56TH AVE,1,1,0,0,1,1,0,0,35,0,0,0,0,0,4,3,7
,2021-45240,39.72553353,-105.0131199,11/20/2021 12:25,12:25,12,0,0,I-25 & 6TH AVE W,1,1,0,0,1,4,0,0,65,0,0,0,0,0,1,4,13
,2021-45241,39.77171353,-105.0146799,11/18/2021 2:39,2:39,6,0,0,40TH AVE & 2200 BLK W,1,4,0,0,1,4,0,0,25,0,0,0,0,0,4,4,5
,2021-45242,39.77582352,-104.8657299,11/19/2021 10:42,10:42,12,0,1,I-70 & HAVANA ST N,1,1,0,0,1,4,0,0,65,0,0,0,0,1,1,6,3
,2021-45243,39.78312187,-104.8470955,11/22/2021 8:21,8:21,12,0,5,I-70 & PEORIA ST N,1,1,1,0,1,4,0,0,55,0,0,0,0,1,1,4,3
,2021-45244,39.72527841,-105.1417334,11/21/2021 11:29,11:29,12,0,3,I-25 & 6TH AVE W,1,1,0,0,1,4,0,0,55,0,0,0,0,1,1,3,1
,2021-45245,39.75333353,-104.9955099,6/24/2021 11:27,11:27,6,0,0,19TH ST & BLAKE ST,1,1,0,0,1,1,0,0,30,0,0,0,0,0,4,3,8
,2021-45246,39.70665354,-104.9965899,11/20/2021 13:26,13:26,12,0,0,I-25 & SANTA FE DR S,1,1,1,0,1,4,0,0,60,0,0,0,0,0,1,3,13
,2021-45247,39.71477353,-104.9875099,11/21/2021 21:22,21:22,15,0,0,S BRAODWAY ST & E BAYAUD AVE,1,3,1,0,1,1,0,0,35,0,1,0,0,1,4,3,14
,2021-45248,39.73687353,-104.9729999,11/25/2021 1:27,1:27,6,0,0,1200 BLK E 13TH AVE & N DOWNING ST,1,3,0,7,1,4,0,0,30,0,0,0,0,0,4,2,5
,2021-45249,39.73511353,-104.9483699,11/20/2021 0:26,0:26,3,0,0,12TH AVE E & ADAMS ST N,1,3,0,0,1,1,0,0,25,0,0,0,0,0,4,4,14
,2021-45250,39.74744054,-105.1138896,11/19/2021 12:01,12:01,12,0,0,I-25 & 20TH AVE W,1,1,0,0,1,4,0,0,55,0,0,0,0,0,1,3,13
,2021-45251,39.8340925,-104.7719825,11/21/2021 15:30,15:30,12,0,0,PENA BLVD & N TOWER RD,1,1,0,0,1,4,0,0,65,0,0,0,0,1,4,3,13
,2021-45252,39.78931351,-104.8401799,11/24/2021 18:12,18:12,3,0,0,E 51ST AVE & N TITAN CT,1,4,0,0,1,1,0,0,25,0,0,0,0,0,4,2,13
,2021-45253,39.76741387,-104.8991116,11/25/2021 13:06,13:06,15,0,0,E 36TH AVE & N QUEBEC ST,1,1,0,0,1,1,0,0,35,0,0,0,0,0,4,2,13
,2021-45254,39.77464753,-104.9732224,11/18/2021 23:12,23:12,12,0,0,40TH ST & N BRIGHTON BLVD,1,3,0,0,1,1,0,0,30,0,0,0,0,1,4,3,4
,2021-45255,39.77297762,-104.9789086,11/20/2021 1:30,1:30,12,0,0,20TH ST & CHESTNUT PL,1,3,0,0,1,4,0,0,35,0,0,0,0,0,4,3,13
,2021-45256,39.65360028,-105.0600406,11/24/2021 16:04,16:04,15,0,0,S KENDALL ST & W HAMPDEN AVE,11,1,0,0,1,3,0,0,25,0,0,0,0,0,4,2,3
,2021-45257,39.71835353,-104.9127699,11/22/2021 8:47,8:47,3,0,0,1ST AVE E & MONACO ST N,1,1,0,0,1,1,0,0,30,0,0,0,0,0,4,2,13
,2021-45258,39.74893453,-104.9873749,11/24/2021 21:50,21:50,3,0,0,BROADWAY ST N & 20TH ST,1,3,0,0,1,1,0,0,25,0,0,0,0,0,4,2,14
,2021-45259,39.61833355,-105.0912299,11/24/2021 16:50,16:50,12,0,0,WADSWORTH BLVD S & CRESTLINE AVE W,11,2,0,2,1,4,0,0,40,0,0,0,0,0,2,2,3
,2021-45260,39.75618185,-105.0155256,11/22/2021 15:29,15:29,12,0,0,I-25 & SPEER BLVD N,1,1,0,0,1,4,0,0,55,0,0,0,0,0,1,4,3
,2021-45261,39.79354352,-104.9033199,11/19/2021 21:43,21:43,1,0,0,QUEBEC ST N & 53RD PL E,1,3,0,0,1,1,0,0,40,0,0,0,0,0,2,3,13
,2021-45262,39.67541355,-105.0577499,11/21/2021 2:28,2:28,6,0,1,5600 BLK W WARREN AVE & S DEPEW ST,1,3,0,0,1,4,0,0,25,0,0,0,0,2,4,3,14
,2021-45263,39.72927353,-104.9020099,11/19/2021 14:44,14:44,12,0,1,8TH AVE E & QUEBEC ST N,1,1,1,0,1,1,0,0,35,0,0,0,0,2,4,3,7
,2021-45264,39.77972353,-104.9905799,11/19/2021 17:15,17:15,12,0,0,I-70 WB OFF RAMP TO & I-25 SB,1,3,0,0,1,8,0,0,55,0,0,0,0,0,1,3,13
,2021-45265,39.64069158,-104.9072534,11/24/2021 13:43,13:43,2,0,0,PRINCETON AVE E & OLIVA ST S,1,1,0,0,1,1,0,0,25,1,0,0,0,0,4,2,13
,2021-45266,39.67834354,-104.9933799,11/23/2021 17:51,17:51,3,0,1,W EVANS AVE & S SANTA FE DR,1,3,0,0,1,1,0,0,20,0,0,0,0,2,4,2,10
,2021-45267,39.78006351,-104.80984,11/24/2021 3:53,3:53,5,0,0,N CHAMBERS RD & E BOLLING DR,1,3,0,0,3,4,0,0,40,0,0,0,0,1,4,1,2
,2021-45268,39.86662778,-104.6717006,11/22/2021 22:46,22:46,12,0,0,5500 PENA BLVD & 56TH AVE,1,3,0,0,1,4,0,0,20,0,0,0,0,0,4,2,13
,2021-45269,39.77565353,-105.0532299,11/23/2021 10:51,10:51,12,0,0,SHERIDAN BLVD N & 44TH AVE W,1,1,1,0,1,1,0,0,35,0,0,0,0,0,2,2,13
,2021-45270,39.75239353,-104.9919699,10/2/2021 19:45,19:45,2,0,1,20TH ST & 1200 BLK,1,3,0,0,1,4,0,0,25,1,0,0,0,1,4,2,3
,2021-45271,39.77705982,-104.9701395,11/23/2021 16:36,16:36,12,0,0,I-70 & BRIGHTON BLVD N,1,3,0,0,1,4,0,0,55,0,0,0,0,0,1,2,3
,2021-45272,39.71125185,-104.9622004,11/23/2021 16:00,16:00,12,0,0,I-25 & ALAMEDA AVE E,1,1,1,0,1,4,0,0,35,0,0,0,0,0,1,2,13
,2021-45273,39.77840352,-104.9128699,11/19/2021 9:26,9:26,12,0,0,I-70 & MONACO ST N,1,1,1,0,1,4,0,0,55,0,0,0,0,0,1,2,13
,2021-45274,39.74893453,-104.9873749,11/24/2021 8:00,8:00,12,0,0,N BROADWAY ST & CALIFORNIA ST,1,1,0,0,1,1,0,0,30,0,0,0,0,0,4,2,14
,2021-45275,39.72008353,-104.8907399,11/29/2021 15:30,15:30,15,0,0,LOWRY BLVD E & UINTA WY N,1,1,3,0,1,1,0,0,,0,0,0,0,0,4,2,16
,2021-45276,39.82423807,-104.6954664,11/29/2021 15:31,15:31,10,0,0,78TH AVE E & JACKSON GAP ST N,1,1,3,0,1,1,0,0,,0,0,0,0,0,4,2,16
,2021-45277,39.68981354,-104.9734199,11/24/2021 14:51,14:51,12,0,0,I-25 SB ON RAMP FROM & DOWNING ST S,1,1,3,0,1,8,0,0,35,0,0,0,0,0,1,2,3
,2021-45279,39.72014353,-104.9985699,11/30/2021 10:33,10:33,6,0,0,N SANTA FE DR & W 2ND AVE,1,1,3,0,1,4,0,0,,0,0,0,0,0,4,2,16
,2021-45281,39.77830353,-104.9905499,11/29/2021 9:11,9:11,12,0,0,I-70 EB OFF & I-25 SB,1,1,3,0,1,8,0,0,55,0,0,0,0,0,1,2,7
,2021-45282,39.73043053,-104.9787169,11/29/2021 17:31,17:31,3,0,0,N WASHINGTON ST & N WASHINGTON ST / E 9TH AVE,1,2,3,0,1,3,0,0,25,0,0,0,0,1,4,2,13
,2021-45285,39.8369435,-104.68048,11/30/2021 6:25,6:25,16,0,0,26296 E 78TH AVE & PRIVATE PROPERTY,1,3,3,0,5,7,0,0,15,0,0,0,0,0,3,2,16
,2021-45286,39.66080297,-104.9329582,11/22/2021 21:30,21:30,15,0,0,S PARKER RD & E DARTMOUTH AVE,1,3,3,0,1,1,0,0,35,0,0,0,0,0,4,2,16
,2021-45288,39.65308354,-104.8940699,11/29/2021 10:11,10:11,3,0,0,HAMPDEN AVE E & ULSTER ST S,1,1,3,0,1,1,0,0,25,0,0,0,0,0,2,2,11
,2021-45289,39.71580353,-104.9852099,9/8/2021 7:47,7:47,6,0,0,37 S SHERMAN ST & E ELLSWORTH AVE,1,1,3,1,1,4,0,0,25,0,0,0,0,0,4,3,16
,2021-45291,39.78346312,-105.0112166,11/30/2021 14:21,14:21,15,0,0,I-70 EB ON RAMP FROM & STEELE ST N,1,1,3,0,1,8,0,0,55,0,0,0,0,0,1,2,13
,2021-45292,39.63636354,-104.8937899,10/19/2021 11:00,11:00,3,0,0,S TAMARAC ST & I-225 RAMPS,1,1,3,0,1,1,0,0,35,0,0,0,0,0,4,2,3
,2021-45294,39.66828557,-104.9353133,11/28/2021 5:45,5:45,6,0,0,ADAMS ST S & VASSAR AVE E,1,5,3,0,1,4,0,0,25,0,0,0,0,0,4,2,16
,2021-45295,39.71115354,-105.0532399,9/19/2021 12:23,12:23,12,0,0,S SHERIDAN BLVD & W NEVADA PL,1,1,3,1,1,4,0,0,35,0,0,0,0,0,2,2,16
,2021-45299,39.69657353,-104.9593099,11/30/2021 11:35,11:35,12,0,0,E MISSISSIPPI AVE & S UNIVERSITY BLVD,1,1,3,0,1,3,0,0,30,0,0,0,0,0,4,3,10
,2021-45300,39.76935353,-105.0275999,11/28/2021 18:07,18:07,8,0,0,38TH AVE W & GROVE ST N,1,3,3,0,6,1,0,0,30,0,0,0,0,0,4,3,16
,2021-45301,39.71110353,-104.9733899,11/29/2021 18:15,18:15,12,0,0,E ALAMEDA AVE & S DOWNING ST,1,3,3,0,1,1,0,0,30,0,0,0,0,0,4,3,3
,2021-45302,39.76202353,-105.0158299,11/30/2021 13:02,13:02,3,0,0,W 32ND AVE & N ZUNI ST,1,1,3,0,1,1,0,0,30,0,0,0,0,0,4,2,1
,2021-45303,39.78356351,-104.78579,9/1/2021 7:05,7:05,12,0,0,17000 BLOCK E GVR BLVD & PENA BLVD,1,1,3,0,1,4,0,0,45,0,0,0,0,0,4,2,1
,2021-45304,39.76926553,-105.0111979,10/18/2021 12:25,12:25,1,0,0,N TEJON ST & W 38TH AVE,1,1,3,0,1,1,0,0,35,0,0,0,0,0,4,2,11
,2021-45305,39.72634353,-104.9590099,10/19/2021 11:45,11:45,15,0,0,600 BLK N JOSEPHINE ST & E 7TH AVE,1,1,3,0,1,4,0,0,30,0,0,0,0,0,4,2,13
,2021-45307,39.87088912,-104.7149793,11/30/2021 18:25,18:25,12,0,0,PENA BLVD & GUN CLUB RD,1,3,3,0,1,4,0,0,65,0,0,0,0,0,4,2,13
,2021-45308,39.71104353,-104.8659699,11/30/2021 7:05,7:05,12,0,0,HAVANA ST S & ALAMEDA AVE E,1,1,3,0,1,1,0,0,40,0,0,0,0,0,2,2,1
,2021-45310,39.79829351,-104.76977,11/30/2021 7:24,7:24,1,0,0,56TH AVE E & ARGONNE ST N,1,1,3,0,1,1,0,0,40,0,0,0,0,0,4,2,11
,2021-45311,39.78016357,-104.9411657,11/20/2021 2:27,2:27,16,0,0,COLORADO BLVD N *NO INFO IN DRIVES & I-70,14,5,3,0,6,14,0,0,,0,0,0,0,0,2,2,16
,2021-45313,39.74325353,-104.9775399,11/29/2021 13:30,13:30,6,0,0,CLARKSON ST N & 17TH AVE E,1,1,3,0,1,4,0,0,30,0,0,0,0,0,4,2,10
,2021-45314,39.73685353,-104.9916399,11/30/2021 14:16,14:16,3,0,0,CHEROKEE ST N & 13TH AVE W,1,1,3,0,1,2,0,0,25,0,0,0,0,0,4,2,7
,2021-45316,39.72557353,-104.9740699,11/10/2021 8:40,8:40,12,0,0,N CORONA ST & E 6TH AVE,1,1,3,0,1,3,0,0,30,0,0,0,0,0,4,2,14
,2021-45317,39.75035353,-104.9820099,11/29/2021 8:05,8:05,3,0,0,PARK AVE W & GLENARM PL,1,1,3,0,1,1,0,0,25,0,0,0,0,0,4,2,11
,2021-45320,39.75738353,-104.9394199,10/5/2021 6:58,6:58,6,0,0,2800 BLK N ALBION ST & E 29TH AVE,1,3,3,0,1,4,0,0,25,0,0,0,0,0,4,3,16
,2021-45324,39.65862353,-104.86638,10/18/2021 7:58,7:58,14,0,0,S HAVANA ST & E DARTMOUTH AVE,1,1,3,0,1,3,0,0,45,0,0,0,0,0,2,2,1
,2021-45325,39.72161354,-105.0532599,10/19/2021 8:43,8:43,12,0,0,N SHERIDAN BLVD & W 5TH AVE,1,1,3,1,1,4,0,0,35,0,0,0,0,0,2,2,16
,2021-45328,39.67486354,-104.9722699,10/19/2021 8:21,8:21,3,0,0,E ILIFF AVE & S MARION ST,1,1,3,0,1,1,0,0,25,0,0,0,0,0,4,2,14
,2021-45330,39.65694355,-105.0297899,10/19/2021 7:15,7:15,1,0,1,S IRVING ST & W FLOYD AVE,1,1,3,0,1,1,0,0,25,0,0,0,0,1,4,2,13
,2021-45338,39.70040354,-105.0461499,10/19/2021 9:05,9:05,6,0,1,4500 BLK W KENTUCKY AVE & S VRAIN ST,1,1,3,0,1,4,0,0,25,0,0,0,0,2,4,2,3
,2021-45341,39.75999353,-104.9699899,10/19/2021 6:49,6:49,12,0,0,1300 BLK E 37TH AVE & N MARION ST,1,3,3,0,1,4,0,0,25,0,0,0,0,0,4,2,11
,2021-45345,39.69756354,-104.9927099,11/30/2021 8:05,8:05,12,0,0,PLATTE RIVER DR S & MISSISSIPPI AVE W,1,1,3,1,1,3,0,0,45,0,0,0,0,0,2,2,3
,2021-45346,39.77320751,-104.8099085,11/29/2021 12:30,12:30,12,0,0,N CHAMBERS RD & E 40TH AVE,1,1,3,0,1,3,0,0,35,0,0,0,0,0,4,2,13
,2021-45347,39.71110353,-104.9733899,9/1/2021 14:13,14:13,12,0,1,E ALAMEDA AVE & S DOWNING ST,1,1,3,0,1,3,0,0,,0,0,0,0,1,4,2,16
,2021-45348,39.68930954,-104.9407324,11/30/2021 8:48,8:48,3,0,0,COLORADO BLVD S & FLORIDA AVE E,1,1,3,0,1,1,0,0,40,0,0,0,0,0,2,2,11
,2021-45349,39.71300354,-105.0203299,10/3/2021 7:42,7:42,3,0,0,W CEDAR AVE & S CLAY ST,1,1,3,1,1,1,0,0,25,0,0,0,0,1,4,2,16
,2021-45350,39.78362351,-104.78169,11/28/2021 16:06,16:06,3,0,1,GVR BLVD E & TELLURIDE ST N,1,1,3,0,1,1,0,0,40,0,0,0,0,2,4,2,6
,2021-45351,39.72558391,-105.0264701,11/26/2021 12:25,12:25,12,0,0,I-25 & 6TH AVE W,1,1,3,0,1,4,0,0,55,0,0,0,0,0,1,2,3
,2021-45354,39.78439746,-104.8962638,11/28/2021 18:23,18:23,8,0,0,4700 BLK N TRENTON ST & N SPRUCE ST,1,3,3,0,1,4,0,0,30,0,0,0,0,0,4,2,1
,2021-45355,39.79600351,-104.8335799,11/28/2021 0:00,0:00,6,0,0,PENSACOLA PL & 13190 BLK E,1,4,3,0,1,4,0,0,15,0,0,0,0,0,4,2,16
,2021-45356,39.74018353,-104.9574199,11/29/2021 19:20,19:20,6,0,1,COLFAX AVE E & ESPLANADE PKWY N,1,3,3,0,1,4,0,0,,0,0,0,0,2,2,2,16
,2021-45357,39.77286352,-104.8338199,11/30/2021 14:36,14:36,12,0,0,I-70 & MM 282.26,1,1,3,0,1,4,0,0,,0,0,0,0,0,1,3,16
,2021-45359,39.72567353,-105.0132199,11/30/2021 7:55,7:55,12,0,0,I-25 & 6TH AVE W,1,1,3,1,1,4,0,0,55,0,0,0,0,0,1,2,13
,2021-45364,39.73846353,-105.0381499,11/30/2021 8:33,8:33,6,0,0,14TH AVE & 3900 BLK W,1,2,3,0,1,4,0,0,,0,0,0,0,0,4,2,16
,2021-45367,39.72558391,-105.0264701,11/26/2021 13:23,13:23,12,0,0,I-25 & 6TH AVE W,1,1,3,0,1,4,0,0,45,0,0,0,0,0,1,2,3
,2021-45368,39.76736352,-104.8996299,11/30/2021 10:40,10:40,3,0,1,36TH AVE E & SYRACUSE ST,1,1,3,0,1,2,0,0,15,0,0,0,0,1,4,2,11
,2021-45369,39.73686553,-104.9957269,11/30/2021 10:45,10:45,10,0,0,N SPEER BLVD & W 13TH AVE,1,1,3,0,1,1,0,0,30,0,0,0,0,0,4,2,13
,2021-45370,39.77939353,-104.9791499,11/30/2021 7:33,7:33,12,0,0,I-70 & WASHINGTON ST N,1,1,3,0,1,4,0,0,55,0,0,0,0,0,1,3,12
,2021-45374,39.78047352,-104.9346399,11/30/2021 15:18,15:18,12,0,0,4500 E 46TH AVE & PEORIA ST,1,2,3,0,1,4,0,0,30,0,0,0,0,0,4,2,1
,2021-45379,39.74015352,-104.8952399,10/8/2021 8:00,8:00,6,0,0,E COLFAX AVE & N TAMARAC ST,1,1,3,0,1,4,0,0,35,0,0,0,0,0,2,3,16
,2021-45395,39.73044353,-104.9740799,11/29/2021 16:59,16:59,12,0,0,N CORONA ST & E 9TH AVE,1,3,3,0,1,4,0,0,35,0,0,0,0,1,4,2,14
,2021-45396,39.70769354,-105.0520499,11/30/2021 8:27,8:27,6,0,0,VIRGINIA AVE W & SHERIDAN BLVD S,1,1,3,1,1,4,0,0,25,0,0,0,0,0,4,2,16
,2021-45397,39.71120654,-105.0107214,11/29/2021 23:20,23:20,15,0,0,I-25 & ALAMEDA AVE W,1,3,3,0,1,4,0,0,60,0,0,0,0,0,1,3,16
,2021-45399,39.79110936,-105.0251748,11/29/2021 8:17,8:17,12,0,0,6TH AVE W & FEDERAL BLVD N,1,1,3,0,1,4,0,0,55,0,0,0,0,0,2,2,7
,2021-45403,39.71053354,-105.0446399,11/28/2021 7:34,7:34,6,0,0,NEVADA PL W & UITICA ST S,1,1,3,1,1,4,0,0,25,0,0,0,0,0,4,2,16
,2021-45405,39.76331353,-105.0252399,11/29/2021 16:20,16:20,12,0,0,FEDERAL BLVD N & 33RD AVE W,1,4,3,0,1,4,0,0,35,0,0,0,0,0,2,2,3
,2021-45406,39.77879053,-104.9894089,11/26/2021 14:47,14:47,15,0,0,I-25 & EVENS ST S,1,1,3,0,1,4,0,0,65,0,0,0,0,0,1,2,1
,2021-45408,39.79837473,-104.7889303,11/29/2021 11:55,11:55,12,0,0,5600 BLOCK N PENA BLVD & E 56TH AVE,1,1,3,0,1,4,0,0,65,0,0,0,0,0,4,3,14
,2021-45409,39.73850678,-104.9126153,11/30/2021 13:28,13:28,8,0,0,E 14TH AVE & N WABASH ST,1,1,3,0,1,1,0,0,,0,0,0,0,0,4,3,8
,2021-45410,39.74711353,-104.9684199,10/19/2021 13:30,13:30,15,0,0,N FRANKLIN ST & E 20TH AVE,1,1,3,0,1,1,0,0,30,0,0,0,0,0,4,2,16
,2021-45411,39.74488353,-104.9861099,11/30/2021 9:51,9:51,3,0,0,18TH AVE E & LINCOLN ST N,1,1,3,0,1,1,0,0,30,0,0,0,0,0,4,2,13
,2021-45412,39.73999353,-104.9799899,10/18/2021 10:50,10:50,15,0,0,E COLFAX AVE & N LOGAN ST,1,1,3,0,1,4,0,0,30,0,0,0,0,0,2,2,11
,2021-45416,39.72569653,-105.0001594,10/19/2021 14:10,14:10,12,0,0,W 6TH AVE & N KALAMATH ST,1,1,3,0,1,4,0,0,35,0,0,0,0,0,4,2,3
,2021-45418,39.71119354,-104.9991199,11/29/2021 19:30,19:30,15,0,0,I-25 & ALAMEDA AVE W,1,3,3,0,1,4,0,0,65,0,0,0,0,0,1,3,3
,2021-45431,39.69656353,-104.9418699,11/30/2021 13:41,13:41,11,0,1,MISSISSIPPI AVE E & HARRISON ST S,1,1,3,0,1,1,0,0,0,0,0,1,0,2,4,1,16
,2021-45437,39.74034354,-105.0531999,10/27/2021 15:15,15:15,12,0,1,N SHERIDAN BLVD & W COLFAX AVE,1,1,3,0,1,3,0,0,35,0,0,0,0,2,2,2,13
,2021-45478,39.76685353,-105.0017499,11/25/2021 17:21,17:21,3,0,0,N LIPAN ST & W 36TH AVE,1,4,0,0,1,1,0,0,25,0,0,0,0,0,4,2,13
,2021-45479,39.77845352,-104.9222799,11/23/2021 10:10,10:10,12,0,1,I-70 & HOLLY ST N,1,1,0,0,1,4,0,0,55,0,0,0,0,1,1,2,14
,2021-45480,39.72750353,-105.0251199,11/22/2021 0:54,0:54,5,0,1,FEDERAL BLVD N & 6TH AVE W,1,3,1,0,2,4,0,0,35,0,0,0,0,1,2,1,5
,2021-45481,39.6452545,-105.034646,11/24/2021 14:45,14:45,6,0,0,S LOWELL BLVD & S KENYON AVE,1,3,0,0,1,4,0,0,25,0,0,0,0,0,4,2,16
,2021-45482,39.78312187,-104.8470955,11/23/2021 7:08,7:08,15,0,0,I-70 & PEORIA ST N,1,1,0,0,1,4,0,0,55,0,0,0,0,0,1,2,13
,2021-45483,39.76182254,-104.9536384,11/23/2021 9:40,9:40,12,0,0,I-70 & FILLMORE ST N,1,1,0,0,1,4,0,0,55,0,0,0,0,0,1,2,3
,2021-45485,39.63692875,-104.8899084,11/23/2021 7:40,7:40,15,0,0,I-70 & I-225,1,1,1,0,1,4,0,0,55,0,0,0,0,0,1,2,13
,2021-45486,39.78438353,-105.0251799,11/26/2021 22:45,22:45,1,0,0,FEDERAL BLVD N & I-70 WB ON RAMP,1,3,0,0,1,1,0,0,35,0,0,0,0,0,2,2,13
,2021-45487,39.75100902,-104.8982299,11/14/2021 21:19,21:19,3,0,0,23RD AVE & FRANKLIN ST N,1,3,0,0,1,1,0,0,25,0,0,0,0,0,4,2,5
,2021-45488,39.76194852,-104.9406604,11/22/2021 9:22,9:22,12,0,1,E MLK BLVD & N COLORADO BLVD,1,1,0,0,1,4,0,0,35,0,0,0,0,1,4,2,1
,2021-45489,39.75174353,-104.9958599,11/22/2021 22:34,22:34,3,0,0,18TH ST & MARKET ST,1,3,0,0,1,1,0,0,25,0,0,0,0,0,4,2,16
,2021-45490,39.69293354,-104.9934499,11/21/2021 17:54,17:54,15,0,0,1100 BLK S PLATTE RIVER DR & W MISSISSIPPI AVE,1,2,0,0,1,4,0,0,35,0,0,0,0,1,4,2,13
,2021-45491,39.68945354,-105.0296999,11/21/2021 23:00,23:00,3,0,0,S IRVING ST & W FLORIDA AVE,1,3,0,0,1,1,0,0,30,0,0,0,0,0,4,2,5
,2021-45492,39.68226354,-105.0243799,11/21/2021 13:25,13:25,12,0,0,2900 BLK W JEWELL AVE & S FEDERAL BLVD,1,1,0,0,1,4,0,0,30,0,0,0,0,0,4,2,3
,2021-45493,39.79103843,-104.9848099,11/22/2021 0:15,0:15,12,0,1,I-25 & 52ND AVE E,1,3,0,0,1,4,0,0,55,0,0,0,0,2,1,2,1
,2021-45494,39.76450353,-104.9733299,11/20/2021 9:48,9:48,12,0,0,N DOWNING ST & E BRUCE RANDOLPH AVE,1,1,0,0,1,1,0,0,30,0,0,0,0,0,4,2,3
,2021-45495,39.77327852,-104.8459649,11/22/2021 18:44,18:44,15,0,0,I-70 EB ON RAMP & PEORIA ST N,1,3,1,0,1,8,0,0,35,0,0,0,0,0,4,2,14
,2021-45496,39.77297762,-104.9789086,11/21/2021 2:17,2:17,5,0,0,20TH ST & CHESTNUT PL,1,3,0,0,3,4,0,0,35,0,0,0,0,0,4,1,14
,2021-45497,39.75866353,-104.9782199,11/20/2021 3:01,3:01,6,0,0,29TH ST & CHAMPA ST,1,3,0,0,1,4,0,0,,0,0,0,0,1,4,2,16
,2021-45498,39.71844354,-105.0250999,11/18/2021 14:03,14:03,1,0,0,FEDERAL BLVD N & 1ST AVE W,1,1,0,0,1,1,0,0,35,0,0,0,0,0,2,2,1
,2021-45499,39.71134153,-104.9035399,11/20/2021 18:15,18:15,1,0,0,E ALAMEDA AVE & S QUEBEC ST,1,3,0,0,1,1,0,0,35,0,0,0,0,0,4,2,8
,2021-45500,39.76696353,-104.9708599,11/21/2021 0:00,0:00,11,0,1,36TH AVE E & LAFAYETTE ST N,1,3,0,0,1,1,0,0,25,0,0,1,0,2,4,2,3
,2021-45501,39.72383353,-104.8841944,11/21/2021 22:26,22:26,15,0,0,LOWRY BLVD E & YOSEMITE ST N,1,4,0,0,1,6,0,0,25,0,0,0,0,0,4,2,3
,2021-45502,39.76937353,-105.0474499,11/22/2021 9:57,9:57,1,0,0,N WINNONA CT & W 38TH AVE,1,1,1,0,1,1,0,0,25,0,0,0,0,0,4,2,13
,2021-45503,39.71155353,-104.9407099,11/21/2021 18:43,18:43,6,0,1,3900 BLK E ALAMEDA AVE & S COLORADO BLVD,1,3,0,0,1,1,0,0,35,0,0,0,0,2,4,2,13
,2021-45504,39.77934353,-104.9879799,11/22/2021 7:22,7:22,12,0,0,I-70 WB ENT RAMP & I-25,1,1,1,0,1,8,0,0,55,0,0,0,0,0,1,2,16
,2021-45505,39.66631897,-105.0250984,11/22/2021 17:27,17:27,12,0,0,FEDERAL BLVD S & JEWELL AVE W,1,3,0,0,1,2,0,0,40,0,0,0,0,0,2,2,3
,2021-45506,39.78993353,-105.0532399,11/22/2021 11:52,11:52,15,0,0,SHERIDAN BLVD N & 52TH AVE W,1,1,1,0,1,4,0,0,35,0,0,0,0,0,2,2,13
,2021-45507,39.73061353,-104.9918699,11/20/2021 23:20,23:20,8,0,0,1000 BLK N SPEER BLVD & W 11TH AVE,1,3,1,0,1,4,0,0,30,0,0,0,0,0,4,2,13
,2021-45508,39.67849794,-104.9345023,11/22/2021 9:54,9:54,12,0,0,I-25 SB OFF RAMP & EVANS AVE E,1,1,1,0,1,8,0,0,55,0,0,0,0,0,1,2,14
,2021-45509,39.71120654,-105.0263269,11/20/2021 20:14,20:14,15,0,1,ALAMEDA AVE W & GROVE ST S,11,4,0,0,1,4,0,0,35,0,0,0,0,1,2,2,13
,2021-45510,39.70081324,-104.9875304,11/20/2021 22:16,22:16,1,0,2,BROADWAY ST S & I-25 SB ON RAMP,1,3,0,0,1,1,0,0,30,0,0,0,0,1,4,2,1
,2021-45511,39.71134153,-104.9035399,11/20/2021 23:30,23:30,1,0,0,ALAMEDA AVE E & QUEBEC ST S,1,3,0,0,1,1,0,0,35,0,0,0,0,0,4,2,3