id,drcog_id,latitude,longitude,crashtime,time,crashtype,numbkilled,numbinjurd,drcoglocat,rdconditin,lightngcon,roadcntgrd,weatherco,location,roaddescrp,schoolzone,constrzone,splimit,bikeinv,pedinv,sctrinv,motoinv,svrty,rdsystem,ttlvehcls,hcf
,2021-46216,39.75342691,-104.993233,12/5/2021 18:31,18:31,12,0,2,I-25 & 20TH ST,1,3,3,0,1,4,0,0,55,0,0,0,0,1,1,5,13
,2021-46219,39.74012353,-104.9303699,12/5/2021 15:20,15:20,12,0,0,COLFAX AVE E & EUDORA ST N,1,1,3,6,1,1,0,0,30,0,0,0,0,0,2,2,13
,2021-46223,39.73841353,-104.9752899,12/4/2021 17:36,17:36,12,0,0,14TH AVE E & OGDEN ST N,1,3,3,0,1,9,0,0,,0,0,0,0,0,4,2,14
,2021-46225,39.74635353,-105.0252099,11/25/2021 16:24,16:24,5,0,0,FEDERAL BLVD N & 19TH AVE W,1,1,3,0,3,4,0,0,35,0,0,0,0,0,2,1,13
,2021-46226,39.74764753,-105.0532099,12/5/2021 18:02,18:02,3,0,1,SHERIDAN BLVD N & 20TH AVE W,1,3,3,0,1,1,0,0,35,0,0,0,0,2,2,2,14
,2021-46227,39.69274523,-104.9924773,12/5/2021 8:35,8:35,15,0,2,I-25 NB & SANTA FE DR S,1,1,3,0,1,4,0,0,55,0,0,0,0,1,1,2,1
,2021-46228,39.73924353,-104.9860899,11/12/2021 12:15,12:15,15,0,0,1400 BLOCK N LINCOLN ST & 14TH AVE,1,1,3,0,1,4,0,0,,0,0,0,0,0,4,2,16
,2021-46230,39.74013353,-104.9034499,11/8/2021 11:50,11:50,3,0,0,COLFAX AVE E & QUEBEC ST N,1,1,3,0,1,1,0,0,35,0,0,0,0,0,2,2,1
,2021-46231,39.76073353,-105.0173999,12/5/2021 0:56,0:56,6,0,1,CAITHNESS PL W & FIFE CT N,1,3,3,0,1,4,0,0,25,0,0,0,0,2,4,3,3
,2021-46232,39.69669854,-104.9918704,12/5/2021 18:02,18:02,1,0,0,MISSISSIPPI AVE W & SANTA FE DR S,1,3,3,0,1,1,0,0,35,0,0,0,0,0,2,2,13
,2021-46233,39.68896354,-104.9734199,10/5/2021 15:45,15:45,12,0,0,E BUCHTEL BLVD & S DOWNING ST,1,1,3,0,1,1,0,0,,0,0,0,0,0,4,2,16
,2021-46235,39.76774383,-104.9950197,12/5/2021 2:30,2:30,12,0,0,I-25 NB OFF RAMP LOOP TO & PARK AVE W,1,3,3,0,1,8,0,0,55,0,0,0,0,0,1,2,3
,2021-46236,39.76968353,-104.9725599,11/5/2021 11:47,11:47,6,0,0,WALNUT ST & N DOWNING ST,1,1,3,0,1,4,0,0,,0,0,0,0,0,4,2,16
,2021-46237,39.75312353,-105.0080499,12/5/2021 2:59,2:59,5,0,1,N SPEER BLVD & ELITCH CIR,1,3,3,0,3,4,0,0,40,0,0,0,0,2,4,1,4
,2021-46239,39.72927353,-104.9127899,10/7/2021 18:20,18:20,3,0,0,N MONACO ST & E 8TH AVE,1,1,3,0,1,1,0,0,35,0,0,0,0,0,4,2,1
,2021-46240,39.74507353,-105.0095099,11/9/2021 16:55,16:55,15,0,0,700 BLK AURARIA PKWY & 7TH ST,1,1,3,1,1,4,0,0,35,0,0,0,0,0,4,2,16
,2021-46242,39.65307354,-104.9182499,11/29/2021 17:05,17:05,12,0,0,I-25 & HAMPDEN AVE E,1,3,3,0,1,4,0,0,60,0,0,0,0,0,1,2,16
,2021-46245,39.72561353,-104.9793599,10/8/2021 11:59,11:59,3,0,0,E 6TH AVE (NOT CDOT) & N WASHINGTON ST,1,1,3,0,1,1,0,0,30,0,0,0,0,0,4,2,16
,2021-46249,39.75512353,-105.0127099,12/5/2021 17:38,17:38,12,0,0,I-25 & SPEER BLVD N,1,3,3,0,1,4,0,0,55,0,0,0,0,0,1,3,1
,2021-46252,39.75923353,-104.9405799,10/9/2021 12:50,12:50,5,0,0,COLORADO BLVD & 2900 BLK N,1,1,3,0,6,4,0,0,35,0,0,0,0,0,2,1,3
,2021-46256,39.72538354,-105.0532499,12/5/2021 16:20,16:20,12,0,0,SHERIDAN BLVD N & HWY 6 EB RAMPS,1,3,3,0,1,1,0,0,35,0,0,0,0,0,2,2,16
,2021-46257,39.73843353,-104.9867599,10/26/2021 11:10,11:10,5,0,0,14TH AVE E & LINCOLN ST N,1,1,3,0,3,4,0,0,30,0,0,0,0,0,4,1,13
,2021-46261,39.77027037,-104.975429,10/25/2021 16:15,16:15,10,0,0,15TH ST & WAZEE ST,1,1,3,0,1,1,0,0,30,0,0,0,0,0,4,2,13
,2021-46262,39.79090352,-104.9416399,10/25/2021 8:35,8:35,10,0,0,52ND AVE E & N VASQUEZ BLVD,1,1,3,0,1,2,0,0,30,0,0,0,0,0,4,2,11
,2021-46263,39.75947353,-104.9876269,10/24/2021 16:08,16:08,12,0,1,N BROADWAY ST & BLAKE ST,1,1,3,0,1,4,0,0,30,0,0,0,0,1,4,2,8
,2021-46264,39.73999353,-104.9647599,10/23/2021 17:24,17:24,12,0,1,E COLFAX & N HIGH ST,1,2,3,0,1,3,0,0,30,0,0,0,0,2,2,2,1
,2021-46265,39.74945353,-104.9597499,10/25/2021 11:50,11:50,15,0,0,N YORK ST & E 22ND AVE,1,1,3,0,1,4,0,0,30,0,0,0,0,0,4,1,11
,2021-46266,39.73124353,-104.9729599,9/22/2021 13:31,13:31,6,0,0,900 BLK N DOWNING ST & E 9TH AVE,1,1,3,1,1,1,0,0,,0,0,0,0,0,4,2,16
,2021-46268,39.76234353,-105.0504499,10/18/2021 15:00,15:00,5,0,0,32ND AVE & 4935 BLK W,1,1,3,0,2,9,0,0,10,0,0,0,0,0,4,1,16
,2021-46272,39.76189353,-104.9498999,10/24/2021 11:58,11:58,11,0,1,E MLK BLVD & N STEELE ST,1,1,3,1,1,1,0,0,30,0,1,0,0,2,4,1,13
,2021-46274,39.71126354,-105.0446799,12/4/2021 21:23,21:23,12,0,1,ALAMEDA AVE & 4400 BLK W,1,3,3,0,1,4,0,0,35,0,0,0,0,1,2,2,16
,2021-46280,39.71861353,-104.9728799,10/22/2021 14:10,14:10,15,0,0,N DOWNING ST & E SPEER BLVD,1,1,3,0,1,3,0,0,35,0,0,0,0,0,4,2,11
,2021-46281,39.71126053,-104.9363899,10/24/2021 9:45,9:45,3,0,1,S LEETSDALE DR & E ALAMEDA AVE,1,1,3,0,1,1,0,0,35,0,0,0,0,1,4,2,10
,2021-46282,39.68930954,-104.9407324,10/25/2021 8:38,8:38,3,0,1,COLORADO BLVD S & FLORIDA AVE E,1,1,3,0,1,1,0,0,40,0,0,0,0,1,2,2,3
,2021-46283,39.65407354,-104.9088499,10/25/2021 17:00,17:00,3,0,0,GIRARD AVE E & S ONEIDA WY,1,1,3,0,1,1,0,0,25,0,0,0,0,0,4,2,3
,2021-46285,39.79837151,-104.772212,9/27/2021 9:30,9:30,15,0,0,E 56TH AVE & N TOWER RD,1,1,3,7,1,3,0,1,35,0,0,0,0,0,4,2,1
,2021-46287,39.68489353,-104.9034999,10/26/2021 13:19,13:19,12,0,0,CHERRY CREEK DR SE & S QUEBEC ST,1,1,3,0,1,3,0,0,30,0,0,0,0,0,4,2,11
,2021-46288,39.76123353,-105.0192099,9/25/2021 19:30,19:30,11,0,1,W ARGYLE PL & W CLAY ST,1,3,3,0,1,4,0,0,25,0,1,0,0,2,4,1,16
,2021-46290,39.66750353,-104.8661,10/22/2021 19:00,19:00,1,0,0,S HAVANA ST & E YALE AVE,1,3,3,5,1,1,0,0,,0,0,0,0,0,2,2,16
,2021-46291,39.73756353,-104.9494799,9/17/2021 10:30,10:30,6,0,0,1300 BLK N STEELE ST & E 14TH AVE,1,1,3,0,1,4,0,0,25,0,0,0,0,0,4,2,16
,2021-46292,39.72699354,-105.0361899,11/28/2021 9:15,9:15,6,0,0,N MEADE ST & W 6TH AVE FRONTAGE RD,1,1,3,0,1,4,0,0,,0,0,0,0,0,4,2,16
,2021-46293,39.75237353,-105.0003199,10/26/2021 11:30,11:30,6,0,0,WYNKOOP ST & 17TH ST,1,1,3,0,1,4,0,0,25,0,0,0,0,0,4,2,3
,2021-46295,39.70289296,-104.9128498,10/24/2021 12:10,12:10,12,0,2,LEETSDALE DR & S QUEBEC ST,1,1,3,0,1,4,0,0,35,0,0,0,0,1,2,2,13
,2021-46297,39.72564353,-104.9862499,9/28/2021 18:20,18:20,12,0,0,E 6TH AVE & N LINCOLN ST,1,1,3,0,1,3,0,0,,0,0,0,0,0,4,2,16
,2021-46298,39.65699053,-104.866451,10/13/2021 6:23,6:23,12,0,0,I-70 & N HAVANNA ST,1,3,3,0,1,4,0,0,55,0,0,0,0,0,1,2,13
,2021-46300,39.73921353,-104.9529799,10/24/2021 10:00,10:00,6,0,0,FILLMORE ST & 1400 BLK N,1,1,3,6,1,4,0,0,25,0,0,0,0,0,4,2,7
,2021-46302,39.71701353,-104.8955599,10/22/2021 17:30,17:30,15,0,0,LOWRY BLVD E & E FAIRMOUNT DR,1,1,3,0,1,1,0,0,25,0,0,0,0,0,4,2,8
,2021-46307,39.78854351,-104.8282799,10/5/2021 8:12,8:12,12,0,0,N CROWN BLVD & E 51ST AVE,1,1,3,0,1,3,0,0,25,0,0,0,0,0,4,2,16
,2021-46308,39.68308354,-104.9405399,10/23/2021 10:15,10:15,12,0,0,I-25 & S COLORADO BLVD,1,1,3,0,1,8,0,0,65,0,0,0,0,0,1,2,3
,2021-46311,39.74013253,-104.9861059,10/7/2021 7:34,7:34,12,0,0,E COLFAX AVE & N LINCOLN ST,1,1,3,0,1,1,0,0,,0,0,0,0,0,2,2,16
,2021-46314,39.72553353,-105.0131199,9/16/2021 13:47,13:47,15,0,0,I-25 NB & W 6TH AVE EB EXIT RAMP [GORE PT],1,1,3,0,1,8,0,0,55,0,0,0,0,0,1,2,16
,2021-46316,39.73757353,-104.9516899,9/27/2021 8:58,8:58,6,0,0,N MILWAUKEE ST & E 14TH AVE,1,1,3,0,1,4,0,0,,0,0,0,0,0,4,2,16
,2021-46317,39.76947353,-105.0496199,9/26/2021 8:58,8:58,16,0,0, ,11,1,3,0,5,7,0,0,,0,0,0,0,0,3,2,13
,2021-46319,39.75966353,-105.0017699,10/23/2021 18:56,18:56,12,0,0,20TH ST & LITTLE RAVEN ST,1,3,3,0,1,4,0,0,30,0,0,0,0,0,4,2,8
,2021-46321,39.70751353,-104.9234599,10/24/2021 9:40,9:40,15,0,1,LEETSDALE DR & S HUDSON ST,1,1,3,0,1,4,0,0,35,0,0,0,0,1,4,2,10
,2021-46325,39.72562453,-104.9862364,10/25/2021 11:27,11:27,15,0,0,6TH AVE E & LINCOLN AVE,1,1,3,0,1,1,0,0,30,0,0,0,0,0,4,2,1
,2021-46326,39.72906353,-104.9740499,10/26/2021 7:25,7:25,12,0,0,8TH AVE E & N CORONA ST,1,1,3,0,1,3,0,0,30,0,0,0,0,1,4,2,3
,2021-46328,39.74020354,-105.0464799,10/15/2021 8:21,8:21,3,0,0,W COLFAX AVE & N WINONA CT,1,1,3,1,1,2,0,0,,0,0,0,0,0,2,2,16
,2021-46329,39.75104013,-104.9769462,10/23/2021 11:50,11:50,1,0,1,25TH AVE E & CLARKSON ST N,1,1,3,0,1,1,0,0,25,0,0,0,0,2,4,2,11
,2021-46330,39.73842353,-104.9873999,10/25/2021 7:01,7:01,10,0,0,BROADWAY ST N & 14TH AVE E,1,1,3,0,1,1,0,0,35,0,0,0,0,0,4,2,16
,2021-46331,39.72821353,-104.9590199,9/1/2021 9:51,9:51,6,0,0,700 BLK N JOSEPHINE ST & E 8TH AVE,1,1,3,0,1,4,0,0,30,0,0,0,0,0,4,2,13
,2021-46332,39.67862354,-105.0262899,10/26/2021 6:40,6:40,12,0,0,EVANS AVE W & FEDERAL BLVD S,1,2,3,0,1,1,0,0,30,0,0,0,0,0,2,2,3
,2021-46333,39.76865353,-105.0029599,10/10/2021 8:41,8:41,6,0,0,3700 BLK N MARIPOSA ST & W 38TH AVE,1,1,3,1,1,4,0,0,25,0,0,0,0,0,4,2,16
,2021-46335,39.66526354,-105.0233799,11/29/2021 18:44,18:44,6,0,0,W AMHERST AVE & S FEDERAL BLVD,1,4,3,1,1,4,0,0,25,0,0,0,0,0,4,2,16
,2021-46337,39.74014353,-104.9133699,10/23/2021 15:15,15:15,10,0,0,E COLFAX AVE & N LOCUST RD,1,1,3,0,1,2,0,0,35,0,0,0,0,0,2,2,9
,2021-46339,39.72850354,-105.0337199,10/21/2021 9:15,9:15,6,0,0,KING ST N & W 8TH AVE,1,1,3,0,1,4,0,0,25,0,0,0,0,0,4,2,1
,2021-46340,39.68930354,-104.9965899,10/22/2021 20:00,20:00,14,0,0,S PLATTE RIVER DR & W FLORIDA AVE,1,1,3,5,1,1,0,0,45,0,0,0,0,0,4,2,12
,2021-46343,39.70145354,-104.9875199,10/22/2021 13:45,13:45,12,0,0,S BROADWAY ST & I-25,1,1,3,0,1,1,0,0,30,0,0,0,0,0,4,2,3
,2021-46346,39.71967353,-104.9580299,10/8/2021 13:38,13:38,6,0,0,200 BLK N JOSEPHINE ST & E 3RD AVE,1,1,3,0,1,4,0,0,,0,0,0,0,0,4,2,16
,2021-46349,39.73686553,-104.9957269,10/25/2021 14:05,14:05,3,0,0,W 13TH AVE & N SPEER BLVD,1,1,3,0,1,1,0,0,30,0,0,0,0,0,4,2,13
,2021-46350,39.69295354,-104.9628999,10/25/2021 14:00,14:00,3,0,0,S VINE ST & E LOUSIANA AVE,1,1,3,0,1,1,0,0,25,0,0,0,0,0,4,2,1
,2021-46351,39.65303353,-104.87382,10/25/2021 10:25,10:25,12,0,0,HAMPDEN AVE & 9700 BLK E,1,1,3,0,1,3,0,0,45,0,0,0,0,0,2,2,10
,2021-46352,39.70145354,-104.9874899,10/22/2021 14:00,14:00,15,0,0,S BROADWAY ST & I-25 SB OFF/ON RAMPS,1,1,3,0,1,1,0,0,30,0,0,0,0,0,4,2,3
,2021-46353,39.70888004,-104.9863869,10/25/2021 10:41,10:41,10,0,1,E 6TH AVE & S LINCOLN ST,1,1,3,0,1,3,0,0,35,0,0,0,0,2,4,2,8
,2021-46354,39.72718353,-104.9861499,10/26/2021 8:35,8:35,11,0,1,LINCOLN ST & 600 BLK N,1,1,3,0,1,4,0,0,30,0,1,0,0,2,4,1,13
,2021-46357,39.76975353,-105.0252299,10/26/2021 13:25,13:25,3,0,0,W 38TH AVE & N FEDERAL BLVD,1,1,3,0,1,1,0,0,30,0,0,0,0,0,2,2,10
,2021-46374,39.76198353,-104.9653299,10/25/2021 12:10,12:10,12,0,0,E MLK BLVD & N HIGH ST,1,5,3,7,1,4,0,0,35,0,0,0,0,0,4,3,3
,2021-46384,39.79109353,-105.0439299,10/25/2021 16:17,16:17,3,0,0,TENNYSON ST N & W 52ND AVE,1,1,3,7,1,1,0,0,30,0,0,0,0,0,4,2,4
,2021-46386,39.77578352,-104.9222899,10/26/2021 8:12,8:12,12,0,0,HOLLY ST N & 42ND AVE E,1,1,3,0,1,4,0,0,30,0,0,0,0,0,4,3,13
,2021-46393,39.73658353,-105.0369199,10/26/2021 9:10,9:10,6,0,0,13TH AVE W & 3700 BLK W,1,1,3,0,1,4,0,0,25,0,0,0,0,0,4,2,16
,2021-46403,39.72561553,-104.9407909,10/26/2021 7:26,7:26,12,0,0,E 6TH AVE & N COLORADO BLVD,1,1,3,0,1,3,0,0,30,0,0,0,0,0,2,3,3
,2021-46406,39.68190354,-104.9550799,10/22/2021 16:00,16:00,12,0,0,E BUCHTEL BLVD & S CLAYTON ST,1,1,3,0,1,1,0,0,25,0,0,0,0,0,4,3,2
,2021-46416,39.73999353,-104.9599899,9/5/2021 8:47,8:47,3,0,1,E 17TH AVE & N HUMBOLDT ST,1,1,3,1,1,1,0,0,25,0,0,0,0,1,4,2,13
,2021-46419,39.72433353,-104.9406899,10/12/2021 7:56,7:56,12,0,0,N COLORADO BLVD & E 5TH AVE,1,1,3,0,1,1,0,0,,0,0,0,0,0,2,3,16
,2021-46422,39.7557147,-104.8540355,12/5/2021 2:47,2:47,6,0,1,EB MLK BLVD & N MOLINE ST,1,3,3,0,1,4,0,0,35,0,0,0,0,2,4,3,14
,2021-46485,39.70929353,-104.8659599,11/30/2021 13:50,13:50,6,0,0,E DAKOTA AVE & S HAVANA ST,1,1,3,0,1,1,0,0,,0,0,0,0,0,2,2,16
,2021-46486,39.67517353,-104.9144699,12/3/2021 23:56,23:56,15,0,0,MONACO ST S & UNK,1,4,3,0,1,4,0,0,25,0,0,0,0,0,4,2,3
,2021-46489,39.76835353,-104.9637999,12/6/2021 13:00,13:00,6,0,0,RACE ST N & 3711 N RACE ST,14,5,3,7,1,4,0,0,,0,0,0,0,0,4,2,16
,2021-46497,39.73306354,-105.0486699,12/6/2021 7:23,7:23,12,0,0,W 10TH AVE & N WOLFF ST,1,1,3,0,1,3,0,0,30,0,0,0,0,0,4,2,13
,2021-46506,39.74947353,-104.9953499,12/4/2021 17:20,17:20,10,0,0,17TH AVE & LAWRENCE ST,1,3,3,0,1,1,0,0,25,0,0,0,0,0,4,2,1
,2021-46509,39.72495094,-105.0160093,12/6/2021 6:51,6:51,12,0,0,HWY 6 EB DISTRIBUTOR RAMP GORE PT TO & I-25 NB/SB RAMP SPLIT,1,1,3,0,1,8,0,0,55,0,0,0,0,0,2,2,13
,2021-46510,39.71348354,-104.9982699,11/29/2021 13:40,13:40,15,0,0,SANTA FE DR S & CEDAR AVE W,14,1,3,0,1,1,0,0,30,0,0,0,0,0,4,2,3
,2021-46511,39.78345353,-105.0251799,12/5/2021 16:09,16:09,11,0,1,FEDERAL BLVD N & I-70 EB OFF RAMP,1,2,3,0,1,3,0,0,,0,1,0,0,1,2,1,16
,2021-46512,39.75618185,-105.0155256,12/3/2021 13:38,13:38,12,0,0,I-25 & SPEER BLVD S,1,1,3,0,1,4,0,0,55,0,0,0,0,0,1,3,3
,2021-46513,39.72861353,-104.9894799,12/4/2021 15:44,15:44,3,0,0,N BANNOCK ST & N SPEER BLVD,1,1,3,1,1,1,0,0,30,0,0,0,0,0,4,2,13
,2021-46514,39.76201353,-105.0131399,12/6/2021 18:30,18:30,3,0,0,32ND AVE W & VALLEJO ST N,1,3,3,0,1,1,0,0,25,0,0,0,0,0,4,2,13
,2021-46517,39.79809351,-104.8354999,12/6/2021 17:08,17:08,6,0,0,N UVALDA ST & E 56TH AVE,1,3,3,0,1,4,0,0,25,0,0,0,0,0,4,2,7
,2021-46518,39.75997251,-104.9175484,12/1/2021 18:09,18:09,12,0,0,I-70 & KEARNEY ST N,1,3,3,0,1,4,0,0,55,0,0,0,0,0,1,3,11
,2021-46520,39.70352354,-105.0249899,11/18/2021 8:20,8:20,12,0,0,FEDERAL BLVD S & EXPOSITION AVE W,1,1,3,0,1,3,0,0,40,0,0,0,0,0,2,2,10
,2021-46523,39.78379351,-104.80171,12/5/2021 17:25,17:25,3,0,3,E GVR BLVD & N KITTREDGE ST,1,3,3,0,1,1,0,0,25,0,0,0,0,2,4,3,13
,2021-46529,39.69674354,-105.0126999,12/2/2021 17:14,17:14,15,0,0,W MISSISSIPPI AVE & S TEJON ST,1,3,3,0,1,4,0,0,30,0,0,0,0,0,4,2,3
,2021-46534,39.63427354,-104.9070899,12/6/2021 6:31,6:31,12,0,0,I-25 & I-225,1,2,3,0,1,4,0,0,65,0,0,0,0,0,1,2,13
,2021-46537,39.74549353,-104.9873999,12/4/2021 18:31,18:31,15,0,0,1800 BLK N BROADWAY ST & E 18TH AVE,1,3,3,1,1,4,0,0,30,0,0,0,0,0,4,2,16
,2021-46539,39.72558391,-105.0264701,12/3/2021 8:12,8:12,12,0,0,6TH AVE W & I-25,1,1,3,0,1,4,0,0,45,0,0,0,0,0,1,2,3
,2021-46542,39.75534615,-104.9405209,11/4/2021 19:05,19:05,15,0,0,COLORADO BLVD N & 14TH AVE E,1,3,3,0,1,1,0,0,35,0,0,0,0,0,2,3,1
,2021-46550,39.74009353,-104.9980699,12/5/2021 3:19,3:19,3,0,0,COLFAX AVE W & SPEER BLVD N,1,3,3,0,1,1,0,0,,0,0,0,0,0,2,2,16
,2021-46552,39.72085354,-105.0100899,11/28/2021 19:10,19:10,5,0,0,2ND AVE & 2000 BLK W,1,3,3,0,2,4,0,0,35,0,0,0,0,1,4,1,16
,2021-46557,39.71110353,-104.9733899,9/8/2021 13:40,13:40,12,0,0,S DOWNING ST & E ALAMEDA AVE,1,1,3,0,1,1,0,0,25,0,0,0,0,0,4,2,3
,2021-46563,39.75131353,-105.0165199,12/2/2021 12:30,12:30,12,0,0,I-25 & 23RD AVE W,1,1,3,0,1,4,0,0,55,0,0,0,0,0,1,3,3
,2021-46565,39.74162353,-104.9647499,12/1/2021 12:58,12:58,11,0,1,HIGH ST N & 16TH AVE E,1,1,3,0,1,1,0,0,0,0,0,1,0,1,4,1,16
,2021-46566,39.62378354,-104.9017099,12/6/2021 9:33,9:33,15,0,0,I-25 & BELLEVIEW AVE E,1,1,3,0,1,4,0,0,65,0,0,0,0,0,1,2,13
,2021-46567,39.71819353,-104.9732199,12/5/2021 9:09,9:09,3,0,0,E SPEER BLVD & N DOWNING ST,1,1,3,0,1,1,0,0,30,0,0,0,0,1,4,2,3
,2021-46569,39.69764354,-105.0366999,12/6/2021 8:04,8:04,1,0,0,NEWTON ST S & MISSISSIPPI AVE W,1,1,3,1,1,4,0,0,25,0,0,0,0,0,4,2,13
,2021-46575,39.64750354,-104.8849499,11/30/2021 17:15,17:15,3,0,0,LEHIGH AVE E & YOSEMITE ST S,1,3,3,0,1,1,0,0,25,0,0,0,0,0,4,2,3
,2021-46585,39.76426353,-104.9864999,12/4/2021 22:25,22:25,11,0,1,BRIGHTON BLVD N & 29TH ST,1,3,3,0,1,4,0,0,0,0,1,0,0,3,4,1,16
,2021-46635,39.63393355,-105.0986399,12/3/2021 19:00,19:00,6,0,0,STETSON PL W & EVERETT ST S,1,3,0,0,1,4,0,0,25,0,0,0,0,0,4,2,16
,2021-46636,39.69852353,-104.9035399,11/6/2021 22:35,22:35,12,0,0,LEETSDALE DR & S QUEBEC ST,1,3,0,0,1,3,0,0,45,0,0,0,0,0,2,2,3
,2021-46637,39.68757354,-104.9887299,11/7/2021 15:59,15:59,3,0,0,W IOWA AVE & S ACOMA ST,1,1,2,0,1,1,0,0,25,0,0,0,0,0,4,2,5
,2021-46638,39.72912554,-105.1239386,11/12/2021 13:50,13:50,15,0,0,I-25 & 8TH AVE W,1,1,1,0,1,4,0,0,65,0,0,0,0,0,1,2,16
,2021-46639,39.68070354,-105.0572399,12/3/2021 22:00,22:00,6,0,0,1900 BLK S DEPEW ST & W JEWELL AVE,1,3,0,0,1,2,0,0,25,0,0,0,0,0,4,2,16
,2021-46640,39.68309354,-104.9405399,9/16/2021 19:33,19:33,12,0,1,I-25 NB ENT RAMP [GORE PT] & S COLORADO BLVD,1,3,0,0,1,8,0,0,45,0,0,0,0,1,1,3,13
,2021-46641,39.72409354,-105.0532399,11/12/2021 21:02,21:02,1,0,1,SHERIDAN BLVD N & 5TH AVE W,1,3,0,0,1,1,0,0,40,0,0,0,0,1,2,2,5
,2021-46642,39.75120353,-105.0205199,11/25/2021 12:36,12:36,12,0,0,W 23RD AVE & N CLAY ST,1,1,1,0,1,3,0,0,30,0,0,0,0,0,4,2,3
,2021-46643,39.67188354,-104.9367799,11/8/2021 21:55,21:55,15,0,0,BIRCH ST S & DICKENSON PL E,1,3,0,0,1,4,0,0,25,0,0,0,0,0,4,2,13
,2021-46644,39.68575354,-104.9822099,12/4/2021 14:03,14:03,3,0,1,MEXICO AVE E & COLORADO BLVD S,1,1,0,0,1,2,0,0,15,0,0,0,0,1,4,2,13
,2021-46645,39.74765353,-105.0024799,11/12/2021 14:44,14:44,12,0,0,N SPEER BLVD & AURARIA PKWY,1,1,0,0,1,1,0,0,35,0,0,0,0,0,4,2,16
,2021-46646,39.72527841,-105.1417334,11/12/2021 13:50,13:50,12,0,0,I-25 & 6TH AVE W,1,1,0,0,1,4,0,0,65,0,0,0,0,0,1,3,13
,2021-46647,39.78025353,-105.0251799,11/26/2021 12:36,12:36,3,0,0,FEDERAL BLVD N & 46TH AVE W,1,1,1,0,1,1,0,0,35,0,0,0,0,0,2,2,16
,2021-46648,39.77561352,-104.8657299,12/1/2021 14:15,14:15,12,0,2,I-70 & HAVANA ST N,1,1,0,0,1,4,0,0,65,0,0,0,0,1,1,1,13
,2021-46649,39.67460354,-104.9400699,11/8/2021 21:40,21:40,12,0,0,COLORADO BLVD S & ILIFF AVE E,1,3,0,0,1,4,0,0,35,0,0,0,0,0,2,2,1
,2021-46650,39.72931353,-105.0150399,11/5/2021 10:38,10:38,15,0,0,I-25 & 8TH AVE W,1,1,0,0,1,4,0,0,65,0,0,0,0,0,1,2,16
,2021-46651,39.78647352,-104.9782799,11/4/2021 16:08,16:08,10,0,0,WASHINGTON ST N & 50TH AVE W,1,1,0,0,1,4,0,0,30,0,0,0,0,0,4,4,13
,2021-46652,39.74378352,-104.8940299,11/7/2021 2:13,2:13,5,0,1,17TH AVE E & ULSTER ST N,1,4,0,0,3,4,0,0,35,0,0,0,0,2,4,1,6
,2021-46653,39.73833353,-104.9450599,10/22/2021 18:00,18:00,6,0,0,E 14TH AVE & N MONROE ST,1,2,1,0,1,2,0,0,30,0,0,0,0,0,4,2,5
,2021-46654,39.63413354,-104.9067299,12/2/2021 10:00,10:00,12,0,0,I-25 NB OFF RAMP TO & I-225 NB,1,1,1,0,1,8,0,0,65,0,0,0,0,0,1,3,13
,2021-46655,39.77999352,-104.9582299,12/2/2021 7:39,7:39,12,0,0,I-70 & JOSEPHINE ST N,1,1,0,0,1,4,0,0,65,0,0,0,0,0,1,3,3
,2021-46656,39.69281354,-105.0527599,11/9/2021 16:30,16:30,12,0,1,SHERIDAN BLVD S & WYOMING PL W,1,1,1,0,1,1,0,0,40,0,0,0,0,1,2,2,13
,2021-46657,39.68939954,-104.9920549,11/17/2021 17:17,17:17,12,0,1,SANTA FE DR S & FLORIDA AVE W,1,2,0,0,1,3,0,0,40,0,0,0,0,1,2,2,5
,2021-46658,39.77419352,-104.8470299,11/8/2021 7:15,7:15,12,0,0,I-70 & PEORIA ST N,1,1,0,0,1,4,0,0,65,0,0,0,0,0,1,3,16
,2021-46659,39.74246353,-104.9798799,12/1/2021 1:54,1:54,6,0,0,1600 BLK N PEARL ST & E 17TH AVE,1,3,0,0,1,4,0,0,30,0,0,0,0,0,4,5,14
,2021-46660,39.79837151,-104.772212,10/29/2021 20:22,20:22,1,0,0,N TOWER RD & E 56TH AVE,1,3,0,0,1,1,0,0,45,0,0,0,0,0,4,2,1
,2021-46661,39.77420352,-104.8470299,10/21/2021 7:52,7:52,12,0,0,I-70 & N PEORIA ST,1,1,0,0,1,4,0,0,65,0,0,0,0,0,1,2,14
,2021-46662,39.72551353,-105.0133499,12/2/2021 5:42,5:42,5,0,0,I-25 & 6TH AVE W,1,3,1,0,2,4,0,0,65,0,0,0,0,0,1,3,1
,2021-46663,39.78729353,-105.0531499,11/12/2021 11:01,11:01,15,0,0,SHERIDAN BLVD N & 49TH AVE W,1,1,1,0,1,3,0,0,35,0,0,0,0,0,2,2,16
,2021-46664,39.71779353,-104.9413299,12/2/2021 15:29,15:29,10,0,0,1ST AVE E & HARRISON ST N,1,1,0,0,1,9,0,0,25,0,0,0,0,0,4,2,13
,2021-46665,39.74323353,-105.0260499,11/8/2021 15:20,15:20,12,0,0,16TH 17TH ALY & N FEDERAL GROVE ALY,1,1,0,0,1,1,0,0,35,0,0,0,0,0,4,2,13