id,drcog_id,latitude,longitude,crashtime,time,crashtype,numbkilled,numbinjurd,drcoglocat,rdconditin,lightngcon,roadcntgrd,weatherco,location,roaddescrp,schoolzone,constrzone,splimit,bikeinv,pedinv,sctrinv,motoinv,svrty,rdsystem,ttlvehcls,hcf
,2021-46666,39.70570353,-104.8886599,11/8/2021 12:55,12:55,2,0,1,FAIRMOUNT DR E & 8500 BLK E,1,1,0,0,1,6,0,0,15,1,0,0,0,2,4,2,1
,2021-46667,39.72613404,-105.0532911,10/6/2021 18:30,18:30,12,0,0,6TH AVE WB OFF RAMP & SHERIDAN BLVD,1,1,1,0,1,3,0,0,30,0,0,0,0,0,2,2,13
,2021-46668,39.65307354,-104.9184399,12/1/2021 17:17,17:17,12,0,1,I-25 & HAMPDEN AVE E,1,3,0,0,1,4,0,0,60,0,0,0,0,1,1,2,13
,2021-46669,39.77987352,-104.9671599,11/30/2021 19:20,19:20,15,0,0,I-70 & BRIGHTON BLVD N,1,3,0,0,1,4,0,0,60,0,0,0,0,0,2,2,13
,2021-46670,39.78924353,-105.0345899,9/6/2021 18:55,18:55,6,0,0,N LOWELL BLVD & W 51ST AVE,1,3,0,0,3,4,0,0,35,0,0,0,0,0,4,2,16
,2021-46671,39.73686353,-104.9764399,12/2/2021 14:19,14:19,3,0,1,E 13TH AVE & N EMERSON ST,1,1,0,0,1,1,0,0,30,0,0,0,0,2,4,2,13
,2021-46672,39.7437871,-105.1188925,11/30/2021 17:10,17:10,12,0,0,I-25 & 17TH AVE W,1,3,0,0,1,4,0,0,65,0,0,0,0,0,1,3,13
,2021-46673,39.77936353,-105.0251299,11/3/2021 18:58,18:58,11,0,1,FEDERAL BLVD N & 4500 BLK N,1,3,0,0,1,4,0,0,35,0,1,0,0,3,2,1,16
,2021-46674,39.73287353,-104.9634899,12/1/2021 2:13,2:13,6,0,0,1000 N RACE ST & 11TH AVE,1,3,0,0,1,4,0,0,25,0,0,0,0,0,4,2,5
,2021-46675,39.67846354,-104.9529499,10/15/2021 3:00,3:00,5,0,0,E EVANS AVE & S MILWAUKEE ST,1,3,0,0,2,5,0,1,35,0,0,0,0,0,4,1,1
,2021-46676,39.77749514,-104.8955137,11/5/2021 23:50,23:50,5,0,0,I-270 & MM 4,1,3,0,0,3,4,0,0,65,0,0,0,0,0,1,1,14
,2021-46677,39.75131353,-105.0165199,10/22/2021 16:21,16:21,12,0,1,I-25 & W 23RD AVE,1,1,0,0,1,4,0,0,65,0,0,0,0,1,1,2,16
,2021-46678,39.75967353,-104.9984199,10/3/2021 1:20,1:20,14,0,0,2900 BLK N INCA ST & W 30TH AVE,1,3,0,0,1,4,0,0,25,0,0,0,0,0,4,2,14
,2021-46681,39.72026354,-105.0239299,10/22/2021 10:59,10:59,6,0,1,2ND AVE W & DECATUR ST N,1,1,3,0,1,4,0,0,25,0,0,0,0,2,4,2,16
,2021-46684,39.73286353,-104.9596999,8/16/2021 10:55,10:55,10,0,0,1000 BLK N YORK ST & E 11TH AVE,1,1,3,0,1,2,0,0,30,0,0,0,0,0,4,2,8
,2021-46689,39.67845554,-104.9222509,10/28/2021 7:52,7:52,15,0,0,EVANS AVE E & HOLLY ST S,1,1,3,0,1,4,0,0,30,0,0,0,0,0,4,2,13
,2021-46690,39.73384353,-104.9861199,10/1/2021 13:29,13:29,11,0,1,N LINCOLN ST & E 11TH AVE,1,1,3,0,1,3,0,0,30,0,1,0,0,3,4,1,1
,2021-46691,39.77665352,-104.8449499,11/25/2021 22:10,22:10,5,0,0,44TH AVE E & QUENTIN ST N,1,3,3,0,3,1,0,0,35,0,0,0,0,0,4,1,16
,2021-46692,39.67852354,-104.9757399,12/7/2021 8:08,8:08,12,0,0,EVANS AVE E & S OGDEN ST,1,1,3,0,1,3,0,0,30,0,0,0,0,1,4,3,3
,2021-46694,39.71498354,-105.0505799,10/27/2021 9:12,9:12,5,0,0,W BAYAUD AVE & S ZENOBIA ST,1,1,3,0,1,4,0,0,25,0,0,0,0,0,4,1,3
,2021-46695,39.63571355,-105.0859899,10/28/2021 10:00,10:00,1,0,1,STANFORD AVE W & S ZEPHYR ST,1,1,3,0,1,1,0,0,30,0,0,0,0,2,4,2,13
,2021-46696,39.65300354,-104.9406699,10/27/2021 11:20,11:20,5,0,0,E HAMPDEN AVE & S COLORADO BLVD,1,1,3,0,3,3,0,0,40,0,0,0,0,0,2,1,10
,2021-46699,39.73507353,-104.9795699,11/26/2021 14:01,14:01,6,0,0,600 BLK E 12TH AVE & N WASHINGTON ST,1,1,3,0,1,9,0,0,,0,0,0,0,0,4,2,16
,2021-46700,39.67840354,-104.9407399,12/7/2021 10:34,10:34,15,0,0,COLORADO BLVD S & EVANS AVE E,1,1,3,0,1,3,0,0,35,0,0,0,0,0,2,2,1
,2021-46704,39.69669854,-104.9918704,10/29/2021 6:29,6:29,1,0,0,MISSISSIPPI AVE W & SANTA FE DR S,1,3,3,0,1,1,0,0,35,0,0,0,0,0,2,2,11
,2021-46706,39.73700353,-104.9797499,11/13/2021 11:00,11:00,6,0,0,PEARL ST N & 13TH AVE E,1,1,3,0,1,4,0,0,25,0,0,0,0,0,4,2,11
,2021-46707,39.73293353,-105.0321299,12/7/2021 16:57,16:57,3,0,0,10TH AVE W & N KNOX CT,1,3,3,0,1,1,0,0,35,0,0,0,0,1,4,2,13
,2021-46708,39.77874353,-104.9792399,12/7/2021 9:21,9:21,15,0,0,WASHINGTON ST N & E 45TH AVE,1,1,3,1,1,4,0,0,30,0,0,0,0,0,4,2,16
,2021-46709,39.67845353,-104.9127999,10/28/2021 10:28,10:28,12,0,0,EVANS AVE E & MONACO ST S,1,1,3,0,1,4,0,0,35,0,0,0,0,0,4,2,13
,2021-46710,39.79630788,-104.8894594,12/7/2021 9:18,9:18,12,0,0,11TH AVE E & WABASH ST N,1,1,3,0,1,1,0,0,30,0,0,0,0,0,4,2,13
,2021-46711,39.73921353,-104.9798999,12/7/2021 11:35,11:35,6,0,0,PEARL ST N & COLFAX AVE E,1,1,3,0,1,2,0,0,30,0,0,0,0,0,4,2,13
,2021-46714,39.75277353,-104.9874099,10/28/2021 5:52,5:52,10,0,0,22ND ST & N BROADWAY ST,1,2,3,0,1,1,0,0,30,0,0,0,0,0,4,2,13
,2021-46715,39.72907353,-104.9729299,11/18/2021 14:57,14:57,3,0,1,N DOWNING ST & 8TH AVE,1,1,3,0,1,1,0,0,30,0,0,0,0,2,4,2,1
,2021-46716,39.76262101,-104.9835188,10/28/2021 13:39,13:39,15,0,0,BLAKE ST & 22ND ST,1,1,3,0,1,1,0,0,25,0,0,0,0,0,4,2,11
,2021-46720,39.76944353,-105.0315299,12/7/2021 17:51,17:51,12,0,0,38TH AVE W & N JULIAN ST,1,3,3,0,1,4,0,0,35,0,0,0,0,1,4,2,1
,2021-46722,39.74035353,-105.0252099,10/28/2021 11:40,11:40,5,0,1,W COLFAX AVE & N FEDERAL BLVD,1,1,3,0,6,4,0,0,35,0,0,0,0,2,2,1,13
,2021-46726,39.67474353,-104.8752899,12/6/2021 16:15,16:15,12,0,0,E ILIFF AVE & S DAYTON WAY,1,1,3,0,1,1,0,0,30,0,0,0,0,0,4,3,3
,2021-46727,39.71482354,-105.0086099,12/6/2021 16:30,16:30,6,0,0,S RARITAN ST & W BAYAUD AVE,1,1,3,0,1,4,0,0,25,0,0,0,0,0,4,2,7
,2021-46729,39.77879053,-104.9894089,12/7/2021 14:36,14:36,12,0,0,I-25 & I-225,1,1,3,0,1,4,0,0,65,0,0,0,0,0,1,2,13
,2021-46730,39.72110353,-104.9595099,12/6/2021 14:00,14:00,6,0,0,YORK ST N & 3RD AVE E,1,1,3,0,1,1,0,0,25,0,0,0,0,0,4,2,3
,2021-46731,39.75078353,-104.9813399,10/28/2021 1:00,1:00,6,0,0,GLENARM PL & PARK AVE W,1,3,3,0,1,4,0,0,,0,0,0,0,0,4,2,16
,2021-46732,39.72929354,-105.0324999,12/6/2021 0:47,0:47,6,0,0,N KNOX CT & W 8TH AVE,14,3,3,7,1,4,0,0,30,0,0,0,0,0,4,3,16
,2021-46734,39.79824351,-104.8218299,10/27/2021 7:51,7:51,12,0,0,56TH AVE E & CROWN BLVD,1,1,3,0,1,4,0,0,40,0,0,0,0,0,4,2,13
,2021-46735,39.79766352,-104.9034999,11/26/2021 15:25,15:25,15,0,0,QUEBEC ST N & 56TH AVE E,1,1,3,0,1,4,0,0,35,0,0,0,0,0,4,2,16
,2021-46736,39.83270652,-104.974385,12/7/2021 14:44,14:44,15,0,0,E-470 & 75TH AVE E,1,1,3,0,1,4,0,0,75,0,0,0,0,0,4,2,16
,2021-46737,39.69299354,-104.9779699,12/7/2021 8:02,8:02,12,0,0,I-25 & LOUISIANA AVE E,1,1,3,0,1,4,0,0,60,0,0,0,0,0,1,2,7
,2021-46739,39.67846454,-104.9315884,11/29/2021 18:05,18:05,12,0,0,E EVANS AVE & S DAHLIA ST,1,4,3,0,1,4,0,0,35,0,0,0,0,0,4,3,13
,2021-46740,39.67474353,-104.8752899,12/6/2021 15:30,15:30,12,0,0,E ILIFF AVE & S DAYTON WAY,1,1,3,0,1,1,0,0,30,0,0,0,0,0,4,2,3
,2021-46741,39.74696353,-104.9873899,10/29/2021 15:20,15:20,10,0,0,BROADWAY ST N & 19TH ST,1,1,3,0,1,1,0,0,35,0,0,0,0,1,4,2,7
,2021-46742,39.76111451,-105.0080837,10/28/2021 13:04,13:04,8,0,0,18TH ST & GLENARM ST,1,1,3,0,1,1,0,0,30,0,0,0,0,0,4,2,8
,2021-46743,39.67955354,-104.9315899,8/10/2021 15:46,15:46,3,0,0,S CAHLIA ST & E PACIFIC PL,1,1,3,0,1,1,0,0,25,0,0,0,0,0,4,2,3
,2021-46744,39.71100353,-104.9480099,8/12/2021 13:24,13:24,12,0,1,E CHERRY CREEK S DR & E ALAMEDA AVE,1,1,3,0,1,1,0,0,35,0,0,0,0,1,4,2,14
,2021-46745,39.77502353,-105.0041899,12/6/2021 19:30,19:30,6,0,0,N NAVAJO ST & W 43RD AVE,1,4,3,0,1,4,0,0,,0,0,0,0,0,4,2,16
,2021-46746,39.75406352,-104.9046299,10/28/2021 13:15,13:15,6,0,0,N POPLAR ST & E 26TH AVE,1,1,3,0,1,4,0,0,25,0,0,0,0,0,4,2,16
,2021-46747,39.72561353,-104.9823499,10/29/2021 9:07,9:07,10,0,0,N LOGAN ST & E 6TH AVE,1,1,3,0,1,1,0,0,30,0,0,0,0,0,4,2,8
,2021-46748,39.67472053,-104.8707799,10/25/2021 18:20,18:20,12,0,0,ILIFF AVE E & PARKER RD S,1,3,3,0,1,1,0,0,30,0,0,0,0,0,2,2,3
,2021-46750,39.73964653,-105.011368,12/6/2021 7:35,7:35,12,0,0,COLFAX AVE W & DECATUR ST N,1,1,3,0,1,4,0,0,40,0,0,0,0,0,2,2,1
,2021-46751,39.77939353,-104.9791499,11/17/2021 11:15,11:15,15,0,0,WASHINGTON ST N & I-70,1,1,3,0,1,4,0,0,30,0,0,0,0,0,4,2,1
,2021-46752,39.78010352,-104.9497999,12/6/2021 15:10,15:10,12,0,0,I-70 & STEELE ST N,1,1,3,0,1,4,0,0,55,0,0,0,0,0,1,3,16
,2021-46753,39.77939353,-104.9791499,11/22/2021 6:30,6:30,12,0,0,I-70 EB EXIT GORE PT TO & WASHINGTON ST N,1,1,3,0,1,8,0,0,55,0,0,0,0,0,1,2,1
,2021-46757,39.72491353,-104.9985699,12/7/2021 8:15,8:15,15,0,0,SANTA FE DR N & W 6TH AVE,1,1,3,0,1,3,0,0,35,0,0,0,0,0,4,2,7
,2021-46759,39.68755354,-104.9734199,10/28/2021 15:09,15:09,3,0,0,S DOWNING ST & E IOWA AVE,1,1,3,0,1,1,0,0,30,0,0,0,0,0,4,2,11
,2021-46760,39.72198353,-104.9127499,10/29/2021 14:17,14:17,3,0,0,N MONACO ST & E 4TH AVE,1,1,3,0,1,3,0,0,25,0,0,0,0,0,4,2,16
,2021-46761,39.73764353,-104.9787199,10/29/2021 11:10,11:10,15,0,0,WASHINGTON ST N & 14TH AVE E,1,1,3,0,1,4,0,0,25,0,0,0,0,1,4,2,16
,2021-46773,39.77693352,-104.9447899,6/7/2021 10:58,10:58,6,0,0,3600 BLK E 44TH AVE & N GARFIELD ST,1,1,3,0,1,4,0,0,25,0,0,0,0,0,4,2,16
,2021-46774,39.71463353,-104.9406899,10/27/2021 13:50,13:50,12,0,0,S COLORADO BLVD & E BAYAUD AVE,1,1,3,0,1,1,0,0,35,0,0,0,0,0,2,3,3
,2021-46776,39.79821351,-104.8271799,10/27/2021 8:15,8:15,1,0,2,E 56TH AVE & N POTOMAC WAY,1,1,3,0,1,1,0,0,40,0,0,0,0,1,4,2,10
,2021-46778,39.73999353,-105.0299899,10/28/2021 6:40,6:40,6,0,0,KING ST & 1500 BLK N,1,1,3,1,1,4,0,0,,0,0,0,0,0,4,3,16
,2021-46779,39.76189352,-104.9081699,10/28/2021 8:45,8:45,8,0,0,MLK BLVD E & N ONEIDA ST,1,1,3,0,1,1,0,0,25,0,0,0,0,0,4,2,11
,2021-46783,39.69999353,-104.9399899,10/26/2021 15:50,15:50,12,0,0,CHERRY CREEK DR NE & COLORADO BLVD S,1,1,3,0,1,1,0,0,25,0,0,0,0,0,2,2,3
,2021-46784,39.75846353,-105.0520699,10/21/2021 16:34,16:34,3,0,0,N ZENOBIA ST & W 29TH AVE,1,1,3,0,1,1,0,0,25,0,0,0,0,0,4,2,1
,2021-46787,39.68265354,-105.0297799,10/28/2021 8:39,8:39,6,0,1,IRVING ST S & W JEWELL AVE,1,1,3,1,1,4,0,0,25,0,0,0,0,2,4,3,16
,2021-46788,39.68756354,-104.9920599,10/28/2021 13:48,13:48,12,0,1,S SANTA FE DR & W IOWA AVE,1,1,3,0,1,4,0,0,40,0,0,0,0,1,2,3,11
,2021-46789,39.65309354,-104.9090899,10/28/2021 11:39,11:39,1,0,0,E HAMPDEN AVE & S ONEIDA WAY,1,1,3,0,1,1,0,0,35,0,0,0,0,0,2,2,13
,2021-46791,39.75949352,-104.8641999,10/27/2021 7:45,7:45,12,0,0,MLK BLVD E & N HAVANA ST,1,2,3,0,1,3,0,0,30,0,0,0,0,0,4,2,13
,2021-46792,39.74164353,-104.9747599,10/14/2021 19:37,19:37,3,0,0,E 16TH AVE & N OGDEN ST,1,3,3,0,1,1,0,0,,0,0,0,0,0,4,2,16
,2021-46793,39.72382353,-104.8841899,10/27/2021 8:06,8:06,3,0,0,N YOSEMITE ST & E LOWRY BLVD,1,1,3,0,1,6,0,0,25,0,0,0,0,0,4,2,8
,2021-46794,39.71115662,-104.9482516,10/27/2021 17:00,17:00,1,0,1,CHERRY CREEK DR SE & ALAMEDA AVE E,1,1,3,0,1,1,0,0,25,0,0,0,0,3,4,2,3
,2021-46795,39.78026353,-104.9895499,10/22/2021 7:44,7:44,12,0,0,I-25 SB ON RAMP & I-70 INTERCHANGE,1,1,3,0,1,4,0,0,55,0,0,0,0,0,1,2,7
,2021-46797,39.79109353,-105.0251799,10/28/2021 7:00,7:00,1,0,1,N FEDERAL BLVD & W 52ND AVE,1,1,3,0,1,1,0,0,35,0,0,0,0,1,2,2,13
,2021-46800,39.66772755,-105.0815284,10/27/2021 6:40,6:40,15,0,0,WADSWORTH BLVD S & YALE AVE W,1,3,3,1,1,3,0,0,45,0,0,0,0,0,2,2,3
,2021-46805,39.71939353,-104.9546199,10/27/2021 11:35,11:35,6,0,0,2ND AVE E & S CLAYTON ST,1,1,3,0,1,4,0,0,25,0,0,0,0,0,4,2,11
,2021-46808,39.78651351,-104.80203,10/27/2021 8:40,8:40,12,0,0,N KITTREDGE ST & E 51ST AVE,1,1,3,0,1,4,0,0,30,0,0,0,0,0,4,2,7
,2021-46810,39.71939353,-104.9546099,10/26/2021 18:45,18:45,15,0,0,N DETROIT ST & E 2ND AVE,11,1,3,1,1,1,0,0,25,0,0,0,0,0,4,2,3
,2021-46811,39.74008353,-105.0027999,10/27/2021 7:53,7:53,1,0,0,W COLFAX AVE & N MARIPOSA ST,1,1,3,0,1,1,0,0,35,0,0,0,0,0,2,2,13
,2021-46812,39.76211353,-105.0322599,10/27/2021 9:29,9:29,3,0,0,N JULIAN ST & E 32ND AVE,1,1,3,0,1,1,0,0,25,0,0,0,0,0,4,2,13
,2021-46815,39.71117354,-104.9932399,10/28/2021 15:53,15:53,12,0,0,W ALAMEDA AVE & S CHEROKEE ST,1,1,3,0,1,4,0,0,,0,0,0,0,0,4,2,16
,2021-46819,39.73829353,-104.9245999,10/29/2021 6:32,6:32,10,0,0,14TH AVE E & GRAPE ST N,1,1,3,0,1,9,0,0,30,0,0,0,0,0,4,2,16
,2021-46821,39.78376352,-104.9406199,10/28/2021 14:05,14:05,10,0,1,E 48TH AVE & N COLORADO FRONTAGE RD,1,1,3,0,1,4,0,0,35,0,0,0,0,1,4,2,1
,2021-46823,39.66381063,-105.0308017,10/29/2021 11:37,11:37,15,0,0,ALAMEDA AVE & S IRVING ST,1,1,3,0,1,4,0,0,35,0,0,0,0,0,2,2,13
,2021-46824,39.72566353,-104.9928199,10/14/2021 5:30,5:30,11,0,2,N DELAWARE ST & W 6TH AVE,1,3,3,0,1,1,0,0,25,0,1,0,0,3,4,1,10
,2021-46830,39.72095353,-104.9406899,10/28/2021 13:35,13:35,1,0,0,N COLORADO BLVD & E 3RD AVE,1,1,3,0,1,1,0,0,35,0,0,0,0,0,2,2,11
,2021-46836,39.77036353,-105.0380499,11/22/2021 8:26,8:26,6,0,0,3800 BLK N OSCEOLA ST & W. 38TH AVE,1,1,3,0,1,4,0,0,25,0,0,0,0,0,4,2,16
,2021-46838,39.75142353,-105.0392199,12/6/2021 13:56,13:56,15,0,0,PERRY ST N & 23RD AVE W,1,1,3,0,1,4,0,0,,0,0,0,0,0,4,2,16
,2021-46839,39.69028354,-104.9886999,10/12/2021 18:30,18:30,6,0,0,1400 BLK S ACOMA ST & W FLORIDA AVE,1,2,3,0,1,4,0,0,,0,0,0,0,0,4,2,16
,2021-46841,39.77282351,-104.80162,12/5/2021 9:42,9:42,3,0,0,40TH AVE E & KITTREDGE ST N,1,1,3,0,1,1,0,0,40,0,0,0,0,0,4,2,14
,2021-46842,39.76558353,-105.0299299,12/6/2021 8:14,8:14,12,0,0,N IRVING ST & W 35TH AVE,1,1,3,0,1,1,0,0,30,0,0,0,0,0,4,2,3
,2021-46843,39.78326353,-105.0064199,12/7/2021 17:14,17:14,12,0,1,I-70 & PECOS ST N,1,3,3,0,1,4,0,0,55,0,0,0,0,1,1,2,13
,2021-46845,39.69675254,-105.0250579,12/4/2021 18:47,18:47,3,0,1,FEDERAL BLVD S & MISSISSIPPI AVE W,1,3,3,0,1,1,0,0,40,0,0,0,0,1,2,3,1
,2021-46846,39.67728354,-105.0572399,11/17/2021 7:28,7:28,6,0,0,2100 BLK S DEPEW ST & W WARREN AVE,1,1,3,1,1,4,0,0,25,0,0,0,0,0,4,2,16
,2021-46850,39.76563353,-105.0095999,8/29/2021 12:13,12:13,2,0,0,N SHOSHONE ST & W 35TH AVE,1,1,3,0,1,1,0,0,25,1,0,0,0,0,4,1,1
,2021-46851,39.78290353,-105.0064099,10/28/2021 6:35,6:35,12,0,0,PECOS ST N & 47TH AVE W,1,4,3,0,1,6,0,0,30,0,0,0,0,0,4,2,7
,2021-46852,39.67848354,-104.9693199,12/6/2021 22:03,22:03,6,0,0,1500 BLK E EVANS AVE & S FRANKLIN ST,1,3,3,0,1,4,0,0,35,0,0,0,0,0,4,2,3
,2021-46854,39.74481353,-104.9671999,12/6/2021 18:01,18:01,3,0,0,N GILPIN ST & E 18TH AVE,1,3,3,0,1,1,0,0,35,0,0,0,0,1,4,2,14
,2021-46855,39.74764353,-105.0024799,12/7/2021 11:10,11:10,3,0,1,SPEER BLVD N & AURARIA PKWY,1,1,3,0,1,1,0,0,30,0,0,0,0,1,4,2,13
,2021-46856,39.69128354,-105.0273799,12/7/2021 10:35,10:35,15,0,0,3200 BLK W ARKANSAS AVE & S IRVING ST,1,1,3,0,1,4,0,0,25,0,0,0,0,0,4,2,10
,2021-46857,39.78622083,-104.9002277,12/7/2021 16:19,16:19,15,0,0,I-270 & QUEBEC ST N,1,1,3,0,1,4,0,0,35,0,0,0,0,0,1,2,13
,2021-46858,39.77384352,-104.9417199,12/7/2021 6:01,6:01,12,0,0,41ST AVE & 3900 BLK E,1,2,3,0,1,2,0,0,25,0,0,0,0,0,4,2,11
,2021-46859,39.77663353,-105.0252099,12/3/2021 12:10,12:10,1,0,0,FEDERAL BLVD N & 44TH AVE W,1,1,3,0,1,1,0,0,35,0,0,0,0,0,2,2,16
,2021-46860,39.75534615,-104.9405209,12/7/2021 9:44,9:44,12,0,0,COLORADO BLVD & I-70 EB ON RAMP,1,1,3,0,1,1,0,0,35,0,0,0,0,0,4,2,13
,2021-46861,39.76660353,-105.0532399,12/2/2021 15:15,15:15,12,0,0,SHERIDAN BLVD N & 37TH AVE W,1,1,3,0,1,3,0,0,35,0,0,0,0,0,2,3,13
,2021-46862,39.78375353,-105.0345599,12/6/2021 12:19,12:19,3,0,0,N LOWELL BLVD & W 48TH AVE,1,1,3,0,1,1,0,0,25,0,0,0,0,0,4,2,3
,2021-46863,39.70403354,-105.0250799,12/6/2021 17:37,17:37,12,0,0,FEDERAL BLVD S & GILL PL W,1,3,3,0,1,4,0,0,35,0,0,0,0,0,2,2,13
,2021-46865,39.73726352,-104.8905499,11/19/2021 7:55,7:55,10,0,0,E 13TH AVE & N VERBENA ST,1,1,3,0,1,1,0,0,30,0,0,0,0,0,4,2,13
,2021-46866,39.74012353,-104.9406599,12/7/2021 10:55,10:55,15,0,0,COLFAX AVE E & COLORADO BLVD N,1,1,3,0,1,1,0,0,30,0,0,0,0,0,2,2,13
,2021-46867,39.72590354,-105.0252334,12/7/2021 18:12,18:12,12,0,0,6TH AVE W & FEDERAL BLVD N,1,3,3,0,1,4,0,0,55,0,0,0,0,0,2,3,1
,2021-46868,39.80146352,-104.8818199,12/7/2021 7:45,7:45,3,0,0,N BEELER CT & E 58TH AVE,1,1,3,0,1,1,0,0,25,0,0,0,0,1,4,2,10
,2021-46869,39.75465353,-104.9946999,12/6/2021 15:00,15:00,12,0,0,1500 BLK 20TH ST & BLAKE ST,1,1,3,0,1,3,0,0,30,0,0,0,0,0,4,2,13
,2021-46871,39.72553353,-105.0131199,10/17/2021 3:15,3:15,6,0,0,I-25 & W 6TH AVE,1,4,3,0,1,8,0,0,55,0,0,0,0,0,1,2,16
,2021-46873,39.75597352,-104.9033899,12/6/2021 12:35,12:35,15,0,0,N QUEBEC ST & E 28TH AVE,1,1,3,0,1,4,0,0,35,0,0,0,0,0,4,2,13
,2021-46874,39.65314354,-104.9153499,8/19/2021 14:00,14:00,12,0,0,E HAMPDEN AVE & S LOCUST ST,1,1,3,0,1,3,0,0,35,0,0,0,0,0,2,2,16
,2021-46875,39.77106352,-104.8458899,12/6/2021 15:40,15:40,10,0,0,39TH AVE E & QUENTIN ST N,1,2,3,6,1,4,0,0,30,0,0,0,0,0,4,2,7
,2021-46877,39.73384353,-104.9861199,10/27/2021 15:52,15:52,12,0,0,LINCOLN ST N & E 11TH AVE,1,1,3,6,1,4,0,0,30,0,0,0,0,1,4,2,8
,2021-46878,39.68930354,-104.9453499,10/26/2021 17:00,17:00,12,0,0,FLORIDA AVE E & MONROE ST S,11,1,3,1,1,1,0,0,30,0,0,0,0,0,4,3,3
,2021-46880,39.69482354,-105.0143999,10/28/2021 7:19,7:19,6,0,0,S VALLEJO ST & W LOUISIANA AVE,1,1,3,1,1,4,0,0,,0,0,0,0,0,4,3,16
,2021-46882,39.73200354,-105.0416399,9/30/2021 14:30,14:30,6,0,0,RALEIGH ST 900 BLK N & W 10TH AVE,1,1,3,0,1,4,0,0,,0,0,0,0,0,4,2,16
,2021-46883,39.79829351,-104.76977,10/28/2021 7:40,7:40,1,0,0,56TH AVE E & N ARGONNE ST,1,1,3,0,1,1,0,0,40,0,0,0,0,1,4,2,7
,2021-46885,39.68567353,-104.9406799,10/26/2021 19:30,19:30,15,0,0,E MEXICO AVE & S COLORADO BLVD,11,3,3,1,1,1,0,0,,0,0,0,0,0,4,2,16
,2021-46886,39.72922353,-104.9406899,10/27/2021 11:51,11:51,15,0,0,8TH AVE E & N COLORADO BLVD,1,1,3,0,1,4,0,0,25,0,0,0,0,0,4,2,1
,2021-46889,39.72113353,-104.9802699,10/26/2021 14:00,14:00,15,0,0,SPEER BLVD E & N PEARL ST,1,1,3,0,1,1,0,0,30,0,0,0,0,0,4,2,3
,2021-46890,39.72564356,-104.9394075,10/26/2021 9:42,9:42,3,0,0,E 26TH AVE & N ALBION ST,1,1,3,0,1,1,0,0,30,0,0,0,0,0,4,2,1
,2021-46891,39.70293354,-104.9862699,10/27/2021 16:33,16:33,12,0,0,LINCOLN ST S & E EXPOSITION AVE,1,1,3,0,1,4,0,0,35,0,0,0,0,0,4,2,3
,2021-46894,39.78226352,-104.8632699,10/25/2021 14:15,14:15,10,0,0,N IRONTON & E 47TH AVE,1,1,3,0,1,3,0,0,30,0,0,0,0,0,4,2,11
,2021-46898,39.73684353,-104.9873799,11/30/2021 8:30,8:30,15,0,0,N BROADWAY ST & E 13TH AVE,1,1,3,0,1,1,0,0,35,0,0,0,0,0,4,2,16
,2021-46901,39.62377354,-104.9013999,10/28/2021 16:22,16:22,12,0,0,I-25 & E BELLEVIEW AVE,1,1,3,0,1,4,0,0,55,0,0,0,0,0,1,3,14
,2021-46902,39.75939353,-104.9755299,10/27/2021 15:23,15:23,6,0,1,STOUT ST & 30TH ST,1,1,3,0,1,4,0,0,35,0,0,0,0,2,4,3,16
,2021-46903,39.71119354,-104.9988899,12/7/2021 8:43,8:43,12,0,1,I-25 & ALAMEDA AVE W,1,1,3,0,1,4,0,0,55,0,0,0,0,1,1,4,16
,2021-46907,39.74013353,-104.9034499,12/1/2021 18:39,18:39,11,0,1,COLFAX AVE E & QUEBEC ST N,1,3,3,0,1,1,0,0,35,0,1,0,0,2,2,1,11
,2021-46912,39.77785352,-104.8355999,10/26/2021 12:25,12:25,6,0,0,ALBROOK DR E & N ATCHISON WAY,1,1,3,0,1,4,0,0,25,0,0,0,0,0,4,3,10
,2021-46914,39.76507352,-104.9511799,10/6/2021 9:23,9:23,6,0,0,3400 BLK N ST PAUL ST & BRUCE RANDOLPH DR,1,1,3,0,1,4,0,0,,0,0,0,0,0,4,2,16
,2021-46915,39.70294453,-104.9129359,10/25/2021 16:00,16:00,3,0,1,S MONACO ST & LEETSDALE DR,1,1,3,0,1,1,0,0,30,0,0,0,0,2,4,3,1
,2021-46916,39.71111353,-104.9803699,12/6/2021 13:00,13:00,1,0,0,E ALAMEDA AVE & S PEARL ST,1,1,3,0,1,1,0,0,30,0,0,0,0,0,4,2,3
,2021-46921,39.76788128,-104.9820666,11/24/2021 1:55,1:55,11,0,1,BRIGHTON BLVD & 32ND ST,1,3,3,0,3,4,0,0,,0,0,1,0,2,4,1,16
,2021-46924,39.71812353,-104.9546099,10/29/2021 12:37,12:37,3,0,1,E 1ST AVE & N DETROIT ST,1,1,3,0,1,1,0,0,35,0,0,0,0,1,4,4,11
,2021-46929,39.67541355,-105.0582599,11/25/2021 8:22,8:22,6,0,0,S EATON ST & W WARREN AVE,1,3,3,0,1,4,0,0,20,0,0,0,0,0,4,2,16