id,drcog_id,latitude,longitude,crashtime,time,crashtype,numbkilled,numbinjurd,drcoglocat,rdconditin,lightngcon,roadcntgrd,weatherco,location,roaddescrp,schoolzone,constrzone,splimit,bikeinv,pedinv,sctrinv,motoinv,svrty,rdsystem,ttlvehcls,hcf
,2021-46932,39.73218353,-104.9726399,9/18/2021 10:04,10:04,6,0,0,1000 BLK N DOWNING ST & E 11TH AVE,1,1,3,0,1,4,0,0,,0,0,0,0,0,4,4,16
,2021-46942,39.68756354,-104.9875099,9/23/2021 7:34,7:34,1,0,0,W IOWA ST & S BROADWAY,1,2,3,0,1,1,0,0,30,0,0,0,0,0,4,2,11
,2021-46943,39.61831355,-105.0881799,8/31/2021 0:01,0:01,5,0,0,7900 BLK W CRESTLINE AVE & W CRESTLINE AVE,1,4,3,0,3,4,0,0,20,0,0,0,0,0,4,1,1
,2021-46945,39.77107452,-104.8464169,12/6/2021 18:45,18:45,12,0,0,N PEORIA ST & E 39TH AVE,1,3,3,0,1,4,0,0,35,0,0,0,0,0,4,2,1
,2021-46946,39.76838353,-104.9948099,12/7/2021 6:49,6:49,12,0,1,I-25 SB ON RAMP FROM & I-70,1,2,3,0,1,8,0,0,55,0,0,0,0,1,1,2,16
,2021-46952,39.78993353,-105.0532399,12/7/2021 14:28,14:28,15,0,0,SHERIDAN BLVD N & 52TH AVE W,1,1,3,0,1,3,0,0,35,0,0,0,0,0,2,2,13
,2021-46980,39.79088352,-104.9416499,11/2/2021 22:59,22:59,5,0,0,VASQUEZ BLVD & 52ND AVE E,1,3,3,0,3,4,0,0,,0,0,0,0,0,4,1,14
,2021-46993,39.74000653,-104.9684659,12/8/2021 1:00,1:00,3,0,0,COLFAX AVE E & FRANKLIN ST N,1,3,3,0,1,1,0,0,,0,0,0,0,0,2,2,16
,2021-46994,39.68489488,-104.9510035,12/8/2021 8:57,8:57,12,0,2,I-25 NB EXIT GORE PT TO & 6TH AVE W,1,1,3,0,1,8,0,0,55,0,0,0,0,1,1,2,13
,2021-46995,39.69127354,-105.0420099,12/8/2021 5:50,5:50,10,0,0,ARKANSAS AVE W & S RALEIGH ST,1,3,3,1,1,1,0,0,25,0,0,0,0,0,4,2,1
,2021-47002,39.74012353,-104.9337899,12/7/2021 8:18,8:18,3,0,0,COLFAX AVE E & CHERRY ST N,1,1,3,0,1,1,0,0,30,0,0,0,0,0,2,3,1
,2021-47003,39.77385352,-104.9497999,12/7/2021 20:30,20:30,12,0,0,N STEELE ST & E 41ST AVE,1,3,3,0,1,4,0,0,25,0,0,0,0,0,4,2,16
,2021-47004,39.71117354,-104.9932399,12/7/2021 20:00,20:00,12,0,0,W ALAMEDA AVE & S CHEROKEE ST,1,3,3,0,1,4,0,0,30,0,0,0,0,0,4,2,1
,2021-47009,39.74016853,-104.9337979,12/8/2021 14:06,14:06,1,0,0,COLFAX AVE E & CHERRY ST N,1,1,3,0,1,1,0,0,30,0,0,0,0,0,2,2,13
,2021-47016,39.73515353,-104.9718199,12/2/2021 16:15,16:15,15,0,0,E 12TH AVE & N MARION ST,1,1,3,0,1,4,0,0,25,0,0,0,0,0,4,2,16
,2021-47019,39.69710354,-104.9827199,12/7/2021 23:19,23:19,15,0,1,I-25 & LOGAN ST S,1,3,3,0,1,4,0,0,60,0,0,0,0,1,1,2,1
,2021-47021,39.78313353,-105.0064199,12/7/2021 17:25,17:25,12,0,0,I-70 & PECOS ST N,1,3,3,0,1,8,0,0,55,0,0,0,0,0,1,3,16
,2021-47030,39.75044175,-104.9818672,12/6/2021 17:27,17:27,3,0,0,PARK AVE W & GLENARM PL,1,3,3,0,1,1,0,0,,0,0,0,0,1,4,2,16
,2021-47034,39.66255355,-105.0511499,12/8/2021 16:08,16:08,3,0,0,ZENOBIA ST S & W BATES AVE,1,1,3,0,1,1,0,0,25,0,0,0,0,1,4,2,11
,2021-47035,39.77832352,-104.9792399,12/8/2021 7:45,7:45,12,0,0,WASHINGTON ST N & E 45TH AVE,1,1,3,0,1,3,0,0,35,0,0,0,0,0,4,2,13
,2021-47036,39.74327353,-104.9861099,12/7/2021 17:15,17:15,10,0,0,N LINCOLN ST & E 17TH AVE,1,1,3,0,1,1,0,0,25,0,0,0,0,0,4,2,3
,2021-47037,39.69663353,-104.9164299,12/8/2021 11:23,11:23,15,0,1,MISSISSIPPI AVE E & KEARNEY ST S,1,1,3,0,1,4,0,0,25,0,0,0,0,2,4,2,11
,2021-47039,39.74061353,-105.0334499,12/7/2021 8:51,8:51,3,0,1,COLFAX AVE W & KING ST N,1,1,3,0,1,1,0,0,35,0,0,0,0,2,2,2,1
,2021-47040,39.70960354,-105.0350299,12/8/2021 12:17,12:17,3,0,0,LOWELL BLVD S & MORRISON RD,1,1,3,0,1,1,0,0,25,0,0,0,0,0,4,2,11
,2021-47041,39.78326353,-105.0064199,12/7/2021 17:59,17:59,12,0,1,I-70 & PECOS ST N,1,3,3,0,1,4,0,0,55,0,0,0,0,2,1,2,3
,2021-47042,39.78505876,-104.794475,12/8/2021 15:18,15:18,1,0,0,AIRPORT WY N & 45TH PL E,1,1,3,0,1,4,0,0,30,0,0,0,0,0,4,2,11
,2021-47043,39.75618185,-105.0155256,12/7/2021 22:57,22:57,12,0,2,I-25 & SPEER BLVD N,1,3,3,0,1,4,0,1,55,0,0,0,0,2,1,3,16
,2021-47044,39.61833355,-105.0912299,12/8/2021 9:59,9:59,3,0,1,WADSWORTH BLVD S & CRESTLINE AVE W,1,1,3,0,1,1,0,0,40,0,0,0,0,1,2,3,13
,2021-47045,39.71622971,-104.9080715,12/7/2021 15:30,15:30,15,0,0,E LOWRY BLVD & N FAIRMOUNT DR,1,1,3,0,1,1,0,0,25,0,0,0,0,0,4,2,3
,2021-47047,39.7305762,-104.9394636,12/7/2021 18:39,18:39,5,0,0,ALIBON ST N & 6TH AVE E,1,3,3,0,3,4,0,0,25,0,0,0,0,0,4,1,13
,2021-47052,39.72175353,-104.9558299,12/7/2021 11:48,11:48,3,0,0,300 BLK N CLAYTON ST & E 3RD AVE,1,1,3,0,1,2,0,0,25,0,0,0,0,0,4,2,11
,2021-47060,39.77204353,-105.0439999,12/8/2021 13:14,13:14,6,0,0,TENNYSON ST N & 44TH AVE W,1,1,3,0,1,4,0,0,30,0,0,0,0,0,4,2,16
,2021-47063,39.77229353,-104.9745399,12/8/2021 15:25,15:25,12,0,0,38TH ST & WYNKOOP ST,1,1,3,7,1,4,0,0,30,0,0,0,0,0,4,2,16
,2021-47065,39.69565353,-104.9034999,12/7/2021 10:59,10:59,3,0,0,QUEBEC ST S & MISSISSIPPI AVE E,1,1,3,0,1,1,0,0,35,0,0,0,0,0,4,2,16
,2021-47066,39.75847882,-105.0440221,10/22/2021 9:47,9:47,11,0,1,N TENNYSON ST & W 29TH AVE,1,1,3,0,1,1,0,0,25,0,1,0,0,3,4,1,11
,2021-47069,39.75525353,-104.9774399,12/7/2021 20:01,20:01,6,0,0,WELTON ST & 27TH ST,1,3,3,0,1,4,0,0,30,0,0,0,0,0,4,2,2
,2021-47072,39.74284353,-104.9418799,12/8/2021 10:40,10:40,6,0,0,HARRISON ST N & E 17TH AVE,1,1,3,0,1,4,0,0,,0,0,0,0,0,4,2,16
,2021-47073,39.78357353,-105.0060599,12/8/2021 10:32,10:32,3,0,0,PECOS ST N & I-70 WB OFF RAMP,1,1,3,0,1,6,0,0,35,0,0,0,0,0,1,2,1
,2021-47076,39.73827353,-104.9383799,12/8/2021 11:54,11:54,10,0,0,14TH AVE E & ASH ST N,1,1,3,0,1,3,0,0,25,0,0,0,0,0,4,2,16
,2021-47077,39.70023353,-104.9128099,12/7/2021 9:46,9:46,3,0,0,E KENTUCKY AVE & S MONACO ST,1,1,3,0,1,1,0,0,25,0,0,0,0,0,4,2,13
,2021-47078,39.69656353,-104.9535012,12/7/2021 22:20,22:20,12,0,0,E MISSISSIPPI AVE & S ALTON ST,1,3,3,0,1,1,0,0,35,0,0,0,0,0,4,2,3
,2021-47081,39.72563353,-104.9133999,12/7/2021 14:00,14:00,15,0,0,N LOCUST MONACO ALY & E 6TH AVE,1,1,3,0,1,1,0,0,30,0,0,0,0,0,4,2,3
,2021-47082,39.71127353,-104.9315999,12/7/2021 18:30,18:30,12,0,0,E ALAMEDA AVE & S DAHLIA ST,1,3,3,0,1,1,0,0,30,0,0,0,0,0,4,2,3
,2021-47086,39.78577216,-104.8926779,12/8/2021 17:00,17:00,3,0,0,CENTRAL PARK BLVD N & NORTHFIELD BLVD E,1,3,3,0,1,1,0,0,35,0,0,0,0,0,4,2,3
,2021-47088,39.69848354,-104.9926899,12/8/2021 12:23,12:23,12,0,0,PLATTE RIVER DR S & TENNESSEE AVE W,1,1,3,0,1,4,0,0,,0,0,0,0,0,2,2,16
,2021-47090,39.63413354,-104.9067299,12/8/2021 8:49,8:49,12,0,0,I-25 & I-225,1,1,3,0,1,4,0,0,55,0,0,0,0,0,1,3,3
,2021-47097,39.69038354,-105.0250499,11/1/2021 11:28,11:28,15,0,0,S FEDERAL BLVD & W FLORIDA AVE,1,1,3,0,1,4,0,0,,0,0,0,0,0,2,2,16
,2021-47130,39.72891353,-104.9905899,12/7/2021 23:24,23:24,3,0,0,SPEER BLVD N & 8TH AVE W,1,3,3,0,1,1,0,0,,0,0,0,0,0,4,2,16
,2021-47144,39.75054353,-104.9895999,8/20/2021 10:17,10:17,15,0,0,900 BLK 20TH ST & CURTUS ST,1,1,3,1,1,4,0,0,25,0,0,0,0,0,4,2,13
,2021-47145,39.74078353,-104.9708999,10/31/2021 12:25,12:25,15,0,0,LAFAYETTE ST N & E COLFAX AVE,1,1,3,0,1,4,0,0,30,0,0,0,0,0,4,2,13
,2021-47147,39.75626353,-105.0042299,11/2/2021 13:25,13:25,6,0,0,LITTLE RAVEN ST & 18TH ST,1,1,3,0,1,4,0,0,30,0,0,0,0,0,4,2,14
,2021-47148,39.73842353,-104.9810699,11/1/2021 16:40,16:40,6,0,0,LOGAN ST & 1300 BLK N,1,2,3,0,1,4,0,0,30,0,0,0,0,0,4,2,16
,2021-47149,39.78577216,-104.8926779,11/1/2021 17:25,17:25,16,0,0,NORTHFIELD BLVD E & 7970 E NORTHFIELD BLVD,1,1,3,0,5,7,0,0,10,0,0,0,0,0,3,2,7
,2021-47151,39.73286353,-104.9752599,10/30/2021 14:45,14:45,6,0,0,OGDEN ST N & E 10TH AVE,1,1,3,6,1,4,0,0,25,0,0,0,0,0,4,2,13
,2021-47152,39.78022351,-104.8255899,10/30/2021 13:00,13:00,10,0,0,ANDREWS DR E & E ELK PL,1,1,3,0,1,1,0,0,25,0,0,0,0,0,4,2,13
,2021-47153,39.76637352,-104.9024299,10/27/2021 6:54,6:54,12,0,0,QUEBEC ST N & 35TH AVE E,1,1,3,0,1,4,0,0,45,0,0,0,0,0,4,2,1
,2021-47154,39.73999353,-105.0299899,10/28/2021 6:15,6:15,3,0,0,W COLFAX AVE & N PERRY ST,1,3,3,0,1,1,0,0,30,0,0,0,0,0,2,2,1
,2021-47156,39.78736351,-104.8428599,10/31/2021 8:19,8:19,6,0,0,SCRANTON CT N & ANDREWS DR E,1,2,3,0,1,4,0,0,,0,0,0,0,0,4,2,16
,2021-47158,39.76446353,-104.9561099,11/1/2021 11:40,11:40,15,0,0,BRUCE RANDOLPH AVE E & N COLUMBINE ST,1,1,3,0,1,4,0,0,35,0,0,0,0,0,4,2,11
,2021-47160,39.73999353,-105.0099899,10/31/2021 12:55,12:55,16,0,0,BRYANT ST N & 2190 N BRYANT ST,1,1,3,1,5,7,0,0,,0,0,0,0,0,3,2,16
,2021-47162,39.71123354,-104.9971264,10/31/2021 5:44,5:44,12,0,0,S SANTA FE DR & W ALAMEDA AVE,1,1,3,0,1,1,0,0,,0,0,0,0,0,4,2,16
,2021-47163,39.76696353,-104.9720899,11/2/2021 7:32,7:32,3,0,0,36TH AVE E & N MARION ST,1,1,3,0,1,1,0,0,25,0,0,0,0,0,4,2,13
,2021-47164,39.72649353,-104.9975499,10/9/2021 9:07,9:07,6,0,0,N INCA ST & W 7TH AVE,1,1,3,1,1,4,0,0,,0,0,0,0,0,4,2,16
,2021-47165,39.75246349,-105.0073485,10/30/2021 9:40,9:40,3,0,0,N SPEER BLVD & CHOPPER CIR,1,1,3,0,1,1,0,0,35,0,0,0,0,0,4,2,3
,2021-47166,39.71068354,-105.0247399,10/20/2021 14:13,14:13,12,0,0,S FEDERAL BLVD & W DAKOTA AVE,1,1,3,0,1,3,0,0,35,0,0,0,0,0,2,2,3
,2021-47167,39.74493353,-104.9942799,11/1/2021 13:25,13:25,15,0,0,15TH ST & STOUT,1,1,3,0,1,4,0,0,35,0,0,0,0,0,4,2,1
,2021-47168,39.70289296,-104.9128498,11/2/2021 13:11,13:11,15,0,0,LEETSDALE DR & JERSEY ST S,1,1,3,0,1,4,0,0,45,0,0,0,0,0,2,2,3
,2021-47169,39.71188354,-105.0250799,10/31/2021 1:00,1:00,12,0,0,S FEDERAL BLVD & W ALAMEDA AVE,1,3,3,1,1,4,0,0,35,0,0,0,0,0,2,2,16
,2021-47170,39.67850954,-104.9734294,10/31/2021 9:20,9:20,3,0,0,E EVANS AVE & S DOWNING ST,1,1,3,0,1,1,0,0,35,0,0,0,0,0,4,2,3
,2021-47174,39.75939353,-105.0170999,11/1/2021 10:21,10:21,6,0,0,DUNKELD PL W & N ZUNI ST,1,2,3,0,1,4,0,0,,0,0,0,0,0,4,2,16
,2021-47175,39.65306347,-104.9228738,11/2/2021 7:27,7:27,1,0,0,HAMPDEN AVE E & HOLLY ST S,1,1,3,0,1,1,0,0,25,0,0,0,0,0,2,2,10
,2021-47176,39.65313465,-104.8987854,11/1/2021 16:00,16:00,3,0,0,E HAMPDEN AVE & S TAMARAC DR,1,1,3,0,1,1,0,0,40,0,0,0,0,0,2,2,3
,2021-47177,39.77957352,-104.8443399,11/1/2021 14:41,14:41,10,0,0,46TH AVE & 12100 BLK E,1,1,3,0,1,2,0,0,25,0,0,0,0,0,4,2,1
,2021-47178,39.75647401,-104.9399843,11/1/2021 8:04,8:04,6,0,0,JACKSON ST N & 28TH AVE E,1,3,3,0,1,4,0,0,,0,0,0,0,0,4,2,16
,2021-47179,39.73999353,-104.9699899,11/2/2021 9:05,9:05,5,0,0,17TH AVE E & 1122 E 17TH AVE,1,1,3,0,2,9,0,0,10,0,0,0,0,0,4,1,14
,2021-47180,39.70999353,-104.9799899,11/1/2021 13:01,13:01,6,0,0,ACOMA ST N & 3RD AVE E,1,1,3,0,1,4,0,0,25,0,0,0,0,0,4,2,1
,2021-47181,39.77999351,-104.76999,11/2/2021 9:20,9:20,6,0,0,47TH AVE E & WALDEN WY N,1,1,3,0,3,3,0,0,25,0,0,0,0,0,4,2,16
,2021-47182,39.75733353,-105.0186999,10/30/2021 2:14,2:14,15,0,0,SPEER BLVD N & W 29TH AVE,1,1,3,1,1,4,0,0,35,0,0,0,0,0,4,2,16
,2021-47184,39.63471355,-105.0347399,11/2/2021 7:30,7:30,15,0,0,LOWELL BLVD S & TUFTS AVE W,1,1,3,0,1,4,0,0,30,0,0,0,0,0,4,3,3
,2021-47185,39.79837151,-104.772212,11/2/2021 8:50,8:50,3,0,0,56TH AVE E & TOWER RD N,1,1,3,0,1,1,0,0,45,0,0,0,0,0,4,2,11
,2021-47187,39.656124,-105.0533066,10/26/2021 7:26,7:26,1,0,0,W DARTMOUTH AVE & S SHERIDAN BLVD,1,1,3,1,1,1,0,0,35,0,0,0,0,0,2,2,16
,2021-47189,39.74675353,-104.9406299,11/2/2021 10:01,10:01,12,0,0,COLORADO BLVD N & 1900 BLK N,11,1,3,1,1,4,0,0,35,0,0,0,0,0,2,3,14
,2021-47192,39.75986352,-104.8901899,11/3/2021 23:22,23:22,3,0,0,N CENTRAL PARK BLVD & E MLK BLVD,1,3,0,0,1,1,0,0,30,0,0,0,0,0,4,2,16
,2021-47193,39.72553353,-105.0131199,12/6/2021 13:22,13:22,5,0,0,I-25 & 6TH AVE W,1,1,1,0,2,4,0,0,65,0,0,0,0,0,1,1,16
,2021-47194,39.72575354,-105.0351099,10/28/2021 15:33,15:33,15,0,0,W 6TH AVE WB OFF RAMP & N LOWELL BLVD,1,1,0,0,1,1,0,0,65,0,0,0,0,0,2,2,13
,2021-47195,39.62377354,-104.9013999,11/10/2021 5:30,5:30,15,0,0,I-25 & BELLEVIEW AVE E,1,2,0,0,1,8,0,0,65,0,0,0,0,0,1,2,5
,2021-47197,39.71310353,-104.9128199,11/16/2021 9:04,9:04,15,0,0,E CEDAR AVE & S MONACO ST,1,1,0,0,1,3,0,0,35,0,0,0,0,0,4,2,16
,2021-47198,39.75131353,-105.0165199,11/18/2021 17:22,17:22,12,0,0,I-25 & 23RD AVE W,1,1,0,0,1,4,0,0,65,0,0,0,0,0,2,2,13
,2021-47199,39.72566354,-105.0134499,12/1/2021 9:23,9:23,15,0,0,I-25 & 6TH AVE W,1,1,1,0,1,4,0,0,65,0,0,0,0,0,1,2,13
,2021-47200,39.74018653,-104.9407414,11/4/2021 20:15,20:15,15,0,0,COLORADO BLVD N & COLFAX AVE E,1,3,0,0,1,1,0,0,35,0,0,0,0,0,2,2,5
,2021-47201,39.73838353,-104.9597699,11/16/2021 18:25,18:25,12,0,0,E 14TH AVE & N YORK ST,1,2,0,0,1,4,0,0,30,0,0,0,0,0,4,2,16
,2021-47202,39.73469353,-104.9234299,11/16/2021 15:53,15:53,12,0,0,12TH AVE E & HUDSON ST N,1,1,0,0,1,1,0,0,25,0,0,0,0,0,4,2,13
,2021-47203,39.68344177,-104.9722414,11/18/2021 16:16,16:16,6,0,0,400 S MARION ST & DAKOTA AVE,1,2,0,0,1,4,0,0,25,0,0,0,0,0,4,2,3
,2021-47204,39.70389353,-104.9216299,11/20/2021 9:14,9:14,5,0,0,600 BLK S HOLLY ST & E CENTER AVE,1,1,0,0,2,4,0,0,30,0,0,0,0,0,4,1,14
,2021-47205,39.75106244,-104.9781184,12/7/2021 8:43,8:43,12,0,0,I-70 & WASHINGTON ST N,1,1,0,0,1,4,0,0,65,0,0,0,0,0,1,2,7
,2021-47206,39.73561353,-104.9034499,11/13/2021 9:50,9:50,3,0,0,E 12TH AVE & N QUEBEC ST,1,1,0,0,1,1,0,0,25,0,0,0,0,0,4,2,13
,2021-47207,39.74010353,-104.9988499,11/20/2021 18:03,18:03,15,0,0,COLFAX AVE W & SPEER BLVD N,1,3,0,0,1,4,0,0,35,0,0,0,0,0,2,2,13
,2021-47208,39.75336353,-104.9919199,10/17/2021 1:53,1:53,6,0,0,LARIMER ST & 21ST ST,1,3,0,0,1,4,0,0,30,0,0,0,0,0,4,2,5
,2021-47209,39.78013351,-104.8296299,11/15/2021 15:05,15:05,8,0,0,E ELK DR & N CRYSTAL ST,1,1,0,0,1,1,0,0,20,0,0,0,0,0,4,2,14
,2021-47210,39.77702352,-104.8829699,11/19/2021 22:02,22:02,5,0,0,CENTRAL PARK BLVD N & I-270,1,3,0,0,3,4,0,0,35,0,0,0,0,0,4,1,14
,2021-47211,39.75618185,-105.0155256,12/6/2021 12:45,12:45,12,0,0,I-25 & SPEER BLVD N,1,1,0,0,1,4,0,0,65,0,0,0,0,0,1,2,3
,2021-47212,39.75174353,-104.9958599,11/19/2021 12:54,12:54,11,0,1,18TH ST & MARKET ST,1,1,0,0,1,1,0,0,0,0,1,0,0,3,4,1,16
,2021-47213,39.65117354,-104.8848099,11/16/2021 20:54,20:54,10,0,0,JEFFERSON AVE E & YOSEMITE ST S,1,3,0,0,1,1,0,0,35,0,0,0,0,0,4,2,13
,2021-47214,39.78312187,-104.8470955,12/7/2021 6:31,6:31,12,0,0,I-70 & PEORIA ST N,1,1,0,0,1,4,0,0,65,0,0,0,0,0,1,2,3
,2021-47215,39.75460814,-104.9269552,11/27/2021 9:18,9:18,15,0,1,MLK BLVD E & FOREST ST N,1,1,0,0,1,4,0,0,35,0,0,0,0,1,4,2,3
,2021-47216,39.76128695,-104.9585555,12/5/2021 22:10,22:10,3,0,0,E 8TH AVE & N JOSEPHINE ST,1,3,0,0,1,1,0,0,30,0,0,0,0,1,4,2,13
,2021-47217,39.77737352,-104.8309799,11/21/2021 9:05,9:05,3,0,0,4400 BLK N CRYSTAL ST & E ALBROOK DR,1,1,0,0,1,2,0,0,25,0,0,0,0,0,4,2,5
,2021-47218,39.77582352,-104.8657299,12/6/2021 14:41,14:41,12,0,0,I-70 & HAVANA ST N,1,1,0,0,1,4,0,0,65,0,0,0,0,0,1,2,3
,2021-47219,39.72927353,-104.9127799,12/6/2021 13:09,13:09,3,0,0,E 8TH AVE & N MONACO ST,1,1,0,0,1,1,0,0,30,0,0,0,0,0,4,2,13
,2021-47220,39.75342691,-104.993233,12/3/2021 16:47,16:47,15,0,0,I-25 & 20TH ST W,1,3,0,0,1,4,0,0,65,0,0,0,0,0,1,2,13
,2021-47221,39.63395354,-104.9059099,11/8/2021 3:18,3:18,15,0,0,I-225 SB/WB OFF RAMP TO & I-25 SB,1,3,0,0,1,8,0,0,65,0,0,0,0,0,1,2,5
,2021-47222,39.77845352,-104.9222799,12/3/2021 14:53,14:53,12,0,1,I-70 & HOLLY ST N,1,1,0,0,1,4,0,0,65,0,0,0,0,1,1,2,3
,2021-47223,39.78715352,-104.9015899,12/3/2021 16:51,16:51,10,0,0,QUEBEC ST N & 53RD PL E,1,3,0,0,1,2,0,0,40,0,0,0,0,0,2,2,8
,2021-47224,39.79840751,-104.7872825,11/20/2021 23:11,23:11,1,0,0,56TH AVE E & PENA BLVD N,1,3,3,0,1,1,0,0,45,0,0,0,0,0,4,2,5
,2021-47225,39.78371351,-104.77446,11/21/2021 21:12,21:12,1,0,0,GVR BLVD E & YAMPA ST N,1,3,0,0,1,1,0,0,45,0,0,0,0,0,4,2,13
,2021-47226,39.74043353,-105.0139599,12/3/2021 19:49,19:49,3,0,0,COLFAX AVE W & I-25 NB OFF RAMP,1,3,0,0,1,1,0,0,35,0,0,0,0,0,2,2,1
,2021-47227,39.75106244,-104.9781184,12/3/2021 14:40,14:40,15,0,0,I-70 & WASHINGTON ST N,1,1,0,0,1,4,0,0,65,0,0,0,0,0,1,2,13
,2021-47228,39.78883353,-105.0063199,11/23/2021 12:34,12:34,8,0,0,5100 BLK N PECOS ST & W BERKLEY PL,1,1,1,0,1,4,0,0,35,0,0,0,0,0,4,2,5
,2021-47229,39.72553353,-105.0131499,11/17/2021 13:42,13:42,12,0,0,I-25 & 6TH AVE W,1,1,0,0,1,4,0,0,65,0,0,0,0,0,1,3,5
,2021-47230,39.77582352,-104.8657299,12/6/2021 14:46,14:46,12,0,2,I-70 & HAVANA ST N,1,1,0,0,1,4,0,0,65,0,0,0,0,1,1,2,14
,2021-47231,39.74019553,-105.0001549,12/6/2021 0:15,0:15,1,0,0,COLFAX AVE W & KALAMATH ST N,1,4,0,0,1,1,0,0,30,0,0,0,0,0,2,2,13
,2021-47232,39.75131353,-105.0165199,12/2/2021 13:59,13:59,12,0,1,I-25 & 23RD AVE W,1,1,0,0,1,4,0,0,65,0,0,0,0,1,1,2,13
,2021-47233,39.69475353,-104.9406299,11/19/2021 23:00,23:00,12,0,0,COLORADO BLVD S & ARIZONA AVE E,1,3,1,0,1,1,0,0,40,0,0,0,0,0,2,3,5
,2021-47234,39.73833353,-104.9450599,10/22/2021 18:00,18:00,6,0,0,E 14TH AVE & N MONROE ST,1,2,1,0,1,2,0,0,30,0,0,0,0,0,4,2,5
,2021-47235,39.75704353,-104.9785699,12/2/2021 20:38,20:38,15,0,0,28TH ST & STOUT ST,1,3,0,0,1,1,0,0,30,0,0,0,0,0,4,2,13
,2021-47236,39.71802353,-104.9242699,11/19/2021 3:24,3:24,5,0,1,GRAPE ST N & 14TH AVE,1,4,0,0,3,4,0,0,35,0,0,0,0,1,4,3,5
,2021-47237,39.75128353,-105.0167799,12/2/2021 17:06,17:06,12,0,1,I-25 & 23RD AVE W,1,3,0,0,1,4,0,0,65,0,0,0,0,1,1,2,13
,2021-47238,39.70849354,-105.0250799,12/3/2021 13:55,13:55,12,0,0,FEDERAL BLVD S & VIRGINIA AVE E,1,1,0,0,1,4,0,0,40,0,0,0,0,0,2,3,13
,2021-47239,39.76197352,-104.9034299,12/4/2021 17:12,17:12,12,0,0,N QUEBEC ST & E MLK BLVD,1,3,0,0,1,4,0,0,35,0,0,0,0,1,4,4,3
,2021-47244,39.69565353,-104.9034999,12/7/2021 18:27,18:27,1,0,0,QUEBEC ST S & MISSISSIPPI AVE E,1,4,3,0,1,1,0,0,35,0,0,0,0,0,4,2,13
,2021-47245,39.71835253,-104.9874919,12/9/2021 10:06,10:06,3,0,1,1ST AVE W & BROADWAY ST N,1,1,3,0,1,1,0,0,30,0,0,0,0,2,4,2,8
,2021-47246,39.61833355,-105.0912299,12/9/2021 13:15,13:15,12,0,0,WADSWORTH BLVD S & CRESTLINE AVE W,1,1,3,0,1,4,0,0,40,0,0,0,0,0,2,3,3
,2021-47247,39.78327353,-105.0158199,12/8/2021 19:39,19:39,3,0,0,48TH DR W & N ZUNI ST,1,4,3,0,1,1,0,0,30,0,0,0,0,0,4,3,8
,2021-47248,39.79810351,-104.8371199,12/9/2021 14:05,14:05,5,0,0,56TH AVE E & N TUCSON ST,1,1,3,0,2,4,0,0,45,0,0,0,0,1,4,1,1
,2021-47249,39.74486353,-104.9804699,12/9/2021 8:07,8:07,12,0,0,18TH AVE E & N PENNSYVANIA ST,1,1,3,0,1,4,0,0,30,0,0,0,0,0,4,2,3
,2021-47250,39.68930954,-104.9521826,10/31/2021 11:40,11:40,3,0,0,S LOGAN ST & E FLORIDA AVE,1,1,3,0,1,1,0,0,25,0,0,0,0,1,4,3,13
,2021-47251,39.76138353,-105.0277199,12/9/2021 10:41,10:41,1,0,0,SPEER BLVD N & 32ND AVE W,1,1,3,0,1,2,0,0,30,0,0,0,0,0,4,2,13
,2021-47252,39.74034354,-105.0531999,12/9/2021 7:15,7:15,15,0,0,COLFAX AVE W & SHERIDAN BLVD N,1,1,3,0,1,1,0,0,30,0,0,0,0,0,2,2,1
,2021-47259,39.70199354,-104.9827799,12/8/2021 17:25,17:25,12,0,0,LOGAN ST S & OHIO AVE E,1,3,3,0,1,1,0,0,30,0,0,0,0,0,4,2,3
,2021-47260,39.70729353,-104.9222499,12/8/2021 14:15,14:15,12,0,0,LEETSDALE DR & HOLLY ST S,1,1,3,0,1,1,0,0,35,0,0,0,0,0,2,2,3
,2021-47263,39.71119354,-104.9983799,12/10/2021 12:14,12:14,1,0,1,ALAMEDA AVE W & KALAMATH ST S,1,1,3,0,1,1,0,0,30,0,0,0,0,1,2,2,13
,2021-47265,39.73828353,-104.9315299,12/10/2021 14:30,14:30,10,0,0,14TH AVE E & DAHLIA ST N,1,1,3,6,1,1,0,0,30,0,0,0,0,0,4,2,8
,2021-47266,39.78362351,-104.78169,11/9/2021 15:28,15:28,12,0,0,N TELLURIDE ST & E GVR BLVD,1,1,3,0,1,4,1,0,10,0,0,0,0,0,4,2,10
,2021-47267,39.82004351,-104.77198,12/7/2021 10:00,10:00,1,0,0,TOWER RD N & 68TH AVE E,1,1,3,0,1,1,0,0,45,0,0,0,0,0,4,2,11
,2021-47272,39.69662354,-104.9874199,12/10/2021 7:13,7:13,3,0,0,MISSISSIPPI AVE E & BROADWAY ST S,4,1,3,2,1,1,0,0,35,0,0,0,0,0,4,2,7
,2021-47277,39.77021353,-104.9681599,10/31/2021 10:55,10:55,6,0,0,FRANKLIN ST N & 38TH AVE E,1,3,3,0,1,4,0,0,25,0,0,0,0,0,4,3,1