id,drcog_id,latitude,longitude,crashtime,time,crashtype,numbkilled,numbinjurd,drcoglocat,rdconditin,lightngcon,roadcntgrd,weatherco,location,roaddescrp,schoolzone,constrzone,splimit,bikeinv,pedinv,sctrinv,motoinv,svrty,rdsystem,ttlvehcls,hcf
,2021-47280,39.69294553,-104.9407234,12/9/2021 7:35,7:35,1,0,2,COLORADO BLVD S & LOUISIANA AVE E,1,2,3,0,1,1,0,0,35,0,0,0,0,2,2,2,13
,2021-47281,39.6282646,-104.8981009,12/9/2021 8:11,8:11,1,0,0,DTC BLVD S & UNION AVE E,1,1,3,0,1,1,0,0,30,0,0,0,0,0,4,2,13
,2021-47282,39.74898353,-104.9801899,10/27/2021 16:17,16:17,11,0,1,COURT PL & PARK AVE W,1,1,3,0,1,4,0,0,0,0,1,0,0,3,4,1,16
,2021-47284,39.78383353,-105.0064299,12/8/2021 7:55,7:55,3,0,0,PECOS ST N & 48TH AVE W,1,1,3,0,1,6,0,0,25,0,0,0,0,0,1,2,13
,2021-47285,39.78749502,-105.0392509,12/9/2021 6:45,6:45,12,0,1,6TH AVE W & PERRY ST N,1,1,3,0,1,4,0,0,55,0,0,0,0,1,2,2,13
,2021-47286,39.78415413,-104.9900527,12/9/2021 8:01,8:01,12,0,0,I-25 SB OFF RAMP TO & 48TH AVE W,1,1,3,0,1,8,0,0,55,0,0,0,0,0,1,2,13
,2021-47287,39.78010352,-104.9497999,12/9/2021 9:21,9:21,12,0,0,I-70 & STEELE ST N,1,1,3,0,1,4,0,0,55,0,0,0,0,0,1,3,16
,2021-47288,39.77106352,-104.9428399,12/8/2021 18:10,18:10,6,0,0,JACKSON ST N & 39TH AVE E,1,4,3,0,1,4,0,0,25,0,0,0,0,0,4,2,16
,2021-47289,39.74018653,-104.9547544,12/9/2021 14:31,14:31,1,0,1,COLFAX AVE E & DETROIT ST N,1,1,3,0,1,1,0,0,20,0,0,0,0,2,2,2,13
,2021-47290,39.74947353,-104.9733499,12/9/2021 11:11,11:11,12,0,0,22ND AVE E & DOWNING ST N,1,1,3,0,1,3,0,0,25,0,0,0,0,0,4,2,16
,2021-47291,39.77585351,-104.80989,12/9/2021 15:53,15:53,15,0,0,CHAMBERS RD N & E 46TH AVE,1,1,3,0,1,4,0,0,35,0,0,0,0,0,4,2,13
,2021-47292,39.75241353,-104.9967399,12/8/2021 22:27,22:27,11,0,1,18TH ST & BLAKE ST,1,3,3,0,1,1,0,0,25,0,1,0,0,2,4,1,3
,2021-47293,39.78326353,-105.0064199,12/8/2021 15:41,15:41,3,0,0,PECOS ST N & I-70 WB OFF RAMP,1,1,3,0,1,6,0,0,30,0,0,0,0,0,4,2,13
,2021-47296,39.79821351,-104.8271799,12/8/2021 17:35,17:35,1,0,0,56TH AVE E & POTOMAC WY N,1,3,3,0,1,1,0,0,35,0,0,0,0,0,4,2,10
,2021-47300,39.68981354,-104.9734199,12/9/2021 15:28,15:28,12,0,0,I-25 & DOWNING ST S,1,2,3,0,1,4,0,0,55,0,0,0,0,0,1,2,13
,2021-47302,39.68955354,-105.0532599,12/9/2021 7:18,7:18,1,0,1,SHERIDAN BLVD S & FLORIDA AVE W,1,1,3,1,1,1,0,0,40,0,0,0,0,1,2,2,13
,2021-47304,39.61833355,-105.0912299,12/8/2021 15:19,15:19,1,0,1,WADSWORTH BLVD S & CRESTLINE AVE W,1,1,3,0,1,2,0,0,40,0,0,0,0,1,2,2,11
,2021-47305,39.74034354,-105.0514899,12/9/2021 7:20,7:20,6,0,0,COLFAX AVE W & ZENOBIA ST N,1,1,3,0,1,1,0,0,30,0,0,0,0,0,2,2,3
,2021-47306,39.78371351,-104.77447,12/7/2021 12:45,12:45,12,0,0,GVR BLVD E & N YAMPA ST,1,1,3,0,1,4,0,0,35,0,0,0,0,1,4,3,13
,2021-47307,39.79851551,-104.8660414,12/10/2021 6:46,6:46,15,0,0,56TH AVE E & HAVANA ST N,7,1,3,2,1,4,0,0,40,0,0,0,0,0,4,2,13
,2021-47309,39.76927353,-105.0111899,12/10/2021 16:11,16:11,15,0,0,38TH AVE W & N TEJON ST,1,1,3,0,1,1,0,0,35,0,0,0,0,0,4,2,16
,2021-47310,39.79822351,-104.8471699,12/10/2021 7:00,7:00,12,0,0,PEORIA ST N & 56TH AVE E,7,3,3,2,1,4,0,0,35,0,0,0,0,0,4,3,16
,2021-47311,39.74018653,-104.9022799,12/9/2021 21:15,21:15,6,0,0,QUINCE ST N & COLFAX AVE E,1,3,3,0,1,4,0,0,,0,0,0,0,0,4,2,16
,2021-47312,39.72664353,-105.0124999,12/9/2021 10:39,10:39,12,0,0,I-25 NB OFF RAMP LOOP TO & HWY 6 WB,1,1,3,0,1,8,0,0,55,0,0,0,0,0,1,2,6
,2021-47314,39.72007353,-104.9694199,12/9/2021 9:28,9:28,3,0,0,3RD AVE E & HUMBOLDT ST N,1,1,3,1,1,1,0,0,25,0,0,0,0,1,4,2,13
,2021-47317,39.78366351,-104.73701,12/8/2021 18:30,18:30,10,0,0,49TH AVE E & N ORLEANS ST,1,3,3,0,1,1,0,0,25,0,0,0,0,0,4,2,11
,2021-47318,39.78008352,-104.9404999,12/8/2021 15:57,15:57,15,0,0,I-70 & COLORADO BLVD N,1,2,3,0,1,4,0,0,55,0,0,0,0,0,1,2,13
,2021-47320,39.70192353,-104.8763999,12/8/2021 12:44,12:44,3,0,0,ALTON WY S & CLINTON ST S,1,1,3,0,1,2,0,0,30,0,0,0,0,0,4,2,11
,2021-47321,39.64590354,-104.88501,12/7/2021 11:14,11:14,3,0,0,MANSFIELD AVE E & S YOSEMITE ST,1,1,3,0,1,1,0,0,35,0,0,0,0,0,4,2,10
,2021-47323,39.69675254,-105.0250579,12/9/2021 7:59,7:59,1,0,1,FEDERAL BLVD S & MISSISSIPPI AVE W,1,1,3,0,1,1,0,0,35,0,0,0,0,2,2,2,13
,2021-47326,39.68737353,-104.9035299,12/8/2021 8:05,8:05,12,0,0,QUEBEC ST S & IOWA AVE E,1,1,3,0,1,3,0,0,35,0,0,0,0,0,4,2,16
,2021-47328,39.72565363,-105.0158302,12/9/2021 10:24,10:24,15,0,0,HWY 6 WB DISTRIBUTOR RAMP GORE PT FROM & I-25 SB OFF RAMP,1,1,3,0,1,8,0,0,55,0,0,0,0,0,2,2,7
,2021-47330,39.71393354,-105.0110099,12/10/2021 0:12,0:12,5,0,0,TEJON ST S & BAYAUD AVE W,1,3,3,0,3,4,0,0,25,0,0,0,0,0,4,1,2
,2021-47332,39.74686353,-104.9822199,10/19/2021 21:00,21:00,6,0,0,1900 BLOCK N LOGAN ST & E. 19TH AVE,1,3,3,0,1,4,0,0,,0,0,0,0,0,4,2,16
,2021-47335,39.67472053,-104.8707799,12/7/2021 21:09,21:09,12,0,0,ILIFF AVE E & PARKER RD S,1,3,3,0,1,1,0,0,35,0,0,0,0,0,2,2,3
,2021-47339,39.68228054,-105.0531784,12/10/2021 7:29,7:29,8,0,1,JEWELL AVE W & SHERIDAN BLVD S,4,1,3,2,1,4,0,0,40,0,0,0,0,2,4,2,16
,2021-47341,39.74838353,-104.9915099,10/14/2021 19:22,19:22,10,0,0,18TH ST & CHAMPA ST,1,3,3,0,1,1,0,0,,0,0,0,0,0,4,2,16
,2021-47342,39.76074353,-104.9684199,10/26/2021 12:40,12:40,10,0,0,E 31ST AVE & N FRANKLIN ST,1,1,3,0,1,3,0,0,,0,0,0,0,0,4,2,16
,2021-47343,39.75811353,-105.0477599,12/10/2021 1:58,1:58,6,0,0,29TH AVE W & 4700 BLK W,1,3,3,0,1,4,0,0,35,0,0,0,0,0,4,2,3
,2021-47344,39.74264353,-104.9937099,10/29/2021 14:25,14:25,12,0,0,14TH ST & WELTON ST,1,1,3,0,1,1,0,0,35,0,0,0,0,0,4,2,16
,2021-47345,39.77289352,-104.9498099,10/20/2021 14:26,14:26,12,0,0,N STEELE ST & E 40TH AVE,1,1,3,0,1,1,0,0,,0,0,0,0,0,4,2,16
,2021-47346,39.76832353,-104.9949599,12/10/2021 16:45,16:45,15,0,0,I-25 & PARK AVE W,1,3,3,0,1,4,0,0,55,0,0,0,0,0,1,2,13
,2021-47347,39.71665678,-105.0744779,12/10/2021 11:46,11:46,10,0,1,SANTA FE DR N & ELLSWORTH AVE W,1,1,3,6,1,1,0,0,30,0,0,0,0,2,2,2,7
,2021-47348,39.74002353,-104.9730899,12/10/2021 17:13,17:13,6,0,0,COLFAX AVE E & DOWNING ST N,1,3,3,0,1,1,0,0,30,0,0,0,0,0,2,2,14
,2021-47349,39.74859353,-104.9929999,7/19/2021 15:55,15:55,14,0,0,CURTIS ST & 18TH ST,1,1,3,0,1,4,0,0,30,0,0,0,0,0,4,5,13
,2021-47350,39.75810958,-104.9609539,12/10/2021 13:21,13:21,5,0,0,MLK BLVD E & GAYLORD ST N,1,1,3,0,3,1,0,0,30,0,0,0,0,0,4,1,10
,2021-47352,39.76753947,-105.057943,12/10/2021 7:47,7:47,12,0,0,HAMPDEN AVE W SERVICE RD (NOT CDOT) & DEPEW ST,4,1,3,2,1,3,0,0,40,0,0,0,0,0,4,2,13
,2021-47353,39.76446352,-104.9405599,12/3/2021 8:14,8:14,1,0,0,N COLORADO BLVD & E BRUCE RANDOLPH AVE,1,1,3,0,1,1,0,0,35,0,0,0,0,0,2,2,16
,2021-47358,39.73280353,-105.0221799,12/10/2021 6:30,6:30,6,0,0,10TH AVE W & DECATUR ST N,7,1,3,2,1,4,0,0,,0,0,0,0,0,4,4,16
,2021-47359,39.68465154,-104.9592816,12/10/2021 7:28,7:28,12,0,0,UNIVERSITY BLVD S & I-25,9,1,3,2,1,4,0,0,,0,0,0,0,0,4,2,16
,2021-47362,39.77282351,-104.80162,12/10/2021 7:24,7:24,12,0,0,40TH AVE E & N KITTREDGE ST,7,1,3,2,1,4,0,0,40,0,0,0,0,0,4,3,7
,2021-47363,39.67182353,-104.87057,12/10/2021 9:29,9:29,12,0,0,HARVARD AVE E & 9900 BLK E,7,1,3,2,1,4,0,0,,0,0,0,0,0,4,4,16
,2021-47364,39.67859354,-105.0343699,12/9/2021 18:24,18:24,10,0,0,EVANS AVE W & S LOWELL BLVD,1,3,3,0,1,1,0,0,30,0,0,0,0,0,4,2,14
,2021-47365,39.71115502,-105.0227558,11/10/2021 14:52,14:52,11,0,1,ALAMEDA AVE W & DECATUR ST S,1,1,3,0,1,1,0,0,,0,1,0,0,1,2,1,16
,2021-47366,39.75468352,-104.9257799,12/10/2021 13:23,13:23,3,0,0,26TH AVE E & GLENCOE ST N,1,1,3,0,1,1,0,0,25,0,0,0,0,0,4,2,8
,2021-47367,39.78238352,-104.8469999,12/7/2021 11:30,11:30,12,0,0,PEORIA ST N & E 47TH AVE,1,1,3,0,1,3,0,0,35,0,0,0,0,0,4,2,13
,2021-47369,39.78405352,-104.9895499,12/10/2021 13:08,13:08,15,0,1,I-25 & 48TH AVE W,2,1,3,0,1,4,0,0,55,0,0,0,0,2,1,2,16
,2021-47371,39.71780353,-104.9407774,12/8/2021 16:08,16:08,1,0,2,COLORADO BLVD N & 1ST AVE E,1,1,3,0,1,1,0,0,40,0,0,0,0,1,2,4,13
,2021-47372,39.71110353,-104.9710099,12/11/2021 12:37,12:37,3,0,0,LAFAYETTE ST S & ALAMEDA AVE E,1,1,3,0,1,1,0,0,25,0,0,0,0,1,4,2,11
,2021-47375,39.78312187,-104.8470955,12/11/2021 14:51,14:51,12,0,0,I-70 & PEORIA ST N,1,1,3,0,1,4,0,0,55,0,0,0,0,0,1,2,4
,2021-47376,39.67474353,-104.8730599,12/11/2021 9:49,9:49,12,0,0,ILIFF AVE E & PARKER RD S,1,1,3,0,1,4,0,0,35,0,0,0,0,0,4,2,3
,2021-47377,39.69202353,-104.9406299,12/10/2021 18:24,18:24,12,0,0,COLORADO BLVD S & ARKANSAS AVE E,1,3,3,0,1,3,0,0,45,0,0,0,0,0,2,4,16
,2021-47378,39.74325353,-104.9775399,12/10/2021 12:18,12:18,3,0,0,CLARKSON ST N & E 17TH AVE,11,1,3,0,1,1,0,0,30,0,0,0,0,0,4,2,8
,2021-47380,39.82181646,-104.9991382,12/10/2021 16:16,16:16,3,0,0,SANTA FE DR N & 5TH AVE W,1,3,3,6,1,1,0,0,25,0,0,0,0,0,2,2,7
,2021-47381,39.70928953,-104.9175258,10/9/2021 12:20,12:20,6,0,0,E DAKOTA AVE & S LINCOLN ST,1,1,3,0,1,4,0,0,25,0,0,0,0,0,4,2,10
,2021-47386,39.83230305,-104.9834911,12/11/2021 12:34,12:34,3,0,0,ALAMEDA AVE W & I-25 SB OFF RAMP,1,1,3,0,1,1,0,0,30,0,0,0,0,0,2,2,7
,2021-47388,39.65308354,-104.9210899,12/11/2021 17:32,17:32,12,0,0,HAMPDEN AVE E & IVANHOE ST S,1,3,3,0,1,3,0,0,45,0,0,0,0,0,2,2,3
,2021-47389,39.77877352,-104.8658099,12/10/2021 22:23,22:23,10,0,0,HAVANA ST N & E 45TH AVE,1,3,3,0,1,1,0,0,35,0,0,0,0,0,4,2,11
,2021-47390,39.63491354,-104.8932699,12/11/2021 12:12,12:12,3,0,0,TAMARAC ST S & I-225 NB/EB RAMPS,2,1,3,0,1,1,0,0,35,0,0,0,0,0,1,2,11
,2021-47392,39.8434835,-104.74702,12/10/2021 7:24,7:24,12,0,0,E-470 SB/WB OFF RAMP GORE PT TO & PENA BLVD,9,1,3,2,1,8,0,0,75,0,0,0,0,0,4,2,11
,2021-47393,39.70135747,-105.012205,12/11/2021 1:23,1:23,3,0,0,31ST AVE W & UMITILLA ST N,1,3,3,0,1,1,0,0,,0,0,0,0,0,4,2,16
,2021-47396,39.72382353,-104.8841899,8/17/2021 8:46,8:46,15,0,0,E LOWRY BLVD & N YOSEMITE ST,1,1,3,0,1,6,0,0,25,0,0,0,0,0,4,2,11
,2021-47398,39.79840751,-104.7872825,12/10/2021 6:25,6:25,5,0,0,PENA BLVD & E 56TH AVE,9,2,3,2,2,3,0,0,65,0,0,0,0,0,4,1,13
,2021-47399,39.78622083,-104.9002277,12/10/2021 17:40,17:40,12,0,0,I-70 & QUEBEC ST N,1,3,3,0,1,4,0,0,55,0,0,0,0,0,1,2,16
,2021-47401,39.71113353,-104.9827699,11/15/2021 13:15,13:15,15,0,0,S LOGAN ST & ALAMEDA AVE (NOT CDOT),1,1,3,0,1,1,0,0,,0,0,0,0,0,4,2,16
,2021-47403,39.72514744,-105.0256283,12/11/2021 13:14,13:14,12,0,1,HWY 6 EB OFF RAMP TO & FEDERAL BLVD N,1,1,3,0,1,8,0,0,,0,0,0,0,2,2,3,13
,2021-47406,39.75482353,-105.0275999,12/11/2021 17:00,17:00,6,0,2,26TH AVE W & HAZEL CT N,1,4,3,0,1,4,0,0,30,0,0,0,0,2,4,2,7
,2021-47409,39.77291052,-104.8563825,12/10/2021 12:00,12:00,12,0,0,QUEBEC ST N & E 40TH AVE,1,1,3,0,1,4,0,0,40,0,0,0,0,0,4,2,13
,2021-47414,39.77666351,-104.8098995,11/5/2021 12:58,12:58,15,0,0,I-70 & CHAMBERS RD N,1,1,3,0,1,4,0,0,55,0,0,0,0,0,1,2,16
,2021-47415,39.65300354,-104.9159899,11/3/2021 12:07,12:07,15,0,0,HAMPDEN AVE E & I-25,1,1,3,0,1,4,0,0,35,0,0,0,0,0,2,2,10
,2021-47416,39.71298354,-104.9875299,12/2/2021 0:57,0:57,3,0,1,BROADWAY ST S & CEDAR AVE W,1,3,3,0,1,1,0,0,35,0,0,0,0,2,4,2,9
,2021-47480,39.74043353,-105.0141499,12/9/2021 8:44,8:44,5,0,1,I-25 & COLFAX AVE W,1,1,3,0,2,4,0,0,55,0,0,0,0,1,1,1,16
,2021-47482,39.71144353,-104.9381999,12/8/2021 16:15,16:15,1,0,0,ALAMEDA AVE E & 4200 BLK E,1,1,3,0,1,1,0,0,30,0,0,0,0,0,4,2,3
,2021-47503,39.71125185,-104.9622004,12/9/2021 20:13,20:13,5,0,0,I-25 & ALAMEDA AVE E,1,3,3,0,3,4,0,0,60,0,0,0,0,0,1,1,16
,2021-47514,39.76444352,-104.9404799,12/9/2021 6:30,6:30,11,0,1,COLORADO BLVD N & BRUCE RANDOLPH AVE E,1,3,3,0,1,1,0,0,30,0,1,0,0,3,2,1,13
,2021-47516,39.77287352,-104.9405399,12/8/2021 18:45,18:45,11,0,1,40TH AVE E & COLORADO BLVD N,1,3,3,0,1,4,0,0,0,0,1,0,0,3,2,1,16
,2021-47571,39.74014352,-104.8875699,12/9/2021 18:00,18:00,11,0,1,COLFAX AVE E & WILLOW ST N,1,3,3,0,1,4,0,0,0,0,1,0,0,2,1,1,16
,2021-47603,39.69756354,-104.9926999,12/4/2021 13:10,13:10,10,0,0,PLATTE RIVER DR S & TENNESSEE AVE W,1,1,1,0,1,1,0,0,35,0,0,0,0,0,4,2,13
,2021-47604,39.75446353,-104.9597499,12/4/2021 12:50,12:50,12,0,0,N YORK ST & E 26TH AVE,1,1,0,0,1,1,0,0,35,0,0,0,0,1,4,2,3
,2021-47613,39.70932353,-104.9425499,11/14/2021 4:00,4:00,6,0,0,E DAKOTA AVE & S JACKSON ST,1,3,3,0,1,4,0,0,25,0,0,0,0,0,4,2,1
,2021-47617,39.76366838,-104.9498809,12/12/2021 13:40,13:40,12,0,0,1ST AVE E & N STEELE ST,1,1,3,0,1,4,0,0,30,0,0,0,0,0,4,2,3
,2021-47621,39.78430352,-104.8488799,12/2/2021 10:47,10:47,6,0,0,N PARIS ST & E 47TH AVE,1,1,3,0,1,4,0,0,,0,0,0,0,0,4,2,16
,2021-47631,39.72018353,-104.9521899,12/12/2021 11:19,11:19,12,0,0,MILWAUKEE ST N & E 3RD AVE,1,1,3,7,1,4,0,0,25,0,0,0,0,0,4,2,7
,2021-47632,39.77703352,-104.8800299,12/10/2021 21:45,21:45,12,0,0,I-70 WB & I-270 WB DIRECT CONNECT,1,3,3,0,1,4,0,0,,0,0,0,0,0,1,3,16
,2021-47633,39.63977109,-105.0532939,12/10/2021 21:17,21:17,12,0,0,YALE AVE W & SHERIDAN BLVD S,1,3,3,0,1,4,0,0,30,0,0,0,0,0,4,2,14
,2021-47634,39.79829052,-104.8844689,10/11/2021 9:15,9:15,3,0,3,E 56TH AVE & N CENTRAL PARK BLVD,1,1,3,0,1,1,1,0,40,0,0,0,0,1,4,4,1
,2021-47637,39.84979749,-104.6738195,12/12/2021 18:35,18:35,12,0,0,PENA BLVD & 8400 BLK,1,3,3,0,1,4,0,0,15,0,0,0,0,0,4,2,16
,2021-47639,39.74401353,-104.9665999,12/11/2021 7:01,7:01,5,0,1,GILPIN ST N & 17TH AVE E,1,1,3,0,2,9,0,0,10,0,0,0,0,1,4,1,14
,2021-47641,39.71119354,-104.9988899,12/12/2021 11:05,11:05,3,0,2,ALAMEDA AVE W & I-25 SB OFF RAMP,1,1,3,0,1,1,0,0,40,0,0,0,0,1,2,2,1
,2021-47648,39.86973741,-104.7719352,12/10/2021 8:51,8:51,15,0,1,TOWER RD N & 7400 BLK,7,1,3,2,1,4,0,0,45,0,0,0,0,2,4,2,14
,2021-47649,39.74185353,-105.0147399,12/12/2021 18:23,18:23,12,0,1,I-25 SB EXIT GORE PT TO & 8TH AVE W,1,3,3,0,1,8,0,0,55,0,0,0,0,2,2,2,13
,2021-47650,39.75238353,-104.9845999,12/11/2021 20:48,20:48,3,0,3,STOUT ST & PARK AVE,1,3,3,0,1,1,0,0,30,0,0,0,0,2,4,2,8
,2021-47651,39.68308354,-104.9405399,9/19/2021 2:55,2:55,6,0,0,I-25 NB ENT RAMP & S COLORADO BLVD,1,3,3,0,3,8,0,0,55,0,0,0,0,0,4,2,16
,2021-47659,39.76563353,-105.0164399,12/12/2021 2:15,2:15,6,0,0,35TH AVE W & ALCOTT ST N,1,4,3,0,1,4,0,0,25,0,0,0,0,0,4,2,14
,2021-47660,39.79829351,-104.77211,12/10/2021 5:30,5:30,11,0,1,56TH AVE E & TOWER RD N,11,3,3,0,1,1,0,0,45,0,1,0,0,3,4,1,11
,2021-47665,39.75708353,-105.0180399,11/4/2021 7:50,7:50,3,0,0,SPEER BLVD N & ZUNI ST N,1,1,3,0,1,2,0,0,35,0,0,0,0,0,4,2,10
,2021-47668,39.73842353,-104.9873999,11/5/2021 15:08,15:08,15,0,0,N BROADWAY ST & E 14TH AVE,1,1,3,0,1,4,0,0,30,0,0,0,0,0,4,2,8
,2021-47669,39.75120353,-105.0252199,11/3/2021 8:10,8:10,11,0,1,FEDERAL BLVD N & 23RD AVE W,1,1,3,0,1,1,0,0,30,0,1,0,0,3,2,1,13
,2021-47670,39.70569354,-104.9839699,9/8/2021 7:33,7:33,6,0,0,S GRANT ST & E CENTER AVE,1,1,3,0,1,4,0,0,25,0,0,0,0,0,4,2,16
,2021-47677,39.72590354,-105.0252334,12/7/2021 5:55,5:55,12,0,1,6TH AVE W & FEDERAL BLVD N,1,3,3,0,1,4,0,0,55,0,0,0,0,1,2,2,11
,2021-47680,39.68950354,-105.0461499,10/13/2021 20:00,20:00,6,0,0,1400 BLK S VRAIN WAY & W FLORIDA AVE,1,3,3,0,1,4,0,0,,0,0,0,0,0,4,2,16
,2021-47681,39.79469351,-104.8354399,11/3/2021 13:48,13:48,15,0,0,UVALDA ST N & MAXWELL PL E,1,1,3,0,1,1,0,0,25,0,0,0,0,0,4,2,11
,2021-47684,39.78008352,-104.9406599,11/3/2021 14:40,14:40,1,0,0,COLORADO BLVD N & I-70 WB ON RAMP,1,1,3,0,1,1,0,0,40,0,0,0,0,0,2,2,3
,2021-47685,39.63866354,-104.8926699,12/10/2021 15:34,15:34,10,0,0,TAMARAC DR S & QUINCY AVE E,1,1,3,0,1,3,0,0,25,0,0,0,0,0,4,2,7
,2021-47686,39.76648353,-104.9750999,10/31/2021 22:00,22:00,6,0,0,35TH ST & LARIMER ST,1,3,3,0,1,4,0,0,,0,0,0,0,0,4,2,16
,2021-47695,39.69672354,-105.0079699,12/10/2021 21:22,21:22,12,0,1,MISSISSIPPI AVE W & S RARITAN ST,1,3,3,0,6,4,0,0,35,0,0,0,0,2,4,3,16
,2021-47701,39.75105353,-104.9257799,12/3/2021 8:57,8:57,11,0,0,GLENCOE ST N & 23RD AVE E,1,1,3,0,1,1,0,0,30,0,0,1,0,0,4,1,11
,2021-47705,39.76441353,-104.9958999,7/21/2021 16:43,16:43,16,0,0,PARK AVE W & 3381 PARK AVE W,1,1,3,0,5,7,0,0,10,0,0,0,0,0,3,1,16
,2021-47706,39.70205353,-104.9408299,11/4/2021 10:51,10:51,3,0,0,COLORADO BLVD N & OHIO AVE E,1,1,3,0,1,1,0,0,35,0,0,0,0,0,2,2,13
,2021-47709,39.74268526,-104.9937256,11/4/2021 11:35,11:35,15,0,0,14TH ST & WELTON ST,1,1,3,0,1,3,0,0,30,0,0,0,0,0,4,2,13
,2021-47711,39.71119354,-104.9988899,11/5/2021 6:51,6:51,3,0,2,ALAMEDA AVE W & I-25 SB OFF RAMP,1,2,3,0,1,1,0,0,35,0,0,0,0,2,2,2,13
,2021-47716,39.73127353,-104.9428899,10/20/2021 6:35,6:35,6,0,0,JACKSON ST N & 9TH AVE E,1,3,3,0,1,4,0,0,25,0,0,0,0,0,4,2,16
,2021-47717,39.62416354,-104.9118099,11/5/2021 15:10,15:10,12,0,0,S MONACO ST & E BELLEVIEW AVE,1,1,3,0,1,1,0,0,30,0,0,0,0,0,2,2,16
,2021-47719,39.78626257,-104.9457622,12/10/2021 13:00,13:00,12,0,0,I-70 & VASQUEZ BLVD N,1,1,3,6,1,4,0,0,55,0,0,0,0,0,1,2,10
,2021-47720,39.75663353,-105.0235099,10/22/2021 17:27,17:27,6,0,0,ELIOT ST N & 28TH AVE W,1,1,3,0,1,4,0,0,,0,0,0,0,0,4,2,1
,2021-47721,39.75364353,-104.9934099,12/11/2021 6:53,6:53,3,0,0,20TH ST & MARKET ST,1,1,3,0,1,1,0,0,30,0,0,0,0,0,4,2,3
,2021-47723,39.76928353,-105.0005799,12/12/2021 10:45,10:45,12,0,0,38TH AVE W & N LIPAN ST,1,1,3,0,1,4,0,0,,0,0,0,0,0,4,2,16
,2021-47726,39.81292351,-104.76264,12/12/2021 1:37,1:37,3,0,1,64TH AVE E & DUNKIRK ST N,1,3,3,0,1,1,0,0,25,0,0,0,0,2,4,2,1
,2021-47729,39.71939353,-104.9570599,11/4/2021 13:49,13:49,3,0,0,92ND AVE E & COLUMBINE ST N,1,1,3,0,1,1,0,0,,0,0,0,0,0,4,2,16
,2021-47731,39.77844352,-104.9222899,9/23/2021 13:53,13:53,12,0,0,I-70 WB & N HOLLY ST,1,1,3,0,1,4,0,0,,0,0,0,0,0,1,2,16
,2021-47738,39.79466351,-104.80258,10/29/2021 11:26,11:26,3,0,1,E MAXWELL PL & N KITTREDGE ST,1,1,3,0,1,1,0,0,25,0,0,0,0,1,4,2,16
,2021-47742,39.71138353,-104.9059699,11/30/2021 9:50,9:50,12,0,0,7000 BLK E ALAMEDA AVE & S QUEBEC ST,1,1,3,0,1,2,0,0,35,0,0,0,0,0,4,2,16
,2021-47745,39.67853354,-105.0035099,11/4/2021 7:35,7:35,15,0,0,W EVANS AVE & S NAVAJO ST,14,1,3,1,1,4,0,0,30,0,0,0,0,0,4,2,13
,2021-47746,39.68756354,-104.9875099,11/3/2021 17:40,17:40,15,0,0,E IOWA AVE & E IOWA AVE,1,3,3,5,1,1,0,0,25,0,0,0,0,0,4,2,14
,2021-47747,39.74197352,-104.8858099,11/2/2021 17:00,17:00,3,0,0,N XENIA ST & E 16TH AVE,1,1,3,0,1,1,0,0,25,0,0,0,0,0,4,2,2
,2021-47748,39.78362351,-104.78169,11/4/2021 7:05,7:05,15,0,0,E GVR BLVD & N TELLURIDE ST,1,1,3,0,1,4,0,1,35,0,0,0,0,0,4,2,13
,2021-47754,39.71622594,-104.9453686,11/4/2021 13:03,13:03,15,0,0,LINCOLN ST & E ELLSWORTH AVE,1,1,3,0,1,4,0,0,30,0,0,0,0,0,4,2,8
,2021-47758,39.71842354,-104.9985699,11/5/2021 12:16,12:16,3,0,0,1ST AVE W & SANTA FE DR N,1,1,3,0,1,1,0,0,35,0,0,0,0,0,4,2,13
,2021-47762,39.68278354,-104.9594199,11/2/2021 15:30,15:30,1,0,0,S UNIVERSITY BLVD & E BUCHTEL BLVD,11,1,3,0,1,1,0,0,35,0,0,0,0,0,4,2,1
,2021-47763,39.71120354,-105.0324499,11/4/2021 12:20,12:20,12,0,0,W ALAMEDA AVE & S KNOX CT,1,1,3,0,1,3,0,0,35,0,0,0,0,0,2,2,14
,2021-47765,39.67480354,-104.9407099,11/2/2021 13:40,13:40,3,0,0,S COLORADO BLVD & E ILIFF AVE,1,1,3,0,1,1,0,0,35,0,0,0,0,0,2,2,13
,2021-47770,39.69411353,-104.9176899,11/4/2021 12:19,12:19,10,0,1,CHERRY CREEK DR SE & KEARNEY ST S,1,1,3,0,1,4,0,0,30,0,0,0,0,1,4,2,13
,2021-47771,39.68426353,-104.9373199,11/4/2021 14:48,14:48,1,0,1,BELLAIRE ST S & COLORADO AVE E,1,1,3,0,1,1,0,0,30,0,0,0,0,1,4,2,11
,2021-47774,39.67825354,-105.0186299,11/3/2021 7:55,7:55,16,0,0, ,1,1,3,0,5,7,1,0,,0,0,0,0,0,3,2,16
,2021-47776,39.78895352,-104.9782799,11/3/2021 14:38,14:38,3,0,0,WASHINGTON ST N & 51ST AVE E,1,1,3,0,1,1,0,0,30,0,0,0,0,0,4,2,13