id,drcog_id,latitude,longitude,crashtime,time,crashtype,numbkilled,numbinjurd,drcoglocat,rdconditin,lightngcon,roadcntgrd,weatherco,location,roaddescrp,schoolzone,constrzone,splimit,bikeinv,pedinv,sctrinv,motoinv,svrty,rdsystem,ttlvehcls,hcf
,2021-47778,39.65680355,-105.0251899,11/3/2021 7:29,7:29,1,0,0,FEDERAL BLVD S & FLOYD AVE W,1,1,3,1,1,2,0,0,35,0,0,0,0,0,2,2,13
,2021-47780,39.76450353,-104.9708799,11/3/2021 14:04,14:04,3,0,2,E BRUCE RANDLOPH AVE & N LAFAYETTE ST,1,1,3,0,1,1,0,0,35,0,0,0,0,3,4,2,1
,2021-47782,39.75922352,-104.9328099,11/3/2021 9:45,9:45,15,0,0,2900 BLK N DEXTER ST & E 29TH AVE,1,1,3,0,1,4,0,0,25,0,0,0,0,0,4,2,16
,2021-47786,39.76375353,-104.9751499,11/3/2021 10:17,10:17,3,0,1,33RD ST & ARAPAHOE ST,1,1,3,0,1,1,0,0,25,0,0,0,0,2,4,2,11
,2021-47787,39.77939353,-104.9791499,11/3/2021 16:13,16:13,12,0,0,I-70 WB OFF RAMP SLIP TO & WASHINGTON ST N,1,1,3,0,1,8,0,0,45,0,0,0,0,0,1,2,16
,2021-47790,39.74011353,-104.9587899,11/4/2021 8:19,8:19,12,0,1,COLFAX AVE E & JOSEPHINE ST N,1,1,3,0,1,1,0,0,30,0,0,0,0,1,2,2,13
,2021-47791,39.67845353,-104.9251899,11/4/2021 9:51,9:51,15,0,0,E EVANS AVE & S GRAPE ST,1,1,3,0,1,4,0,0,30,0,0,0,0,0,4,2,13
,2021-47792,39.74755353,-105.0053099,11/3/2021 8:55,8:55,1,0,0,AURARIA PKWY & 11TH ST,1,1,3,0,1,1,0,0,40,0,0,0,0,0,4,2,7
,2021-47801,39.72622354,-105.0518899,11/3/2021 6:55,6:55,12,0,1,HWY 6 EB ENT GORE PT FROM & SHERIDAN BLVD N,1,2,3,0,1,8,0,0,45,0,0,0,0,1,2,2,7
,2021-47802,39.76799352,-104.9025499,11/5/2021 11:12,11:12,15,0,0,QUEBEC ST N & 35TH AVE E,1,1,3,0,1,4,0,0,,0,0,0,0,0,4,3,16
,2021-47806,39.77104352,-104.9487099,11/5/2021 7:47,7:47,3,0,0,E 39TH AVE & N ADAMS ST,1,1,3,0,1,1,0,0,25,0,0,0,0,0,4,2,13
,2021-47811,39.72531353,-104.9345299,11/3/2021 13:10,13:10,12,0,0,E 6TH AVE & N CLERMONT ST,1,1,3,0,1,4,0,0,25,0,0,0,0,1,4,2,10
,2021-47812,39.66748354,-104.9254699,11/3/2021 13:30,13:30,1,0,0,YALE AVE E & I-25 NB ON RAMP,1,1,3,0,1,1,0,0,30,0,0,0,0,0,4,2,14
,2021-47814,39.68308354,-104.9405399,11/4/2021 8:15,8:15,3,0,0,COLORADO BLVD S & I-25 NB OFF RAMP,1,1,3,0,1,1,0,0,35,0,0,0,0,0,2,2,13
,2021-47815,39.73203353,-104.9775799,11/3/2021 17:00,17:00,12,0,0,E 10TH AVE & N CLARKSON ST,1,1,3,0,1,1,0,0,25,0,0,0,0,0,4,2,3
,2021-47818,39.65305354,-104.9261399,11/2/2021 14:00,14:00,3,0,0,S GLENCOE ST & E HAMPDEN AVE,1,1,3,0,1,1,0,0,25,0,0,0,0,0,4,2,3
,2021-47821,39.67850354,-104.9734199,11/2/2021 11:00,11:00,12,0,0,EVANS AVE E & DOWNING ST S,11,1,3,1,1,1,0,0,30,0,0,0,0,0,4,2,3
,2021-47822,39.72561553,-104.9407909,11/3/2021 13:00,13:00,3,0,0,COLORADO BLVD N & 6TH AVE E,1,1,3,0,1,1,0,0,35,0,0,0,0,0,2,2,3
,2021-47823,39.76060352,-104.9000999,11/3/2021 8:00,8:00,3,0,0,E MLK BLVD & S ROSLYN ST,1,1,3,0,1,1,0,0,35,0,0,0,0,0,4,2,7
,2021-47824,39.77503451,-104.809895,11/3/2021 7:19,7:19,12,0,0,N CHAMBERS RD & E ANDREWS DR,1,1,3,0,1,3,0,0,35,0,0,0,0,0,4,2,3
,2021-47825,39.75597353,-104.9747299,11/3/2021 16:10,16:10,12,0,0,GLENARM PL & 29TH ST,1,1,3,0,1,1,0,0,35,0,0,0,0,0,4,2,11
,2021-47826,39.68896354,-104.9734199,11/3/2021 16:12,16:12,1,0,0,BUCHTEL BLVD E & DOWNING ST S,1,1,3,0,1,1,0,0,30,0,0,0,0,0,4,2,7
,2021-47830,39.70566353,-104.9757399,11/3/2021 14:00,14:00,6,0,0,E CENTER AVE & S OGDEN ST,1,1,3,0,1,1,0,0,25,0,0,0,0,0,4,2,3
,2021-47831,39.77335351,-104.8217499,11/3/2021 12:15,12:15,15,0,0,43RD AVE E & EAGLE ST N,1,1,3,0,1,4,0,0,25,0,0,0,0,0,4,2,11
,2021-47833,39.74463353,-104.9406899,11/2/2021 17:30,17:30,1,0,0,S COLORADO BLVD & E BAYAUD AVE,11,1,3,1,1,1,0,0,35,0,0,0,0,0,2,2,3
,2021-47834,39.71561353,-104.9785699,11/3/2021 10:20,10:20,5,0,0,WASHINGTON ST S & ELLSWORTH AVE E,1,1,3,0,2,9,0,0,20,0,0,0,0,0,4,1,11
,2021-47835,39.72557353,-104.9729099,11/2/2021 18:30,18:30,10,0,0,6TH AVE E & DOWNING ST N,11,3,3,1,1,1,0,0,35,0,0,0,0,0,4,2,3
,2021-47837,39.74824153,-104.9864389,11/3/2021 9:38,9:38,3,0,0,20TH ST & WELTON ST,1,1,3,0,1,1,0,0,30,0,0,0,0,0,4,2,8
,2021-47838,39.78890351,-104.8291499,11/5/2021 8:20,8:20,2,0,1,BLACKHAWK WY & 51ST AVE E,1,1,3,0,1,1,0,0,25,1,0,0,0,1,4,1,13
,2021-47883,39.79829052,-104.8844689,11/5/2021 5:30,5:30,3,0,1,E 56TH AVE & N CENTRAL PARK BLVD,1,3,3,0,1,1,0,0,40,0,0,0,0,1,4,3,13
,2021-47914,39.73364353,-104.9173797,12/13/2021 15:14,15:14,3,0,0,11TH AVE E & E 11TH AVE,1,1,3,0,1,1,0,0,30,0,0,0,0,0,4,2,13
,2021-47915,39.73837353,-104.9551099,12/12/2021 22:13,22:13,6,0,0,14TH AVE E & 2700 BLK E,1,3,3,0,1,4,0,0,30,0,0,0,0,0,4,2,16
,2021-47916,39.69389354,-104.9901699,12/11/2021 8:44,8:44,6,0,0,BANNOCK ST S & LOUISIANA AVE W,1,1,3,1,1,4,0,0,25,0,0,0,0,0,4,2,16
,2021-47918,39.71941354,-105.0532699,12/11/2021 13:29,13:29,15,0,0,SHERIDAN BLVD N & 1ST AVE W,1,1,3,0,1,4,0,0,35,0,0,0,0,0,2,2,13
,2021-47919,39.75595352,-104.9005199,12/10/2021 15:44,15:44,12,0,0,ROSLYN ST N & E 28TH AVE,1,2,3,0,1,1,0,0,20,0,0,0,0,1,4,2,1
,2021-47921,39.78854351,-104.8282799,12/12/2021 16:45,16:45,3,0,0,CROWN BLVD N & 51ST AVE E,1,1,3,0,1,1,0,0,35,0,0,0,0,0,4,2,16
,2021-47922,39.75941038,-104.9597724,12/12/2021 20:22,20:22,12,0,2,YORK ST N & 8TH AVE E,1,3,3,0,1,1,0,0,30,0,0,0,0,1,4,2,13
,2021-47923,39.78378352,-104.9450699,12/11/2021 17:30,17:30,12,0,0,MONROE ST N & E 48TH AVE,1,3,3,6,1,3,0,0,30,0,0,0,0,0,4,2,3
,2021-47924,39.72890353,-104.9952199,12/13/2021 14:24,14:24,12,0,0,8TH AVE W & GALAPAGO ST N,1,1,3,0,1,4,0,0,30,0,0,0,0,0,4,2,13
,2021-47925,39.74034354,-105.0509099,12/4/2021 15:04,15:04,6,0,0,N YATES ST & W COLFAX AVE,1,1,3,0,1,4,0,0,25,0,0,0,0,0,4,2,16
,2021-47927,39.78485353,-105.0531999,12/13/2021 12:05,12:05,12,0,4,SHERIDAN BLVD N & 49TH AVE W,1,1,3,0,1,4,0,0,35,0,0,0,0,2,2,3,13
,2021-47928,39.77015352,-104.8877999,12/7/2021 19:21,19:21,15,0,0,N CENTRAL PARK BLVD & E SMITH RD,1,3,3,0,1,4,0,0,35,0,0,0,0,0,4,2,11
,2021-47934,39.8320035,-104.71553,12/13/2021 6:03,6:03,15,0,0,75TH AVE E & GUN CLUB RD,1,3,3,0,1,1,0,0,45,0,0,0,0,0,4,2,8
,2021-47938,39.74161353,-104.9597699,12/13/2021 16:27,16:27,3,0,0,16TH AVE E & YORK ST N,1,3,3,0,1,1,0,0,35,0,0,0,0,0,4,2,13
,2021-47941,39.78544352,-104.8879899,12/13/2021 9:10,9:10,3,0,0,NORTHFIELD BLVD E & N WILLOW ST,1,1,3,0,1,1,0,0,35,0,0,0,0,0,4,2,11
,2021-47942,39.74019553,-105.0001549,12/12/2021 3:56,3:56,12,0,0,COLFAX AVE W & KALAMATH ST N,1,3,3,0,1,1,0,0,,0,0,0,0,0,2,2,16
,2021-47945,39.76197352,-104.9034299,12/11/2021 11:37,11:37,3,0,0,QUEBEC ST N & MLK BLVD E,1,1,3,0,1,1,0,0,35,0,0,0,0,1,4,2,13
,2021-47946,39.78622083,-104.9002277,12/11/2021 9:30,9:30,3,0,0,QUEBEC ST N & SMITH RD E,1,1,3,6,1,1,0,0,35,0,0,0,0,0,4,2,11
,2021-47949,39.75801352,-104.9033899,12/12/2021 15:14,15:14,15,0,0,QUEBEC ST N & E 29TH AVE,1,1,3,0,1,1,0,0,30,0,0,0,0,0,4,2,16
,2021-47957,39.78622083,-104.9002277,12/13/2021 8:52,8:52,12,0,0,I-70 & QUEBEC ST N,1,1,3,0,1,4,0,0,55,0,0,0,0,0,1,2,13
,2021-47958,39.72661353,-104.9874199,12/13/2021 11:00,11:00,3,0,0,SPEER BLVD N & BROADWAY ST N,1,1,3,0,1,1,0,0,30,0,0,0,0,0,4,2,8
,2021-47960,39.76742502,-104.9439904,12/11/2021 12:00,12:00,1,0,0,1ST AVE E & GARFIELD ST N,1,1,3,6,1,1,0,0,30,0,0,0,0,1,4,2,13
,2021-47965,39.68588354,-105.0226099,12/12/2021 2:30,2:30,6,0,0,MEXICO AVE W & 2700 BLK W,1,4,3,0,1,4,0,0,,0,0,0,0,0,4,2,16
,2021-47966,39.77939353,-104.9791499,12/13/2021 9:45,9:45,12,0,0,WASHINGTON ST N & I-70,1,1,3,0,1,4,0,0,,0,0,0,0,0,4,2,16
,2021-47967,39.76696353,-104.9720899,12/13/2021 11:58,11:58,6,0,0,MARION ST N & 36TH AVE E,1,1,3,0,1,4,0,0,25,0,0,0,0,0,4,2,3
,2021-47969,39.78745353,-105.0252199,12/11/2021 15:00,15:00,3,0,0,REGIS BLVD W & GREEN CT N,1,1,3,6,1,1,0,0,25,0,0,0,0,0,4,2,1
,2021-47970,39.70750354,-105.0226999,12/13/2021 8:09,8:09,3,0,0,VIRGINIA AVE W & S DECATUR ST,1,1,3,1,1,1,0,0,25,0,0,0,0,0,4,2,13
,2021-47971,39.78892352,-104.9315999,12/12/2021 10:10,10:10,3,0,0,DAHLIA ST N & 51ST AVE E,1,1,3,0,1,14,0,0,30,0,0,0,0,0,4,2,11
,2021-47972,39.74971353,-104.9949999,12/12/2021 18:29,18:29,12,0,0,LAWRENCE ST & 18TH ST,1,3,3,0,1,1,0,0,15,0,0,0,0,0,4,2,13
,2021-47984,39.74758353,-105.0220599,12/12/2021 13:25,13:25,1,0,0,MILE HIGH STADIUM CIR & DECATUR ST N,1,1,3,0,1,2,0,0,25,0,0,0,0,0,4,2,13
,2021-47986,39.74600353,-104.9762699,12/10/2021 15:48,15:48,12,0,0,PARK AVE & 18TH AVE E,1,1,3,0,1,3,0,0,35,0,0,0,0,0,4,2,3
,2021-47988,39.75120353,-105.0247899,12/12/2021 14:40,14:40,3,0,0,23RD AVE W & FEDERAL BLVD N,1,1,3,0,1,9,0,0,30,0,0,0,0,0,4,2,7
,2021-47991,39.76016352,-104.9317099,12/13/2021 9:40,9:40,3,0,0,DAHLIA ST N & 30TH AVE E,1,2,3,0,1,1,1,0,,0,0,0,0,0,4,2,16
,2021-47994,39.72908353,-104.9694499,12/12/2021 9:28,9:28,10,0,0,8TH AVE E & HUMBOLDT ST N,1,1,3,1,1,1,0,0,30,0,0,0,0,0,4,2,13
,2021-47995,39.74764753,-105.0532099,10/15/2021 18:11,18:11,1,0,0,SHERIDAN BLVD & 20TH ST,1,3,3,0,1,2,0,0,35,0,0,0,0,0,2,2,13
,2021-47996,39.73764353,-104.9798899,12/12/2021 16:00,16:00,15,0,0,PEARL ST N & E 13TH AVE,1,1,3,0,1,4,0,0,30,0,0,0,0,0,4,2,13
,2021-47998,39.77582352,-104.8657299,12/13/2021 15:35,15:35,12,0,0,I-70 & HAVANA ST N,1,1,3,0,1,4,0,0,55,0,0,0,0,0,1,4,13
,2021-48001,39.73988353,-104.9845699,12/12/2021 19:55,19:55,11,0,1,COLFAX AVE E & SHERMAN ST N,1,3,3,0,1,4,0,0,0,0,1,0,0,1,2,1,16
,2021-48012,39.78631351,-104.8470399,11/17/2021 10:25,10:25,2,0,1,ANDREWS DR E & PEORIA ST N,1,1,3,0,1,1,0,0,35,1,0,0,0,1,4,1,11
,2021-48065,39.66559354,-105.0250999,12/11/2021 9:54,9:54,12,0,1,FEDERAL BLVD S & AMHERST AVE W,1,1,3,1,1,3,0,0,35,0,0,0,0,2,2,2,16
,2021-48076,39.63851355,-105.0372399,12/9/2021 17:51,17:51,11,0,0,NEWTON ST S & QUINCY AVE W,1,4,3,0,1,1,0,0,25,0,1,0,0,0,4,1,11
,2021-48080,39.70474353,-104.9407199,10/29/2021 17:35,17:35,3,0,0,S COLORADO BLVD & E EXPOSITION AVE,1,1,3,0,1,1,0,0,35,0,0,0,0,0,2,2,2
,2021-48162,39.72906353,-104.9740799,12/14/2021 10:33,10:33,15,0,0,8TH AVE E & OGDEN ST S,1,1,3,0,1,3,0,0,30,0,0,0,0,0,4,2,14
,2021-48163,39.74002353,-104.9829499,12/13/2021 15:00,15:00,15,0,1,COLFAX AVE E & GRANT ST N,1,1,3,0,1,4,0,0,,0,0,0,0,1,2,2,16
,2021-48164,39.76198353,-104.9907699,11/29/2021 10:00,10:00,16,0,0, ,1,1,3,0,5,7,0,0,15,0,0,0,0,0,3,2,16
,2021-48165,39.78292984,-104.9645378,12/9/2021 17:13,17:13,6,0,0,HIGH ST & 37TH AVE N,1,3,3,0,1,4,0,0,,0,0,0,0,0,4,2,16
,2021-48166,39.69745353,-104.8659499,12/14/2021 17:09,17:09,12,0,0,HAVANA ST S & MISSISSIPPI AVE E,1,2,3,0,1,3,0,0,35,0,0,0,0,0,2,2,16
,2021-48169,39.72552354,-105.0439599,12/13/2021 20:12,20:12,12,0,0,6TH AVE W & TENNYSON ST N,1,4,3,0,1,4,0,0,55,0,0,0,0,0,2,3,13
,2021-48170,39.74012353,-104.9406599,11/27/2021 23:04,23:04,12,0,0,COLFAX AVE E & COLORADO BLVD N,1,3,3,0,1,1,0,0,,0,0,0,0,0,2,2,16
,2021-48172,39.74325353,-104.9761399,12/14/2021 12:00,12:00,6,0,0,EMERSON ST N & 17TH AVE E,1,1,3,0,1,4,0,0,,0,0,0,0,0,4,2,16
,2021-48173,39.74829353,-104.9829299,12/7/2021 0:01,0:01,6,0,0,TREMONT PL & 22ND ST,1,4,3,0,1,4,0,0,,0,0,0,0,0,4,3,16
,2021-48174,39.75534615,-104.9405209,12/14/2021 15:20,15:20,1,0,0,COLORADO BLVD & 46TH AVE,1,1,3,0,1,1,0,0,35,0,0,0,0,0,2,2,8
,2021-48175,39.68983354,-104.9805499,12/12/2021 18:40,18:40,15,0,0,PEARL ST S & 1475 S PEARL ST,1,3,3,0,1,4,0,0,25,0,0,0,0,0,4,2,16
,2021-48176,39.72543353,-105.0089399,11/25/2021 20:48,20:48,5,0,0,6TH AVE W & RARITAN WY N,1,4,3,7,3,1,0,0,55,0,0,0,0,0,2,1,1
,2021-48177,39.71324354,-104.9993999,12/14/2021 5:17,5:17,15,0,0,CEDAR AVE W & S KALAMATH ST,1,3,3,0,1,3,0,0,25,0,0,0,0,0,4,2,10
,2021-48178,39.72242353,-104.9784299,12/8/2021 12:59,12:59,6,0,0,4TH AVE E & WASHINGTON ST N,1,1,3,0,1,4,0,0,25,0,0,0,0,0,4,2,11
,2021-48179,39.71127353,-104.9315999,12/13/2021 16:15,16:15,3,0,0,ALAMEDA AVE E & DAHLIA ST S,1,1,3,0,1,1,0,0,30,0,0,0,0,0,4,2,3
,2021-48180,39.73942353,-104.9631199,11/14/2021 14:30,14:30,6,0,0,COLFAX AVE E & RACE ST N,1,1,3,0,1,9,0,0,30,0,0,0,0,0,2,2,16
,2021-48182,39.76224353,-105.0300299,12/14/2021 6:19,6:19,6,0,0,IRVING ST N & W FAIRVIEW PL,1,3,3,1,1,4,0,0,30,0,0,0,0,0,4,2,3
,2021-48183,39.76394352,-104.9034199,12/13/2021 13:21,13:21,15,0,0,QUEBEC ST N & 35TH AVE E,1,1,3,0,1,4,0,0,35,0,0,0,0,0,4,2,3
,2021-48184,39.68213965,-104.8991898,11/23/2021 9:46,9:46,15,0,0,QUEBEC ST S & CHERRY CREEK DR SE,1,1,3,0,1,3,0,0,,0,0,0,0,0,4,2,16
,2021-48185,39.72889353,-104.9963999,12/14/2021 9:00,9:00,12,0,1,8TH AVE W & GALAPAGO ST N,1,1,3,0,1,1,0,0,30,0,0,0,0,1,4,2,1
,2021-48195,39.78300351,-104.77835,12/13/2021 15:10,15:10,6,0,0,47TH DR E & TOWER CT N,1,1,3,0,1,4,0,0,30,0,0,0,0,0,4,2,3
,2021-48198,39.73813353,-104.9991499,12/11/2021 22:40,22:40,16,0,0,SANTA FE DR N & 1385 N SANTA FE DR,1,3,3,0,5,7,0,0,,0,0,0,0,0,3,2,16
,2021-48209,39.77999352,-104.9571399,11/22/2021 17:10,17:10,12,0,0,I-70 & COLUMBINE ST N,1,3,3,0,1,4,0,0,55,0,0,0,0,0,1,2,16
,2021-48211,39.68569353,-104.9373199,12/13/2021 19:34,19:34,6,0,0,MEXICO AVE E & S BELLAIRE ST,1,3,3,5,1,3,0,0,25,0,0,0,0,0,4,2,14
,2021-48213,39.72412353,-104.9594399,12/14/2021 13:50,13:50,6,0,0,5TH AVE E & N YORK ST,1,1,3,0,1,4,0,0,25,0,0,0,0,0,4,2,3
,2021-48214,39.75947353,-104.9597399,11/25/2021 18:20,18:20,15,0,0,30TH AVE E & YORK ST N,1,3,3,0,1,4,0,0,,0,0,0,0,0,4,2,16
,2021-48216,39.71825353,-104.9666599,9/27/2021 17:25,17:25,12,0,0,E 1ST AVE & N GILPIN ST,1,1,3,0,1,1,0,0,30,0,0,0,0,0,4,3,16
,2021-48217,39.71113353,-104.9833899,12/14/2021 9:00,9:00,15,0,0,ALAMEDA AVE E & BROADWAY ST S,1,1,3,0,1,3,0,0,30,0,0,0,0,0,4,3,10
,2021-48218,39.68567353,-104.9406799,12/4/2021 10:18,10:18,12,0,0,COLORADO BLVD S & MEXICO AVE E,1,1,3,0,1,3,0,0,,0,0,0,0,0,2,2,16
,2021-48219,39.76074353,-104.9597499,12/14/2021 11:00,11:00,3,0,0,YORK ST N & E 31ST AVE,1,1,3,7,1,1,0,0,30,0,0,0,0,1,4,3,7
,2021-48220,39.70385353,-104.9128699,11/27/2021 18:52,18:52,1,0,0,E EXPOSITION AVE & S MONACO ST,1,3,3,0,1,1,0,0,35,0,0,0,0,0,4,2,1
,2021-48221,39.69848354,-104.9926899,12/14/2021 11:24,11:24,15,0,0,PLATTE RIVER DR S & TENNESSEE AVE W,1,1,3,0,1,4,0,0,40,0,0,0,0,0,2,2,11
,2021-48226,39.74764353,-105.0024799,12/12/2021 2:43,2:43,3,0,0,AURARIA PKWY & SPEER BLVD S,1,3,3,0,1,1,0,0,,0,0,0,0,0,4,2,16
,2021-48229,39.76193052,-104.9027344,12/13/2021 9:45,9:45,3,0,0,QUEBEC ST N & MLK BLVD E,1,1,3,0,1,3,0,0,35,0,0,0,0,0,4,2,11
,2021-48237,39.77341852,-104.8476819,12/14/2021 15:37,15:37,12,0,0,I-70 EB OFF RAMP & PEORIA ST N,1,3,3,0,1,8,0,0,55,0,0,0,0,0,1,3,7
,2021-48239,39.79109353,-105.0439299,12/13/2021 15:27,15:27,10,0,0,52ND AVE W & TENNYSON ST N,1,1,3,0,1,1,0,0,25,0,0,0,0,0,4,2,3
,2021-48241,39.74446353,-105.0000099,12/14/2021 7:05,7:05,3,0,0,ARAPAHOE ST & N SPEER BLVD,1,1,3,0,1,1,0,0,30,0,0,0,0,1,4,2,3
,2021-48243,39.77401252,-104.8423049,12/14/2021 10:43,10:43,15,0,0,I-70 WB OFF RAMP & PEORIA ST N,1,1,3,0,1,8,0,0,55,0,0,0,0,0,1,2,11
,2021-48246,39.77665352,-104.8449499,12/13/2021 16:30,16:30,15,0,0,44TH AVE E & PEORIA ST N,1,1,3,0,1,4,0,0,30,0,0,0,0,0,4,2,1
,2021-48247,39.70394354,-105.0250699,11/5/2021 17:27,17:27,12,0,0,EXPOSITION AVE W & FEDERAL BLVD S,1,2,3,0,1,1,0,0,,0,0,0,0,0,2,2,16
,2021-48248,39.66900354,-105.0318699,12/9/2021 1:04,1:04,6,0,0,KNOX CT S & W YALE AVE,1,4,3,0,1,4,0,0,25,0,0,0,0,0,4,2,16
,2021-48253,39.67594354,-105.0250499,12/10/2021 17:00,17:00,12,0,0,FEDERAL BLVD S & WARREN AVE W,2,3,3,0,1,3,0,0,40,0,0,0,0,0,2,2,3
,2021-48258,39.75888353,-104.9857699,12/4/2021 23:44,23:44,6,0,0,1300-BLK 26TH ST & 26TH ST / LARIMER ST,1,3,3,0,1,4,0,0,25,0,0,0,0,0,4,2,1
,2021-48260,39.68129354,-104.9508099,12/4/2021 2:34,2:34,12,0,1,BUCHTEL BLVD E & ST PAUL ST S,1,3,3,7,1,1,0,0,,0,0,0,0,2,4,2,16
,2021-48261,39.74483353,-104.9747699,11/27/2021 17:36,17:36,12,0,0,E 18TH AVE & PARK AVE,1,3,3,0,1,3,0,0,35,0,0,0,0,0,4,2,16
,2021-48262,39.66757354,-104.9206799,12/13/2021 18:20,18:20,12,0,0,YALE AVE E & S HOLLY PL,1,3,3,0,1,1,0,0,25,0,0,0,0,0,4,2,3
,2021-48263,39.77769351,-104.76545,11/25/2021 17:04,17:04,6,0,0,45TH AVE E & CEYLON ST N,1,3,3,0,1,4,0,0,25,0,0,0,0,0,4,3,2
,2021-48264,39.76927352,-104.9034899,12/9/2021 11:28,11:28,15,0,0,QUEBEC ST N & E 38TH AVE,1,1,3,0,1,3,0,0,35,0,0,0,0,0,4,2,16
,2021-48266,39.71943353,-104.9775199,12/13/2021 15:15,15:15,3,0,0,EMERSON ST N & SPEER BLVD E,1,1,3,0,1,1,0,0,25,0,0,0,0,0,4,2,3
,2021-48269,39.74035354,-105.0520699,12/14/2021 6:50,6:50,12,0,0,COLFAX AVE W & ZENOBIA ST N,1,2,3,0,1,4,0,0,30,0,0,0,0,0,2,2,13
,2021-48270,39.74280353,-104.9721199,12/13/2021 15:37,15:37,3,0,0,MARION ST N & PARK AVE,1,2,3,0,1,1,0,0,30,0,0,0,0,0,4,2,8
,2021-48281,39.69114354,-104.9593399,12/13/2021 17:30,17:30,12,0,0,UNIVERSITY BLVD S & ARKANSAS AVE E,1,3,3,0,1,1,0,0,30,0,0,0,0,0,4,2,3
,2021-48284,39.75119729,-105.0263403,12/14/2021 12:49,12:49,12,0,0,I-25 & 23RD AVE W,1,1,3,0,1,4,0,0,55,0,0,0,0,0,1,2,13
,2021-48292,39.76986353,-105.0346299,12/8/2021 13:55,13:55,12,0,0,LOWELL BLVD N & 39TH AVE W,1,1,3,0,1,4,0,0,,0,0,0,0,0,4,3,16
,2021-48294,39.77282351,-104.80162,12/14/2021 15:13,15:13,1,0,4,40TH AVE E & KITTREDGE ST N,1,1,3,0,1,1,0,0,40,0,0,0,0,2,4,5,13
,2021-48295,39.68471354,-104.9504599,12/14/2021 8:29,8:29,12,0,0,I-25 & STEELE ST S,1,1,3,0,1,4,0,0,60,0,0,0,0,0,1,2,3
,2021-48303,39.73525353,-104.9935299,12/4/2021 17:15,17:15,3,0,1,400 BLK W 12TH AVE & N DELAWARE ST,1,3,3,1,1,9,0,0,25,0,0,0,0,2,4,2,13
,2021-48326,39.75569353,-105.0251399,12/14/2021 11:18,11:18,3,0,2,FEDERAL BLVD N & 26TH AVE W,1,1,3,0,1,2,0,0,35,0,0,0,0,1,2,2,16
,2021-48328,39.76684353,-105.0023599,12/13/2021 15:41,15:41,6,0,0,36TH AVE W & N NAVAJO ST,1,1,3,0,1,4,0,0,25,0,0,0,0,0,4,4,16
,2021-48353,39.65680355,-105.0251899,12/13/2021 21:53,21:53,3,0,1,FEDERAL BLVD S & FLOYD AVE W,1,3,3,0,1,1,0,0,25,0,0,0,0,1,2,2,16
,2021-48357,39.71657354,-105.0001699,12/14/2021 15:27,15:27,11,0,1,KALAMATH ST N & ELLSWORTH AVE W,1,1,3,0,1,1,0,1,30,0,1,0,0,3,4,1,11
,2021-48366,39.78780351,-104.79703,12/14/2021 8:03,8:03,6,0,0,MEMPHIS ST N & 5200 BLK N,1,1,3,0,1,4,0,0,30,0,0,0,0,0,4,2,16
,2021-48370,39.73642353,-104.9672299,12/14/2021 13:25,13:25,6,0,0,GILPIN ST N & 13TH AVE E,1,1,3,0,1,4,0,0,30,0,0,0,0,0,4,2,16
,2021-48496,39.71109289,-105.0691329,9/14/2021 16:32,16:32,12,0,2,I-25 & W ALAMEDA AVE,1,1,0,0,1,4,0,0,55,0,0,0,0,2,1,4,1
,2021-48497,39.77062352,-104.8941699,9/8/2021 19:35,19:35,2,0,1,E SMITH RD & N ULSTER ST,1,3,0,0,1,4,0,0,0,1,0,0,0,3,4,2,16
,2021-48498,39.76074353,-104.9721099,11/2/2021 9:54,9:54,3,0,0,31ST AVE E & N MARION ST,1,1,0,0,1,5,0,0,15,0,0,0,0,0,4,2,16
,2021-48499,39.72373354,-105.0371799,11/21/2021 11:34,11:34,6,0,0,400 BLK N NEWTON ST & E 4TH AVE,1,1,0,0,1,4,0,0,25,0,0,0,0,0,4,2,8
,2021-48500,39.69745354,-105.0065899,11/9/2021 18:45,18:45,6,0,0,1000 BLK S QUIVAS ST & W HOYE PL,1,4,1,0,1,4,0,0,20,0,0,0,0,0,4,3,16
,2021-48501,39.74043353,-105.0141499,11/13/2021 1:19,1:19,6,0,1,I-25 & COLFAX AVE W,1,3,1,0,1,4,0,0,55,0,0,0,0,1,1,3,14
,2021-48502,39.73837353,-104.9562699,8/14/2021 20:30,20:30,6,0,0,E 14TH AVE & N ELIZABETH ST,1,4,0,0,1,4,0,0,30,0,0,0,0,0,4,3,14
,2021-48503,39.8971869,-104.9499966,10/23/2021 19:27,19:27,6,0,0,E 14TH AVE & N STEELE ST,1,3,0,0,2,4,0,0,25,0,0,0,0,0,4,4,5
,2021-48504,39.73687353,-104.9798699,11/21/2021 1:36,1:36,6,0,1,N PEARL ST & E 13TH AVE,1,3,0,0,1,4,0,0,25,0,0,0,0,2,4,13,5
,2021-48505,39.72910353,-104.9567099,10/31/2021 5:58,5:58,5,0,0,8TH AVE & 2500 BLK E,1,3,0,0,3,4,0,0,30,0,0,0,0,0,4,1,13
,2021-48506,39.77829352,-104.9034199,12/8/2021 17:19,17:19,12,0,1,QUEBEC ST N & I-70,1,3,1,0,1,4,0,0,40,0,0,0,0,1,2,2,13