id,drcog_id,latitude,longitude,crashtime,time,crashtype,numbkilled,numbinjurd,drcoglocat,rdconditin,lightngcon,roadcntgrd,weatherco,location,roaddescrp,schoolzone,constrzone,splimit,bikeinv,pedinv,sctrinv,motoinv,svrty,rdsystem,ttlvehcls,hcf
,2021-48507,39.68751403,-104.9274484,10/29/2021 17:19,17:19,6,0,0,2ND AVE E & N FOREST ST,1,1,0,0,1,1,0,0,25,0,0,0,0,0,4,3,16
,2021-48508,39.65743355,-105.0274799,7/17/2021 22:39,22:39,6,0,0,3000 BLK W FLOYD AVE & S FEDERAL BLVD,1,3,0,0,1,4,0,0,25,0,0,0,0,0,4,4,16
,2021-48509,39.75467353,-104.9851299,11/3/2021 19:00,19:00,12,0,0,24TH ST & CURTIS ST,1,4,0,0,1,4,0,0,25,0,0,0,0,0,4,2,13
,2021-48510,39.72117353,-104.8779299,11/16/2021 21:00,21:00,5,0,0,4TH AVE E & 9447 E 4TH AVE,1,4,0,0,3,5,0,0,15,0,0,0,0,0,4,1,13
,2021-48511,39.73843353,-104.9916499,10/20/2021 9:48,9:48,12,0,0,N CHEROKEE ST & W 14TH AVE,1,1,0,0,1,4,0,0,25,0,0,0,0,0,4,2,13
,2021-48512,39.61440356,-105.0912899,11/14/2021 9:44,9:44,1,0,4,WADSWORTH BLVD S & CROSS DR W,1,1,0,0,1,1,0,0,40,0,0,0,0,3,2,2,16
,2021-48513,39.77991352,-104.8464399,12/8/2021 18:50,18:50,10,0,0,47TH AVE E & PEORIA ST N,1,3,0,0,1,1,0,0,35,0,0,0,0,0,4,2,3
,2021-48514,39.71111353,-104.9686999,10/27/2021 7:30,7:30,12,0,0,ALAMEDA AVE E & S FRANKLIN ST,1,1,0,0,1,4,0,0,25,0,0,0,1,0,4,2,3
,2021-48515,39.79139351,-104.8384599,8/8/2021 0:33,0:33,6,0,0,E ELMENDORF PL & N TULSA WAY,1,3,0,0,1,4,0,0,25,0,0,0,0,0,4,2,16
,2021-48516,39.86662778,-104.6717006,12/11/2021 15:50,15:50,15,0,1,PENA BLVD & 4400 BLK,1,1,0,0,1,4,0,0,65,0,0,0,0,1,4,2,3
,2021-48517,39.79312351,-104.8427599,12/9/2021 10:39,10:39,6,0,0,SCRANTON ST N & E 51ST AVE,1,1,0,0,1,4,0,0,25,0,0,0,0,0,4,2,13
,2021-48518,39.74032353,-105.0141399,11/13/2021 2:17,2:17,12,0,1,I-25 & COLFAX AVE W,1,3,1,0,1,4,0,0,55,0,0,0,0,1,1,3,1
,2021-48519,39.77713352,-104.8829699,12/7/2021 17:37,17:37,12,0,0,I-70 & CENTRAL PARK BLVD N,1,3,0,0,1,4,0,0,65,0,0,0,0,0,1,3,13
,2021-48520,39.77272352,-104.8299899,9/7/2021 8:00,8:00,12,0,0,I-225 NB FLYOVER RAMP & I-70 WB,1,1,0,0,1,8,0,0,45,0,0,0,0,0,1,2,14
,2021-48521,39.77994352,-104.9406599,12/6/2021 17:09,17:09,12,0,0,COLORADO BLVD N & I-70 EB ON RAMP,1,2,0,0,1,1,0,0,35,0,0,0,0,0,4,2,13
,2021-48522,39.75138783,-105.0160892,10/28/2021 16:14,16:14,1,0,0,W 23RD AVE & I-25 ON RAMP,1,1,1,0,1,1,0,0,25,0,0,0,0,0,4,2,13
,2021-48523,39.76001353,-104.9582299,12/8/2021 17:10,17:10,6,0,0,JOSEPHINE ST N & 3028 N JOSEPHINE ST,1,4,0,0,1,4,0,0,25,0,0,0,0,0,4,5,3
,2021-48524,39.86662778,-104.6717006,12/9/2021 16:55,16:55,12,0,0,PENA BLVD & 4500 BLK,1,3,0,0,1,4,0,0,65,0,0,0,0,0,4,2,6
,2021-48525,39.76321353,-105.0052699,10/24/2021 11:15,11:15,6,0,0,N OSAGE ST & W 33RD AVE,1,1,0,0,1,4,0,0,30,0,0,0,0,0,4,2,13
,2021-48526,39.70379844,-104.9304051,12/11/2021 12:03,12:03,12,0,1,COLORADO BLVD S & EXPOSITION AVE E,1,1,0,0,1,3,0,0,40,0,0,0,0,1,2,3,3
,2021-48527,39.83654098,-104.6718289,12/5/2021 5:30,5:30,15,0,0,7400 PENA BLVD & 75TH AVE,1,3,0,0,1,4,0,0,65,0,0,0,0,0,4,2,16
,2021-48528,39.72362354,-105.0248299,7/19/2021 14:11,14:11,12,0,0,N FEDERAL BLVD & W 6TH AVE EB ENT / EXIT RAMPS,1,1,0,0,1,3,0,0,35,0,0,0,0,0,2,2,16
,2021-48529,39.70673354,-105.0297999,11/13/2021 19:10,19:10,1,0,0,S IRVING ST & W CUSTER PL,1,4,0,0,1,1,0,0,25,0,0,0,0,0,4,2,16
,2021-48530,39.74483353,-104.9747699,11/16/2021 17:37,17:37,15,0,0,PARK AVE & N OGDEN ST,1,3,0,0,1,4,0,0,35,0,0,0,0,0,4,2,14
,2021-48531,39.69565353,-104.9034999,8/5/2021 21:03,21:03,11,0,1,E MISSISSIPPI AVE & S QUEBEC ST,1,3,0,0,1,4,0,0,0,0,1,0,0,3,4,1,16
,2021-48532,39.72551353,-105.0133499,10/16/2021 4:01,4:01,5,0,1,I-25 & W 6TH AVE,1,3,1,0,3,4,0,0,65,0,0,0,0,2,1,1,5
,2021-48533,39.67097693,-105.0192102,7/25/2021 15:00,15:00,15,0,1,W HILLSIDE AVE & S FEDERAL AVE,1,1,1,0,1,4,0,0,30,0,0,0,1,1,4,2,7
,2021-48534,39.68999354,-104.9734099,12/7/2021 22:10,22:10,6,0,1,I-25 & DOWNING ST S,1,3,0,0,1,4,0,0,,0,0,0,0,2,1,2,2
,2021-48535,39.72561553,-104.9407909,11/14/2021 17:15,17:15,3,0,0,COLORADO BLVD N & 6TH AVE E,1,3,0,0,1,1,0,0,30,0,0,0,0,0,2,2,13
,2021-48536,39.68398354,-105.0154199,10/23/2021 2:24,2:24,6,0,0,ZUNI ST & W JEWELL AVE,1,3,0,0,1,4,0,0,25,0,0,0,0,0,4,2,16
,2021-48537,39.70092354,-104.9874599,8/3/2021 23:20,23:20,3,0,3,I-25 SB EXIT RAMP & S BROADWAY ST,11,3,0,1,1,1,0,0,35,0,0,0,0,3,4,2,1
,2021-48538,39.72546184,-105.0529291,11/13/2021 4:14,4:14,5,0,0,HWY 6 EB ON RAMP FROM & SHERIDAN BLVD N,1,3,1,0,2,3,0,0,35,0,0,0,0,0,2,1,14
,2021-48539,39.63957354,-104.8851,11/22/2021 3:54,3:54,5,0,0,I-225 & YOSEMITE ST S,1,3,0,0,2,4,0,0,65,0,0,0,0,0,1,1,13
,2021-48540,39.68461354,-104.9406799,11/2/2021 23:53,23:53,5,0,0,COLORADO BLVD S & 1700 BLK S,1,3,1,0,3,4,0,0,35,0,0,0,0,0,2,1,5
,2021-48541,39.72238354,-105.0512599,10/3/2021 3:00,3:00,11,0,1,YATES ST & 401 BLK N,1,4,0,0,3,4,0,0,25,0,1,0,0,1,4,1,13
,2021-48542,39.70294453,-104.9129359,11/14/2021 2:30,2:30,12,0,0,LEETSDALE DR & MONACO ST S,1,3,0,0,1,1,0,0,35,0,0,0,0,0,2,2,16
,2021-48543,39.74032353,-105.0141399,10/16/2021 4:00,4:00,8,0,3,I-25 & W COLFAX AVE,1,3,0,0,1,4,0,0,65,0,0,0,0,3,1,2,5
,2021-48544,39.74528353,-105.0301999,7/18/2021 0:30,0:30,6,0,0,1805 N IRVING ST & 1805 BLK N,1,3,0,0,1,4,0,0,35,0,0,0,0,0,4,2,2
,2021-48545,39.63748354,-104.9126399,10/20/2021 17:17,17:17,3,0,1,MONACO PKWY & 4300 BLK S,1,1,0,0,1,2,0,0,40,0,0,0,1,3,4,2,7
,2021-48546,39.78435352,-104.8526399,7/30/2021 22:08,22:08,6,0,0,N NOME ST & E 47TH AVE,11,3,0,1,1,4,0,0,25,0,0,0,0,0,4,2,16
,2021-48547,39.79847952,-104.8752306,11/7/2021 3:55,3:55,5,0,0,CENTRAL PARK BLVD N & 56TH AVE E,1,3,0,0,3,1,0,0,35,0,0,0,0,0,4,1,1
,2021-48548,39.68071354,-105.0532199,10/30/2021 21:58,21:58,12,0,0,S SHERIDAN BLVD & W EVANS AVE,1,1,0,0,1,1,0,0,40,0,0,0,0,0,2,2,16
,2021-48549,39.71382099,-104.9407909,10/26/2021 9:09,9:09,15,0,0,S COLORADO BLVD & CHERRY CREEK DR S,1,1,0,0,1,1,0,0,35,0,0,0,0,0,2,2,16
,2021-48550,39.71039354,-105.0324499,8/2/2021 23:42,23:42,11,0,1,S KNOX CT & W NEVADA PL,1,4,0,0,1,4,0,0,25,0,1,0,0,3,4,1,1
,2021-48551,39.76944592,-105.0315221,11/24/2021 18:50,18:50,5,0,0,I-25 & 38TH AVE W,11,2,0,2,2,4,0,0,55,0,0,0,0,0,1,1,16
,2021-48552,39.75388353,-104.9913699,11/14/2021 20:00,20:00,12,0,0,21ST ST & LARIMER ST,1,3,0,0,1,1,0,0,30,0,0,0,0,0,4,2,13
,2021-48553,39.78652353,-105.0345699,11/21/2021 19:00,19:00,6,0,0,4900 BLK N LOWELL BLVD & W 49TH AVE,1,3,0,0,1,4,0,0,30,0,0,0,0,0,4,2,5
,2021-48554,39.75333353,-104.9955099,10/30/2021 22:57,22:57,11,0,1,19TH ST & BLAKE ST,1,3,0,0,1,4,0,0,,0,1,0,0,2,4,1,14
,2021-48555,39.76128695,-104.9585555,10/25/2021 16:40,16:40,6,0,0,N JOSEPHINE ST & E COLFAX AVE,1,1,0,0,1,4,0,0,35,0,0,0,0,0,4,2,16
,2021-48556,39.75236353,-104.9848299,9/23/2021 1:13,1:13,6,0,0,800 BLK PARK AVE W & STOUT ST,1,3,0,0,1,3,0,0,35,0,0,0,0,0,4,2,5
,2021-48557,39.72929354,-105.0324999,6/21/2021 19:30,19:30,8,0,0,W 8TH AVE & N KNOX CT,1,1,0,0,1,1,0,0,30,0,0,0,0,0,4,2,3
,2021-48558,39.74032353,-105.0141399,11/6/2021 2:25,2:25,12,0,1,I-25 & COLFAX AVE W,1,3,0,0,1,4,0,0,55,0,0,0,0,2,1,2,16
,2021-48559,39.76939353,-105.0299599,11/21/2021 16:31,16:31,3,0,0,38TH AVE W & IRVING ST N,1,3,1,0,1,2,0,0,35,0,0,0,0,0,4,2,16
,2021-48560,39.67501354,-105.0168499,8/1/2021 18:41,18:41,10,0,0,2400 BLK W ILIFF AVE & S ZUNI ST,1,1,0,0,1,2,0,0,25,0,0,0,0,0,4,2,13
,2021-48561,39.70733353,-104.9407299,11/2/2021 15:25,15:25,12,0,0,CHERRY CREEK DR NE & COLORADO BLVD S,1,1,0,0,1,1,0,0,30,0,0,0,0,0,2,2,1
,2021-48562,39.75707737,-104.9907122,11/7/2021 17:18,17:18,2,0,1,PARK AVE W & BLAKE ST,1,3,0,0,1,1,0,0,30,1,0,0,0,1,4,2,16
,2021-48563,39.75512711,-105.0000479,11/5/2021 23:24,23:24,12,0,0,PARK AVE W & WEWATTA ST,1,3,0,0,1,1,0,0,35,0,0,0,0,0,4,2,14
,2021-48564,39.67851354,-104.9875599,11/9/2021 11:04,11:04,15,0,0,E EVANS AVE & S BROADWAY ST,1,1,0,0,1,3,0,0,35,0,0,0,0,0,4,2,16
,2021-48565,39.66384354,-104.9019199,9/5/2021 2:57,2:57,5,0,1,2900 BLK S QUEBEC ST & E CORNELL AVE,1,3,0,0,2,4,0,0,35,0,0,0,0,3,4,1,1
,2021-48566,39.75106244,-104.9781184,10/30/2021 18:49,18:49,15,0,0,I-70 EB OFF RAMP & N WASHINGTON ST,1,3,1,0,1,4,0,0,35,0,0,0,0,0,1,2,13
,2021-48567,39.8340925,-104.7719825,12/10/2021 7:05,7:05,15,0,2,PENA BLVD & TOWER RD N,10,1,1,2,1,4,0,0,65,0,0,0,0,1,4,2,14
,2021-48568,39.71120354,-104.9991199,10/16/2021 4:08,4:08,8,0,0,I-25 & W ALAMEDA AVE,1,4,0,0,1,4,0,0,65,0,0,0,0,0,1,1,5
,2021-48569,39.67869861,-105.0796243,11/20/2021 19:36,19:36,3,0,0,DEPEW ST S & EVANS AVE W,1,3,0,0,1,2,0,0,25,0,0,0,0,0,4,2,14
,2021-48570,39.75705353,-104.9928699,12/10/2021 8:45,8:45,5,0,1,22ND ST & WAZEE ST,4,1,0,2,2,1,0,0,30,0,0,0,0,1,4,1,13
,2021-48571,39.66575675,-104.9129537,11/12/2021 18:50,18:50,12,0,0,2000 BLK S MONACO PKWY & 2000 BLK S,1,3,0,0,1,4,0,0,35,0,0,0,0,0,4,2,13
,2021-48572,39.72499354,-105.0402299,10/23/2021 19:00,19:00,6,0,0,QUITMAN ST S & 520 S QUITMAN ST,1,2,1,0,1,4,0,0,25,0,0,0,1,0,4,2,16
,2021-48573,39.73825353,-105.0253099,10/16/2021 23:52,23:52,15,0,0,N FEDERAL BLVD & W COLFAX AVE EB OFF RAMP,1,3,1,0,1,8,0,0,35,0,0,0,0,0,2,2,16
,2021-48574,39.84979749,-104.6738195,11/30/2021 16:47,16:47,5,0,0,PENA BLVD & 8400 BLK,1,3,0,0,2,4,0,0,25,0,0,0,0,0,4,1,16
,2021-48575,39.63034354,-104.8938,12/10/2021 7:47,7:47,12,0,0,UNION AVE E & S ULSTER ST,4,1,0,2,1,1,0,0,35,0,0,0,0,0,4,2,7
,2021-48576,39.72527841,-105.1417334,12/10/2021 13:28,13:28,12,0,0,I-25 & 6TH AVE W,1,1,0,0,1,4,0,0,65,0,0,0,0,0,1,2,7
,2021-48577,39.68658354,-105.0410499,12/13/2021 15:04,15:04,12,0,0,QUITMAN ST S & W IOWA AVE,1,1,3,0,1,4,0,0,25,0,0,0,0,0,4,2,13
,2021-48579,39.68325354,-104.9503799,12/14/2021 20:47,20:47,5,0,1,ST PAUL ST S & COLORADO AVE E,1,3,3,0,2,4,0,0,30,0,0,0,0,2,4,2,13
,2021-48582,39.75100559,-104.8959625,12/15/2021 15:45,15:45,3,0,0,MONACO ST & E 23RD AVE,1,1,3,0,1,1,0,0,35,0,0,0,0,0,4,2,1
,2021-48586,39.78375353,-105.0345599,12/13/2021 20:42,20:42,6,0,0,LOWELL BLVD N & 48TH AVE W,1,3,3,0,3,4,0,0,35,0,0,0,0,0,4,2,13
,2021-48587,39.72410353,-104.9949423,12/14/2021 11:20,11:20,12,0,0,I-25 & 5TH AVE W,1,1,3,0,1,4,0,0,55,0,0,0,0,0,1,2,1
,2021-48588,39.71116354,-105.0015499,12/15/2021 10:54,10:54,3,0,0,ALAMEDA AVE W & LIPAN ST S,1,1,3,0,1,1,0,0,25,0,0,0,0,0,2,2,8
,2021-48589,39.75460883,-104.9281796,12/15/2021 17:00,17:00,3,0,0,COLFAX AVE E & FAIRFAX ST,1,3,3,0,1,9,0,0,35,0,0,0,0,0,2,2,16
,2021-48591,39.6941694,-104.9405556,12/14/2021 10:04,10:04,12,0,1,COLORADO BLVD S & MEXICO AVE E,1,3,3,0,1,1,0,0,35,0,0,0,0,2,2,2,13
,2021-48592,39.67868054,-105.0152953,12/14/2021 0:20,0:20,3,0,0,EVANS AVE W & BROADWAY S,1,3,3,0,1,1,0,0,35,0,0,0,0,0,4,2,3
,2021-48593,39.69635653,-104.8974019,12/14/2021 18:30,18:30,12,0,0,PARKER RD S & MISSISSIPPI AVE E,1,3,3,0,1,1,0,0,30,0,0,0,0,0,2,3,3
,2021-48594,39.70042354,-105.0532399,12/15/2021 18:07,18:07,1,0,0,SHERIDAN BLVD S & KENTUCKY AVE W,1,3,3,0,1,1,0,0,40,0,0,0,0,0,2,2,16
,2021-48595,39.78910351,-104.73446,12/14/2021 11:20,11:20,9,0,1,PICADILLY RD N & 51ST PL E,1,1,3,0,6,4,0,0,40,0,0,0,1,2,4,2,16
,2021-48596,39.70387354,-104.9862699,12/14/2021 16:30,16:30,12,0,0,LINCOLN ST S & EXPOSITION AVE E,1,1,3,0,1,1,0,0,30,0,0,0,0,0,4,2,3
,2021-48597,39.74617353,-104.9761399,12/15/2021 8:29,8:29,11,0,1,19TH AVE E & EMERSON ST N,11,1,3,1,1,2,0,0,,0,1,0,0,1,4,1,16
,2021-48600,39.72623353,-104.9406899,11/29/2021 17:00,17:00,12,0,0,COLORADO BLVD N & 7TH AVE E,1,2,3,0,1,1,0,0,40,0,0,0,0,0,2,3,16
,2021-48607,39.75304353,-104.9854699,12/15/2021 9:00,9:00,3,0,0,CHAMPA ST & PARK AVE W,1,1,3,0,1,1,0,0,30,0,0,0,0,0,4,2,3
,2021-48619,39.67731652,-104.9982901,12/15/2021 16:57,16:57,5,0,0,PLATTE RIVER DR S & VIRGINIA AVE W,1,1,3,1,1,1,0,0,25,0,0,0,0,0,4,2,13
,2021-48622,39.66666355,-105.0532399,12/14/2021 21:23,21:23,12,0,1,SHERIDAN BLVD S & YALE AVE W,1,3,3,0,1,3,0,0,40,0,0,0,0,1,2,3,16
,2021-48625,39.73999353,-104.9653699,11/9/2021 12:48,12:48,11,0,1,COLFAX AVE E & HIGH ST N,1,1,3,0,1,4,0,0,0,0,1,0,0,3,2,1,16
,2021-48627,39.77997352,-104.9781199,12/14/2021 12:52,12:52,12,0,0,I-70 WB EXIT RAMP [SLIP] & WASHINGTON ST N,1,1,3,0,1,8,0,0,55,0,0,0,0,0,1,2,3
,2021-48630,39.73864353,-105.0251699,12/15/2021 9:01,9:01,12,0,1,FEDERAL BLVD N & 14TH AVE W,11,1,3,1,1,3,0,0,35,0,0,0,0,1,2,2,13
,2021-48631,39.70605353,-104.9407399,12/15/2021 13:17,13:17,15,0,0,COLORADO BLVD S & CHERRY CREEK DR SE,1,1,3,0,1,3,0,0,35,0,0,0,0,0,2,2,11
,2021-48633,39.73840353,-104.9695199,12/10/2021 13:21,13:21,3,0,0,14TH AVE E & HUMBOLDT ST N,1,1,3,0,1,1,0,0,25,0,0,0,0,0,4,2,13
,2021-48635,39.74130353,-104.9919799,12/15/2021 13:42,13:42,12,0,0,TREMONT PL & 14TH ST,1,1,3,0,1,3,0,0,25,0,0,0,0,0,4,2,16
,2021-48636,39.74043353,-105.0139599,12/15/2021 17:42,17:42,12,0,0,I-25 & COLFAX AVE W,1,3,3,6,1,4,0,0,55,0,0,0,0,0,1,2,1
,2021-48643,39.71861353,-104.9728799,12/14/2021 19:17,19:17,8,0,0,DOWNING ST N & SPEER BLVD E,1,3,3,0,1,1,0,0,30,0,0,0,0,1,4,2,16
,2021-48645,39.75119729,-105.0263403,12/15/2021 12:48,12:48,12,0,2,I-25 & 23RD AVE W,1,1,3,0,1,4,0,0,55,0,0,0,0,1,1,2,13
,2021-48650,39.78833353,-105.0369299,12/8/2021 13:26,13:26,15,0,0,NEWTON ST N & 50TH AVE W,1,1,3,0,1,4,0,0,25,0,0,0,0,0,4,2,14
,2021-48651,39.70021353,-104.9082099,12/15/2021 9:11,9:11,12,0,0,LEETSDALE DR & ONEIDA ST S,1,1,3,0,1,4,0,0,35,0,0,0,0,0,2,2,14
,2021-48653,39.69748354,-104.9640399,12/14/2021 15:00,15:00,6,0,0,RACE ST S & 1000 BLK S,1,1,3,0,1,4,0,0,,0,0,0,0,0,4,2,16
,2021-48654,39.66549354,-104.9406799,12/14/2021 16:00,16:00,12,0,0,AMHERST AVE E & COLORADO BLVD S,1,1,3,0,1,1,0,0,,0,0,0,0,0,2,2,16
,2021-48657,39.7069798,-104.9479115,12/14/2021 19:30,19:30,1,0,0,VIRGINIA AVE E & COLORADO BLVD S,1,3,3,0,1,1,0,0,25,0,0,0,0,0,2,2,3
,2021-48658,39.77314352,-104.8470199,12/14/2021 19:06,19:06,12,0,0,PEORIA ST N & I-70,1,3,3,0,1,4,0,0,35,0,0,0,0,0,4,2,2
,2021-48659,39.72579354,-105.0416199,12/13/2021 19:20,19:20,6,0,0,RALEIGH ST N & W 6TH AVE,1,4,3,0,1,4,0,0,25,0,0,0,0,0,4,2,14
,2021-48661,39.78310352,-104.9009299,12/14/2021 16:52,16:52,12,0,1,I-270 & QUEBEC ST N,1,4,3,0,1,4,0,0,55,0,0,0,0,1,1,2,13
,2021-48690,39.71113354,-105.0275299,12/15/2021 15:05,15:05,1,0,0,HAZEL CT S & ALAMEDA AVE W,1,1,3,0,1,1,0,0,25,0,0,0,0,0,2,2,3
,2021-48695,39.72603354,-105.0252099,12/15/2021 16:17,16:17,12,0,0,FEDERAL BLVD N & 6TH AVE WB RAMPS,1,3,3,6,1,3,0,0,35,0,0,0,0,0,2,2,7
,2021-48696,39.71117354,-105.0145099,12/15/2021 14:40,14:40,12,0,0,ALAMEDA AVE W & YUMA ST,1,1,3,0,1,3,0,0,35,0,0,0,0,0,2,3,4
,2021-48698,39.72570353,-104.9985599,12/15/2021 10:40,10:40,5,0,0,6TH AVE W & SANTA FE DR N,1,1,3,6,1,3,0,0,35,0,0,0,0,0,4,3,13
,2021-48710,39.79837151,-104.772212,12/15/2021 6:30,6:30,1,0,0,56TH AVE E & N TOWER RD,1,2,3,0,1,1,0,0,40,0,0,0,0,0,4,2,16
,2021-48711,39.75823353,-104.9696499,11/23/2021 16:09,16:09,2,0,1,29TH AVE E & HUMBOLDT ST N,14,5,3,7,1,1,0,0,0,1,0,0,0,2,4,2,16
,2021-48712,39.76696353,-104.9720899,12/15/2021 0:37,0:37,6,0,0,MARION ST N & E 36TH AVE,1,3,3,0,1,4,0,0,25,0,0,0,0,0,4,3,3
,2021-48713,39.76801353,-104.9949599,12/15/2021 5:20,5:20,15,0,0,I-25 NB EXIT GORE PT TO & PARK AVE W,1,3,3,0,1,8,0,0,55,0,0,0,0,0,1,2,8
,2021-48721,39.79840751,-104.7872825,12/15/2021 8:13,8:13,12,0,0,56TH AVE E & N PENA BLVD,1,1,3,6,1,4,0,0,40,0,0,0,0,0,4,2,16
,2021-48728,39.72559624,-105.0502322,12/15/2021 9:43,9:43,12,0,0,HWY 6 EB ON RAMP ENT GORE PT FROM & SHERIDAN BLVD N,11,1,3,0,1,8,0,0,55,0,0,0,0,0,2,2,16
,2021-48746,39.69674353,-104.9034599,12/14/2021 17:21,17:21,11,0,1,QUEBEC ST S & MISSISSIPPI AVE E,1,4,3,0,1,4,0,0,30,0,1,0,0,1,4,1,13
,2021-48859,39.74764353,-105.0024799,10/13/2021 18:07,18:07,15,0,0,N SPEER BLVD & MARKET ST,1,2,0,0,1,4,0,0,45,0,0,0,0,0,4,2,1
,2021-48860,39.70711353,-104.8853699,11/21/2021 5:25,5:25,5,0,0,E ALAMEDA AVE & X XENIA ST,1,3,1,0,3,3,0,0,35,0,0,0,0,0,4,1,2
,2021-48861,39.65615355,-105.0532099,12/10/2021 13:41,13:41,11,0,1,SHERIDAN BLVD S & DARTMOUTH AVE W,1,1,0,0,1,1,0,0,40,0,1,0,0,3,2,1,14
,2021-48862,39.75949353,-104.9841199,10/16/2021 21:00,21:00,6,0,0,27TH ST & LARIMER ST,1,3,0,0,1,4,0,0,,0,0,0,0,0,4,2,16
,2021-48863,39.72031522,-104.880304,11/14/2021 0:21,0:21,3,0,0,YOSEMITE WY N & LOWRY BLVD,1,3,0,0,1,6,0,0,30,0,0,0,0,0,4,2,16
,2021-48864,39.70081324,-104.9875304,11/19/2021 23:35,23:35,12,0,0,BROADWAY ST S & I-25 SB ON RAMP,1,3,0,0,1,1,0,0,35,0,0,0,0,0,4,2,16
,2021-48865,39.78515351,-104.8336499,11/13/2021 18:03,18:03,8,0,0,E ANDREWS DR & ELK PL,1,3,0,0,1,1,0,0,25,0,0,0,0,0,4,2,1
,2021-48866,39.72527841,-105.1417334,12/10/2021 18:23,18:23,15,0,0,6TH AVE W & I-25,1,4,1,0,1,4,0,0,55,0,0,0,0,0,2,2,7
,2021-48867,39.75596353,-104.9904299,11/7/2021 19:58,19:58,15,0,0,2200 BLK MARKET ST & 22ND ST,1,1,0,0,1,4,0,0,25,0,0,0,0,0,4,2,16
,2021-48868,39.75167728,-105.0084195,12/11/2021 4:08,4:08,5,0,0,ELITCH CIR & SPEER BLVD N,1,3,0,0,3,3,0,0,35,0,0,0,0,0,4,1,3
,2021-48869,39.68136354,-105.0297799,10/23/2021 20:17,20:17,3,0,0,IRVING ST S & S JULIAN CIR,1,3,0,0,1,1,0,0,25,0,0,0,0,0,4,2,5
,2021-48870,39.77290352,-104.9498099,12/7/2021 16:33,16:33,1,0,1,40TH AVE E & STEELE ST N,1,1,0,0,1,1,0,0,35,0,0,0,1,2,4,2,14
,2021-48871,39.68308354,-104.9405299,9/19/2021 2:55,2:55,12,0,0,I-25 NB ENT RAMP [SLIP] & S COLORADO BLVD,1,3,0,0,1,8,0,0,45,0,0,0,0,0,1,2,14
,2021-48872,39.76911353,-104.9952899,12/12/2021 20:26,20:26,12,0,0,38TH AVE W & FOX ST N,1,3,1,0,1,1,0,0,35,0,0,0,0,0,1,2,16
,2021-48873,39.74006353,-104.9903499,10/20/2021 2:13,2:13,5,0,0,W COLFAX AVE & N BANNOCK ST,1,3,0,0,6,1,0,0,30,0,0,0,0,0,2,1,5
,2021-48874,39.67825354,-105.0320999,11/7/2021 3:06,3:06,5,0,0,3450 BLK W EVANS AVE & S KNOX CT,1,3,0,0,3,4,0,0,25,0,0,0,0,0,4,1,5
,2021-48875,39.76190352,-104.9126099,11/29/2021 14:30,14:30,12,0,0,N MONACO ST & E MLK BLVD,1,1,0,0,1,1,0,0,35,0,0,0,0,0,4,2,14
,2021-48876,39.74757353,-105.0267999,11/7/2021 11:11,11:11,3,0,0,W 20TH AVE & N GROVE ST,1,1,1,0,1,1,0,0,20,0,0,0,0,0,4,2,16
,2021-48879,39.65307355,-105.0603599,11/25/2021 20:01,20:01,12,0,1,HAMPDEN AVE W & HARLAN ST S,1,3,3,0,1,3,0,0,55,0,0,0,0,1,2,2,3
,2021-48881,39.67844354,-104.9187899,12/14/2021 11:23,11:23,1,0,3,EVANS AVE E & JASMINE ST S,1,1,3,0,1,1,0,0,35,0,0,0,0,1,4,2,13
,2021-48884,39.75131353,-105.0165199,12/16/2021 8:07,8:07,12,0,0,I-25 & 23RD AVE W,1,1,3,0,1,4,0,0,55,0,0,0,0,0,1,2,13
,2021-48885,39.68666354,-104.9875199,12/16/2021 12:11,12:11,15,0,0,BROADWAY ST S & IOWA AVE S,1,1,3,0,1,4,0,0,,0,0,0,0,0,4,3,16
,2021-48886,39.65305354,-104.9261399,12/16/2021 7:34,7:34,12,0,0,HAMPDEN AVE E & GLENCOE ST S,1,1,3,0,1,1,0,0,35,0,0,0,0,0,2,3,16
,2021-48887,39.74749353,-104.9781699,12/16/2021 9:30,9:30,11,0,0,PARK AVE & 20TH AVE E,1,1,3,0,1,1,0,0,0,0,1,0,0,0,4,1,16
,2021-48888,39.72693354,-105.0286199,12/16/2021 7:35,7:35,12,0,0,6TH AVE W & FEDERAL BLVD N,1,1,3,0,1,4,0,0,55,0,0,0,0,0,2,2,13
,2021-48890,39.79090352,-104.9416399,12/16/2021 9:44,9:44,12,0,1,VASQUEZ BLVD N & 52ND AVE E,1,1,3,0,1,3,0,1,45,0,0,0,0,1,2,2,3
,2021-48891,39.72412353,-104.9582499,12/15/2021 14:00,14:00,6,0,0,JOSEPHINE ST N & E 5TH AVE,1,1,3,0,1,1,0,0,25,0,0,0,0,1,4,2,7
,2021-48892,39.72558391,-105.0264701,12/15/2021 16:48,16:48,12,0,1,6TH AVE W & I-25,1,3,3,6,1,4,0,0,45,0,0,0,0,1,2,2,13