id,drcog_id,latitude,longitude,crashtime,time,crashtype,numbkilled,numbinjurd,drcoglocat,rdconditin,lightngcon,roadcntgrd,weatherco,location,roaddescrp,schoolzone,constrzone,splimit,bikeinv,pedinv,sctrinv,motoinv,svrty,rdsystem,ttlvehcls,hcf
,2021-48893,39.78422353,-105.0251799,12/16/2021 15:30,15:30,15,0,0,I-70 & FEDERAL BLVD N,1,1,3,0,1,4,0,0,55,0,0,0,0,0,1,2,13
,2021-48894,39.68009354,-104.9406799,12/15/2021 17:58,17:58,12,0,0,COLORADO BLVD S & BUCHTEL BLVD E,1,3,3,0,1,4,0,0,35,0,0,0,0,0,2,3,1
,2021-48895,39.64002754,-104.883528,12/16/2021 12:12,12:12,12,0,0,I-225 & YOSEMITE ST S,1,1,3,0,1,4,0,0,55,0,0,0,0,0,1,2,3
,2021-48896,39.78626257,-104.9457622,12/15/2021 21:35,21:35,5,0,1,I-70 & VASQUEZ BLVD N,1,3,3,0,2,4,0,0,70,0,0,0,0,1,1,2,3
,2021-48897,39.77588558,-104.7947319,12/16/2021 11:27,11:27,1,0,2,40TH AVE E & AIRPORT BLVD,1,1,3,0,1,1,0,0,40,0,0,0,0,2,4,2,8
,2021-48898,39.74043353,-105.0139599,12/17/2021 2:05,2:05,12,0,0,COLFAX AVE W & I-25 SB RAMPS,1,3,3,0,1,1,0,0,35,0,0,0,0,0,2,2,3
,2021-48899,39.73825353,-105.0251499,12/16/2021 11:01,11:01,12,0,1,FEDERAL BLVD N & HOWARD PL W,1,1,3,0,1,4,0,0,35,0,0,0,0,1,2,2,13
,2021-48900,39.72893353,-104.9928499,12/17/2021 13:39,13:39,3,0,0,8TH AVE W & DELAWARE ST N,1,1,3,0,1,1,0,0,,0,0,0,0,0,4,2,16
,2021-48902,39.67840354,-104.9908399,12/15/2021 16:16,16:16,15,0,0,EVANS AVE W & BANNOCK ST S,1,1,3,0,1,3,0,0,35,0,0,0,0,0,4,2,11
,2021-48903,39.78008352,-104.9404999,12/17/2021 13:05,13:05,12,0,0,I-70 & HOLLY ST N,1,1,3,0,1,4,0,0,55,0,0,0,0,0,1,3,4
,2021-48904,39.70035354,-105.0286399,12/16/2021 7:44,7:44,6,0,0,KENTUCKY AVE W & S HAZEL CT,6,1,3,1,1,4,0,0,25,0,0,0,0,0,4,2,13
,2021-48905,39.74849353,-105.0032199,12/16/2021 9:57,9:57,12,0,0,AURARIA PKWY & SPEER BLVD N,1,1,3,0,1,1,0,0,40,0,0,0,0,0,4,2,13
,2021-48906,39.76962352,-104.8485899,12/16/2021 6:08,6:08,11,0,1,3TH AVE E & PARIS ST N,1,4,3,0,1,1,0,0,25,0,1,0,0,2,4,1,14
,2021-48907,39.63136355,-105.0898499,12/16/2021 15:03,15:03,8,0,0,UNION AVE W & BALSAM WY S,1,2,3,0,1,1,0,0,20,0,0,0,0,0,4,2,11
,2021-48908,39.70294453,-104.9129359,12/16/2021 8:54,8:54,1,0,0,LEETSDALE DR & MONACO ST S,1,1,3,0,1,1,0,0,35,0,0,0,0,0,2,2,16
,2021-48909,39.73830353,-104.9412299,12/15/2021 7:30,7:30,12,0,0,14TH AVE E & COLORADO BLVD,11,1,3,2,1,1,0,0,35,0,0,0,0,0,2,2,13
,2021-48910,39.72810353,-104.9985999,12/15/2021 15:36,15:36,12,0,0,SANTA FE DR N & W 7TH AVE,1,1,3,0,1,4,0,0,30,0,0,0,0,0,4,3,13
,2021-48911,39.77503451,-104.809895,11/16/2021 7:55,7:55,12,0,0,N CHAMBERS RD & ANDREWS DR,1,1,3,6,1,4,0,0,40,0,0,0,0,0,4,3,3
,2021-48913,39.72909353,-104.9418299,12/17/2021 15:47,15:47,10,0,0,8TH AVE E & HARRISON ST N,1,2,3,0,1,1,0,0,30,0,0,0,0,0,4,2,8
,2021-48914,39.75107352,-104.9163299,11/29/2021 16:26,16:26,8,0,0,E 23RD AVE & N KRAMERIA ST,1,1,3,0,1,1,0,0,25,0,0,0,0,1,4,3,1
,2021-48918,39.6941694,-104.9405556,12/16/2021 15:40,15:40,12,0,0,I-25 & COLORADO BLVD S,1,1,3,0,1,4,0,0,55,0,0,0,0,0,1,2,4
,2021-48920,39.75322353,-104.9769499,12/14/2021 11:00,11:00,6,0,0,25TH AVE E & N WASHINGTON ST,1,5,3,7,1,4,0,0,,0,0,0,0,0,4,2,16
,2021-48921,39.71304354,-105.0127299,12/16/2021 5:30,5:30,6,0,0,CEDAR AVE W & ZUNI ST S,1,3,3,0,1,4,0,0,,0,0,0,0,0,4,2,16
,2021-48922,39.74033353,-105.0241299,11/23/2021 22:19,22:19,12,0,1,COLFAX AVE W & IRVING ST N,1,3,3,0,1,1,0,0,30,0,0,0,0,1,2,2,14
,2021-48923,39.74820353,-104.9696399,12/15/2021 18:40,18:40,6,0,1,HUMBOLDT ST N & 21ST AVE E,1,3,3,0,1,1,0,0,25,0,0,0,0,2,4,2,3
,2021-48924,39.68489924,-104.9594319,12/16/2021 13:11,13:11,5,0,0,UNIVERSITY BLVD S & I-25,1,1,3,0,3,8,0,0,55,0,0,0,0,0,1,2,7
,2021-48925,39.77419352,-104.8470299,12/15/2021 20:00,20:00,12,0,0,I-70 WB ON RAMP FROM & PEORIA ST N,1,3,3,0,1,8,0,0,55,0,0,0,0,0,1,3,3
,2021-48926,39.8039519,-104.7720422,12/16/2021 7:10,7:10,3,0,0,GVR BLVD E & TOWER RD N,1,1,3,0,1,2,0,0,35,0,0,0,0,0,4,2,11
,2021-48927,39.72008353,-104.8907399,12/16/2021 7:35,7:35,15,0,0,LOWRY BLVD E & UINTA WY N,1,1,3,0,1,6,0,0,25,0,0,0,0,0,4,2,16
,2021-48928,39.78226152,-104.8658929,12/12/2021 20:25,20:25,1,0,1,47TH AVE E & HAVANA ST N,1,3,3,0,1,1,0,0,40,0,0,0,0,2,4,2,7
,2021-48929,39.73683353,-104.9848499,12/16/2021 10:22,10:22,11,0,1,13TH AVE E & SHERMAN ST N,1,1,3,0,1,1,0,0,,1,0,0,0,1,4,1,16
,2021-48933,39.73891353,-105.0250899,12/14/2021 10:29,10:29,12,0,2,FEDERAL BLVD N & 14TH AVE W,1,1,3,0,1,3,0,0,35,0,0,0,0,1,2,2,6
,2021-48934,39.76929253,-105.0253144,12/15/2021 14:48,14:48,3,0,0,FEDERAL BLVD N & 38TH AVE W,1,1,3,0,1,1,0,0,35,0,0,0,0,0,2,2,13
,2021-48937,39.69935354,-104.9792399,12/16/2021 7:18,7:18,6,0,0,WASHINGTON ST S & E 9TH AVE,1,2,3,0,1,4,0,0,25,0,0,0,0,0,4,4,3
,2021-48938,39.78483351,-104.76364,12/16/2021 15:18,15:18,15,0,0,48TH PL E & CEYLON WY N,1,1,3,0,1,4,0,0,25,0,0,0,0,0,4,2,14
,2021-48939,39.72930553,-105.0230854,12/16/2021 14:13,14:13,12,0,0,I-25 & 8TH AVE W,1,1,3,0,1,4,0,0,55,0,0,0,0,0,1,2,13
,2021-48940,39.73526353,-105.0001399,12/16/2021 9:22,9:22,3,0,0,12TH AVE W & N KALAMATH ST,1,1,3,0,1,1,1,0,20,0,0,0,0,0,4,2,13
,2021-48946,39.78366353,-105.0532299,12/16/2021 20:52,20:52,12,0,0,I-70 & SHERIDAN BLVD N,1,3,3,0,1,4,0,0,55,0,0,0,0,0,1,3,16
,2021-48949,39.7065553,-104.979255,12/16/2021 18:51,18:51,12,0,0,I-25 & WASHINGTON ST S,1,3,3,0,1,4,0,0,55,0,0,0,0,0,1,3,16
,2021-48952,39.71129353,-104.9128499,12/16/2021 12:45,12:45,10,0,0,ALAMEDA AVE E & S MONACO ST,1,1,3,0,1,1,0,0,35,0,0,0,0,0,4,2,11
,2021-48955,39.76593519,-104.9405514,12/1/2021 21:31,21:31,11,0,1,COLORADO BLVD N & 35TH AVE E,1,3,3,0,1,4,0,0,0,0,1,0,0,3,2,1,16
,2021-48958,39.75618185,-105.0155256,12/17/2021 15:38,15:38,15,0,0,I-25 & SPEER BLVD N,1,2,3,0,1,4,0,0,55,0,0,0,0,0,1,2,11
,2021-48961,39.70733353,-104.9407399,12/11/2021 17:02,17:02,1,0,1,COLORADO BLVD S & CHERRY CREEK DR SE,1,3,3,0,1,1,0,0,25,0,0,0,0,1,2,2,14
,2021-48962,39.76094353,-105.0043199,12/17/2021 14:59,14:59,3,0,0,20TH ST & I-25 SB OFF RAMP,1,1,3,0,1,1,0,0,30,0,0,0,0,0,4,2,3
,2021-48963,39.75706352,-104.8989699,12/10/2021 8:40,8:40,15,0,0,SYRACUSE ST N & E 28TH PL,7,1,3,0,1,9,0,0,30,0,0,0,0,0,4,2,10
,2021-48964,39.74063353,-104.9782899,11/1/2021 14:45,14:45,16,0,0,WASHINGTON ST N & 1566 N WASHINGTON ST,1,1,3,0,5,7,0,0,15,0,0,0,0,0,3,2,11
,2021-48965,39.66748354,-104.9254699,12/17/2021 12:23,12:23,5,0,0,I-25 & YALE AVE E,1,1,3,0,2,4,0,0,65,0,0,0,0,0,1,1,16
,2021-48966,39.75493891,-104.982918,11/22/2021 4:15,4:15,6,0,0,CHAMPA ST & 2500 BLK,1,3,3,0,1,4,0,0,25,0,0,0,0,0,4,4,2
,2021-48967,39.77400352,-104.8470299,12/16/2021 12:46,12:46,3,0,2,PEORIA ST N & I-70 EB OFF RAMP,1,1,3,0,1,1,0,0,35,0,0,0,0,2,4,3,13
,2021-48968,39.8380235,-104.70132,12/16/2021 8:44,8:44,10,0,0,78TH AVE E & JACKSON GAP ST N,1,1,3,0,1,4,0,0,45,0,0,0,0,0,4,2,8
,2021-48969,39.78379352,-104.9472799,12/16/2021 14:35,14:35,12,0,0,48TH AVE E & 3400 BLK E,1,1,3,0,1,4,0,0,25,0,0,0,0,0,4,2,13
,2021-48970,39.72553353,-105.0131199,11/26/2021 18:24,18:24,12,0,0,I-25 & 6TH AVE W,1,3,3,0,1,4,0,0,55,0,0,0,0,0,1,2,13
,2021-48971,39.77829352,-104.9034199,12/16/2021 16:17,16:17,15,0,0,I-70 & QUEBEC ST N,1,3,3,0,1,4,0,0,55,0,0,0,0,0,1,2,13
,2021-48972,39.68498354,-104.9373199,12/17/2021 10:45,10:45,11,0,1,BELLAIRE ST S & MEXICO AVE E,1,1,3,0,1,4,0,0,0,0,1,0,0,2,4,1,16
,2021-48986,39.75131353,-105.0165199,12/17/2021 11:26,11:26,12,0,0,I-25 & 23RD AVE W,1,1,3,0,1,4,0,0,55,0,0,0,0,0,1,2,3
,2021-48987,39.67844354,-104.9366799,11/18/2021 7:52,7:52,12,0,0,E EVANS AVE & S BIRCH ST,1,2,3,0,1,4,0,0,35,0,0,0,0,0,4,2,13
,2021-48997,39.76213353,-105.0345999,12/17/2021 14:57,14:57,1,0,0,32ND AVE W & LOWELL BLVD N,1,1,3,0,1,1,0,0,30,0,0,0,0,0,4,2,10
,2021-48998,39.75548353,-104.9910399,12/16/2021 16:15,16:15,3,0,0,22ND ST & MARKET ST,1,1,3,0,1,1,0,0,35,0,0,0,0,0,4,2,3
,2021-49000,39.71505353,-104.9406899,12/17/2021 9:21,9:21,12,0,0,LEETSDALE DR & COLORADO BLVD S,1,1,3,0,1,3,0,0,35,0,0,0,0,0,2,2,13
,2021-49001,39.72926353,-104.9161499,12/8/2021 15:50,15:50,3,0,1,8TH AVE E & N KRAMERIA ST,1,1,3,0,1,1,0,0,30,0,0,0,0,2,4,2,1
,2021-49002,39.77866352,-104.9159299,12/9/2021 12:49,12:49,12,0,0,LEYDEN ST S & STAPLETON DR NE,1,1,3,0,1,4,0,0,25,0,0,0,0,0,4,2,16
,2021-49003,39.77467351,-104.80895,12/11/2021 12:39,12:39,12,0,0,CHAMBERS RD N & ANDREWS DR E,1,1,3,0,1,4,0,0,35,0,0,0,0,0,4,2,13
,2021-49004,39.74043353,-105.0139599,12/16/2021 22:28,22:28,12,0,0,I-25 & COLFAX AVE W,1,3,3,0,1,4,0,1,55,0,0,0,0,0,1,2,1
,2021-49007,39.71940958,-104.9501151,12/17/2021 14:58,14:58,6,0,0,ST PAUL ST N & E 2ND AVE,1,1,3,0,1,4,0,0,25,0,0,0,0,0,4,2,7
,2021-49011,39.69316354,-105.0531799,12/17/2021 9:17,9:17,1,0,1,SHERIDAN BLVD S & LOUISIANA AVE W,1,1,3,0,1,1,0,0,35,0,0,0,0,1,2,2,1
,2021-49014,39.76728352,-104.8904099,12/17/2021 14:24,14:24,12,0,0,CENTRAL PARK BLVD N & E 35TH AVE,1,1,3,0,1,4,0,0,30,0,0,0,0,0,4,2,13
,2021-49017,39.77939353,-104.9791499,12/17/2021 8:10,8:10,15,0,0,I-70 & WASHINGTON ST N,1,1,3,0,1,4,0,0,45,0,0,0,0,0,1,3,1
,2021-49023,39.75922353,-104.9862099,12/16/2021 23:35,23:35,3,0,0,26TH ST & WALNUT ST,1,3,3,0,1,1,0,0,25,0,0,0,0,0,4,2,16
,2021-49024,39.68756354,-104.9920599,12/16/2021 13:35,13:35,15,0,1,SANTA FE DR S & IOWA AVE W,1,1,3,0,1,3,0,0,45,0,0,0,0,1,2,3,14
,2021-49025,39.67483354,-104.9187899,12/16/2021 10:47,10:47,1,0,0,JASMINE ST S & ILIFF AVE E,1,1,3,0,1,1,0,0,25,0,0,0,0,0,4,2,13
,2021-49028,39.72877353,-104.9726199,12/12/2021 11:01,11:01,12,0,0,8TH AVE E & DOWNING ST N,1,1,3,0,1,4,0,0,30,0,0,0,0,0,4,2,4
,2021-49029,39.83422589,-104.7468541,12/17/2021 16:04,16:04,12,0,1,E-470 & 7600 BLK,1,3,3,0,1,4,0,0,75,0,0,0,0,1,4,2,1
,2021-49030,39.66757354,-104.9170499,12/17/2021 13:55,13:55,12,0,1,YALE AVE E & KEARNEY ST S,1,1,3,0,1,4,0,0,35,0,0,0,0,1,4,4,10
,2021-49031,39.8311435,-104.77945,12/17/2021 7:58,7:58,12,0,0,PENA BLVD & N TOWER RD,1,1,3,0,1,4,0,0,65,0,0,0,0,0,4,4,11
,2021-49032,39.76807353,-104.9948099,12/8/2021 12:26,12:26,15,0,0,I-25 & PARK AVE W,1,1,3,0,1,13,0,0,55,0,0,0,0,0,1,2,1
,2021-49037,39.73293353,-104.9861199,12/16/2021 17:35,17:35,12,0,0,LINCOLN ST N & 11TH AVE E,1,3,3,0,1,4,0,0,30,0,0,0,0,0,4,2,13
,2021-49039,39.8454435,-104.68077,12/16/2021 6:30,6:30,12,0,0,PENA BLVD & 8100 BLK,1,4,3,0,1,4,0,0,45,0,0,0,0,0,4,2,13
,2021-49040,39.74744052,-104.8917252,12/16/2021 17:53,17:53,15,0,0,COLORADO BLVD N & MONTVIEW BLVD E,1,3,3,0,1,1,0,0,35,0,0,0,0,0,2,2,16
,2021-49041,39.72546693,-105.0117526,12/17/2021 8:45,8:45,12,0,0,I-25 NB OFF RAMP TO & 6TH AVE W,1,1,3,0,1,8,0,0,35,0,0,0,0,0,1,2,13
,2021-49046,39.66080297,-104.9329582,12/17/2021 12:10,12:10,12,0,0,HAVANA ST S & DARTMOUTH AVE E,1,1,3,0,1,1,0,0,35,0,0,0,0,0,2,2,11
,2021-49047,39.78022353,-105.0439399,12/17/2021 16:20,16:20,15,0,0,TENNYSON ST N & W 46TH AVE,1,1,3,0,1,1,0,0,25,0,0,0,0,0,4,2,1
,2021-49048,39.76944592,-105.0315221,12/17/2021 11:40,11:40,15,0,0,I-25 & 38TH AVE W,1,1,3,0,1,4,0,0,55,0,0,0,0,0,1,2,7
,2021-49050,39.78362951,-104.791364,12/17/2021 10:41,10:41,12,0,0,PENA BLVD & GVR BLVD E,1,1,3,0,1,1,0,0,45,0,0,0,0,0,4,2,13
,2021-49051,39.73648353,-104.9268999,12/16/2021 18:24,18:24,15,0,0,13TH AVE E & 5200 BLK E,1,4,3,0,1,4,0,0,30,0,0,0,0,0,4,2,11
,2021-49053,39.77280351,-104.78988,12/17/2021 21:04,21:04,1,0,0,PENA BLVD & 40TH AVE E,1,3,3,0,1,1,0,0,40,0,0,0,0,0,4,2,13
,2021-49054,39.70034354,-105.0344499,12/17/2021 19:55,19:55,3,0,0,KENTUCKY AVE W & S LOWELL BLD,1,3,3,0,1,1,0,0,30,0,0,0,0,0,4,2,16
,2021-49055,39.73404353,-104.9847599,12/9/2021 14:26,14:26,6,0,0,SHERMAN ST N & E 11TH AVE,1,3,3,0,1,4,0,0,25,0,0,0,0,0,4,2,16
,2021-49056,39.75128353,-105.0167799,12/18/2021 14:42,14:42,12,0,0,I-25 & 23RD AVE W,1,1,3,0,1,4,0,0,55,0,0,0,0,0,1,3,8
,2021-49058,39.72011353,-104.9775399,12/18/2021 8:30,8:30,12,0,1,SPEER BLVD E & CLARKSON ST N,1,1,3,0,1,1,0,0,30,0,0,0,0,2,4,2,14
,2021-49072,39.75007753,-105.0049384,12/17/2021 23:12,23:12,1,0,0,WEWATTA ST & SPEER BLVD N,1,3,3,0,1,1,0,0,35,0,0,0,0,0,4,2,3
,2021-49075,39.70017265,-104.9406861,12/17/2021 20:45,20:45,2,0,1,COLORADO BLVD S & KENTUCKY AVE E,1,3,3,0,1,1,0,0,0,1,0,0,0,2,2,1,16
,2021-49080,39.71885353,-104.9874899,12/15/2021 18:48,18:48,15,0,0,BROADWAY ST N & 1900 BLK N,1,2,3,0,1,4,0,0,,0,0,0,0,0,4,2,16
,2021-49081,39.78786872,-105.0345619,12/18/2021 0:33,0:33,15,0,0,38TH AVE W & LOWELL BLVD N,1,3,3,0,1,4,0,0,35,0,0,0,0,0,4,2,16
,2021-49085,39.75769353,-105.0532299,12/17/2021 10:56,10:56,12,0,1,SHERIDAN BLVD N & 29TH AVE W,1,1,3,0,1,3,0,0,35,0,0,0,0,1,2,2,13
,2021-49086,39.81095351,-104.8773994,12/17/2021 20:47,20:47,5,0,0,DALLAS ST N & E 63RD PL,1,3,3,0,3,3,0,0,25,0,0,0,0,0,4,1,1
,2021-49087,39.73208353,-105.0251499,12/17/2021 11:07,11:07,15,0,0,FEDERAL BLVD N & 10TH AVE W,1,1,3,0,1,4,0,0,35,0,0,0,0,0,2,2,13
,2021-49088,39.76732352,-104.8924899,12/7/2021 11:58,11:58,6,0,0,36TH AVE E & UINTA ST N,1,1,3,0,1,4,0,0,35,0,0,0,0,0,4,2,1
,2021-49092,39.78075294,-104.970202,11/21/2021 2:58,2:58,15,0,1,I-70 & MM 282.50,1,4,3,0,1,4,0,0,55,0,0,0,0,2,1,2,14
,2021-49094,39.76849352,-104.8657799,12/17/2021 15:46,15:46,1,0,1,HAVANA ST N & SMITH RD E,1,1,3,0,1,1,0,0,35,0,0,0,0,1,4,2,11
,2021-49097,39.76331353,-105.0252399,12/16/2021 15:53,15:53,12,0,0,FEDERAL BLVD N & 33RD AVE W,1,1,3,0,1,4,0,0,35,0,0,0,0,0,2,2,13
,2021-49101,39.72558391,-105.0264701,12/18/2021 9:43,9:43,12,0,5,I-25 & 6TH AVE W,1,1,3,0,1,4,0,0,55,0,0,0,0,1,1,3,1
,2021-49103,39.73385932,-105.0212463,12/18/2021 11:20,11:20,12,0,3,I-25 & 11TH AVE W,1,1,3,0,1,4,0,0,,0,0,0,0,2,1,4,16
,2021-49105,39.77053353,-105.0054299,12/18/2021 14:58,14:58,3,0,0,39TH AVE W & N OSAGE ST,1,1,3,0,1,1,0,0,25,0,0,0,0,0,4,2,11
,2021-49115,39.78199352,-104.9017299,11/3/2021 6:52,6:52,15,0,0,QUEBEC ST N & SAND CREEK RD N,1,3,3,0,1,3,0,0,,0,0,0,0,0,2,2,16
,2021-49129,39.78410355,-104.8830016,10/28/2021 8:40,8:40,15,0,0,CENTRAL PARK BLVD N & E NORTHFIELD BLVD,1,1,3,0,1,4,0,0,35,0,0,0,0,0,4,2,1
,2021-49142,39.75119729,-105.0263403,12/16/2021 6:36,6:36,12,0,0,I-25 & 23RD AVE W,1,2,3,0,1,4,0,0,55,0,0,0,0,0,1,2,16
,2021-49145,39.74992453,-104.9808252,12/15/2021 22:24,22:24,3,0,1,TREMONT PL & 14TH ST,1,3,3,0,1,1,0,0,30,0,0,0,0,2,4,2,13
,2021-49146,39.73044353,-104.9873899,12/17/2021 10:20,10:20,11,0,1,9TH AVE E & BROADWAY ST N,1,1,3,0,1,3,0,0,0,0,1,0,0,2,4,1,16
,2021-49163,39.73203353,-104.9861199,12/16/2021 21:14,21:14,11,0,2,LINCOLN ST N & 10TH AVE E,1,3,3,0,1,1,0,0,30,1,0,0,0,2,4,1,13
,2021-49169,39.75342691,-104.993233,12/18/2021 12:26,12:26,12,0,0,I-25 & 20TH ST,1,1,3,0,1,4,0,0,55,0,0,0,0,0,2,2,13
,2021-49171,39.74010052,-104.9588954,12/17/2021 18:16,18:16,11,0,0,COLFAX AVE W & JOSEPHINE ST N,1,3,3,0,1,1,0,0,0,0,1,0,0,0,2,1,16
,2021-49173,39.76446925,-104.9361607,12/17/2021 14:40,14:40,10,0,0,BRUCE RANDOLPH AVE E & COLORADO BLVD N,1,1,3,0,1,9,0,0,25,0,0,0,0,0,4,2,16
,2021-49185,39.75007753,-105.0049384,12/16/2021 20:14,20:14,1,0,0,SPEER BLVD N & WEWATTA ST,1,3,3,0,1,1,0,0,35,0,0,0,0,0,4,2,16
,2021-49186,39.75791353,-104.9917599,12/17/2021 14:25,14:25,12,0,0,PARK AVE_W & WAZEE ST,1,1,3,0,1,3,0,0,30,0,0,0,0,0,4,2,13
,2021-49195,39.75059353,-105.0205299,12/17/2021 12:10,12:10,12,0,0,CLAY ST N & 2200 BLK N,1,1,3,0,1,4,0,0,25,0,0,0,0,0,4,2,16
,2021-49199,39.72931353,-105.0150499,12/17/2021 21:23,21:23,5,0,0,I-25 & 8TH AVE W,1,3,3,0,3,4,0,0,15,0,0,0,0,0,1,1,16
,2021-49216,39.71827353,-104.9592099,11/16/2021 16:00,16:00,12,0,0,UNIVERSITY BLVD N & 1ST AVE E,1,2,1,0,1,3,0,0,40,0,0,0,0,0,4,2,16
,2021-49235,39.69496154,-105.0531964,11/8/2021 10:40,10:40,15,0,0,S SHERIDAN BLVD & W ARIZONA AVE,1,1,3,1,1,1,0,0,,0,0,0,0,0,2,2,16
,2021-49237,39.82976428,-104.692964,12/19/2021 15:57,15:57,14,0,0,JACKSON GAP ST & PENA BLVD,1,1,3,0,6,5,0,0,,0,0,0,0,0,4,2,14
,2021-49246,39.76299252,-104.8885512,12/16/2021 23:23,23:23,3,0,0,33RD AVE E & RACE ST N,1,4,3,0,1,1,0,0,30,0,0,0,0,0,4,2,16
,2021-49248,39.6911275,-104.95466,12/9/2021 14:00,14:00,15,0,0,DARTMOUTH AVE E & S CLAYTON ST,1,1,3,0,1,4,0,0,20,0,0,0,0,0,4,2,16
,2021-49254,39.71531353,-104.9592199,10/29/2021 10:46,10:46,2,0,1,S UNIVERSITY BLVD & E CHERRY CREEK S DR,1,1,3,0,1,3,0,0,0,1,0,0,0,3,4,1,16
,2021-49257,39.74119353,-104.9954599,12/12/2021 19:30,19:30,5,0,0,WELTON ST & 12TH ST,1,3,3,0,2,4,0,0,30,0,0,0,0,0,4,1,1
,2021-49281,39.65698353,-104.86641,12/19/2021 6:46,6:46,8,0,1,GIRARD AVE E & HAVANA ST S,1,2,3,0,1,4,0,0,30,0,0,0,0,2,4,4,16
,2021-49287,39.77799351,-104.77207,12/19/2021 17:55,17:55,12,0,0,E 45TH AVE & N TOWER RD,1,3,3,0,1,1,0,0,35,0,0,0,0,0,4,2,3
,2021-49288,39.70530413,-104.9108124,12/19/2021 17:10,17:10,3,0,0,S LOGAN ST & E CENTER AVE,1,2,3,0,1,1,0,0,25,0,0,0,0,1,4,3,11
,2021-49298,39.72094453,-104.9874919,12/19/2021 14:39,14:39,10,0,0,E 3RD AVE & N BROADWAY ST,1,1,3,0,1,1,0,0,30,0,0,0,0,0,4,2,7
,2021-49299,39.75307353,-104.9976099,12/16/2021 14:46,14:46,6,0,0,WAZEE ST & 18TH ST,1,1,3,0,1,4,0,0,35,0,0,0,0,0,4,2,1
,2021-49345,39.74012353,-104.9297899,12/5/2021 23:30,23:30,12,0,2,E COLFAX AVE & N ELM ST,1,3,3,0,1,4,0,0,30,0,0,0,0,2,2,3,16
,2021-49353,39.69498354,-105.0531899,11/5/2021 20:10,20:10,15,0,0,S SHERIDAN BLVD & W ARIZONA AVE,1,3,3,0,1,1,0,0,,0,0,0,0,0,2,2,16
,2021-49356,39.75342691,-104.993233,12/19/2021 3:33,3:33,5,0,1,I-25 & 20TH ST,1,3,3,0,2,4,0,0,55,0,0,0,0,1,1,1,2
,2021-49357,39.74824153,-104.9864389,12/11/2021 18:21,18:21,15,0,0,20TH ST & WELTON ST,1,3,3,6,1,4,0,0,25,0,0,0,0,0,4,2,1
,2021-49371,39.69852353,-104.9035399,12/10/2021 8:16,8:16,12,0,0,PARKER RD S & QUEBEC ST S,4,1,3,2,1,4,0,0,35,0,0,0,0,0,2,2,13
,2021-49373,39.65316989,-105.1121086,12/18/2021 19:07,19:07,8,0,1,HAMPDEN AVE FRONTAGE RD & SHERIDAN BLVD S,1,4,3,0,1,4,0,0,35,0,0,0,0,2,4,2,14
,2021-49376,39.77291353,-105.0205199,12/19/2021 3:48,3:48,6,0,1,CLAY ST N & 44TH AVE W,1,3,3,0,3,4,0,0,35,0,0,0,0,2,4,3,16
,2021-49404,39.71835353,-104.9036799,12/19/2021 8:38,8:38,3,0,0,1ST AVE E & QUEBEC ST N,1,1,3,0,1,1,0,0,35,0,0,0,0,0,4,2,3
,2021-49423,39.75390352,-104.8907099,12/18/2021 23:48,23:48,5,0,0,CENTRAL PARK BLVD N & N WABASH ST,1,3,3,0,6,4,0,0,30,0,0,0,0,1,4,1,14
,2021-49425,39.70849354,-105.0250799,12/19/2021 13:05,13:05,12,0,0,FEDERAL BLVD S & ALAMEDA AVE W,1,1,3,0,1,3,0,0,,0,0,0,0,0,2,3,16
,2021-49427,39.79847952,-104.8752306,12/19/2021 19:21,19:21,12,0,0,E 56TH AVE & N CENTRAL PARK BLVD,1,3,3,0,1,3,0,0,40,0,0,0,0,1,4,2,3
,2021-49440,39.76128695,-104.9585555,12/1/2021 19:35,19:35,12,0,0,JOSEPHINE ST N & 8TH AVE,1,3,3,0,1,1,0,0,30,0,0,0,0,0,4,2,16
,2021-49524,39.68839354,-104.9593599,12/19/2021 11:40,11:40,12,0,0,1500 BLK S UNIVERSITY BLVD & E FLORIDA AVE,1,1,3,0,1,4,0,0,35,0,0,0,0,0,4,2,11
,2021-49528,39.72156353,-104.9795699,12/18/2021 23:30,23:30,3,0,0,SPEER BLVD E & WASHINGTON ST,1,3,3,0,1,1,0,0,,0,0,0,0,0,4,2,16
,2021-49600,39.69501354,-105.0532499,11/13/2021 13:02,13:02,10,0,0,SHERIDAN BLVD S & ARIZONA AVE W,1,1,3,0,1,1,0,1,35,0,0,0,0,0,1,2,14
,2021-49624,39.74032354,-105.0533499,11/29/2021 17:00,17:00,15,0,0,COLFAX AVE W & SHERIDAN BLVD,1,1,3,0,1,1,0,0,,0,0,0,0,0,2,2,16
,2021-49701,39.69469354,-105.0531899,12/12/2021 17:15,17:15,12,0,0,S SHERIDAN BLVD & W ARIZONA AVE,1,3,3,0,1,4,0,0,40,0,0,0,0,0,2,3,16
,2021-49731,39.74744052,-104.8917252,12/9/2021 17:15,17:15,12,0,0,MONTVIEW BLVD & N QUEBEC ST,1,3,3,0,1,4,0,0,,0,0,0,0,0,4,2,16