id,drcog_id,latitude,longitude,crashtime,time,crashtype,numbkilled,numbinjurd,drcoglocat,rdconditin,lightngcon,roadcntgrd,weatherco,location,roaddescrp,schoolzone,constrzone,splimit,bikeinv,pedinv,sctrinv,motoinv,svrty,rdsystem,ttlvehcls,hcf
,2021-49733,39.62415855,-105.0912979,12/2/2021 17:53,17:53,12,0,1,S WADSWORTH BLVD & W BELLEVIEW AVE,1,3,3,0,1,4,0,0,45,0,0,0,0,1,2,2,7
,2021-49823,39.62415855,-105.0912979,11/15/2021 17:30,17:30,12,0,1,S WADSWORTH BLVD & W BELLEVIEW AVE,1,3,3,0,1,4,0,0,45,0,0,0,0,1,2,2,1
,2021-49834,39.6241736,-105.091271,11/21/2021 17:48,17:48,1,0,1,W BELLEVIEW AVE & S WADSWORTH BLVD,1,3,3,0,1,1,0,0,45,0,0,0,0,0,4,3,11
,2021-49938,39.75756353,-104.9900999,10/8/2021 15:52,15:52,15,0,0,2300 BLK BLAKE ST & PARK AVE W,1,1,3,0,1,4,0,0,35,0,0,0,1,1,4,2,1
,2021-50004,39.75624352,-104.8853899,8/31/2021 15:30,15:30,16,0,0,28TH AVE & 8800 E,1,1,0,0,5,7,0,0,,0,0,0,0,0,3,2,13
,2021-50005,39.68218354,-105.0552199,11/15/2021 11:55,11:55,11,1,0,JEWELL AVE (5200 BLOCK W) & S SHERIDAN BLVD,1,1,0,0,1,2,0,0,,0,1,0,0,4,4,1,3
,2021-50006,39.69202354,-104.9794399,11/13/2021 3:49,3:49,6,0,0,WASHINGTON ST S & 1353 S WASHINGTON ST,1,3,0,0,1,4,0,0,25,0,0,0,0,0,4,2,1
,2021-50007,39.78544353,-105.0064099,11/3/2021 17:04,17:04,1,1,0,N PECOS ST & 4800 BLK,1,1,0,0,1,2,0,0,30,0,0,0,0,4,4,2,1
,2021-50008,39.70145354,-104.9875299,10/1/2021 14:47,14:47,12,0,0,I-25 & S BROADWAY,1,1,0,0,1,4,0,0,60,0,0,0,0,0,1,2,3
,2021-50009,39.71324354,-104.9993999,10/5/2021 19:39,19:39,15,0,0,S KALAMATH ST & W CEDAR AVE,1,3,0,0,1,1,0,0,25,0,0,0,0,0,4,2,14
,2021-50010,39.72570353,-104.9823599,11/12/2021 23:03,23:03,6,0,1,LOGAN ST N & 6TH AVE E,1,4,0,0,3,4,0,0,25,0,0,0,0,3,4,2,3
,2021-50011,39.71832353,-104.9825999,11/4/2021 15:05,15:05,11,0,1,LOGAN ST N & 1ST AVE E,1,1,0,0,1,1,0,0,25,0,1,0,0,3,4,1,14
,2021-50012,39.72694077,-105.0286573,11/5/2021 21:00,21:00,11,0,1,HOOKER ST N & HWY 6 FRONTAGE RD N,1,4,1,0,1,4,0,0,25,0,1,0,0,3,4,1,16
,2021-50013,39.79840751,-104.7872825,11/14/2021 18:55,18:55,12,0,0,E 56TH AVE & PENA BLVD,1,3,0,0,1,1,0,0,45,0,0,0,0,0,4,2,13
,2021-50014,39.74001353,-104.9810999,12/12/2021 17:41,17:41,11,0,0,COLFAX AVE E & PENNSYLVANIA ST N,1,2,0,0,1,1,0,0,30,0,1,0,0,0,2,1,16
,2021-50015,39.74397352,-104.8866599,12/2/2021 17:19,17:19,3,0,1,E 23RD AVE & N CENTRAL PARK BLVD,1,1,0,0,1,1,0,0,25,0,0,0,0,2,4,2,7
,2021-50016,39.74495353,-104.9239699,12/13/2021 15:18,15:18,1,0,3,COLORADO BLVD N & 18TH AVE E,1,1,0,0,1,1,0,0,35,0,0,0,0,2,2,2,5
,2021-50017,39.68224354,-105.0461299,12/12/2021 15:39,15:39,15,0,0,JEWELL AVE W & S VRAIN ST,1,1,0,0,1,4,0,0,30,0,0,0,0,1,4,2,1
,2021-50018,39.71842584,-105.025089,12/3/2021 23:23,23:23,12,0,5,FEDERAL BLVD N & 1ST AVE W,1,3,0,0,1,4,0,0,35,0,0,0,0,3,2,2,5
,2021-50019,39.74379352,-104.8893399,12/11/2021 19:36,19:36,3,0,0,17TH AVE E & N WABASSH ST,1,3,0,0,1,1,0,0,25,0,0,0,0,0,4,4,5
,2021-50020,39.79817351,-104.8449899,11/14/2021 13:29,13:29,12,0,0,56TH AVE E & QUENTIN ST N,1,1,0,0,1,1,0,0,,0,0,0,0,0,4,3,16
,2021-50021,39.74032353,-105.0141399,11/13/2021 1:58,1:58,11,0,1,I-25 & COLFAX AVE W,1,3,1,0,2,4,0,0,55,0,1,0,0,3,1,4,5
,2021-50022,39.78366565,-104.7577423,12/13/2021 15:34,15:34,12,0,0,PENA BLVD N & GREEN VALLEY RANCH BLVD,1,3,1,0,1,4,0,0,65,0,0,0,0,0,4,2,7
,2021-50023,39.73763353,-104.9740399,11/25/2021 17:45,17:45,6,0,0,1300 BLK N CORONA ST & E 14TH AVE,1,3,0,0,1,4,0,0,30,0,0,0,0,0,4,3,5
,2021-50024,39.70294453,-104.9129359,10/30/2021 19:15,19:15,12,0,2,LEETSDALE DR & MONACO ST S,1,3,0,0,1,4,0,0,35,0,0,0,0,2,2,3,14
,2021-50032,39.71300354,-105.0203299,12/20/2021 14:27,14:27,3,0,0,W CEDAR AVE & S CLAY ST,1,1,3,1,1,1,0,0,25,0,0,0,0,0,4,2,3
,2021-50042,39.71119354,-104.9988899,12/20/2021 7:51,7:51,12,0,0,I-25 & ALAMEDA AVE W,1,1,3,0,1,4,0,0,55,0,0,0,0,0,1,2,13
,2021-50043,39.61451356,-105.0970099,12/20/2021 10:17,10:17,3,0,0,CROSS DR W & ESTES ST S,1,1,3,0,1,2,0,0,20,0,0,0,0,0,4,2,3
,2021-50046,39.72570353,-104.9985599,12/20/2021 10:00,10:00,15,0,0,SANTA FE DR S & 6TH AVE W,1,1,3,0,1,3,0,0,30,0,0,0,0,0,4,2,3
,2021-50051,39.78010352,-104.9497999,12/20/2021 6:40,6:40,12,0,0,I-70 & STEELE ST N,1,2,3,0,1,4,0,0,55,0,0,0,0,0,1,2,3
,2021-50055,39.75536353,-105.0126899,12/20/2021 14:37,14:37,12,0,1,I-25 & SPEER BLVD N,1,1,3,0,1,4,0,0,55,0,0,0,0,1,1,3,7
,2021-50064,39.72551353,-105.0133499,12/20/2021 12:54,12:54,15,0,0,I-25 SB ON RAMP GORE PT TO & HWY 6 EB DISTRIBUTOR RAMP,1,1,3,0,1,8,0,0,55,0,0,0,0,0,1,2,2
,2021-50066,39.63544354,-104.9009399,12/19/2021 14:17,14:17,15,0,0,I-225 & I-25,1,1,3,0,1,4,0,0,55,0,0,0,0,0,1,3,16
,2021-50076,39.8343135,-104.6985,12/20/2021 5:52,5:52,12,0,0,PENA BLVD OUTBOUND & GUN CLUB RD,1,3,3,0,1,4,0,0,65,0,0,0,0,1,4,2,13
,2021-50082,39.69960354,-104.9921499,12/20/2021 12:36,12:36,12,0,1,SANTA FE DR S & MISSISSIPPI AVE W,1,1,3,0,1,8,0,0,45,0,0,0,0,1,2,2,13
,2021-50089,39.71048354,-105.0397099,12/20/2021 8:51,8:51,3,0,1,NEVADA PL W & PERRY ST S,1,1,3,0,1,1,0,0,25,0,0,0,0,2,4,2,13
,2021-50090,39.73845353,-104.9968899,12/18/2021 13:06,13:06,3,0,0,14TH AVE W & N SPEER BLVD,1,1,3,0,1,1,0,0,30,0,0,0,0,0,4,2,8
,2021-50092,39.73834353,-104.9467099,12/17/2021 14:05,14:05,15,0,0,14TH AVE E & N MONROE ST,1,1,3,0,1,4,0,0,35,0,0,0,0,0,4,2,1
,2021-50093,39.67014354,-105.0250699,12/20/2021 8:31,8:31,15,0,0,FEDERAL BLVD S & COLLEGE AVE W,1,1,3,1,1,4,0,0,35,0,0,0,0,0,2,2,13
,2021-50094,39.68489488,-104.9510035,12/20/2021 9:03,9:03,12,0,1,I-25 NB EXIT GORE PT TO & 6TH AVE W,1,1,3,0,1,8,0,0,55,0,0,0,0,1,1,2,2
,2021-50095,39.65116354,-104.8848099,12/20/2021 15:21,15:21,3,0,0,S YOSEMITE ST & E JEFFERSON AVE,1,1,3,0,1,1,0,0,35,0,0,0,0,0,4,2,3
,2021-50097,39.76367353,-104.9892599,12/17/2021 13:10,13:10,3,0,0,DELGANY ST & 2700 BLK,1,1,3,0,1,1,0,0,35,0,0,0,0,0,4,2,1
,2021-50099,39.790182,-104.8904704,12/20/2021 17:51,17:51,3,0,1,VERBENA ST N & 47TH AVE,1,3,3,0,1,2,0,0,,0,0,0,0,1,4,2,10
,2021-50123,39.73214354,-105.0438799,12/20/2021 11:45,11:45,6,0,0,TENNYSON ST N & 10TH AVE W,1,1,3,0,1,4,0,0,25,0,0,0,0,0,4,2,13
,2021-50126,39.78031351,-104.74214,12/20/2021 8:40,8:40,6,0,0,47TH AVE E & MALAYA ST N,1,1,3,0,1,4,0,0,25,0,0,0,0,0,4,2,13
,2021-50138,39.63566354,-104.8938599,12/17/2021 14:06,14:06,12,0,0,I-225 & TAMARAC ST S,1,1,3,0,1,4,0,0,55,0,0,0,0,0,1,3,3
,2021-50140,39.74014352,-104.8928499,12/19/2021 2:09,2:09,6,0,0,UINTA ST N & COLFAX AVE E,1,3,3,0,1,4,0,0,30,0,0,0,0,0,4,2,16
,2021-50141,39.72558391,-105.0264701,12/20/2021 11:56,11:56,12,0,0,I-25 & 6TH AVE W,1,1,3,0,1,8,0,0,55,0,0,0,0,0,1,2,13
,2021-50142,39.73526353,-104.9835799,12/19/2021 11:35,11:35,3,0,1,E 12TH AVE & N GRANT ST,1,1,3,0,1,1,0,0,30,0,0,0,0,2,4,2,13
,2021-50145,39.70748353,-104.9757099,12/17/2021 15:52,15:52,3,0,0,OGDEN ST S & VIRGINIA AVE E,1,1,3,0,1,1,0,0,25,0,0,0,0,0,4,2,11
,2021-50146,39.63651355,-105.0351599,12/19/2021 22:14,22:14,6,0,0,RADCLIFF AVE W & LOWELL BLVD S,1,3,3,0,1,4,0,0,30,0,0,0,0,0,4,2,1
,2021-50147,39.74486353,-104.9835799,12/19/2021 11:04,11:04,3,0,0,E 18TH AVE & N GRANT ST,1,1,3,0,1,3,0,0,30,0,0,0,0,0,4,2,13
,2021-50151,39.75471353,-104.9848499,12/16/2021 0:30,0:30,6,0,0,CURTIS ST & 24TH ST,1,3,3,0,1,4,0,0,30,0,0,0,0,0,4,2,14
,2021-50152,39.67846454,-104.9315884,12/20/2021 12:59,12:59,1,0,0,E EVANS AVE & S DAHLIA ST,1,1,3,0,1,3,0,1,30,0,0,0,0,0,4,2,3
,2021-50195,39.74396353,-105.0440099,12/20/2021 15:10,15:10,12,0,0,W 17TH AVE & N TENNYSON ST,1,1,3,0,1,1,0,0,30,0,0,0,0,1,4,2,13
,2021-50226,39.71304354,-105.0133299,10/20/2021 15:46,15:46,6,0,0,CEDAR AVE & 2100 BLK W,1,1,3,0,1,4,0,0,,0,0,0,0,0,4,2,16
,2021-50285,39.74015352,-104.8964099,11/2/2021 20:08,20:08,6,0,0,TRENTON ST N & COLFAX AVE E,11,3,0,1,1,4,0,0,25,0,0,0,0,0,4,2,13
,2021-50286,39.76566352,-104.9405599,12/15/2021 17:45,17:45,15,0,1,COLORADO BLVD N & 35TH AVE E,1,3,0,0,1,4,0,0,35,0,0,0,0,1,2,2,6
,2021-50287,39.77975352,-104.9316599,10/9/2021 21:54,21:54,3,0,2,N DAHLIA ST & E STAPLETON DR,1,3,0,0,1,1,0,0,40,0,0,0,0,3,4,2,13
,2021-50288,39.74015353,-104.9011299,10/29/2021 11:43,11:43,5,0,1,E COLFAX AVE & N ROSLYN ST,1,1,0,0,2,4,0,0,30,0,1,0,0,2,2,1,14
,2021-50289,39.73987353,-104.8983799,11/2/2021 19:16,19:16,11,0,1,COLFAX AVE & 7700 BLK E,11,3,0,1,1,1,0,0,0,0,1,0,0,3,2,1,16
,2021-50290,39.68939354,-104.9827799,12/16/2021 19:00,19:00,3,0,1,LOGAN ST S & FLORIDA AVE E,1,3,0,0,1,1,0,0,25,0,0,0,0,2,4,3,13
,2021-50291,39.73103353,-104.9368799,12/17/2021 13:51,13:51,10,0,0,9TH AVE E & BELLAIRE ST N,1,1,0,0,1,3,0,0,25,0,0,0,0,0,4,2,8
,2021-50292,39.75629353,-105.0158299,11/20/2021 17:00,17:00,12,0,0,N ZUNI ST & N SPEER BLVD,1,1,1,0,1,1,0,0,30,0,0,0,0,0,4,2,5
,2021-50293,39.65537353,-104.86954,12/6/2021 21:20,21:20,6,0,0,10200 BLK E GIRARD AVE & S GALENA ST,1,4,0,0,1,4,0,0,25,0,0,0,0,0,4,2,5
,2021-50294,39.74013353,-104.9337899,12/12/2021 17:39,17:39,12,0,0,CHERRY ST N & COLFAX AVE E,1,3,0,0,1,1,0,0,25,0,0,0,0,0,2,2,14
,2021-50295,39.68228054,-105.0531784,12/16/2021 10:09,10:09,3,0,0,SHERIDAN BLVD S & JEWELL AVE W,1,1,1,0,1,1,0,0,40,0,0,0,0,0,2,2,13
,2021-50296,39.75131353,-105.0165199,12/18/2021 16:57,16:57,12,0,0,I-25 & 23RD AVE W,1,3,0,0,1,4,0,0,55,0,0,0,0,0,1,5,16
,2021-50297,39.79478351,-104.80971,11/10/2021 17:05,17:05,8,0,1,E MAXWELL PL & N CHAMBERS RD,1,1,0,0,1,1,0,0,40,0,0,0,0,2,4,3,13
,2021-50298,39.73998353,-104.9609999,12/14/2021 18:49,18:49,3,0,0,COLFAX AVE E & GAYLORD ST N,1,3,0,0,1,1,0,0,25,0,0,0,0,0,2,4,5
,2021-50299,39.74738353,-104.9406299,12/16/2021 12:28,12:28,12,0,0,COLORADO BLVD N & MONTVIEW BLVD E,1,1,0,0,1,1,0,0,30,0,0,0,0,0,2,2,13
,2021-50300,39.75387417,-104.89596,11/19/2021 1:45,1:45,3,0,0,E & 25TH AVE,1,3,0,0,1,1,0,0,25,0,0,0,0,0,4,2,1
,2021-50301,39.75193353,-104.9973499,12/16/2021 19:00,19:00,12,0,0,BLAKE ST & 18TH ST,1,3,0,0,1,4,0,0,30,0,0,0,0,0,4,2,13
,2021-50302,39.66758354,-104.9593699,12/18/2021 19:21,19:21,1,0,0,UNIVERSITY BLVD S & YALE AVE E,1,3,1,0,1,1,0,0,35,0,0,0,0,0,4,2,13
,2021-50303,39.68226354,-105.0572599,11/26/2021 16:18,16:18,3,0,0,DEPEW ST S & JEWELL AVE W,1,1,0,0,1,2,0,0,,0,0,0,0,0,4,2,3
,2021-50304,39.72527841,-105.1417334,12/18/2021 17:06,17:06,12,0,0,I-25 & 6TH AVE W,1,3,1,0,1,4,0,0,55,0,0,0,0,0,4,2,5
,2021-50305,39.71132353,-104.9365499,12/17/2021 15:33,15:33,3,0,2,LEETSDALE DR & ALAMEDA AVE E,1,1,0,0,1,1,0,0,35,0,0,0,0,2,2,2,1
,2021-50306,39.69851998,-104.9035812,11/9/2021 17:23,17:23,11,0,1,QUEBEC ST N & KENTUCKY AVE E,1,3,1,0,1,4,0,0,0,0,1,0,0,3,4,1,16
,2021-50307,39.74749353,-104.9781699,10/15/2021 12:10,12:10,1,0,1,PARK AVE & E 20TH AVE,1,1,0,0,1,1,0,0,30,0,0,0,1,3,4,2,8
,2021-50308,39.76695353,-104.9659399,12/16/2021 8:04,8:04,3,0,0,WILLISMA ST N & E 36TH AVE,1,1,0,0,1,1,0,0,30,0,0,0,0,0,4,2,13
,2021-50309,39.76211353,-105.0369499,12/18/2021 20:42,20:42,6,0,0,32ND AVE W & N NEWTON ST,1,3,0,0,1,4,0,0,30,0,0,0,0,0,4,2,16
,2021-50310,39.71465035,-104.9453763,11/19/2021 13:35,13:35,5,0,0,BANNOCK ST S & BAUAUD AVE W,1,1,0,0,3,1,0,0,25,0,0,0,0,0,4,1,13
,2021-50311,39.71116354,-105.0299299,12/16/2021 8:59,8:59,3,0,0,ALAMEDA AVE W & IRVING ST S,1,1,0,0,1,1,0,0,35,0,0,0,0,0,2,2,4
,2021-50312,39.68228054,-105.0531784,11/23/2021 13:31,13:31,12,0,0,W JEWELL AVE & S SHERIDAN BLVD,1,1,0,0,1,3,0,0,35,0,0,0,0,0,4,2,3
,2021-50313,39.73800353,-105.0251399,10/27/2021 13:05,13:05,11,0,1,N FEDERAL BLVD & W HOWARD PL,1,1,0,0,1,4,0,0,35,0,1,0,0,3,2,1,7
,2021-50314,39.76440353,-104.9760099,12/18/2021 15:47,15:47,3,0,0,23RD ST & LAWRENCE ST,1,1,1,0,1,1,0,0,30,0,0,0,0,0,4,2,16
,2021-50315,39.76932353,-105.0299599,12/19/2021 9:28,9:28,12,0,0,3700 BLK N IRVING ST & 3700 BLK N,1,1,0,0,1,4,0,0,30,0,0,0,0,0,4,2,13
,2021-50316,39.73527353,-104.9861099,12/18/2021 0:09,0:09,12,0,0,12TH AVE E & N LINCOLN ST,1,3,0,0,1,4,0,0,35,0,0,0,0,0,4,2,14
,2021-50317,39.71114354,-105.0508599,12/19/2021 2:03,2:03,6,0,0,300 BLK S YATES ST & W ALAMEDA AVE,1,3,1,0,1,3,0,0,35,0,0,0,0,0,4,2,1
,2021-50318,39.73079353,-104.9919999,12/19/2021 0:19,0:19,12,0,0,800 BLK N SPEER BLVD & N BANNOCK ST,1,3,0,0,1,4,0,0,35,0,0,0,0,0,4,2,13
,2021-50319,39.76366838,-104.9498809,12/19/2021 16:46,16:46,12,0,0,E 26TH AVE & N STEELE ST,1,3,0,0,1,1,0,0,30,0,0,0,0,0,4,2,13
,2021-50320,39.74007353,-104.9964699,10/8/2021 6:10,6:10,11,1,0,WELTON ST & W COLFAX AVE,1,3,3,0,1,1,0,0,0,0,1,0,0,4,2,1,16
,2021-50323,39.71116354,-105.0299299,12/20/2021 18:40,18:40,3,0,0,W ALAMEDA AVE & S IRVING ST,1,3,3,0,1,1,0,0,35,0,0,0,0,0,4,2,14
,2021-50325,39.72941354,-105.0361999,12/20/2021 15:30,15:30,14,0,0,700 BLK N MEADE ST & N MEADE ST,1,1,3,0,1,4,0,0,25,0,0,0,0,0,4,2,13
,2021-50326,39.77734352,-104.8470199,12/21/2021 8:30,8:30,15,0,0,PEORIA ST N & 45TH AVE E,1,1,3,0,1,4,0,0,35,0,0,0,0,0,4,3,1
,2021-50327,39.65303354,-104.9316899,12/21/2021 8:50,8:50,12,0,2,HAMPDEN AVE E & HAPPY CANYON RD E,1,1,3,0,1,1,0,0,35,0,0,0,0,1,2,3,8
,2021-50328,39.74698353,-104.9933199,12/20/2021 13:30,13:30,12,0,0,1600 BLK CHAMPA ST & 16TH ST,1,1,3,0,1,4,0,0,30,0,0,0,0,0,4,2,13
,2021-50329,39.76094353,-105.0043199,12/21/2021 16:13,16:13,12,0,0,I-25 & 20TH ST,1,1,3,0,1,4,0,0,55,0,0,0,0,0,1,2,3
,2021-50334,39.73419353,-104.9081499,12/21/2021 13:46,13:46,1,0,0,N ONEIDA ST & E RICHTHOFEN PL,1,1,3,0,1,1,0,0,35,0,0,0,0,0,4,2,3
,2021-50341,39.76465683,-104.9791758,12/21/2021 3:21,3:21,6,0,0,BROADWAY ST N & WALNUT ST,1,3,3,0,1,4,0,0,,0,0,0,0,0,4,3,16
,2021-50342,39.64819354,-104.9164899,12/6/2021 19:00,19:00,6,0,0,HILLCREST DR S & 3700 BLK S,1,3,3,0,1,4,0,0,25,0,0,0,0,0,4,3,1
,2021-50345,39.72883353,-104.9989499,11/21/2021 13:24,13:24,6,0,0,8TH AVE W & INCA ST N,1,1,3,0,1,4,0,0,,0,0,0,0,0,4,2,16
,2021-50351,39.66748354,-104.9254699,11/28/2021 12:30,12:30,12,0,0,YALE AVE E & I-25,1,1,3,0,1,4,0,0,35,0,0,0,0,0,4,2,8
,2021-50356,39.79838351,-104.78729,11/22/2021 20:43,20:43,12,0,6,PENA BLVD & 56TH AVE E,1,3,3,0,1,4,0,0,65,0,0,0,0,3,4,3,11
,2021-50360,39.78578352,-104.9586499,11/29/2021 13:24,13:24,11,0,1,YORK ST N & 4950 N YORK ST,1,1,3,0,1,2,0,0,35,0,1,0,0,1,4,1,11
,2021-50361,39.65311154,-104.8988149,9/29/2021 17:45,17:45,12,0,0,E HAMPDEN AVE & S TAMARAC DR,1,1,3,0,1,1,0,0,40,0,0,0,0,0,2,2,13
,2021-50363,39.70385353,-104.9146999,12/20/2021 15:30,15:30,15,0,0,LEETSDALE DR & EXPOSITION AVE E,1,1,3,0,1,1,0,0,35,0,0,0,0,0,2,2,3
,2021-50374,39.75990666,-104.9818438,12/19/2021 15:05,15:05,3,0,0,PARK AVE W & LAWRENCE ST,1,1,3,0,1,1,0,0,35,0,0,0,0,1,4,2,16
,2021-50375,39.75498353,-104.9951399,12/2/2021 8:20,8:20,12,0,0,20TH ST & WAZEE ST,1,1,3,0,1,4,0,0,30,0,0,0,0,0,4,2,12
,2021-50377,39.77419352,-104.8470299,12/14/2021 5:35,5:35,12,0,0,I-70 WB OFF RAMP SLIP TO & PEORIA ST N,1,3,3,0,1,8,0,0,45,0,0,0,0,0,1,2,1
,2021-50380,39.68941354,-105.0014999,12/21/2021 6:38,6:38,12,0,0,1100 BLK W FLORIDA AVE & S LIPAN ST,1,3,3,1,1,4,0,0,30,0,0,0,0,0,4,2,16
,2021-50381,39.80921351,-104.76265,12/21/2021 14:45,14:45,3,0,0,DUNKIRK ST N & 62ND AVE E,1,1,3,0,1,1,0,0,35,0,0,0,0,0,4,2,13
,2021-50382,39.63427354,-104.9070899,12/21/2021 9:28,9:28,15,0,0,I-25 SB EXIT GORE PT TO & I-225 NB FLYOVER,1,1,3,0,1,8,0,0,65,0,0,0,0,0,1,2,13
,2021-50384,39.70385353,-104.9146999,12/20/2021 15:10,15:10,15,0,0,LEETSDALE DR & EXPOSITION AVE E,1,1,3,0,1,1,0,0,35,0,0,0,0,0,2,2,3
,2021-50385,39.66021353,-104.85817,12/21/2021 15:37,15:37,12,0,2,11100 BLK E DARTMOUTH AVE & S. PARKER RD,1,1,3,0,1,4,0,0,35,0,0,0,0,2,4,2,13
,2021-50386,39.79253351,-104.77206,12/19/2021 7:25,7:25,3,0,0,N TOWER RD & E ELMENDORF DR,1,1,3,0,1,3,0,0,40,0,0,0,0,0,4,2,16
,2021-50390,39.75342691,-104.993233,12/21/2021 16:20,16:20,12,0,0,I-25 & 20TH ST,1,1,3,1,1,4,0,0,55,0,0,0,0,0,1,4,4
,2021-50403,39.75833353,-104.9923099,12/20/2021 14:05,14:05,12,0,2,1600 BLK PARK AVE_W & WAZEE ST,1,1,3,0,1,4,0,0,35,0,0,0,0,2,4,2,13
,2021-50408,39.78890351,-104.8180999,12/9/2021 11:30,11:30,11,0,0,52ND AVE E & DULUTH CT N,1,1,3,1,1,1,0,0,,0,1,0,0,0,4,1,16
,2021-50412,39.67982354,-105.0422699,12/20/2021 15:58,15:58,8,0,1,W EVANS AVE & S RALEIGH ST,1,1,3,0,6,4,0,0,30,0,0,0,0,3,4,2,3
,2021-50413,39.76011353,-104.9695599,11/22/2021 20:00,20:00,6,0,0,HUMBOLDT ST N & 31ST AVE E,1,3,3,0,1,4,0,0,25,0,0,0,0,0,4,2,16
,2021-50416,39.74774353,-105.0531999,12/21/2021 17:10,17:10,2,0,0,SHERIDAN BLVD N & 20TH AVE W,1,3,3,0,1,1,0,0,0,1,0,0,0,0,2,2,16
,2021-50421,39.75708353,-105.0180399,12/21/2021 13:39,13:39,3,0,1,SPEER BLVD N & ZUNI ST N,1,1,3,0,1,2,0,0,30,0,0,0,1,2,4,2,16
,2021-50422,39.76757352,-104.9011499,12/20/2021 16:03,16:03,16,0,0,7407 E 36TH AVE & N QUEBEC ST,1,1,3,0,5,7,0,0,,0,0,0,0,0,3,2,16
,2021-50423,39.71155353,-104.9406899,12/20/2021 13:15,13:15,15,0,0,COLORADO BLVD S & ALAMEDA AVE E,1,1,3,0,1,1,0,0,30,0,0,0,0,0,2,2,3
,2021-50424,39.85078349,-104.66654,12/21/2021 16:08,16:08,12,0,0,PENA BLVD & 8400 BLK,1,1,3,0,1,4,0,0,10,0,0,0,0,0,4,2,1
,2021-50425,39.72561353,-104.9787699,12/20/2021 16:30,16:30,10,0,0,6TH AVE E & WASHINGTON ST N,1,1,3,0,1,1,0,0,25,0,0,0,0,0,4,2,3
,2021-50429,39.78661351,-104.80431,12/21/2021 7:10,7:10,3,0,0,E 51ST AVE & N JASPER CT,1,2,3,0,1,1,0,0,25,0,0,0,0,0,4,2,11
,2021-50431,39.78362951,-104.791364,12/8/2021 5:30,5:30,12,0,2,PENA BLVD & GVR BLVD,1,3,3,0,1,4,0,0,65,0,0,0,0,2,4,6,1
,2021-50435,39.76450353,-104.9721099,12/21/2021 18:07,18:07,3,0,1,BRUCE RANDOLPH AVE E & MARION ST N,1,3,3,0,1,1,0,0,30,0,0,0,0,1,4,2,16
,2021-50436,39.74272353,-104.9901499,12/18/2021 15:51,15:51,12,0,2,TREMONT PL & 15TH ST,1,1,3,0,1,3,0,0,25,0,0,0,0,2,4,2,5
,2021-50457,39.78238352,-104.8469199,12/21/2021 13:40,13:40,2,0,1,ALBROOK DR E & PEORIA ST N,1,1,3,0,1,1,0,0,0,1,0,0,0,2,4,1,16
,2021-50458,39.73828353,-104.9253199,12/20/2021 21:22,21:22,12,0,0,5300 BLK E 14TH AVE & N GRAPE ST,1,3,3,0,1,4,0,0,30,0,0,0,0,0,4,2,16
,2021-50466,39.67844975,-104.9176743,12/21/2021 9:06,9:06,16,0,1,6000 E EVANS AVE & 6000 BLK E,1,1,3,0,5,7,0,0,10,0,1,0,0,2,3,1,13
,2021-50467,39.75705253,-104.9928964,12/21/2021 9:36,9:36,12,0,0,PARK AVE WEST & WAZEE ST,1,1,3,0,1,4,0,0,30,0,0,0,0,0,4,3,3
,2021-50494,39.75161353,-105.0029899,12/13/2021 22:40,22:40,3,0,0,15TH ST & WEWATTA ST,1,3,3,0,1,1,0,0,30,0,0,0,1,1,4,2,16
,2021-50495,39.78011352,-104.8826399,11/30/2021 19:41,19:41,15,0,0,CENTRAL PARK BLVD N & I-70 WB ON RAMP,1,3,3,0,1,1,0,0,,0,0,0,1,0,4,2,16
,2021-50497,39.74478353,-104.9891999,12/22/2021 18:39,18:39,12,0,0,17TH ST & GLENARM PL,1,3,3,0,1,4,0,0,25,0,0,0,0,0,4,2,13
,2021-50499,39.63427354,-104.9070899,11/27/2021 23:08,23:08,5,0,0,I-225 NB ON RAMP LOOP FLYOVER FROM & I-25 SB,1,3,3,0,6,8,0,0,45,0,0,0,0,0,1,1,1
,2021-50500,39.75462353,-104.9769399,11/30/2021 23:59,23:59,6,0,0,26TH AVE E & CLARKSON ST N,1,2,3,0,1,4,0,0,30,0,0,0,0,0,4,3,13
,2021-50501,39.72663043,-105.0118599,12/23/2021 13:22,13:22,15,0,0,I-25 NB ON RAMP FROM & HWY 6 WB OFF RAMP,1,1,3,0,1,8,0,0,45,0,0,0,0,0,1,2,13
,2021-50502,39.71119354,-104.9991199,12/23/2021 11:12,11:12,12,0,1,I-25 & ALAMEDA AVE W,1,1,3,0,1,8,0,0,35,0,0,0,0,1,1,3,13
,2021-50503,39.74109353,-104.9904999,12/14/2021 8:10,8:10,15,0,0,COURT PL & 15TH ST,1,1,3,1,1,4,0,0,25,0,0,0,0,0,4,2,16
,2021-50504,39.76230352,-104.8658999,11/29/2021 9:10,9:10,12,0,0,N HAVANA ST & N FLORENCE WAY,1,1,3,0,1,3,0,0,35,0,0,0,0,0,4,2,16