id,drcog_id,latitude,longitude,crashtime,time,crashtype,numbkilled,numbinjurd,drcoglocat,rdconditin,lightngcon,roadcntgrd,weatherco,location,roaddescrp,schoolzone,constrzone,splimit,bikeinv,pedinv,sctrinv,motoinv,svrty,rdsystem,ttlvehcls,hcf
,2021-50505,39.77987352,-104.9671599,12/23/2021 16:46,16:46,15,0,0,I-70 & BRIGHTON BLVD N,1,2,3,0,1,4,0,0,55,0,0,0,0,0,1,2,13
,2021-50506,39.72541754,-105.0252199,12/22/2021 12:30,12:30,10,0,0,FEDERAL BLVD N & HWY 6 EB OFF RAMP,1,1,3,0,1,1,0,0,35,0,0,0,0,0,2,2,13
,2021-50507,39.69949354,-105.0250699,12/22/2021 7:00,7:00,12,0,0,FEDERAL BLVD S & KENTUCKY AVE W,1,2,3,0,1,3,0,0,40,0,0,0,0,0,2,2,1
,2021-50508,39.71119354,-104.9983799,12/6/2021 1:38,1:38,3,0,2,W ALAMEDA AVE & S KALAMATH ST,1,3,3,0,1,1,0,0,35,0,0,0,0,3,4,2,1
,2021-50509,39.70026354,-104.9827799,12/22/2021 10:35,10:35,12,0,0,S LOGAN ST & E KENTUCKY AVE,1,1,3,0,1,1,0,0,30,0,0,0,0,0,4,2,16
,2021-50511,39.66549354,-104.9406799,12/21/2021 17:00,17:00,3,0,0,COLORADO BLVD S & AMHERST AVE E,1,1,3,0,1,1,0,0,25,0,0,0,0,0,2,2,3
,2021-50512,39.78745353,-105.0252199,12/21/2021 19:30,19:30,12,0,2,FEDERAL BLVD N & 50TH AVE W,1,3,3,0,1,3,0,0,35,0,0,0,0,1,2,2,4
,2021-50513,39.73999753,-104.9634664,11/27/2021 13:30,13:30,12,0,0,E COLFAX AVE & N RACE ST,1,1,3,0,1,1,0,0,35,0,0,0,0,0,4,2,16
,2021-50514,39.62378354,-104.9017099,12/6/2021 9:33,9:33,15,0,0,I-25 & BELLEVIEW AVE E,1,1,3,0,1,4,0,0,65,0,0,0,0,0,1,2,13
,2021-50515,39.74009353,-104.9970099,11/29/2021 10:51,10:51,1,0,0,COLFAX AVE W & WELTON ST,1,1,3,0,1,1,0,0,,0,0,0,0,0,2,2,16
,2021-50517,39.70023353,-104.9128099,12/21/2021 18:00,18:00,12,0,0,S MONACO ST & E KENTUCKY AVE,1,3,3,0,1,1,0,0,30,0,0,0,0,0,4,2,3
,2021-50518,39.71009353,-104.8706599,12/22/2021 14:00,14:00,3,0,0,ALAMEDA AVE E & GALENA WY S,1,1,3,0,1,1,0,0,30,0,0,0,0,0,4,2,3
,2021-50519,39.78075294,-104.970202,12/22/2021 0:48,0:48,12,0,5,I-70 & MM 281.08,1,3,3,0,1,4,0,0,55,0,0,0,0,2,1,2,3
,2021-50520,39.74043353,-105.0139599,12/22/2021 13:08,13:08,15,0,0,I-25 NB OFF RAMP TO & COLFAX AVE W,1,1,3,0,1,8,0,0,25,0,0,0,0,0,1,2,13
,2021-50522,39.70504354,-105.0532499,12/22/2021 7:45,7:45,15,0,0,SHERIDAN BLVD S & CENTER DR W,1,1,3,0,1,4,0,0,,0,0,0,0,0,2,3,16
,2021-50523,39.77561352,-104.8657299,12/23/2021 15:02,15:02,15,0,1,I-70 & HAVANA ST N,1,1,3,0,1,4,0,0,55,0,0,0,1,2,1,2,16
,2021-50524,39.69467734,-104.9592994,12/21/2021 19:41,19:41,9,0,0,I-25 & UNIVERSITY BLVD S,1,3,3,0,1,4,0,0,55,0,0,0,0,0,1,3,3
,2021-50526,39.84979749,-104.6738195,12/23/2021 19:14,19:14,12,0,1,PENA BLVD INBOUND & E GVR BLVD,1,3,3,0,1,12,0,0,35,0,0,0,0,2,4,2,3
,2021-50527,39.61440356,-105.0912899,12/23/2021 13:43,13:43,1,0,0,WADSWORTH BLVD S & CROSS DR W,1,1,3,0,1,2,0,0,40,0,0,0,0,0,2,2,11
,2021-50528,39.68232354,-104.9579199,12/22/2021 16:15,16:15,15,0,0,E BUCHTEL BLVD & S JOSEPHINE ST,1,1,3,0,1,1,0,0,25,0,0,0,0,0,4,3,3
,2021-50532,39.69295453,-104.9361829,12/13/2021 17:53,17:53,3,0,0,BIRCH ST S & LOUISIANA AVE E,1,1,3,0,1,1,0,0,30,0,0,0,1,0,4,2,13
,2021-50533,39.72922353,-104.9406899,12/23/2021 13:35,13:35,12,0,0,COLORADO BLVD N & 8TH AVE E,1,1,3,0,1,1,0,0,35,0,0,0,0,0,2,2,1
,2021-50534,39.71819353,-104.9732199,12/17/2021 22:10,22:10,3,0,2,DOWNING ST N & 1ST AVE E,1,3,3,0,1,1,0,0,,0,0,0,0,2,4,2,16
,2021-50538,39.77711352,-104.8827799,12/22/2021 6:48,6:48,15,0,0,I-70 EB ENT GORE PT FROM & QUEBEC ST,1,3,3,0,1,8,0,0,55,0,0,0,0,0,1,5,13
,2021-50539,39.68945354,-105.0296999,12/23/2021 16:55,16:55,1,0,0,FLORIDA AVE W & IRVING ST S,1,3,3,0,1,1,0,0,30,0,0,0,0,0,4,2,3
,2021-50540,39.75103353,-104.9406099,12/22/2021 20:21,20:21,5,0,0,COLORADO BLVD N & 23RD AVE E,1,3,3,0,3,4,0,0,35,0,0,0,0,0,2,1,12
,2021-50541,39.77358353,-105.0064299,12/23/2021 11:27,11:27,12,0,0,4100 BLK N PECOS ST & W 42ND AVE,1,1,3,0,1,4,0,0,30,0,0,0,0,1,4,2,13
,2021-50542,39.73850678,-104.9126153,12/8/2021 8:32,8:32,6,0,0,GRANT ST N & E 14TH AVE,1,1,3,0,1,4,0,0,30,0,0,0,0,0,4,2,16
,2021-50543,39.65307354,-104.9182499,12/22/2021 6:42,6:42,15,0,0,HAMPDEN AVE E & I-25 NB OFF RAMP,1,1,3,0,1,1,0,0,45,0,0,0,0,0,2,2,13
,2021-50545,39.78786872,-105.0345619,12/23/2021 16:46,16:46,1,0,1,38TH AVE W & LOWELL BLVD N,1,1,3,0,1,1,0,0,35,0,0,0,0,1,4,2,11
,2021-50546,39.73833353,-104.9461599,12/21/2021 14:02,14:02,15,0,0,E 14TH AVE & N MADISON ST,1,1,3,0,1,1,0,0,35,0,0,0,0,0,4,2,16
,2021-50547,39.77738352,-104.9034899,12/23/2021 15:10,15:10,15,0,0,QUEBEC ST N & I-70 WB RAMPS,1,1,3,0,1,3,0,0,35,0,0,0,0,0,2,2,3
,2021-50548,39.70145354,-104.9875199,12/23/2021 11:28,11:28,3,0,1,BROADWAY ST S & I-25 SB OFF RAMP,1,1,3,0,1,1,0,0,35,0,0,0,0,1,4,2,13
,2021-50549,39.68931353,-104.9383499,12/21/2021 18:45,18:45,1,0,0,E FLORIDA AVE & S ASH ST,1,3,3,0,1,1,0,0,30,0,0,0,0,0,4,2,3
,2021-50551,39.77673353,-105.0472599,9/10/2021 0:41,0:41,6,0,0,4400 BLK N WINONA CT & W 44TH AVE,1,4,3,0,1,4,0,0,30,0,0,0,0,0,4,2,16
,2021-50552,39.71100353,-104.9480099,12/22/2021 19:00,19:00,12,0,0,E ALAMEDA AVE & S MADISON ST,1,3,3,0,1,4,0,0,30,0,0,0,0,0,4,2,16
,2021-50554,39.72561553,-104.9787619,12/15/2021 1:44,1:44,6,0,0,6TH AVE E & WASHINGTON ST N,1,3,3,0,1,4,0,0,,0,0,0,0,0,4,2,16
,2021-50555,39.79132352,-104.8825699,12/20/2021 10:40,10:40,3,0,0,E PRAIRIE MEADOW DR & N CENTRAL PARK BLVD,1,1,3,0,1,1,0,0,35,0,0,0,0,0,4,2,10
,2021-50556,39.72553353,-105.0131199,12/23/2021 11:19,11:19,15,0,1,I-25 NB EXIT GORE PT TO & 6TH AVE W,1,1,3,0,1,4,0,0,55,0,0,0,0,1,1,2,13
,2021-50557,39.74014353,-104.9093499,12/20/2021 14:18,14:18,12,0,1,COLFAX AVE E & NEWPORT ST N,1,1,3,0,1,3,0,0,35,0,0,0,0,2,2,2,1
,2021-50558,39.77073352,-104.8475099,11/29/2021 17:30,17:30,16,0,0,3895 N PEORIA ST & E 39TH AVE,1,3,3,0,5,7,0,0,,0,0,0,0,0,3,2,16
,2021-50559,39.66026353,-104.86633,12/23/2021 10:08,10:08,3,0,1,HAVANA ST S & DARTMOUTH AVE E,1,1,3,0,1,1,0,0,45,0,0,0,0,2,2,2,13
,2021-50561,39.69658153,-104.9593219,12/23/2021 10:58,10:58,12,0,0,S UNIVERSITY BLVD & E MISSISSIPPI AVE,1,1,3,0,1,4,0,0,30,0,0,0,0,0,4,3,14
,2021-50562,39.72549854,-105.0394624,11/26/2021 16:24,16:24,3,0,0,W 6TH AVE FR & N PERRY ST,1,4,3,0,1,1,0,0,25,0,0,0,0,0,4,2,16
,2021-50564,39.75312353,-105.0080499,12/23/2021 1:59,1:59,8,0,2,N SPEER BLVD & ELITCH CIR,1,3,3,0,1,4,0,0,35,0,0,0,0,2,4,2,14
,2021-50565,39.67482354,-104.9222399,11/25/2021 15:35,15:35,12,0,0,S HOLLY ST & E ILIFF AVE,1,1,3,0,1,4,0,0,25,0,0,0,0,0,4,2,16
,2021-50568,39.69651653,-104.8823069,12/23/2021 23:21,23:21,1,0,2,MISSISSIPPI AVE E & ALTON ST S,1,3,3,0,1,1,0,0,45,0,0,0,0,3,4,2,7
,2021-50569,39.79837151,-104.772212,12/24/2021 11:53,11:53,12,0,0,E 56TH AVE & N TOWER RD,1,1,3,0,1,3,0,0,40,0,0,0,0,0,4,3,7
,2021-50570,39.74014352,-104.8905399,12/23/2021 22:40,22:40,10,0,1,COLFAX AVE E & VERBENA ST N,1,3,3,0,1,1,0,0,35,0,0,0,0,2,2,2,11
,2021-50572,39.66746654,-104.9323049,12/23/2021 17:00,17:00,12,0,0,I-25 & YALE AVE E,1,3,3,0,1,4,0,0,65,0,0,0,0,0,1,2,7
,2021-50574,39.70846354,-105.0230299,12/19/2021 21:55,21:55,6,0,1,441 S DECATUR ST & W DAKOTA AVE / S DECATUR ST,1,4,3,0,1,4,0,0,25,0,0,0,0,2,4,2,7
,2021-50580,39.67795354,-104.9348899,12/22/2021 6:22,6:22,12,0,0,4500 BLK E EVANS AVE & S BIRCH ST,1,3,3,0,1,3,0,0,35,0,0,0,0,0,4,2,7
,2021-50581,39.75461805,-104.9246089,12/6/2021 11:09,11:09,6,0,0,GRAPE ST & 3900 BLK,1,1,3,0,1,4,0,0,30,0,0,0,0,0,4,2,11
,2021-50582,39.75639553,-105.0158554,11/28/2021 17:29,17:29,12,0,0,ZUNI ST N & SPEER BLVD N,1,3,3,0,1,1,0,0,,0,0,0,0,0,4,2,16
,2021-50583,39.78003353,-104.9891799,12/17/2021 9:05,9:05,12,0,0,I-70 & I-25,1,1,3,0,1,4,0,0,55,0,0,0,0,0,1,2,16
,2021-50584,39.75051353,-104.9870199,12/22/2021 8:49,8:49,15,0,0,21ST ST & STOUT ST,1,1,3,0,1,4,0,0,,0,0,0,0,0,4,2,16
,2021-50585,39.72560653,-104.9412814,12/23/2021 19:48,19:48,12,0,0,E 6TH AVE & E 6TH AVE,1,3,3,0,1,1,0,0,35,0,0,0,0,0,4,2,1
,2021-50586,39.71118354,-105.0010199,12/24/2021 10:14,10:14,12,0,0,ALAMEDA AVE W & LIPAN ST S,1,1,3,1,1,4,0,0,35,0,0,0,0,0,2,2,13
,2021-50587,39.71155353,-104.9407099,12/22/2021 21:24,21:24,12,0,1,ALAMEDA AVE & 3900 BLK E,1,3,3,0,1,3,0,0,40,0,0,0,0,2,4,4,3
,2021-50588,39.61898355,-105.0861099,12/23/2021 14:50,14:50,3,0,0,CRESTLINE AVE W & GRANT RANCH BLVD W,1,1,3,0,1,2,0,0,25,0,0,0,0,0,4,2,3
,2021-50592,39.65308354,-104.9129199,12/8/2021 22:25,22:25,1,0,4,HAMPDEN AVE E & MONACO ST S,1,3,3,0,1,1,0,0,40,0,0,0,0,3,2,2,13
,2021-50594,39.76952353,-105.0342499,12/21/2021 15:30,15:30,6,0,0,3500 BLK W 38TH AVE & N LOWELL BLVD,1,1,3,0,1,4,0,0,35,0,0,0,0,0,4,2,11
,2021-50595,39.69595353,-104.9128799,12/21/2021 23:59,23:59,6,0,0,1100 BLK S MONACO ST & E MISSISSIPPI AVE,1,3,3,0,1,4,0,0,35,0,0,0,0,0,4,2,3
,2021-50596,39.68756354,-104.9887299,12/21/2021 16:00,16:00,3,0,0,S ACOMA ST & W IOWA AVE,1,1,3,0,1,1,0,0,25,0,0,0,0,0,4,2,3
,2021-50597,39.68949354,-105.0203699,12/21/2021 17:44,17:44,3,0,3,S CLAY ST & W FLORIDA AVE,1,3,3,0,1,1,0,0,25,0,0,0,0,2,4,2,1
,2021-50598,39.65306354,-104.8861099,12/23/2021 13:55,13:55,3,0,0,HAMPDEN AVE E & WILLOW ST S,1,1,3,0,1,1,0,0,45,0,0,0,0,0,2,2,11
,2021-50599,39.76568353,-104.9950429,12/22/2021 10:55,10:55,3,0,0,PARK AVE_W & GLOBEVILLE RD N,1,1,3,0,1,1,0,0,35,0,0,0,0,0,4,2,13
,2021-50601,39.70748953,-104.9122985,12/22/2021 21:34,21:34,10,0,0,S LOGAN ST & E VIRGINIA AVE,1,3,3,0,1,1,0,0,25,0,0,0,0,0,4,2,13
,2021-50602,39.67422354,-105.0250599,12/22/2021 15:57,15:57,1,0,0,FEDERAL BLVD S & ILIFF AVE E,1,3,3,0,1,2,0,0,40,0,0,0,0,0,2,3,11
,2021-50603,39.74002353,-104.9810899,12/21/2021 18:50,18:50,15,0,0,COLFAX AVE E & PENNSYLVANIA ST N,1,3,3,0,1,1,0,0,35,0,0,0,0,0,2,2,13
,2021-50607,39.69658153,-104.9593219,12/23/2021 11:46,11:46,12,0,0,S UNIVERSITY BLVD & E MISSISSIPPI AVE,1,1,3,0,1,4,0,0,30,0,0,0,0,1,4,2,3
,2021-50610,39.75259039,-104.9848982,12/23/2021 20:06,20:06,12,0,1,I-25 & PARK AVE W,1,4,3,0,1,4,0,0,55,0,0,0,0,1,1,2,10
,2021-50611,39.77996352,-104.9497999,12/22/2021 6:39,6:39,12,0,0,I-70 & STEELE ST N,1,1,3,0,1,4,0,0,35,0,0,0,0,0,1,2,13
,2021-50612,39.68981354,-104.9734199,12/23/2021 9:30,9:30,12,0,0,I-25 SB ON RAMP FROM & DOWNING ST S,1,1,3,0,1,8,0,0,35,0,0,0,0,0,1,2,12
,2021-50613,39.65310354,-104.9057999,12/22/2021 15:42,15:42,12,0,0,HAMPDEN AVE E & POPLAR ST S,1,1,3,0,1,4,0,0,40,0,0,0,0,0,2,2,3
,2021-50614,39.78363351,-104.79137,12/23/2021 16:55,16:55,1,0,1,GVR BLVD E & PENA BLVD,1,3,3,0,1,1,0,0,40,0,0,0,0,2,4,2,7
,2021-50615,39.76929253,-105.0253144,12/22/2021 17:08,17:08,12,0,1,FEDERAL BLVD N & 38TH AVE W,1,3,3,0,1,4,0,0,35,0,0,0,0,1,2,3,8
,2021-50616,39.71302094,-104.9914069,12/23/2021 11:45,11:45,12,0,1,I-25 & CEDAR AVE W,1,1,3,0,1,4,0,0,55,0,0,0,0,1,1,2,16
,2021-50618,39.68293354,-104.9405399,12/21/2021 22:26,22:26,15,0,0,I-25 ON RAMP LOOP FROM & COLORADO BLVD S,1,3,3,0,1,8,0,0,65,0,0,0,0,0,1,2,11
,2021-50619,39.67512354,-105.0250599,12/19/2021 14:47,14:47,12,0,1,FEDERAL BLVD S & ILIFF AVE W,1,1,3,0,1,1,0,0,35,0,0,0,0,3,1,2,1
,2021-50620,39.70145354,-104.9875199,12/23/2021 21:40,21:40,3,0,1,BROADWAY ST S & I-25 SB OFF RAMP,1,3,3,0,1,1,0,0,25,0,0,0,0,2,4,3,16
,2021-50621,39.74847353,-104.9769499,12/19/2021 7:00,7:00,6,0,0,2100 BLK N CLARKSON ST & N CLARKSON ST / 22ND AVE,1,1,3,0,1,4,0,0,30,0,0,0,0,0,4,2,11
,2021-50623,39.71119354,-104.9988899,12/21/2021 18:10,18:10,12,0,0,I-25 & ALAMEDA AVE W,1,3,3,0,1,4,0,0,65,0,0,0,0,0,1,2,13
,2021-50624,39.7787545,-104.8704253,12/22/2021 19:07,19:07,15,0,0,E 45TH AVE & N PEORIA ST,1,3,3,0,1,3,0,0,40,0,0,0,0,1,4,3,13
,2021-50625,39.71832353,-104.9738999,12/22/2021 13:43,13:43,10,0,0,E SPEER BLVD & N CORONA ST,1,1,3,0,1,3,0,0,30,0,0,0,0,0,4,2,8
,2021-50627,39.67841354,-104.9508199,12/22/2021 15:20,15:20,3,0,0,E EVANS AVE & S ST PAUL ST,1,1,3,0,1,1,0,0,30,0,0,0,0,0,4,2,1
,2021-50628,39.74032353,-105.0345899,12/19/2021 18:02,18:02,12,0,0,COLFAX AVE W & LOWELL BLVD N,1,3,3,0,1,4,0,0,35,0,0,0,0,0,2,2,3
,2021-50629,39.71116354,-105.0015499,12/22/2021 9:32,9:32,3,0,1,ALAMEDA AVE W & LIPAN ST S,1,1,3,0,1,1,0,0,30,0,0,0,0,2,2,2,13
,2021-50631,39.76094353,-105.0043199,12/24/2021 20:27,20:27,12,0,0,I-25 & 20TH ST,1,4,3,0,1,4,0,0,55,0,0,0,0,0,1,2,1
,2021-50635,39.77446352,-104.8658799,12/23/2021 18:20,18:20,1,0,1,HAVANA ST N & 40TH AVE E,1,3,3,0,1,1,0,0,35,0,0,0,0,3,4,2,1
,2021-50636,39.75103353,-104.9406099,12/23/2021 11:25,11:25,12,0,0,COLORADO BLVD N & 23RD ST E,1,1,3,0,1,4,0,0,35,0,0,0,0,0,2,2,16
,2021-50637,39.78346312,-105.0112166,12/23/2021 10:52,10:52,12,0,1,I-70 EB ENT GORE PT FROM & QUEBEC ST N,1,1,3,0,1,8,0,0,55,0,0,0,0,1,1,2,13
,2021-50638,39.67842354,-104.9565099,12/23/2021 10:48,10:48,12,0,0,E EVANS AVE & S COLUMBINE ST,1,1,3,0,1,3,0,0,35,0,0,0,0,0,4,2,8
,2021-50640,39.62421355,-105.1026899,12/23/2021 10:44,10:44,12,0,0,W BELLEVIEW AVE & S HOLLAND ST,1,1,3,0,1,4,0,0,40,0,0,0,0,0,4,3,3
,2021-50641,39.78021817,-105.0456622,12/22/2021 17:00,17:00,3,0,0,W 46TH AVE & N SHERIDAN BLVD,1,3,3,0,1,9,0,0,10,0,0,0,0,0,4,3,11
,2021-50644,39.77957352,-104.8443399,12/24/2021 12:54,12:54,10,0,0,12100 BLK E 46TH AVE & N PEORIA ST,1,1,3,0,1,2,0,0,,0,0,0,0,1,4,2,7
,2021-50645,39.74397354,-105.0531999,12/23/2021 13:05,13:05,3,0,0,SHERIDAN BLVD N & 17TH AVE W,1,1,3,0,1,1,0,0,35,0,0,0,0,0,2,2,13
,2021-50646,39.78368351,-104.77211,12/24/2021 15:09,15:09,3,0,0,TOWER RD N & GVR BLVD E,11,1,3,0,1,2,0,0,35,0,0,0,0,0,4,2,13
,2021-50647,39.73839353,-104.9718399,12/23/2021 13:42,13:42,11,0,0,14TH AVE E & MARION ST N,1,1,3,0,1,1,0,0,0,0,1,0,0,0,4,1,16
,2021-50648,39.74550353,-104.9787099,12/23/2021 13:50,13:50,12,0,0,1800 BLK N WASHINGTON ST & RIGSBY CT,1,3,3,0,1,4,0,0,35,0,0,0,0,0,4,2,11
,2021-50649,39.69663554,-104.9891302,12/22/2021 21:35,21:35,3,0,0,W MISSISSIPPI AVE & S IRVING ST,1,3,3,0,1,1,0,0,25,0,0,0,0,0,4,2,13
,2021-50650,39.69665354,-104.9929399,12/24/2021 11:21,11:21,1,0,0,MISSISSIPPI AVE W & PLATTE RIVER DR S,1,1,3,0,1,1,0,0,45,0,0,0,0,0,2,2,11
,2021-50651,39.77572352,-104.8449499,12/22/2021 19:00,19:00,6,0,0,4300 N QUENTIN ST & E 44TH AVE,1,3,3,0,1,4,0,0,,0,0,0,0,0,4,3,16
,2021-50661,39.76866353,-104.9732499,12/15/2021 22:28,22:28,12,0,2,DOWNING ST N & WALNUT ST,1,3,3,0,1,4,0,0,30,0,0,0,0,3,4,2,16
,2021-50662,39.74410648,-105.0164303,12/25/2021 2:41,2:41,5,0,0,I-25 & 17TH AVE W,1,3,3,0,2,4,0,0,65,0,0,0,0,0,1,1,1
,2021-50664,39.80033849,-104.8843294,12/24/2021 23:31,23:31,12,0,0,I-70 & CENTRAL PARK BLVD N,1,3,3,0,1,4,0,0,55,0,0,0,0,0,1,3,1
,2021-50665,39.70036354,-105.0378899,12/19/2021 23:43,23:43,3,0,0,OSCEOLA ST S & KENTUCKY AVE W,1,3,3,0,1,1,0,0,30,0,0,0,0,0,4,2,16
,2021-50667,39.70371354,-104.9874799,12/22/2021 12:37,12:37,12,0,0,700 BLK S BROADWAY ST & E OHIO AVE,1,1,3,0,1,3,0,0,35,0,0,0,0,1,4,3,16
,2021-50668,39.76952353,-105.0342499,12/22/2021 15:51,15:51,15,0,0,3500 BLK W 38TH AVE & N LOWELL BLVD,1,1,3,0,1,4,0,0,35,0,0,0,0,0,4,2,16
,2021-50673,39.68308354,-104.9405399,12/23/2021 20:14,20:14,3,0,1,COLORADO BLVD S & I-25 NB OFF RAMP,1,3,3,0,1,1,0,0,25,0,0,0,0,1,2,2,16
,2021-50674,39.72908353,-104.9873899,9/15/2021 21:01,21:01,11,0,1,N BROADWAY ST & E 8TH AVE,1,3,3,0,1,4,0,0,,0,1,0,0,3,4,1,16
,2021-50675,39.79805351,-104.8307299,12/25/2021 20:15,20:15,14,0,0,E 56TH AVE & N WORCHESTER ST,1,3,3,0,1,1,0,0,40,0,0,0,0,0,4,2,16
,2021-50676,39.77419353,-105.0064299,12/25/2021 11:55,11:55,11,0,0,PECOS ST N & 42ND AVE W,1,1,3,0,1,1,0,0,,0,1,0,0,0,4,1,16
,2021-50677,39.77180351,-104.73829,12/24/2021 15:30,15:30,3,0,0,ORLEANS ST N & 40TH PL E,1,1,3,0,1,1,0,0,25,0,0,0,0,0,4,2,16
,2021-50685,39.69665354,-104.9929399,12/23/2021 17:45,17:45,3,0,2,PLATTE RIVER DR S & MISSISSIPPI AVE W,1,3,3,0,1,1,0,0,30,0,0,0,0,2,2,3,8
,2021-50687,39.84979749,-104.6738195,12/22/2021 20:40,20:40,15,0,0,PENA BLVD & 8400 BLK,1,3,3,0,1,4,0,0,10,0,0,0,0,0,4,2,16
,2021-50689,39.73885352,-104.8866899,12/16/2021 22:00,22:00,14,0,0,XANTHIA ST N & COLFAX AVE E,1,4,3,0,1,4,0,0,25,0,0,0,0,0,4,3,16
,2021-50690,39.76935353,-105.0439999,12/22/2021 7:52,7:52,3,0,0,W 38TH AVE & N TENNYSON ST,1,1,3,0,1,1,0,0,35,0,0,0,0,0,4,2,16
,2021-50691,39.77026858,-104.8996366,12/25/2021 16:12,16:12,3,0,2,COLFAX AVE E & SYRACUSE ST N,1,1,3,0,1,1,0,0,35,0,0,0,0,2,2,2,1
,2021-50696,39.73925975,-105.0212884,12/23/2021 17:04,17:04,12,0,1,MORRISON RD & KENTUCKY AVE W,1,2,3,0,1,4,0,0,,0,0,0,0,2,4,2,16
,2021-50703,39.76975353,-105.0252299,12/17/2021 9:47,9:47,12,0,0,FEDERAL BLVD N & 38TH AVE W,1,1,3,0,1,3,0,0,35,0,0,0,0,0,2,2,16
,2021-50706,39.65307354,-104.9184399,12/22/2021 16:17,16:17,15,0,0,HAMPDEN AVE E & I-25 NB RAMPS,1,1,3,0,1,3,0,0,35,0,0,0,0,0,2,2,11
,2021-50712,39.75670352,-104.8535799,12/5/2021 2:47,2:47,6,0,1,E MLK BLVD & N MOLINE ST,1,3,3,0,1,4,0,0,35,0,0,0,0,2,4,3,14
,2021-50763,39.63144355,-105.0253899,11/15/2021 15:43,15:43,1,0,0,S FEDERAL BLVD & W UNION AVE,1,1,3,0,1,1,0,0,35,0,0,0,0,0,2,3,13
,2021-50829,39.71120654,-105.0107214,12/26/2021 15:11,15:11,3,0,0,W ALAMEDA AVE & S BANNOCK ST,1,1,3,0,1,1,0,0,35,0,0,0,0,1,4,2,11
,2021-50839,39.67844653,-104.9202639,12/26/2021 15:04,15:04,12,0,0,EVANS AVE E & ONEIDA ST S,1,1,3,0,1,3,0,0,,0,0,0,0,0,4,2,16
,2021-50845,39.70932353,-104.9875899,12/25/2021 20:57,20:57,15,0,0,S BROADWAY ST & E DAKOTA AVE,1,3,3,0,1,4,0,0,25,0,0,0,0,0,4,2,16
,2021-50851,39.78094352,-104.8828099,12/26/2021 14:10,14:10,1,0,0,CENTRAL PARK BLVD N & 46TH PL E,1,1,3,0,1,1,0,0,40,0,0,0,0,0,4,2,10
,2021-50857,39.72327353,-104.9555199,12/26/2021 1:52,1:52,6,0,1,436 N CLAYTON ST & E 5TH AVE N CLAYTON ST,1,4,3,0,1,4,0,0,25,0,0,0,0,2,4,2,3
,2021-50876,39.75745353,-105.0142299,10/20/2021 14:15,14:15,6,0,0,2800 BLOCK N WYANDOT ST & W 29TH AVE,1,1,3,0,1,4,0,0,25,0,0,0,0,0,4,2,13
,2021-50890,39.70744354,-105.0411699,12/24/2021 14:00,14:00,6,0,0,529 S QUITMAN ST & 529 BLK S,11,1,3,1,1,9,0,0,,0,0,0,0,0,4,2,16
,2021-51046,39.71298354,-104.9875299,12/24/2021 11:06,11:06,3,0,0,S BROADWAY ST & W CEDAR AVE,1,1,3,1,1,1,0,0,30,0,0,0,0,1,4,2,13
,2021-51047,39.75534615,-104.9405209,12/27/2021 12:23,12:23,3,0,2,COLORADO BLVD N & 46TH AVE E,1,1,3,0,1,1,0,0,35,0,0,0,0,1,2,2,3
,2021-51066,39.79837473,-104.7889303,12/26/2021 11:03,11:03,15,0,1,56TH AVE E & TOWER RD N,1,1,3,0,1,1,0,0,40,0,0,0,0,1,4,2,14
,2021-51067,39.84893349,-104.67381,12/10/2021 23:00,23:00,5,0,0,PENA BLVD & 8400 BLK,1,3,3,0,5,7,0,0,15,0,0,0,0,0,3,1,16
,2021-51068,39.67811354,-105.0292899,11/29/2021 8:31,8:31,12,0,0,3200 BLOCK W EVANS AVE & S HAZEL CT,1,1,3,1,1,4,0,0,30,0,0,0,0,0,4,2,13
,2021-51070,39.79017353,-105.0415699,12/26/2021 22:32,22:32,6,0,0,N RALEIGH ST & W 52ND AVE,1,3,3,0,1,4,0,0,25,0,0,0,0,0,4,2,14
,2021-51071,39.79826351,-104.76027,12/26/2021 19:58,19:58,12,0,1,E 56TH AVE & N DUNKIRK ST,1,3,3,0,1,3,0,0,45,0,0,0,0,2,4,2,14
,2021-51079,39.61263356,-105.0914999,12/26/2021 12:50,12:50,12,0,0,S WADSWORTH BLVD & W LONG DR,1,1,3,0,1,4,0,0,45,0,0,0,0,0,2,2,13
,2021-51085,39.73202353,-104.9781199,12/27/2021 6:54,6:54,6,0,0,E 10TH AVE & 700 BLK,1,1,3,0,1,4,0,0,,0,0,0,0,0,4,3,16
,2021-51086,39.74014353,-104.9139399,11/21/2021 19:08,19:08,6,0,0,COLFAX AVE E & LOCUST ST N,1,3,3,0,1,4,0,0,35,0,0,0,0,0,2,2,1
,2021-51087,39.76825713,-104.9942231,12/27/2021 7:18,7:18,12,0,0,I-25 NB ON RAMP FROM & PARK AVE W,1,1,3,0,1,8,0,0,55,0,0,0,0,0,1,2,13
,2021-51089,39.70665354,-104.9965899,12/13/2021 16:26,16:26,12,0,0,I-25 & SANTA FE DR S,1,3,3,0,1,4,0,0,55,0,0,0,0,0,1,3,3