id,drcog_id,latitude,longitude,crashtime,time,crashtype,numbkilled,numbinjurd,drcoglocat,rdconditin,lightngcon,roadcntgrd,weatherco,location,roaddescrp,schoolzone,constrzone,splimit,bikeinv,pedinv,sctrinv,motoinv,svrty,rdsystem,ttlvehcls,hcf
,2021-51090,39.65315654,-104.9090839,12/26/2021 18:26,18:26,12,0,0,E HAMPDEN AVE & S ONEIDA ST,1,3,3,0,1,4,0,0,35,0,0,0,0,0,4,2,3
,2021-51091,39.76149253,-105.0050887,12/22/2021 14:10,14:10,15,0,0,I-25 SB OFF RAMP & 20TH ST,1,1,3,0,1,8,0,0,45,0,0,0,0,0,1,2,16
,2021-51092,39.74745352,-104.8928399,12/22/2021 4:59,4:59,3,0,0,E MONTVIEW BLVD & N UINTA ST,1,3,3,0,1,3,0,0,35,0,0,0,0,0,4,2,16
,2021-51094,39.69293353,-104.9406199,12/27/2021 10:22,10:22,1,0,0,COLORADO BLVD S & LOUISIANA AVE E,1,1,3,0,1,1,0,0,35,0,0,0,0,0,2,2,11
,2021-51096,39.76157353,-105.0086899,12/26/2021 22:00,22:00,6,0,0,18TH ST & 32ND AVE W,1,3,3,1,1,4,0,0,25,0,0,0,0,0,4,2,16
,2021-51098,39.72843353,-105.0001699,12/26/2021 13:03,13:03,15,0,0,KALAMATH ST N & 8TH AVE W,1,1,3,0,1,1,0,0,30,0,0,0,0,0,4,2,1
,2021-51100,39.73771353,-105.0363899,12/23/2021 7:31,7:31,6,0,0,1300 BLK  N MEADE-NEWTON ALY & W 14TH AVE,1,1,3,0,1,9,0,0,15,0,0,0,0,0,4,2,13
,2021-51103,39.73365353,-104.9161399,12/11/2021 8:20,8:20,2,0,0,11TH AVE E & KRAMERIA ST N,1,1,3,0,1,1,0,0,25,1,0,0,0,0,4,1,11
,2021-51106,39.67084353,-104.86604,12/19/2021 23:10,23:10,3,2,3,HAVANA ST & S PARKER RD,1,3,3,0,1,1,0,0,45,0,0,0,0,4,2,3,1
,2021-51107,39.8334535,-104.692913,12/19/2021 19:32,19:32,6,0,0,8400 PENA BLVD & JACKSON GAP ST,1,3,3,0,1,4,0,0,,0,0,0,0,0,4,2,16
,2021-51108,39.75443353,-105.0252099,12/27/2021 11:02,11:02,12,0,2,FEDERAL BLVD N & 26TH AVE W,1,1,3,0,1,4,0,0,35,0,0,0,0,1,2,2,13
,2021-51109,39.69036354,-105.0366899,12/26/2021 14:32,14:32,6,0,0,S NEWTON ST & 1900 BLK,1,1,3,0,1,4,0,0,,0,0,0,0,0,4,2,16
,2021-51112,39.75308353,-104.9976299,12/26/2021 8:49,8:49,10,0,0,18TH ST & WAZEE ST,1,1,3,0,1,2,0,0,30,0,0,0,0,0,4,2,1
,2021-51113,39.75615353,-104.9918999,12/24/2021 15:22,15:22,3,0,0,22ND ST & BLAKE ST,1,1,3,0,1,1,0,0,30,0,0,0,0,0,4,2,16
,2021-51114,39.72172353,-104.9985699,12/9/2021 15:51,15:51,6,0,0,SANTA FE DR N & 4TH AVE W,1,1,3,0,1,4,0,0,,0,0,0,0,0,4,2,16
,2021-51116,39.75105353,-104.9246299,12/22/2021 18:50,18:50,3,0,0,23RD AVE E & GRAPE ST N,1,3,3,0,1,1,0,0,20,0,0,0,0,0,4,2,16
,2021-51133,39.75605437,-104.9833149,12/26/2021 14:55,14:55,10,0,0,17TH ST & CURTIS ST,1,1,3,0,1,1,0,0,30,0,0,0,0,0,4,2,13
,2021-51136,39.67850354,-104.9734199,12/11/2021 21:30,21:30,12,0,0,DOWNING ST S & EVANS AVE E,14,3,3,7,1,1,0,0,35,0,0,0,0,0,4,2,16
,2021-51139,39.69202353,-104.9406299,12/27/2021 11:14,11:14,12,0,1,COLORADO BLVD S & LOUISIANA AVE E,1,1,3,0,1,3,0,0,40,0,0,0,0,1,2,4,16
,2021-51141,39.72474354,-105.0461799,12/22/2021 0:16,0:16,6,0,0,500 BLK N VRAIN ST & W 5TH AVE,1,3,3,0,1,3,0,0,25,0,0,0,0,0,4,3,16
,2021-51142,39.73766353,-105.0015499,12/22/2021 20:00,20:00,6,0,0,1300 BLK N LIPAN ST & W 13TH AVE,1,3,3,0,1,4,0,0,25,0,0,0,0,0,4,2,13
,2021-51143,39.77656353,-105.0451399,12/27/2021 8:11,8:11,1,0,0,W 44TH AVE & N UTICA ST,1,1,3,0,1,1,0,0,30,0,0,0,0,0,4,2,1
,2021-51151,39.63827354,-104.8947899,12/6/2021 1:00,1:00,9,0,1,QUINCY AVE E & TAMARAC DR S,1,3,3,0,1,4,0,0,35,0,1,0,0,3,4,1,14
,2021-51153,39.79226351,-104.8210199,12/23/2021 20:55,20:55,3,0,0,N CRYSTAL ST & E MAXWELL PL,1,3,3,0,1,1,0,0,25,0,0,0,0,0,4,2,16
,2021-51155,39.75362353,-105.0299599,12/19/2021 13:23,13:23,6,0,0,N IRVING ST & W 25TH AVE,1,1,3,0,1,4,0,0,25,0,0,0,0,0,4,2,14
,2021-51159,39.78379152,-104.9481439,12/26/2021 23:33,23:33,8,0,1,VASQUEZ BLVD N & 48TH AVE E,1,4,3,0,1,4,0,0,45,0,0,0,0,1,2,2,16
,2021-51170,39.71117677,-104.9923728,11/22/2021 11:04,11:04,11,0,1,CHEROKEE ST S & ALAMEDA AVE E,1,1,3,0,1,9,0,1,10,0,1,0,0,1,4,1,10
,2021-51229,39.75061353,-105.0193699,12/16/2021 8:35,8:35,6,0,0,RIVER DR W & 2500 BLK W,1,1,1,0,1,4,0,0,25,0,0,0,0,0,4,4,14
,2021-51230,39.78346312,-105.0112166,12/21/2021 6:58,6:58,3,0,0,QUEBEC ST N & I-70 EB OFF RAMP,1,1,0,0,1,1,0,0,35,0,0,0,0,0,2,2,13
,2021-51231,39.75906853,-104.9843419,11/8/2021 16:16,16:16,6,0,0,LARIMER ST & 2644 LARIMER ST,1,1,0,0,3,3,0,0,25,0,0,0,0,0,4,2,14
,2021-51232,39.84797949,-104.6751515,12/20/2021 5:00,5:00,12,0,0,8400 PENA BLVD & 84TH AVE,1,3,0,0,1,4,0,0,25,0,0,0,0,1,4,2,16
,2021-51233,39.69756354,-104.9926999,12/20/2021 13:01,13:01,15,0,0,900 BLK S PLATT RIVER DR & W TENNESSEE AVE,1,1,0,0,1,4,0,0,45,0,0,0,0,0,4,2,14
,2021-51234,39.75308353,-104.9976099,12/20/2021 15:48,15:48,11,0,1,18TH ST & WAZEE ST,1,1,0,0,1,1,0,0,25,0,1,0,0,1,4,1,3
,2021-51246,39.77994352,-104.9404999,12/28/2021 11:50,11:50,12,0,0,I-70 & COLORADO BLVD N,1,1,3,0,1,4,0,0,55,0,0,0,0,0,1,2,16
,2021-51248,39.75628353,-104.9983799,12/27/2021 22:30,22:30,12,0,0,WEWATTA ST & 1959 WEWATTA ST,1,3,3,0,1,2,0,0,35,0,0,0,0,0,4,2,16
,2021-51250,39.79972024,-104.8745477,12/27/2021 18:20,18:20,12,0,0,E 6TH AVE & N DAYTON ST,1,3,3,0,1,1,0,0,30,0,0,0,0,0,4,2,1
,2021-51251,39.68207353,-104.9128899,12/27/2021 13:20,13:20,3,0,0,E JEWELL AVE & S MONACO ST,1,1,3,0,1,1,0,0,25,0,0,0,0,0,4,2,10
,2021-51252,39.67339354,-105.0193899,12/28/2021 11:57,11:57,6,0,0,W WESLEY AVE & S CLAY ST,1,1,3,0,1,4,0,0,25,0,0,0,0,0,4,2,3
,2021-51263,39.77900353,-105.0069699,12/28/2021 15:27,15:27,10,0,0,W CHAFFEE PL & N QUIETO CT,1,1,3,0,1,1,0,0,25,0,0,0,0,0,4,2,13
,2021-51269,39.68489488,-104.9510035,12/28/2021 13:36,13:36,12,0,0,I-25 NB EXIT GORE PT TO & 6TH AVE W,1,1,3,0,1,8,0,0,45,0,0,0,0,0,1,3,3
,2021-51270,39.74012353,-104.9406599,12/25/2021 13:55,13:55,3,0,1,COLFAX AVE E & COLORADO BLVD N,1,1,3,0,6,1,0,0,35,0,0,0,0,1,2,3,16
,2021-51282,39.69310354,-105.0390499,12/28/2021 10:37,10:37,3,0,0,W LOUISIANA AVE & S PATTON CT,1,1,3,0,1,1,0,0,25,0,0,0,0,0,4,2,1
,2021-51289,39.78102351,-104.81518,12/26/2021 12:09,12:09,12,0,0,E BOLLING DR & N EUREKA CT,1,1,3,0,1,1,0,0,25,0,0,0,0,0,4,2,3
,2021-51292,39.73920353,-104.9764599,12/27/2021 1:00,1:00,6,0,0,EMERSON ST N & COLFAX AVE E,1,3,3,0,1,4,0,0,30,0,0,0,0,0,4,2,16
,2021-51309,39.73827353,-104.9406599,12/28/2021 7:56,7:56,12,0,0,COLORADO BLVD N & 14TH AVE E,1,1,3,0,1,1,0,0,30,0,0,0,0,0,2,2,10
,2021-51315,39.65502355,-105.0644499,12/28/2021 1:15,1:15,6,0,0,GIRARD AVE W & INGALLS ST S,1,3,3,0,1,4,0,0,25,0,0,0,0,0,4,2,14
,2021-51316,39.74147352,-104.9034499,12/27/2021 17:15,17:15,12,0,0,N QUEBEC ST & E 16TH AVE,1,1,3,0,1,1,0,0,30,0,0,0,0,0,4,3,3
,2021-51317,39.74440055,-105.0105911,12/28/2021 11:40,11:40,1,0,0,AURARIA PKWY & SPEER BLVD,1,1,3,0,1,1,0,0,35,0,0,0,0,0,4,2,8
,2021-51318,39.70369153,-104.9299,12/28/2021 12:20,12:20,3,0,0,E  EXPOSITION AVE & S RACE ST,1,1,3,0,1,1,0,0,25,0,0,0,0,0,4,2,16
,2021-51319,39.68939954,-104.9920549,12/27/2021 14:30,14:30,12,0,0,SANTA FE DR S & FLORIDA AVE W,1,1,3,0,1,1,0,0,40,0,0,0,0,0,2,2,3
,2021-51320,39.73046353,-104.9711999,12/27/2021 0:45,0:45,6,0,0,E 9TH AVE & 1300 BLK,1,3,3,0,1,4,0,0,,0,0,0,0,0,4,2,16
,2021-51321,39.77844352,-104.9222899,12/28/2021 15:28,15:28,15,0,0,I-70 & HOLLY ST N,1,1,3,0,1,4,0,0,55,0,0,0,0,0,1,2,13
,2021-51322,39.74860353,-104.9990499,12/27/2021 12:50,12:50,12,0,0,15TH ST & MARKET ST,1,1,3,7,1,4,0,0,25,0,0,0,0,0,4,2,13
,2021-51323,39.74015053,-104.9964604,12/28/2021 15:35,15:35,3,0,1,COLFAX AVE W & WELTON ST N,1,2,3,0,1,1,0,0,30,0,0,0,0,2,2,2,8
,2021-51324,39.78075294,-104.970202,12/27/2021 15:37,15:37,12,0,0,I-70 & MM 282.20,1,1,3,0,1,4,0,0,60,0,0,0,0,0,1,2,16
,2021-51347,39.8039519,-104.7720422,12/27/2021 22:27,22:27,1,0,1,GVR BLVD E & TOWER RD N,1,3,3,0,1,1,0,0,35,0,0,0,0,2,4,2,11
,2021-51407,39.75534615,-104.9405209,11/22/2021 17:00,17:00,3,0,0,COLORADO BLVD N & BAYAUD AVE E,1,1,3,5,1,1,0,0,,0,0,0,0,0,2,3,16
,2021-51411,39.70385353,-104.9593499,12/26/2021 11:56,11:56,15,0,0,S UNIVERSITY BLVD & E EXPOSITION AVE,1,1,3,0,1,4,0,0,30,0,0,0,0,0,4,2,13
,2021-51412,39.74130353,-104.9919799,12/27/2021 12:35,12:35,10,0,0,TREMONT PL & 14TH ST,1,1,3,0,1,1,0,0,30,0,0,0,0,0,4,2,1
,2021-51414,39.70026354,-104.9827799,12/29/2021 11:40,11:40,1,0,0,S LOGAN ST & E KENTUCKY AVE,1,1,3,0,1,4,0,0,30,0,0,0,0,0,4,2,13
,2021-51415,39.72095353,-104.9406899,12/28/2021 13:15,13:15,15,0,0,COLORADO BLVD N & 3RD AVE E,1,1,3,0,1,1,0,0,30,0,0,0,0,0,2,2,1
,2021-51417,39.77832352,-104.9792399,12/30/2021 8:50,8:50,10,0,0,N WASHINGTON ST & E 45TH AVE,1,1,3,0,1,3,0,0,35,0,0,0,0,0,4,2,13
,2021-51418,39.71111353,-104.9686999,12/28/2021 17:45,17:45,14,0,0,E ALAMEDA AVE & S FRANKLIN ST,1,3,3,0,1,1,0,0,25,0,0,0,0,0,4,2,3
,2021-51426,39.74019553,-105.0001549,12/29/2021 18:10,18:10,1,0,1,KALAMATH ST N & COLFAX AVE W,1,1,3,0,1,1,0,0,35,0,0,0,0,1,2,2,11
,2021-51427,39.74005353,-104.9861299,12/30/2021 16:34,16:34,2,0,1,COLFAX AVE E & LINCOLN ST N,1,1,3,0,1,1,0,0,0,1,0,0,0,2,2,1,16
,2021-51428,39.69635653,-104.8974019,12/30/2021 9:00,9:00,10,0,0,PARKER RD S & MISSISSIPPI AVE E,1,1,3,0,1,2,0,0,35,0,0,0,0,0,2,2,11
,2021-51430,39.71659353,-104.9985699,12/30/2021 9:52,9:52,10,0,2,SANTA FE DR N & ELLSWORTH AVE W,1,1,3,0,1,1,0,0,35,0,0,0,0,1,4,2,8
,2021-51431,39.78622083,-104.9002277,12/30/2021 11:50,11:50,12,0,0,I-70 & QUEBEC ST N,1,1,3,6,1,4,0,0,55,0,0,0,0,0,1,2,13
,2021-51432,39.67845554,-104.9222509,12/30/2021 11:17,11:17,12,0,0,E EVANS AVE & S HOLLY ST,1,1,3,0,1,4,0,0,30,0,0,0,0,0,4,2,16
,2021-51433,39.79110936,-105.0251748,12/29/2021 17:18,17:18,12,0,1,6TH AVE W & FEDERAL BLVD,1,3,3,0,1,8,0,0,45,0,0,0,0,2,2,4,3
,2021-51438,39.74011354,-105.0522499,12/9/2021 14:01,14:01,12,0,0,COLFAX AVE W & SHERIDAN BLVD N,1,1,3,0,1,3,0,0,35,0,0,0,0,0,2,2,1
,2021-51441,39.77726352,-104.8827699,12/29/2021 14:02,14:02,3,0,2,CENTRAL PARK BLVD N & I-70 WB OFF RAMP,1,1,3,0,1,1,0,0,35,0,0,0,0,3,4,2,1
,2021-51442,39.74000353,-104.9764699,12/9/2021 19:01,19:01,16,0,0,EMERSON ST N & COLFAX AVE E,14,5,3,7,6,14,0,0,,0,0,0,0,0,2,2,16
,2021-51443,39.78082352,-104.9498199,12/30/2021 17:00,17:00,12,0,0,VASQUEZ BLVD N & 46TH AVE E,1,2,3,0,1,1,0,0,45,0,0,0,0,0,2,2,4
,2021-51444,39.78260803,-104.9985394,12/28/2021 9:54,9:54,15,0,0,COLORADO BLVD N & I-70 WB OFF RAMP,1,1,3,0,1,4,0,0,35,0,0,0,0,0,2,2,13
,2021-51445,39.74400353,-104.9597799,12/29/2021 18:45,18:45,15,0,0,N YORK ST & E 17TH AVE,1,3,3,0,1,4,0,0,30,0,0,0,0,0,4,2,16
,2021-51446,39.72558391,-105.0264701,12/29/2021 12:04,12:04,15,0,0,I-25 & 6TH AVE W,1,1,3,0,1,4,0,0,55,0,0,0,0,0,1,3,8
,2021-51447,39.67131353,-104.86994,12/29/2021 19:00,19:00,6,0,0,E HARVARD AVE & E VASSAR DR,1,1,3,0,1,3,0,0,,0,0,0,0,0,4,2,16
,2021-51448,39.68293354,-104.9405399,12/28/2021 17:45,17:45,12,0,1,HWY 2 EXIT GORE PT TO & I-25 NB ON RAMP SLIP,1,4,3,0,1,4,0,0,40,0,0,0,0,2,2,2,3
,2021-51449,39.67845554,-104.9222509,11/25/2021 10:18,10:18,3,0,1,HOLLY ST S & EVANS AVE E,1,1,3,0,1,1,0,0,35,0,0,0,0,2,4,2,14
,2021-51450,39.65309354,-104.9090899,12/29/2021 13:15,13:15,12,0,0,HAMPDEN AVE E & ONEIDA WY S,1,1,3,0,1,1,0,0,30,0,0,0,0,0,2,3,3
,2021-51451,39.65311154,-104.8988149,12/29/2021 9:50,9:50,1,0,0,HAMPDEN AVE E & TAMARAC DR S,1,1,3,0,1,1,0,0,40,0,0,0,0,0,2,2,13
,2021-51452,39.74043353,-105.0141499,12/29/2021 21:45,21:45,15,0,0,COLFAX AVE W & I-25 SB OFF RAMP,1,3,3,0,1,1,0,0,40,0,0,0,0,0,2,2,3
,2021-51453,39.68755354,-104.9734199,12/29/2021 9:20,9:20,3,0,0,E IOWA AVE & S DOWNING ST,1,1,3,0,1,1,0,0,25,0,0,0,0,0,4,2,8
,2021-51454,39.76684353,-105.0029599,12/28/2021 18:22,18:22,3,0,0,N MARIPOSA ST & W 36TH AVE,1,3,3,0,1,1,0,0,25,0,0,0,0,0,4,2,11
,2021-51457,39.76539352,-104.9025999,12/30/2021 9:39,9:39,1,0,0,E 35TH AVE & N QUEBEC ST,1,1,3,0,1,1,0,0,25,0,0,0,0,0,4,2,16
,2021-51458,39.70041354,-105.0226799,12/30/2021 15:19,15:19,3,0,0,W KENTUCKY AVE & S DECATUR ST,1,1,3,0,1,1,0,0,25,0,0,0,0,1,4,2,3
,2021-51459,39.78010353,-104.9895499,12/30/2021 12:53,12:53,12,0,0,I-25 & I-70,1,1,3,0,1,4,0,0,55,0,0,0,0,0,1,2,13
,2021-51460,39.76131352,-104.9433999,12/30/2021 18:30,18:30,6,0,0,E MLK BLVD & E MLK BLVD / N RICHARD ALLEN CT,1,3,3,0,1,4,0,0,35,0,0,0,0,0,4,2,14
,2021-51461,39.71127353,-104.9034899,12/26/2021 16:34,16:34,12,0,0,ALAMEDA AVE E & QUEBEC ST S,1,2,3,0,1,3,0,0,,0,0,0,0,0,4,2,16
,2021-51462,39.72558391,-105.0264701,12/30/2021 14:16,14:16,12,0,0,I-25 & 6TH AVE W,1,1,3,0,1,4,0,0,45,0,0,0,0,0,1,3,13
,2021-51463,39.71111653,-104.9592094,12/30/2021 17:35,17:35,1,0,0,S UNIVERSITY BLVD & E ALAMEDA AVE,1,3,3,0,1,1,0,0,35,0,0,0,0,0,4,3,13
,2021-51464,39.67128354,-104.9875699,12/30/2021 6:37,6:37,15,0,0,S BROADWAY ST & W HARVARD AVE,1,2,3,0,1,4,0,0,30,0,0,0,0,0,4,2,11
,2021-51465,39.76449353,-104.9696399,12/30/2021 15:38,15:38,6,0,0,E BRUCE RANDOLPH AVE & N HUMBOLDT ST,1,1,3,0,1,1,0,0,30,0,0,0,0,0,4,2,3
,2021-51466,39.79846352,-104.8906199,12/29/2021 15:46,15:46,12,0,0,E 56TH AVE & N CENTRAL PARK BLVD,1,1,3,0,1,4,0,0,45,0,0,0,0,1,4,2,3
,2021-51471,39.68489488,-104.9510035,12/29/2021 14:14,14:14,12,0,0,I-25 NB EXIT GORE PT TO & 6TH AVE W,1,1,3,0,1,8,0,0,45,0,0,0,0,0,1,4,3
,2021-51472,39.69665354,-104.9929399,12/28/2021 14:00,14:00,15,0,0,S PLATTE RIVER DR & W MISSISSIPPI AVE,1,1,3,0,1,1,0,0,35,0,0,0,0,0,4,2,3
,2021-51473,39.76025353,-105.0252299,12/29/2021 8:05,8:05,12,0,0,FEDERAL BLVD N & SPEER BLVD N,1,1,3,0,1,1,0,0,35,0,0,0,0,0,2,2,13
,2021-51474,39.73828353,-104.9326799,12/29/2021 10:55,10:55,3,0,0,N DEXTER ST & E 14TH AVE,1,1,3,0,1,1,0,0,25,0,0,0,0,0,4,2,13
,2021-51476,39.70021353,-104.9593199,12/29/2021 13:06,13:06,2,0,1,UNIVERSITY BLVD S & KENTUCKY AVE E,1,1,3,0,1,4,0,0,0,1,0,0,0,1,4,1,16
,2021-51478,39.78003353,-104.9891799,12/30/2021 13:47,13:47,12,0,0,I-25 & PARK AVE W,1,1,3,0,1,4,0,0,55,0,0,0,0,0,1,2,3
,2021-51479,39.71475353,-104.9862599,12/29/2021 16:45,16:45,10,0,0,S LINCOLN ST & E BAYAUD AVE,1,1,3,0,1,1,0,0,25,0,0,0,0,0,4,2,3
,2021-51482,39.70729353,-104.9222499,12/30/2021 10:53,10:53,15,0,0,LEETSDALE DR & HOLLY ST S,1,1,3,0,1,4,0,0,30,0,0,0,0,0,2,2,13
,2021-51485,39.86662778,-104.6717006,12/27/2021 13:49,13:49,1,0,2,E 40TH AVE & PENA BLVD [INBOUND] RAMP,1,1,3,6,1,1,0,0,40,0,0,0,0,2,4,2,13
,2021-51486,39.77351352,-104.8828299,12/30/2021 19:45,19:45,15,0,0,3800 BLK N CENTRAL PARK BLVD & E 36TH AVE,1,3,3,0,1,4,0,0,35,0,0,0,0,0,4,2,11
,2021-51487,39.70052353,-104.8753399,12/30/2021 14:55,14:55,12,0,0,800 BLK S DAYTON ST & E KENTUCKY AVE,1,1,3,0,1,4,0,0,35,0,0,0,0,0,4,2,3
,2021-51488,39.78010352,-104.9497999,12/30/2021 18:32,18:32,12,0,0,I-70 WB ENT GORE PT FROM & STEELE ST N,14,4,3,6,1,4,0,0,55,0,0,0,0,0,1,3,13
,2021-51491,39.78010353,-104.9895499,12/17/2021 10:52,10:52,12,0,1,I-70 EB OFF RAMP TO & I-25 SB,1,1,3,0,1,8,0,0,55,0,0,0,0,1,1,3,13
,2021-51492,39.72433353,-104.9406899,12/29/2021 10:41,10:41,12,0,0,COLORADO BLVD N & 5TH AVE E,1,1,3,0,1,4,0,0,35,0,0,0,0,0,2,2,16
,2021-51494,39.79818433,-104.8441647,12/24/2021 4:59,4:59,15,0,0,5800 BLK PENA BLVD & E 56TH AVE,1,3,3,0,1,4,0,0,65,0,0,0,0,0,4,2,13
,2021-51495,39.67865354,-105.0191899,12/28/2021 22:46,22:46,12,0,0,2600 BLK W EVANS AVE & S CLAY ST,1,3,3,0,1,3,0,0,30,0,0,0,0,1,4,2,7
,2021-51497,39.74043353,-105.0141499,12/30/2021 18:30,18:30,12,0,1,I-25 & COLFAX AVE W,1,3,3,6,1,4,0,0,55,0,0,0,0,1,1,3,13
,2021-51498,39.78138353,-105.0355799,12/30/2021 12:40,12:40,6,0,0,W  ALICE PL & N MEADE ST,1,1,3,0,1,4,0,0,25,0,0,0,0,0,4,2,16
,2021-51499,39.74485353,-104.9848399,12/31/2021 17:17,17:17,3,0,0,18TH AVE E & SHERMAN ST N,4,3,3,2,1,1,0,0,,0,0,0,0,0,4,1,16
,2021-51500,39.76465683,-104.9791758,12/29/2021 18:53,18:53,10,0,0,33RD ST & WALNUT ST,1,3,3,0,1,1,0,0,35,0,0,0,0,0,4,2,16
,2021-51503,39.74034354,-105.0497999,12/18/2021 17:03,17:03,3,0,1,COLFAX AVE W & XAVIER ST N,1,3,3,0,1,1,0,0,25,0,0,0,0,1,2,2,1
,2021-51504,39.74970853,-104.9811019,12/31/2021 12:46,12:46,12,0,0,PARK AVENUE WEST & TREMONT PL,1,1,3,0,1,4,0,0,30,0,0,0,0,0,4,2,16
,2021-51505,39.74043353,-105.0141499,12/30/2021 16:30,16:30,12,0,0,I-25 & COLFAX AVE W,1,2,3,0,1,4,0,0,55,0,0,0,0,0,1,2,13
,2021-51506,39.77176352,-104.9034799,12/30/2021 13:47,13:47,3,0,0,N QUEBEC ST & E SMITH RD,1,1,3,0,1,1,0,0,35,0,0,0,0,0,4,2,10
,2021-51508,39.74440055,-105.0105911,12/31/2021 13:41,13:41,3,0,0,NB SPEER BLVD & AURARIA PKWY,1,1,3,0,1,1,0,0,30,0,0,0,0,0,4,2,13
,2021-51509,39.63427354,-104.9070899,12/30/2021 22:41,22:41,15,0,0,I-225 NB FLYOVER LOOP FROM & I-25 SB,1,3,3,0,1,8,0,0,65,0,0,0,0,0,1,2,13
,2021-51510,39.68930954,-104.9407324,11/29/2021 6:57,6:57,12,0,0,COLORADO BLVD S & FLORIDA AVE E,1,1,3,0,1,3,0,0,35,0,0,0,0,0,2,2,1
,2021-51511,39.76503353,-105.0158399,12/8/2021 0:58,0:58,6,0,0,ZUNI ST N & 35TH AVE W,1,3,3,0,1,4,0,0,25,0,0,0,0,0,4,3,16
,2021-51514,39.74481353,-104.9671999,12/31/2021 12:37,12:37,10,0,0,18TH AVE E & FRANKLIN ST N,1,1,3,0,1,2,0,0,25,0,0,0,0,0,4,2,8
,2021-51523,39.70492354,-105.0324299,12/19/2021 20:09,20:09,6,0,0,650 BLK S KNOX CT & W GILL PL,1,4,3,0,1,4,0,0,30,0,0,0,0,0,4,2,16
,2021-51525,39.74506353,-105.0095099,12/30/2021 23:30,23:30,12,0,0,AURARIA PKWY & 7TH ST,1,3,3,0,1,4,0,0,35,0,0,0,0,0,4,2,16
,2021-51526,39.77656353,-105.0468599,11/23/2021 18:00,18:00,6,0,0,4600 BLK W 44TH AVE & N VRAIN ST,1,3,3,0,1,4,0,0,25,0,0,0,0,0,4,2,16
,2021-51527,39.75986352,-104.8901899,12/31/2021 21:39,21:39,3,0,0,CENTRAL PARK BLVD N & MLK BLVD E,9,3,3,2,1,1,0,0,,0,0,0,0,0,4,2,16
,2021-51528,39.69293353,-104.9406199,12/31/2021 21:12,21:12,1,0,0,COLORADO BLVD S & LOUISIANA AVE E,9,3,3,2,1,1,0,0,35,0,0,0,0,0,2,2,13
,2021-51529,39.77959352,-104.8470099,12/4/2021 15:21,15:21,11,0,1,PEORIA ST N & 46TH AVE E,1,1,3,0,1,4,0,0,35,0,1,0,0,3,4,1,11
,2021-51530,39.72553353,-105.0131199,12/30/2021 14:11,14:11,15,0,0,I-25 & 6TH AVE W,1,1,3,0,1,4,0,0,55,0,0,0,0,0,1,2,16
,2021-51532,39.76801353,-104.9949599,11/26/2021 16:35,16:35,15,0,0,I-25 NB EXIT GORE PT TO & PARK AVE W,1,1,3,0,1,4,0,0,55,0,0,0,0,0,1,3,3
,2021-51534,39.77871552,-104.916581,12/28/2021 16:12,16:12,12,0,0,STAPLETON DR SE & HOLLY ST N,1,1,3,0,1,4,0,0,,0,0,0,0,0,4,2,16
,2021-51544,39.78371351,-104.77447,12/4/2021 21:00,21:00,12,0,0,E GREEN VALLEY RANCH BLVD & N YAMPA ST,1,3,3,0,1,1,0,0,40,0,0,0,0,0,4,2,16
,2021-51545,39.75485353,-105.0393099,12/3/2021 12:58,12:58,3,0,0,PERRY ST N & 26TH AVE W,1,1,3,0,1,1,0,0,0,1,0,0,0,0,4,2,16
,2021-51549,39.70765354,-105.0297999,12/31/2021 19:54,19:54,14,0,0,IRVING ST S & CUSTER PL W,9,3,3,2,1,4,0,0,25,0,0,0,0,0,4,2,14
,2021-51550,39.69274523,-104.9924773,12/3/2021 17:10,17:10,12,0,0,W EVANS AVE & S SANTA FE DR,1,2,3,0,1,3,0,0,35,0,0,0,0,0,2,2,16
,2021-51554,39.74652352,-104.9034499,12/8/2021 11:31,11:31,12,0,0,QUEBEC ST N & MONTVIEW BLVD E,1,1,3,0,1,4,0,0,30,0,0,0,0,0,4,3,16
,2021-51555,39.65307354,-104.9159999,12/17/2021 22:12,22:12,12,0,0,HAMPDEN AVE E & I-25 SB ON RAMP,1,3,3,0,1,3,0,0,40,0,0,0,0,0,2,2,1
,2021-51569,39.68568354,-104.9482399,12/26/2021 22:52,22:52,6,0,0,3300 BLK E MEXICO AVE & S ADAMS ST,1,3,3,0,1,4,0,0,25,0,0,0,0,0,4,2,16
,2021-51574,39.68489488,-104.9510035,12/28/2021 8:56,8:56,12,0,1,I-25 NB EXIT GORE PT TO & 6TH AVE W,1,1,3,0,1,8,0,0,55,0,0,0,0,1,1,2,16
,2021-51576,39.76014353,-104.9849999,12/18/2021 14:30,14:30,3,0,1,27TH ST & WALNUT ST,1,1,3,0,1,1,0,0,30,0,0,0,1,1,4,2,13
,2021-51583,39.69852353,-104.9035399,12/19/2021 2:30,2:30,3,0,1,LEETSDALE DR & QUEBEC ST S,1,3,3,0,1,1,0,0,45,0,0,0,0,2,2,2,1