id,drcog_id,latitude,longitude,crashtime,time,crashtype,numbkilled,numbinjurd,drcoglocat,rdconditin,lightngcon,roadcntgrd,weatherco,location,roaddescrp,schoolzone,constrzone,splimit,bikeinv,pedinv,sctrinv,motoinv,svrty,rdsystem,ttlvehcls,hcf
,2021-51586,39.65895355,-105.0647299,12/31/2021 18:05,18:05,6,0,0,DARTMOUTH AVE W & JOSLIN CT S,9,3,3,2,1,4,0,0,30,0,0,0,0,0,4,2,3
,2021-51665,39.78525352,-104.8824899,12/23/2021 16:18,16:18,15,0,0,NORTHFIELD BLVD E & CENTRAL PARK BLVD N,1,1,0,0,1,3,0,0,30,0,0,0,0,0,4,2,16
,2021-51666,39.78740659,-105.0345774,10/30/2021 0:16,0:16,6,0,0,N LOWELL BLVD & W 50TH AVE,1,3,0,0,3,4,0,0,35,0,0,0,0,0,4,2,16
,2021-51667,39.77429353,-104.9771699,9/25/2021 14:52,14:52,3,0,0,38TH ST & CHESTNUT PL,1,1,1,0,1,1,0,0,20,0,0,0,0,0,4,3,13
,2021-51668,39.68472354,-104.9594399,11/19/2021 17:38,17:38,12,0,0,I-25 SB ON RAMP FROM & UNIVERSITY BLVD S,1,2,1,0,1,8,0,0,65,0,0,0,0,0,1,4,5
,2021-51669,39.63930354,-104.88511,10/7/2021 20:15,20:15,5,0,0,I-225 & S YOSEMITE ST,1,3,0,0,6,4,0,0,65,0,0,0,0,0,1,1,16
,2021-51670,39.72661353,-104.9874199,9/26/2021 3:04,3:04,12,0,0,N BROADWAY ST & N SPEER BLVD,1,3,0,0,1,1,0,0,35,0,0,0,0,0,4,2,13
,2021-51671,39.71297053,-104.9875549,12/24/2021 14:48,14:48,3,0,0,S BROADWAY ST & E CEDAR AVE,11,1,0,0,1,1,0,0,30,0,0,0,0,0,4,2,7
,2021-51672,39.77705982,-104.9701395,11/15/2021 9:10,9:10,12,0,0,I-70 & BRIGHTON BLVD N,1,1,1,0,1,4,0,0,65,0,0,0,0,0,1,2,7
,2021-51673,39.77329409,-104.8387698,12/16/2021 19:24,19:24,12,0,1,I-70 & MM 282.50,1,3,0,0,1,4,0,0,65,0,0,0,0,1,1,3,1
,2021-51674,39.81940044,-104.9828907,12/24/2021 19:40,19:40,12,0,0,I-25 & I-225,1,4,0,0,1,4,0,0,65,0,0,0,0,0,1,2,5
,2021-51675,39.75103903,-104.9745493,12/12/2021 3:00,3:00,6,0,0,13TH AVE E & OGDEN ST N,1,3,0,0,1,4,0,0,30,0,0,0,0,0,4,5,14
,2021-51676,39.74045353,-105.0214599,11/19/2021 16:22,16:22,5,0,0,MILE HIGH STADIUM CIR W & COLFAX AVE W,1,1,0,0,2,4,0,0,30,0,0,0,0,0,4,1,16
,2021-51677,39.71287353,-104.9873499,11/14/2021 18:00,18:00,12,0,0,200 BLK S BROADWAY ST & W CEDAR AVE,1,1,0,0,1,4,0,0,35,0,0,0,0,0,4,2,6
,2021-51678,39.76937353,-105.0451399,12/14/2021 17:27,17:27,6,0,0,UTICA ST N & 38TH AVE W,1,3,0,0,1,4,0,0,25,0,0,0,0,0,4,2,16
,2021-51679,39.75284353,-104.9339099,12/17/2021 16:55,16:55,6,0,0,CHERRY ST N & 25TH AVE E,1,1,0,0,1,4,0,0,25,0,0,0,0,0,2,2,7
,2021-51680,39.77837352,-104.8372499,10/8/2021 22:55,22:55,6,0,0,ALBROOK DR & 13850 BLK E,1,3,0,0,1,4,0,0,25,0,0,0,0,0,4,2,16
,2021-51681,39.74335353,-104.9873699,12/12/2021 0:20,0:20,15,0,0,17TH ST & BROADWAY ST N,1,3,0,0,1,1,0,0,35,0,0,0,0,0,4,2,14
,2021-51682,39.70885353,-104.8701099,12/25/2021 21:01,21:01,6,0,0,S FULTON ST & S GALENA WAY,1,3,1,0,1,4,0,0,25,0,0,0,0,0,4,2,1
,2021-51683,39.76940452,-104.9915228,11/25/2021 10:50,10:50,12,0,0,3400 BLK PARK AVE W & GLOBEVILLE RD,1,1,0,0,1,2,0,0,35,0,0,0,0,0,4,2,14
,2021-51684,39.81294701,-104.8852002,11/30/2021 20:10,20:10,15,0,0,I-25 & 6TH AVE,1,1,0,0,1,4,0,0,65,0,0,0,0,0,1,2,16
,2021-51685,39.71743444,-104.9745807,12/19/2021 14:44,14:44,3,0,0,E 9TH ST & N CORONA ST,1,1,0,0,1,1,0,0,,0,0,0,0,0,4,2,13
,2021-51686,39.65309354,-104.9090799,12/21/2021 20:27,20:27,12,0,0,E HAMPDEN AVE & S ONEIDA WAY,1,3,0,0,1,1,0,0,40,0,0,0,0,0,4,2,8
,2021-51687,39.73294354,-105.0351299,12/26/2021 14:35,14:35,3,0,0,LOWELL BLVD N & 10TH AVE W,1,1,0,0,1,1,0,0,25,0,0,0,0,0,4,2,1
,2021-51688,39.77204353,-105.0508199,10/7/2021 21:04,21:04,6,0,0,N YATES ST & W 40TH AVE,1,4,0,0,1,4,0,0,25,0,0,0,0,0,4,2,13
,2021-51689,39.74565353,-104.9915799,12/21/2021 16:50,16:50,6,0,0,CALIFORNIA ST & 16TH ST,1,2,0,0,1,4,0,0,30,0,0,0,0,0,4,2,16
,2021-51690,39.77987352,-104.9671599,12/22/2021 22:40,22:40,12,0,0,I-70 & BRIGHTON BLVD N,1,3,1,0,1,4,0,0,65,0,0,0,0,0,1,2,3
,2021-51691,39.73869352,-104.8928499,11/20/2021 20:20,20:20,3,0,0,14TH AVE E & UINTA ST N,1,3,0,0,1,1,0,0,,0,0,0,0,0,4,2,16
,2021-51692,39.63533655,-105.0824554,12/25/2021 20:27,20:27,1,0,0,WADSWORTH BLVD S & STANFORD AVE W,1,3,0,0,1,1,0,0,45,0,0,0,0,0,2,2,16
,2021-51693,39.68471354,-104.9594399,10/9/2021 23:44,23:44,15,0,1,I-25 & S UNIVERSITY BLVD,1,3,1,0,1,4,0,0,,0,0,0,0,2,1,2,1
,2021-51694,39.77939353,-104.9791399,11/22/2021 3:47,3:47,5,0,0,I-70 EB OFF RAMP GORE PT TO & WASHINGTON ST N,1,3,1,0,3,8,0,0,35,0,0,0,0,0,1,1,8
,2021-51695,39.75347353,-104.9884099,9/24/2021 21:39,21:39,12,0,0,22ND ST & ARAPAHOE ST,1,3,0,0,1,4,0,0,30,0,0,0,0,0,4,2,16
,2021-51703,39.72599354,-105.0484999,12/22/2021 21:25,21:25,5,0,0,6TH AVE W / FRONTAGE RD (NOT CDOT) & WOLFF ST N,1,3,3,0,3,4,0,0,30,0,0,0,0,0,2,1,16
,2021-51708,39.74484353,-104.9787099,12/26/2021 3:58,3:58,3,0,0,18TH AVE E & WASHINGTON ST N,1,3,3,0,1,1,0,0,20,0,0,0,0,0,4,2,16
,2021-51710,39.73696353,-104.9631099,11/30/2021 13:25,13:25,6,0,0,RACE ST N & 14TH AVE E,1,1,3,0,1,4,0,0,30,0,0,0,0,0,4,2,16
,2021-51727,39.66947354,-104.9869599,12/29/2021 13:09,13:09,6,0,0,E VASSAR AVE & 0010 BLK,1,1,3,0,1,4,0,0,,0,0,0,0,0,4,2,16
,2021-51730,39.67579354,-104.9875699,12/29/2021 0:45,0:45,12,0,1,2200 BLK S BROADWAY ST & W WARREN AVE,1,3,3,0,1,3,0,0,35,0,0,0,0,2,4,2,10
,2021-51739,39.71129353,-104.9128499,12/23/2021 2:17,2:17,12,0,1,S MONACO ST & E ALAMEDA AVE,1,3,3,0,1,1,0,0,35,0,0,0,0,2,4,2,16
,2021-51746,39.75106244,-104.9781184,12/22/2021 17:30,17:30,12,0,0,I-70 & WASHINGTON ST N,1,3,3,0,1,4,0,0,55,0,0,0,0,0,1,2,16
,2021-51747,39.79462351,-104.77222,12/31/2021 18:50,18:50,12,0,0,N TOWER RD & E 54TH AVE,4,4,3,2,1,4,0,0,45,0,0,0,0,0,4,3,13
,2021-51748,39.77400352,-104.8470299,12/23/2021 13:00,13:00,12,0,0,I-70 & PEORIA ST N,1,1,3,0,1,4,0,0,55,0,0,0,0,0,1,3,14
,2021-51756,39.68489488,-104.9510035,12/29/2021 10:13,10:13,12,0,0,I-25 NB EXIT GORE PT TO & 6TH AVE W,1,1,3,0,1,8,0,0,45,0,0,0,0,0,1,3,3
,2021-51768,39.77314352,-104.8470199,12/29/2021 13:09,13:09,12,0,0,PEORIA ST & 4300 BLK,1,1,3,0,1,1,0,0,40,0,0,0,0,0,4,2,14
,2021-51817,39.76041814,-104.9829184,12/29/2021 12:46,12:46,11,0,1,28TH ST & LARIMER ST,1,1,3,0,1,1,0,0,25,1,0,0,0,2,4,1,13
,2021-51829,39.75081353,-104.9970599,12/2/2021 13:48,13:48,2,0,1,17TH ST & MARKET ST,1,1,3,0,1,1,0,0,0,1,0,0,0,2,4,1,16
,2021-51835,39.71150353,-104.9465499,12/22/2021 3:59,3:59,5,0,1,ALAMEDA AVE E & CHERRY CREEK DR NE,1,3,3,0,2,1,0,0,35,0,0,0,0,3,4,1,16
,2021-51873,39.62232355,-105.0912799,12/17/2021 17:24,17:24,12,0,0,S WADSWORTH BLVD & W BELLEVIEW AVE,1,3,3,0,1,4,0,0,45,0,0,0,0,0,2,2,16
,2021-51898,39.78366353,-105.0532299,12/31/2021 14:03,14:03,12,0,4,SHERIDAN BLVD N & I-70,1,1,3,0,1,1,0,0,35,0,0,0,0,1,2,2,16
,2021-51899,39.69661353,-104.9128799,12/29/2021 8:44,8:44,15,0,0,MISSISSIPPI AVE E & MONACO ST S,1,1,3,0,1,4,0,0,25,0,0,0,0,0,4,2,16
,2021-51900,39.77749514,-104.8955137,12/31/2021 18:38,18:38,15,0,1,I-270 & MM 5,9,3,3,2,1,4,0,0,55,0,0,0,0,2,1,2,16
,2021-51915,39.68959354,-105.0532499,12/18/2021 0:00,0:00,12,0,0,SHERIDAN BLVD S & FLORIDA AVE W,1,3,3,0,1,1,0,0,,0,0,0,0,0,2,2,16
,2021-51926,39.67420213,-104.9175574,11/27/2021 15:32,15:32,2,0,1,KEARNEY ST S & 2330 S KEARNEY ST,1,1,3,0,1,2,0,0,30,1,0,0,0,1,4,1,1
,2021-51960,39.78344353,-105.0345699,12/1/2021 7:56,7:56,10,0,0,LOWELL BLVD N & I-70 EB ON RAMP,1,1,3,0,1,1,0,0,30,0,0,0,0,0,4,2,16
,2021-51991,39.78564353,-105.0532399,12/31/2021 19:59,19:59,6,0,0,SHERIDAN BLVD N & 49TH AVE W,4,3,3,2,1,4,0,0,35,0,0,0,0,0,2,3,16
,2021-51995,39.70642354,-104.9967899,12/28/2021 16:50,16:50,12,0,0,SANTA FE DR S & I-25,1,3,3,0,1,1,0,0,30,0,0,0,0,0,2,2,3
,2021-52086,39.68293354,-104.9405399,12/19/2021 17:03,17:03,15,0,0,I-25 & COLORADO BLVD S,1,1,3,0,1,4,0,0,65,0,0,0,0,0,1,2,13
,2021-52096,39.72014353,-104.9908299,12/16/2021 11:03,11:03,6,0,0,BANNOCK ST N & W 2ND AVE,1,1,3,0,1,4,0,0,30,0,0,0,0,0,4,2,16
,2021-52101,39.70401354,-105.0297999,12/10/2021 21:00,21:00,6,0,0,EXPOSITION AVE W & S IRVING ST,1,3,3,0,1,4,0,0,25,0,0,0,0,0,4,2,16
,2021-52104,39.72910353,-104.9590199,12/30/2021 16:20,16:20,3,0,0,E 8TH AVE & N JOSEPHINE ST,1,1,3,0,1,1,0,0,35,0,0,0,0,0,4,2,11
,2021-52106,39.75922353,-104.9862099,12/12/2021 0:28,0:28,10,0,0,WALNUT ST & 26TH ST,1,3,3,0,1,1,0,0,30,0,0,0,0,0,4,2,1
,2021-52107,39.69142353,-104.9128799,12/13/2021 13:45,13:45,12,0,0,MONACO ST S & CHERRY CREEK DR SE,1,1,3,0,1,1,0,0,30,0,0,0,0,0,4,2,3
,2021-52124,39.77667351,-104.8099,12/31/2021 17:10,17:10,12,0,1,N CHAMBERS RD & E 46TH AVE,4,3,3,3,1,1,0,0,40,0,0,0,0,2,4,4,1
,2021-52128,39.71663354,-105.0250699,12/11/2021 23:17,23:17,12,0,0,FEDERAL BLVD N & ELLSWORTH AVE W,1,4,3,0,1,1,0,0,,0,0,0,0,0,2,2,16
,2021-52137,39.71115253,-104.9875774,12/30/2021 16:38,16:38,10,0,0,S BROADWAY ST & E ALAMEDA AVE,1,1,3,0,1,1,0,0,35,0,0,0,0,0,4,2,3
,2021-52139,39.62421222,-104.8898544,12/18/2021 12:16,12:16,15,0,0,I-25 & BELLEVIEW AVE,1,1,3,0,1,4,0,0,65,0,0,0,0,0,1,2,16
,2021-52234,39.74002353,-104.9714199,12/26/2021 22:33,22:33,6,0,0,COLFAX AVE E & MARION ST N,1,3,0,0,1,4,0,0,,0,0,0,0,0,2,2,5
,2021-52235,39.74845353,-105.0000799,12/27/2021 0:28,0:28,6,0,0,1400 BLK MARKET ST & 15TH ST,1,3,0,0,1,4,0,0,30,0,0,0,0,0,4,2,5
,2021-52236,39.74043353,-105.0139599,11/16/2021 0:22,0:22,12,0,0,COLFAX AVE W & I-25 NB RAMPS,1,3,0,0,1,1,0,0,40,0,0,0,0,0,2,2,3
,2021-52237,39.66435354,-104.9417799,12/18/2021 21:29,21:29,6,0,0,HARRISON ST S & AMHERST AVE E,1,3,1,0,1,4,0,0,25,0,0,0,0,0,4,3,13
,2021-52238,39.74043353,-105.0141499,12/26/2021 20:09,20:09,15,0,1,I-25 & COLFAX AVE W,1,3,0,0,1,4,0,0,65,0,0,0,0,1,1,3,1
,2021-52244,39.77669353,-105.0380799,12/31/2021 11:37,11:37,3,0,0,N OSCEOLA ST & W 44TH AVE,1,1,3,0,1,1,0,0,25,0,0,0,0,0,4,2,13
,2021-52251,39.78410351,-104.76541,12/13/2021 11:10,11:10,16,0,0,ARGONNE ST N & 4809 N ARGONNE ST,1,1,3,0,5,7,0,0,10,0,0,0,0,0,3,2,11
,2021-52253,39.73684353,-104.9941199,12/30/2021 9:06,9:06,15,0,0,500 BLK W 13TH AVE & N ELATI ST,1,1,3,1,1,4,0,0,30,0,0,0,0,0,4,2,16
,2021-52255,39.78378351,-104.79796,12/26/2021 11:50,11:50,12,0,0,N MEMPHIS ST & E GVR BLVD,1,1,3,0,1,1,0,0,25,0,0,0,0,0,4,2,16
,2021-52258,39.76322353,-105.0080199,12/26/2021 22:37,22:37,6,0,0,W 33RD AVE & N QUIVAS ST,1,3,3,0,1,4,0,0,25,0,0,0,0,0,4,3,16
,2021-52264,39.74893453,-104.9873749,12/28/2021 17:26,17:26,10,0,0,20TH ST & N BROADWAY ST,1,3,3,0,1,1,0,0,30,0,0,0,0,0,4,2,7
,2021-52265,39.76524353,-104.9782999,12/11/2021 19:41,19:41,6,0,0,WALNUT ST & 33RD ST,1,3,3,0,1,4,0,0,25,0,0,0,0,0,4,5,3
,2021-52269,39.69112353,-104.9406399,12/28/2021 13:45,13:45,3,0,0,COLORADO BLVD S & ARKANSAS AVE E,1,1,3,0,1,1,0,0,30,0,0,0,0,0,2,2,9
,2021-52270,39.73686353,-104.9729999,12/24/2021 9:47,9:47,3,0,0,N DOWNING ST & E 13TH AVE,1,1,3,0,1,1,0,0,30,0,0,0,0,0,4,6,1
,2021-52272,39.76203353,-105.0093099,12/26/2021 21:38,21:38,6,0,0,18TH ST & W 32ND AVE,1,4,3,0,1,4,0,0,25,0,0,0,0,0,4,3,16
,2021-52277,39.72931353,-105.0150499,10/21/2021 5:42,5:42,15,0,1,I-25 & W 8TH AVE,1,4,3,0,1,4,0,0,55,0,0,0,0,1,1,2,13
,2021-52279,39.79069351,-104.7495,12/27/2021 20:22,20:22,5,0,0,N JERICHO ST & E 51ST PL,1,4,3,0,2,4,0,0,25,0,0,0,0,0,4,1,16
,2021-52308,39.75434353,-104.9417799,12/23/2021 12:05,12:05,5,0,0,3900 BLK E 26TH AVE & N COLORADO BLVD,1,1,3,0,3,4,0,0,35,0,0,0,0,0,4,1,16
,2021-52461,39.75936353,-105.0532299,11/3/2021 17:00,17:00,12,0,0,SHERIDAN BLVD N & 30TH AVE W,1,1,0,0,1,1,0,0,35,0,0,0,0,0,2,2,7
,2021-52462,39.74430353,-104.9898199,11/11/2021 21:20,21:20,12,0,0,1600 BLK GLENARM PL & 17TH ST,1,3,0,0,1,4,0,0,30,0,0,0,0,0,4,2,1
,2021-52463,39.70041354,-105.0238499,12/28/2021 13:08,13:08,3,0,0,W KENTUCKY AVE & S ELIOT ST,1,1,0,0,1,1,0,0,25,0,0,0,0,0,4,2,13
,2021-52464,39.73942352,-104.8928499,11/20/2021 22:00,22:00,6,0,0,UINTA ST N & 1400 BLK,1,3,0,0,1,4,0,0,25,0,0,0,0,0,4,2,13
,2021-52465,39.84186744,-104.6730066,12/31/2021 20:00,20:00,15,0,0,PENA BLVD & 8000 BLK,10,3,0,2,1,4,0,0,45,0,0,0,0,0,4,2,1
,2021-52466,39.77994352,-104.9406599,11/20/2021 3:49,3:49,15,0,0,COLORADO BLVD N & I-70 EB ON RAMP,1,3,0,0,1,1,0,0,40,0,0,0,0,0,2,2,14
,2021-52467,39.73015353,-104.9009999,12/31/2021 4:00,4:00,6,0,0,800 BLK N ROSLYN ST & E 8TH PL,1,3,0,0,1,4,0,0,25,0,0,0,0,0,4,3,16
,2021-52468,39.77403351,-104.73934,12/17/2021 18:23,18:23,6,0,0,ODESSA ST N & E 41ST PL,1,3,0,0,1,4,0,0,25,0,0,0,0,0,4,3,3
,2021-52469,39.74015352,-104.8846399,12/17/2021 16:49,16:49,15,0,0,YOSEMITE ST N & COLFAX AVE E,1,4,0,0,1,4,0,0,30,0,0,0,0,0,4,2,5
,2021-52470,39.66762354,-104.9128699,8/25/2021 18:14,18:14,1,0,1,S MONACO ST & E YALE AVE,1,1,0,0,1,1,0,0,40,0,0,0,0,1,4,4,7
,2021-52471,39.78834353,-105.0251899,12/30/2021 11:50,11:50,15,0,0,FEDERAL BLVD N & 50TH AVE W,1,1,1,0,1,4,0,0,35,0,0,0,0,0,2,4,16
,2021-52472,39.76568353,-104.9950429,12/30/2021 18:34,18:34,15,0,0,PARK AVE W & N GLOBEVILLE RD,1,4,1,0,1,4,0,0,35,0,0,0,0,0,4,2,1
,2021-52473,39.71939353,-104.9546099,12/18/2021 14:15,14:15,6,0,0,2ND AVE E & DETROIT ST N,1,1,0,0,1,4,0,0,25,0,0,0,0,0,4,2,16
,2021-52474,39.74014353,-104.9139399,9/27/2021 22:53,22:53,3,0,0,E COLFAX AVE & N LOCUST ST,1,3,0,0,1,1,0,0,35,0,0,0,0,0,2,2,3
,2021-52475,39.62377354,-104.9013999,12/28/2021 17:34,17:34,15,0,0,I-25 & BELLEVIEW AVE E,1,3,0,0,1,4,0,0,65,0,0,0,0,0,1,3,13
,2021-52476,39.73920353,-104.9659799,10/3/2021 1:29,1:29,6,0,0,N WILLIAMS ST & E COLFAX AVE,1,3,0,0,1,4,0,0,30,0,0,0,1,0,4,2,13
,2021-52477,39.77320751,-104.8099085,9/9/2021 20:00,20:00,15,0,0,N CHAMBERS RD & E 40TH AVE,1,3,0,0,1,1,0,0,40,0,0,0,0,0,4,2,14
,2021-52478,39.70022353,-104.9034299,12/31/2021 20:50,20:50,5,0,0,900 BLK S QUEBEC ST & LEETSDALE DR,4,4,1,2,3,4,0,0,35,0,0,0,0,0,4,1,16
,2021-52479,39.74013353,-104.9194499,11/5/2021 18:28,18:28,3,1,0,N JERSEY ST & E COLFAX AVE,1,2,0,0,1,1,0,0,30,0,0,0,1,4,2,2,1
,2021-52480,39.82518502,-104.9816053,12/31/2021 11:04,11:04,3,0,0,COLORADO BLVD S & I-25 NB OFF RAMP,1,1,0,0,1,1,0,0,35,0,0,0,0,0,2,2,7
,2021-52481,39.75229353,-105.0038599,12/31/2021 4:25,4:25,10,0,0,15TH ST & DELGANY ST,1,3,0,0,1,1,0,0,30,0,0,0,0,0,4,2,16
,2021-52482,39.71578353,-104.9489299,12/31/2021 19:00,19:00,6,0,0,11 S ADAMS ST & E ELLSWORTH AVE,9,4,0,2,1,4,0,0,20,0,0,0,0,0,4,2,13
,2021-52483,39.69850354,-105.0246299,12/28/2021 19:44,19:44,15,0,0,FEDERAL BLVD S & TENNESSEE AVE W,1,3,0,0,1,4,0,0,35,0,0,0,0,0,2,2,1
,2021-52484,39.72908953,-104.9861329,12/30/2021 22:30,22:30,3,0,0,8TH AVE & N LINCOLN ST,1,3,0,0,1,1,0,0,,0,0,0,0,1,4,2,16
,2021-52485,39.76054404,-104.9659414,12/29/2021 18:45,18:45,12,0,2,COLFAX AVE E & WILLIAMS ST N,1,3,0,0,1,1,0,0,40,0,0,0,0,1,2,3,3
,2021-52486,39.68930354,-104.9965799,12/30/2021 23:23,23:23,3,0,1,PLATTE RIVER DR S & FLORIDA AVE W,1,3,0,0,1,1,0,0,35,0,0,0,0,1,2,2,13
,2021-52487,39.69674354,-105.0126999,12/30/2021 9:49,9:49,15,0,0,W MISSISSIPPI AVE & S TEJON ST,1,1,0,0,1,4,0,0,30,0,0,0,0,0,4,2,14
,2021-52497,39.71155353,-104.9406899,12/30/2021 13:21,13:21,3,0,0,COLORADO BLVD S & ALAMEDA AVE E,1,1,3,0,1,1,0,0,35,0,0,0,0,0,2,3,1
,2021-52498,39.75726353,-105.0169099,12/30/2021 9:15,9:15,6,0,0,N FIRTH CT & W 29TH AVE,1,1,3,0,1,4,0,0,25,0,0,0,0,0,4,2,4
,2021-52509,39.77288352,-104.9406289,12/31/2021 17:21,17:21,12,0,0,E 40TH AVE & N COLORADO BLVD,9,3,3,2,1,3,0,0,30,0,0,0,0,0,4,2,13
,2021-52512,39.78008352,-104.9404999,12/13/2021 8:10,8:10,12,0,0,I-70 & MM 276.60,1,1,3,0,1,4,0,0,55,0,0,0,0,0,1,2,13
,2021-52513,39.71116354,-105.0250899,12/30/2021 14:30,14:30,12,0,0,FEDERAL BLVD S & ALAMEDA AVE W,1,1,3,0,1,1,0,0,,0,0,0,0,0,2,2,13
,2021-52526,39.75898352,-104.8925699,12/13/2021 13:57,13:57,11,0,1,N UINTA ST (NON FARS) & E 29TH PL,1,1,3,0,1,1,0,0,25,0,1,0,0,3,4,1,11
,2021-52531,39.79105353,-105.0532399,12/31/2021 21:00,21:00,5,0,0,SHERIDAN BLVD N & 52ND AVE W,4,3,3,2,1,4,0,0,30,0,0,0,0,0,2,2,14
,2021-52544,39.73507353,-104.9784299,12/12/2021 17:45,17:45,6,0,0,12TH AVE E & CLARKSON ST N,1,3,3,0,1,4,0,0,,0,0,0,0,0,4,2,16
,2021-52552,39.76546762,-104.9462331,12/28/2021 18:35,18:35,12,0,0,N MADISON ST & E MLK BLVD,1,3,3,0,1,1,0,0,35,0,0,0,0,0,4,2,16
,2021-52659,39.75293353,-104.9925899,10/10/2021 1:07,1:07,15,0,0,LARIMER ST & 20TH ST,1,3,0,0,1,1,0,0,30,0,0,0,0,0,4,2,13
,2021-52662,39.72727641,-104.9665286,12/25/2021 5:37,5:37,6,0,0,E 7TH AVE PKWY & N GARFIELD ST,1,3,3,0,1,4,0,0,25,0,0,0,0,1,4,3,16
,2021-52677,39.69981354,-105.0249799,10/18/2021 12:49,12:49,15,0,0,S FEDERAL BLVD & W FORD PL,1,1,3,0,1,4,0,0,35,0,0,0,0,0,2,2,13
,2021-52679,39.78027351,-104.81109,12/31/2021 18:28,18:28,6,0,0,BOLLING DR E & FRASER WY N,4,3,3,2,1,3,0,0,,0,0,0,0,0,4,2,13
,2021-52866,39.63413354,-104.9067299,12/28/2021 17:50,17:50,12,0,1,I-25 & I-225,1,4,3,0,1,4,0,0,65,0,0,0,0,2,1,3,13
,2021-52989,39.75277353,-104.9874099,12/31/2021 10:45,10:45,15,0,0,CURTIS ST & 22ND ST,1,1,3,0,1,4,0,0,,0,0,0,0,0,4,2,16
,2021-53001,39.76954353,-105.0346299,12/8/2021 19:30,19:30,3,0,0,LOWELL BLVD N & 38TH AVE W,1,3,3,0,1,1,0,0,30,0,0,0,0,0,4,2,16
,2021-53004,39.66698354,-105.0255999,12/4/2021 16:00,16:00,15,0,0,YALE AVE & 3000 BLK W,6,1,3,1,1,4,0,0,30,0,0,0,1,0,4,2,16
,2021-53127,39.75851353,-105.0346099,12/22/2021 20:40,20:40,12,0,0,W 29TH AVE & N LOWELL BLVD,1,3,3,0,1,1,0,0,25,0,0,0,0,0,4,2,16
,2021-53128,39.78702351,-104.8362699,12/19/2021 17:20,17:20,6,0,0,4938 N UPTON CT & N URSULA WAY,1,4,3,0,1,4,0,0,15,0,0,0,0,0,4,2,16
,2021-53130,39.68039354,-105.0343499,12/24/2021 4:32,4:32,6,0,0,1900 BLK S LOWELL BLVD & W JEWELL AVE,1,3,3,0,1,4,0,0,35,0,0,0,0,0,4,2,16
,2021-53135,39.73837353,-104.9574299,12/24/2021 14:38,14:38,12,0,0,E 14TH AVE & N COLUMBINE ST,1,1,3,0,1,1,0,0,30,0,0,0,0,0,4,2,16
,2021-53136,39.69675254,-105.0250579,12/23/2021 11:50,11:50,12,0,0,FEDERAL BLVD S & MISSISSIPPI AVE W,1,1,3,0,1,4,0,0,40,0,0,0,0,0,2,2,16
,2021-53139,39.76737352,-104.9025299,12/22/2021 21:05,21:05,1,0,0,36TH AVE E & QUEBEC ST N,1,3,3,0,1,1,0,0,35,0,0,0,0,0,4,2,16
,2021-53140,39.77504351,-104.80989,12/18/2021 18:20,18:20,1,0,1,CHAMBERS RD N & ANDREWS DR E,1,3,3,0,1,1,0,0,40,0,0,0,0,3,4,2,13
,2021-53182,39.67570354,-104.9407099,7/18/2021 4:35,4:35,5,0,0,S COLORADO BLVD & 2200 BLK,1,2,0,0,3,4,0,0,35,0,0,0,0,0,2,1,2
,2021-53183,39.72533653,-104.9127829,11/19/2021 19:51,19:51,3,0,1,N MONACO ST & 6TH AVE,1,3,0,0,1,1,0,0,35,0,0,0,0,2,4,2,13
,2021-53241,39.74764753,-105.0532099,10/18/2021 17:47,17:47,3,0,0,SHERIDAN BLVD & 20TH AVE,1,1,3,0,1,2,0,0,35,0,0,0,0,0,2,2,13
,2021-53282,39.77994352,-104.9404999,10/18/2021 21:50,21:50,15,0,0,I-70 & N COLORADO BLVD,1,3,0,0,1,4,0,0,55,0,0,0,0,0,1,2,13
,2021-53283,39.70727353,-104.8818799,9/30/2021 19:24,19:24,15,0,1,ALAMEDA AVE 9300 BLK E & S CLINTON ST,1,4,0,0,1,4,0,0,40,0,0,0,0,3,4,2,14
,2021-53284,39.73847353,-105.0322599,12/25/2021 21:15,21:15,6,0,0,N KNOX CT & W 14TH AVE,1,3,0,0,1,4,0,0,25,0,0,0,0,0,4,5,14
,2021-53285,39.71133354,-105.0532399,11/15/2021 18:05,18:05,3,0,0,SHERIDAN BLVD S & ALAMEDA AVE W,1,3,1,0,1,1,0,0,35,0,0,0,0,0,2,5,1
,2021-53286,39.69106354,-104.9871999,10/2/2021 0:00,0:00,6,1,0,1400 BLOCK S BROADWAY ST & E ARKANSAS AVE,1,3,0,0,1,4,0,0,35,0,0,0,0,4,4,5,1
,2021-53287,39.71481613,-105.0227395,12/29/2021 5:51,5:51,11,0,1,DECATUR ST & BAYAUD AVE W,1,4,0,0,1,4,0,0,25,0,1,0,0,2,4,1,14
,2021-53288,39.78384351,-104.79648,12/31/2021 12:00,12:00,5,0,0,GVR BLVD E & 16501 E GVR BLVD,8,3,0,2,3,4,0,0,35,0,0,0,0,0,4,1,13