id,drcog_id,latitude,longitude,crashtime,time,crashtype,numbkilled,numbinjurd,drcoglocat,rdconditin,lightngcon,roadcntgrd,weatherco,location,roaddescrp,schoolzone,constrzone,splimit,bikeinv,pedinv,sctrinv,motoinv,svrty,rdsystem,ttlvehcls,hcf
,2021-53291,39.72894902,-105.000184,12/21/2021 12:15,12:15,11,0,1,8TH AVE W & KALAMATH ST N,1,1,3,0,1,1,0,0,30,0,1,0,0,1,4,1,16
,2021-53296,39.73203353,-104.9764199,12/26/2021 17:00,17:00,8,0,0,E 10TH AVE & N EMERSON,1,2,3,0,1,1,0,0,25,0,0,0,0,0,4,3,14
,2021-53305,39.76387353,-104.9801699,11/2/2021 11:15,11:15,12,0,1,WALNUT ST & 31ST ST,1,1,3,0,1,1,0,0,,0,0,0,0,2,4,2,3
,2021-53309,39.78729353,-105.0532399,12/31/2021 18:25,18:25,12,0,0,SHERIDAN BLVD N & 49TH AVE W,9,1,3,2,1,4,0,0,,0,0,0,0,0,2,3,13
,2021-53313,39.65305354,-104.9406699,12/13/2021 6:16,6:16,12,0,0,E HAMPDEN AVE & S COLORADO BLVD,1,2,3,0,1,4,0,0,45,0,0,0,0,0,2,2,16
,2021-53342,39.67842354,-104.9593799,12/15/2021 18:00,18:00,1,0,0,EVANS AVE E & UNIVERSITY BLVD S,1,3,3,0,1,1,0,0,,0,0,0,0,0,4,3,16
,2021-53346,39.73684353,-104.9902399,12/30/2021 12:00,12:00,15,0,0,W 13TH AVE & N BANNOCK ST,1,1,3,0,1,4,0,0,25,0,0,0,0,0,4,2,16
,2021-53351,39.71130353,-104.8929099,12/28/2021 7:20,7:20,15,0,0,ALAMEDA AVE E & FAIRMOUNT DR S,1,1,3,0,1,1,0,0,40,0,0,0,0,0,4,2,1
,2021-53352,39.75502241,-104.995232,12/1/2021 17:42,17:42,12,0,0,20TH ST & WAZEE ST,1,2,3,0,1,1,0,0,30,0,0,0,0,0,4,2,16
,2021-53411,39.73685353,-104.9952999,9/3/2021 9:46,9:46,3,0,0,W 13TH AVE & N FOX ST,1,1,3,1,1,1,0,0,25,0,0,0,0,0,4,2,13
,2021-53522,39.69659053,-104.9407144,11/27/2021 22:59,22:59,12,0,0,S COLORADO BLVD & MISSISSIPPI AVE,1,3,3,0,1,1,0,0,35,0,0,0,0,0,2,2,3
,2021-53524,39.70206353,-104.9407199,11/15/2021 13:41,13:41,12,0,0,S COLORADO BLVD & OHIO AVE,1,1,3,0,1,1,0,0,35,0,0,0,0,0,2,2,3
,2021-53536,39.62390354,-104.9023899,12/21/2021 7:17,7:17,3,0,0,I-25 SB OFF RAMP & BELLEVIEW AVE E,1,1,3,0,1,1,0,0,35,0,0,0,0,0,1,2,11
,2021-53543,39.70603353,-104.9406999,11/28/2021 16:32,16:32,1,0,0,CHERRY CREEK SOUTH DR & S COLORADO BLVD,1,1,3,0,1,3,0,0,35,0,0,0,0,0,2,2,13
,2021-53550,39.70604353,-104.9407099,12/9/2021 16:10,16:10,12,0,0,S COLORADO BLVD & CHERRY CREEK DR S,1,1,3,0,1,4,0,0,35,0,0,0,0,0,2,2,12
,2021-53588,39.77400352,-104.8470299,12/15/2021 14:40,14:40,12,0,0,I-70 & MM 281,1,1,3,6,1,4,0,0,55,0,0,0,0,0,1,2,16
,2021-53800,39.74243353,-104.9922499,10/23/2021 13:30,13:30,3,0,0,GLENARM PL & 1400 BLK,1,1,3,0,1,2,0,0,25,0,0,0,0,0,4,2,3
,2021-53850,39.65305354,-104.9406699,12/27/2021 17:46,17:46,12,0,0,E HAMPDEN AVE & S COLORADO BLVD,1,3,3,0,1,3,0,0,40,0,0,0,0,0,2,2,16
,2021-53879,39.75522353,-104.9931299,11/6/2021 1:58,1:58,6,0,0,BLAKE ST & 21ST ST,1,3,0,0,1,4,0,0,30,0,0,0,0,0,4,2,14
,2021-53880,39.71737354,-105.0468499,10/24/2021 22:30,22:30,6,0,0,WINONA CT & W ELLSWORTH AVE,1,4,0,0,1,4,0,0,25,0,0,0,0,0,4,2,16
,2021-53881,39.77411352,-104.8827799,11/20/2021 22:58,22:58,12,0,0,E 40TH AVE & N CENTRAL PARK BLVD,1,3,0,0,1,1,0,0,35,0,0,0,0,0,4,2,14
,2021-53882,39.79478351,-104.80971,11/18/2021 15:45,15:45,11,0,3,MAXWELL PL E & CHAMBERS RD N,1,1,0,0,1,1,0,0,40,0,1,0,0,1,4,1,13
,2021-54025,39.74982313,-105.0171947,12/31/2021 12:47,12:47,9,0,0,I-25 NB EXIT GORE PT TO & 23RD AVE W,1,1,3,0,1,13,0,0,55,0,0,0,0,0,1,1,13
,2021-54117,39.73941354,-105.0531099,12/1/2021 7:17,7:17,15,0,0,SHERIDAN BLVD N & COLFAX AVE W,1,1,3,1,1,3,0,0,35,0,0,0,0,0,2,2,16
,2021-54118,39.76094353,-105.0043199,12/12/2021 3:58,3:58,5,1,0,I-25 NB ON RAMP & 20TH ST,1,3,3,0,3,4,0,0,35,0,0,0,0,4,4,1,1
,2021-54126,39.68226354,-105.0500199,12/28/2021 14:13,14:13,6,0,0,S XAVIER ST & W JEWELL AVE,1,1,3,0,1,4,0,0,25,0,0,0,0,0,4,2,3
,2021-54179,39.71769353,-104.9500299,10/29/2021 13:41,13:41,15,0,0,1ST AVE E & STEELE ST N,1,1,3,0,1,1,0,0,,0,0,0,0,0,4,2,16
,2021-54228,39.62416354,-104.88875,12/24/2021 19:54,19:54,5,0,0,S WABASH ST & E BELLEVIEW AVE,11,3,3,0,2,1,0,0,45,0,0,0,0,0,4,1,13
,2021-54233,39.77967353,-104.9791499,11/16/2021 8:12,8:12,12,0,0,I-70 WB OFF RAMP GORE PT TO & WASHINGTON ST N,1,1,3,1,1,8,0,0,35,0,0,0,0,0,1,2,16
,2021-54234,39.72564354,-105.0532499,12/5/2021 3:42,3:42,3,0,1,SHERIDAN BLVD N & HWY 6 WB OFF RAMP,1,3,3,0,1,1,0,0,35,0,0,0,0,1,2,2,14
,2021-54237,39.78003353,-104.9891799,11/30/2021 4:46,4:46,15,0,0,I-70 EB ON RAMP FROM & I-25 NB RAMP SPLIT,1,3,3,1,1,8,0,0,50,0,0,0,0,0,1,2,16
,2021-54238,39.79837151,-104.772212,12/12/2021 2:28,2:28,15,0,0,56TH AVE E & TOWER RD N,1,3,3,0,1,4,0,0,35,0,0,0,0,0,4,2,16
,2021-54249,39.71116354,-105.0299599,12/26/2021 1:19,1:19,5,0,0,ALAMEDA AVE W & JULIAN ST S,1,3,3,0,3,4,0,0,35,0,0,0,0,0,2,1,16
,2021-54257,39.71115253,-104.9875774,11/3/2021 15:30,15:30,15,0,0,E ALAMEDA AVE & S BROADWAY ST,1,1,3,0,1,1,0,0,30,0,0,0,0,0,4,2,16
,2021-54293,39.7578829,-105.0111384,1/20/2021 18:00,18:00,12,0,0,15TH ST & N GLENARM ST,1,3,0,0,1,1,0,0,,0,0,0,0,0,4,2,16
,2021-54294,39.70200354,-105.0296999,11/12/2021 22:31,22:31,6,0,0,800 BLK S IRVING ST & W OHIO AVE,1,4,0,0,1,4,0,0,,0,0,0,0,0,4,2,1
,2021-54295,39.77832353,-104.9792299,10/25/2021 15:20,15:20,15,0,0,E 45TH AVE & N WASHINGTON ST,1,1,0,0,1,2,0,0,35,0,0,0,0,0,4,2,13
,2021-54296,39.77713352,-104.8829599,12/24/2021 23:12,23:12,12,0,1,I-70 & CENTRAL PARK BLVD N,1,3,3,0,1,4,0,0,55,0,0,0,0,2,1,2,13
,2021-54301,39.74000653,-104.9684659,12/30/2021 18:14,18:14,12,0,0,FRANKLIN ST N & COLFAX AVE E,1,3,3,0,1,1,0,0,,0,0,0,0,0,2,2,16
,2021-54302,39.78008352,-104.9404999,12/14/2021 15:00,15:00,12,0,0,I-70 & COLORADO BLVD N,1,1,3,0,1,4,0,0,15,0,0,0,0,0,1,2,16
,2021-54303,39.78929351,-104.8200299,12/15/2021 19:17,19:17,3,0,0,52ND AVE E & N SABLE ST,1,4,3,0,1,1,0,0,25,0,0,0,0,0,4,2,13
,2021-54304,39.74043353,-105.0141499,12/15/2021 10:26,10:26,3,0,0,COLFAX AVE W & I-25 SB OFF RAMP,1,1,3,0,1,1,0,0,,0,0,0,0,0,2,2,16
,2021-54305,39.77601353,-105.0017399,12/12/2021 3:50,3:50,6,0,0,LIPAN ST N & 44TH AVE W,1,3,3,0,1,4,0,0,25,0,0,0,0,0,4,2,16
,2021-54307,39.72410365,-104.9985838,12/22/2021 0:20,0:20,2,0,0,SANTA FE DR S & 5TH AVE W,1,3,3,0,1,1,0,0,0,1,0,0,0,0,4,2,16
,2021-54310,39.76201353,-105.0252299,12/31/2021 16:19,16:19,3,0,0,FEDERAL BLVD N & 32ND AVE W,9,1,3,2,1,1,0,0,35,0,0,0,0,0,1,2,13
,2021-54311,39.70385353,-104.9687099,12/14/2021 15:45,15:45,11,0,0,EXPOSITION AVE E & FRANKLIN ST S,1,1,3,0,1,1,0,0,,0,1,0,0,0,4,1,16
,2021-54391,39.68935353,-104.9128899,12/10/2021 17:30,17:30,15,0,0,FLORIDA AVE E & MONACO ST S,2,4,3,0,1,3,0,0,,0,0,0,0,0,4,2,16
,2021-54392,39.72831701,-104.8874183,11/28/2021 21:46,21:46,3,0,0,N YOSEMITE ST & E 17TH AVE,1,3,3,0,1,1,0,0,30,0,0,0,0,0,4,2,1
,2021-54393,39.74997353,-105.0021599,11/29/2021 12:20,12:20,6,0,0,WAZEE ST & 15TH ST,1,1,3,0,1,4,0,0,30,0,0,0,0,0,4,2,7
,2021-54394,39.69251353,-104.9319899,12/18/2021 22:10,22:10,6,0,0,DAHLIA ST S & LOUISIANA AVE E,1,3,3,0,1,4,0,0,25,0,0,0,0,0,4,2,16
,2021-54395,39.74947353,-104.9769499,12/12/2021 18:20,18:20,3,0,0,22ND AVE E & CLARKSON ST N,1,3,3,0,1,1,0,0,25,0,0,0,0,1,4,2,13
,2021-54468,39.75012353,-104.9840799,11/9/2021 15:30,15:30,3,0,0,22ND ST & WELTON ST,1,1,3,0,1,1,0,0,30,0,0,0,0,0,4,2,16
,2021-54469,39.75443353,-104.9499199,12/6/2021 19:49,19:49,12,0,0,E 26TH AVE & N STEELE ST,1,3,3,0,1,1,0,0,30,0,0,0,0,0,4,2,16
,2021-54472,39.69484354,-105.0247799,11/30/2021 8:50,8:50,12,0,0,FEDERAL BLVD S & LOUISIANA AVE W,1,1,3,0,1,3,0,0,40,0,0,0,0,0,2,2,3
,2021-54474,39.75536353,-105.0126899,12/30/2021 11:45,11:45,5,0,0,I-25 & SPEER BLVD N,1,1,3,0,1,4,0,0,,0,0,0,0,0,1,2,16
,2021-54477,39.79766351,-104.79997,12/31/2021 23:00,23:00,3,0,0,RANDOLPH PL E & LAREDO ST N,4,4,3,2,1,1,0,0,25,0,0,0,0,0,4,2,1
,2021-54478,39.68999354,-104.9734099,12/30/2021 14:37,14:37,12,0,3,I-25 & DOWNING ST S,1,1,3,0,1,4,0,0,55,0,0,0,0,3,1,4,1
,2021-54479,39.67301354,-104.9565199,12/25/2021 1:05,1:05,5,0,0,E WESLEY AVE & E WESLEY AVE,1,4,3,0,3,3,0,0,25,0,0,0,0,0,4,1,16
,2021-54494,39.69310354,-105.0390499,12/17/2021 17:47,17:47,6,0,0,PATTON CT S & LOUISIANA AVE W,1,4,3,0,1,4,0,0,25,0,0,0,0,0,4,2,1
,2021-54502,39.73740353,-104.9960199,12/4/2021 18:39,18:39,12,0,0,1300 BLOCK N SPEER BLVD & AURARIA PKWY,1,3,3,1,1,4,0,0,35,0,0,0,0,0,4,2,3
,2021-54515,39.67486354,-105.0017699,12/7/2021 11:30,11:30,16,0,1,LIPAN ST S & 2300 S LIPAN ST,1,1,3,0,5,4,0,0,,0,1,0,0,2,3,1,12
,2021-54625,39.76569352,-104.9498999,12/31/2021 20:28,20:28,3,0,0,E 35TH AVE & N STEELE ST,9,3,3,2,1,1,0,0,30,0,0,0,0,0,4,2,13
,2021-54627,39.70294453,-104.9129359,10/22/2021 6:18,6:18,3,0,0,LEETSDALE DR & S MONACO ST,1,3,3,0,1,2,0,0,35,0,0,0,0,0,2,2,13
,2021-54628,39.78922753,-105.0204993,11/14/2021 2:30,2:30,6,0,0,MEADE ST N & 51ST AVE W,14,5,3,0,1,4,0,0,,0,0,0,0,0,4,2,16
,2021-54629,39.69413354,-104.9792399,12/30/2021 21:22,21:22,15,0,0,I-25 SB ON RAMP FROM & BROADWAY ST S,1,3,3,0,1,8,0,0,,0,0,0,0,0,1,3,16
,2021-54633,39.78993353,-105.0531499,12/10/2021 17:47,17:47,15,0,0,SHERIDAN BLVD N & 52TH AVE W,1,2,3,0,1,4,0,0,35,0,0,0,0,0,2,4,16
,2021-54696,39.74024954,-105.1197344,12/4/2021 19:55,19:55,12,0,0,I-25 & COLFAX AVE W,1,3,0,0,1,4,0,0,65,0,0,0,0,0,1,2,14
,2021-54697,39.71570354,-105.0108699,12/31/2021 21:01,21:01,5,0,0,0 BLK S TEJON ST & W BAYAUD AVE,9,3,0,2,3,4,0,0,25,0,0,0,0,0,4,1,7
,2021-54698,39.77979352,-104.9517999,12/5/2021 17:19,17:19,12,0,0,I-70 EB OFF RAMP & STEELE ST N,1,3,0,0,1,8,0,0,25,0,0,0,0,0,1,2,14
,2021-54699,39.71781353,-104.9461599,11/30/2021 13:14,13:14,11,0,2,1ST AVE E & MADISON ST N,1,1,0,0,1,1,0,0,25,0,1,0,0,2,4,1,1
,2021-54700,39.76127804,-104.9573104,11/26/2021 19:32,19:32,6,0,0,E COLFAX AVE & N COLUMBINE ST,1,3,0,0,1,1,0,0,30,0,0,0,0,0,4,2,14
,2021-54701,39.74011353,-104.9988499,12/28/2021 17:43,17:43,5,0,2,SPEER BLVD N & COLFAX AVE W,1,3,0,0,2,4,0,0,35,0,0,0,0,3,4,1,4
,2021-54702,39.78104351,-104.79794,10/28/2021 14:49,14:49,1,0,1,N MEMPHIS ST & E ELK PL,1,1,0,0,1,1,0,0,25,0,0,0,1,3,4,2,1
,2021-54703,39.72410353,-104.8793299,12/15/2021 23:45,23:45,6,0,0,ALTON WY N & LOWRY BLVD E,1,3,0,0,2,4,0,0,30,0,0,0,0,0,4,2,5
,2021-54704,39.74166353,-104.9787299,11/18/2021 22:46,22:46,2,0,1,16TH AVE E & WASHINGTON ST N,1,3,0,0,1,3,0,0,25,1,0,0,0,2,2,2,1
,2021-54705,39.79478351,-104.80971,11/20/2021 12:45,12:45,12,0,0,E MAXWELL PL & N CHAMBERS RD,1,1,0,0,1,3,0,0,25,0,0,0,0,0,4,2,5
,2021-54706,39.74015353,-104.9494599,12/11/2021 10:05,10:05,1,0,0,COLFAX AVE E & STEELE ST N,1,1,0,0,1,1,0,0,30,0,0,0,0,0,2,2,5
,2021-54707,39.81940044,-104.9828907,12/19/2021 22:08,22:08,15,0,0,I-25 & I-70,1,3,0,0,1,4,0,0,55,0,0,0,0,0,1,2,5
,2021-54708,39.74002353,-104.9714199,10/24/2021 21:34,21:34,6,0,0,E COLFAX AVE & N LAFAYETTE ST,1,3,0,0,1,4,0,0,,0,0,0,0,0,2,2,16
,2021-54709,39.77295353,-104.9754099,12/5/2021 3:17,3:17,12,0,1,N BRIGHTON BLVD & 38TH ST,1,3,0,0,1,4,0,0,30,0,0,0,0,2,4,2,13
,2021-54732,39.77730184,-104.8238584,11/27/2021 15:00,15:00,6,0,0,ALBROOK DR E & ANDREWS DR E,1,1,3,0,1,1,0,0,25,0,0,0,0,0,4,3,16
,2021-54771,39.70474353,-104.9407099,12/30/2021 11:25,11:25,12,0,0,S COLORADO BLVD & E EXPOSITION AVE,1,1,3,0,1,4,0,0,35,0,0,0,0,0,2,2,11
,2021-54789,39.72015354,-105.0484599,11/25/2021 12:48,12:48,6,0,0,2ND AVE W & WOLFF ST N,1,1,3,0,1,4,0,0,25,0,0,0,0,0,4,3,4
,2021-54801,39.66372354,-105.0239599,12/22/2021 15:08,15:08,6,0,0,2800 BLK W BATES AVE & S. DECATUR ST,1,3,3,0,1,4,0,0,25,0,0,0,0,0,4,2,16
,2021-54804,39.76233353,-105.0345099,12/8/2021 17:03,17:03,6,0,0,LOWELL BLVD N & 32ND AVE W,1,2,3,0,1,4,0,0,25,0,0,0,0,0,4,2,16
,2021-54807,39.65265354,-104.9068599,12/9/2021 9:32,9:32,15,0,0,HAMPDEN AVE E & POPLAR ST S,1,1,3,0,1,4,0,0,40,0,0,0,0,0,2,2,13
,2021-54849,39.74820353,-104.9684199,10/7/2021 9:27,9:27,3,1,2,E 21ST AVE & N FRANKLIN ST,1,1,3,0,1,1,0,0,25,0,0,0,0,4,4,2,16
,2021-54851,39.74754353,-104.9810699,12/23/2021 19:10,19:10,3,0,0,22ND ST & E 20TH AVE,1,3,3,0,1,1,0,0,25,0,0,0,0,0,4,2,16
,2021-54852,39.66891354,-105.0417299,12/21/2021 18:00,18:00,12,0,0,RALEIGH ST S & YALE AVE W,1,3,3,0,1,2,0,0,25,0,0,0,0,0,4,2,16
,2021-54853,39.75507353,-104.9880899,11/13/2021 4:00,4:00,3,0,0,PARK AVE W & LAWRENCE ST,1,3,3,1,1,1,0,0,25,0,0,0,0,0,4,2,16
,2021-54854,39.66396355,-105.0623499,12/10/2021 23:22,23:22,11,0,1,INGALLS WY S & AMHERST AVE W,1,4,3,7,1,4,0,0,,0,1,0,0,3,4,1,16
,2021-54855,39.72216354,-105.0474099,12/18/2021 19:24,19:24,6,0,0,WINONA CT N & W 4TH AVE,1,4,3,0,1,4,0,0,25,0,0,0,0,0,4,2,16
,2021-54856,39.79258351,-104.8264399,12/20/2021 0:40,0:40,6,0,0,5462 N ATCHISON WAY & E MAXWELL PL,1,4,3,0,1,4,0,0,25,0,0,0,0,0,4,4,16
,2021-54857,39.8333935,-104.77196,12/6/2021 17:00,17:00,1,0,1,TOWER RD N & PENA BLVD,1,3,3,0,1,1,0,0,,0,0,0,0,3,4,2,13
,2021-54858,39.67394353,-104.87142,11/22/2021 19:00,19:00,11,1,0,ILIFF AVE (9900 BLK E) & S PARKER RD,1,3,3,0,1,4,0,0,0,0,1,0,0,4,4,1,16
,2021-54868,39.75528353,-105.0124899,8/6/2021 3:33,3:33,9,0,0,I-25 & N SPEER BLVD,1,3,1,0,2,8,0,0,35,0,0,0,0,0,1,1,1
,2021-54869,39.75925353,-105.0104999,10/3/2021 1:00,1:00,3,0,0,16TH ST & BOULDER ST,1,4,0,0,1,1,0,0,20,0,0,0,0,0,4,2,13
,2021-54870,39.69635653,-104.8974019,12/26/2021 1:56,1:56,5,0,0,E MISSISSIPPI AVE & S PARKER RD,1,3,0,0,3,3,0,0,35,0,0,0,0,0,4,1,5
,2021-54871,39.75604353,-105.0143499,11/17/2021 19:13,19:13,15,0,0,2500 BLOCK N SPEER BLVD & N BRYANT ST,1,3,0,0,1,4,0,0,35,0,0,0,0,0,4,2,1
,2021-54872,39.75604353,-105.0143499,11/17/2021 19:15,19:15,12,0,0,2500 BLOCK N SPEER BLVD & N BRYANT ST,1,3,0,0,1,4,0,0,35,0,0,0,0,0,4,3,1
,2021-54873,39.69309854,-105.0251164,5/21/2021 10:57,10:57,6,0,0,W LOUISIANA AVE & S FEDERAL BLVD,1,1,0,0,1,4,0,0,25,0,0,0,0,0,4,5,1
,2021-54902,39.71115253,-104.9875774,11/2/2021 16:14,16:14,12,0,0,S BROADWAY ST & E ALAMEDA AVE,1,1,0,0,1,4,0,0,30,0,0,0,0,1,4,2,13
,2021-54905,39.75157353,-104.9873799,11/18/2021 7:21,7:21,15,0,0,BROADWAY ST N & CHAMPA ST,1,1,3,0,1,3,0,0,,0,0,0,0,0,4,2,16
,2021-54912,39.67845353,-104.9081899,12/15/2021 7:21,7:21,11,1,0,E EVANS AVE & S ONEIDA ST,1,1,3,0,1,4,0,0,0,0,1,0,0,4,4,1,16
,2021-55018,39.75885452,-104.8658279,12/15/2021 15:40,15:40,3,0,1,29TH DR E & HAVANA ST N,1,1,3,0,1,1,0,0,35,0,0,0,1,3,4,2,16
,2021-55057,39.68209354,-105.0529499,12/4/2021 23:10,23:10,12,0,0,SHERIDAN BLVD S & JEWELL AVE W,1,3,3,0,1,1,0,0,35,0,0,0,0,0,2,2,16
,2021-55058,39.71310353,-104.9128199,8/23/2021 13:00,13:00,3,0,0,S MONACO ST & E CEDAR AVE,1,1,3,0,1,1,0,0,30,0,0,0,0,0,4,2,3
,2021-55059,39.67851354,-105.0017799,12/28/2021 16:43,16:43,15,0,0,W EVANS AVE & S LIPAN ST,1,3,3,0,1,4,0,0,35,0,0,0,0,0,4,2,16
,2021-55062,39.73103353,-104.9368799,12/21/2021 14:15,14:15,6,0,0,9TH AVE E & BELLAIRE ST N,1,1,3,0,1,4,0,0,35,0,0,0,0,0,4,3,16
,2021-55071,39.77832353,-104.9858399,11/2/2021 16:30,16:30,6,0,0,E 45TH AVE & N LINCOLN ST,11,1,0,1,1,1,0,0,30,0,0,0,0,0,4,2,13
,2021-55073,39.70603353,-104.9406999,12/11/2021 17:24,17:24,12,0,0,S COLORADO BLVD & E CHERRY CREEK SOUTH DR,1,3,3,0,1,1,0,0,35,0,0,0,0,0,2,2,3
,2021-55093,39.77831352,-104.8592499,11/8/2021 8:28,8:28,5,1,1,45TH AVE (11100 BLOCK E) & N PARIS ST,1,1,0,0,2,4,0,0,25,0,0,0,0,4,4,2,1
,2021-55094,39.74181353,-104.9757599,10/3/2021 22:48,22:48,6,0,0,EMERSON ST & 1600 BLK N,1,3,0,0,1,4,0,0,25,0,0,0,0,0,4,6,14
,2021-55095,39.75922352,-104.9327199,12/7/2021 16:15,16:15,6,0,0,DEXTER ST N & 30TH AVE E,1,1,3,0,1,4,0,0,25,0,0,0,0,0,4,2,1
,2021-55105,39.75355353,-105.0287699,11/4/2021 14:30,14:30,12,0,0,3200 BLOCK W 25TH AVE & N IRVING ST,1,1,3,0,1,4,0,0,25,0,0,0,0,0,4,2,3
,2021-55106,39.77957952,-104.8471054,12/26/2021 21:00,21:00,15,0,0,PEORIA ST N & 46TH AVE E,1,3,3,0,1,1,0,0,,0,0,0,0,0,4,2,16
,2021-55107,39.7112205,-104.8929748,12/16/2021 19:44,19:44,9,0,1,ALAMEDA AVE E & FAIRMONT DR,1,3,3,0,6,4,0,0,,0,0,0,0,3,4,1,16
,2021-55108,39.8379935,-104.67072,12/14/2021 20:17,20:17,3,0,0,SHADY GROVE ST N & 7800 BLK N,1,3,3,0,1,2,0,0,,0,0,0,0,0,4,2,16
,2021-55109,39.67915354,-105.0532599,12/19/2021 15:15,15:15,1,0,1,SHERIDAN BLVD S & EVANS AVE W,1,1,3,0,1,1,0,0,35,0,0,0,1,3,2,2,10
,2021-55110,39.76849352,-104.8657799,12/16/2021 17:27,17:27,2,0,1,HAVANA ST N & SMITH RD E,1,3,3,0,1,4,0,0,35,1,0,0,0,1,4,1,16
,2021-55112,39.77804052,-104.8471054,11/19/2021 14:48,14:48,15,0,0,E 45TH AVE & N PEORIA ST,1,1,0,0,1,4,0,0,35,0,0,0,0,0,4,2,13
,2021-55113,39.70378353,-104.8659499,8/7/2021 18:28,18:28,15,0,0,HAVANA ST S & EXPOSITION AVE E,1,2,0,0,1,1,0,0,35,0,0,0,0,0,2,3,13
,2021-55115,39.73848354,-105.0531899,12/1/2021 15:16,15:16,15,0,0,14TH AVE W & 5100 BLK,1,1,3,0,1,4,0,0,,0,0,0,0,0,4,2,16
,2021-55121,39.72563353,-104.9850999,12/7/2021 18:59,18:59,8,0,0,E SPEER BLVD & E 6TH AVE,1,3,3,0,1,1,0,0,35,0,0,0,0,0,4,3,1
,2021-55123,39.78562352,-104.8996999,11/7/2021 11:25,11:25,15,0,1,N QUEBEC ST & I-270 WB ON RAMP,1,1,0,0,1,1,0,0,35,0,0,0,1,3,2,2,16
,2021-55124,39.78229353,-105.0249499,11/24/2021 21:01,21:01,1,0,0,FEDERAL BLVD & I-70 EB RAMPS,11,3,0,2,1,1,0,0,35,0,0,0,0,0,2,2,14
,2021-55125,39.72531354,-105.0175899,10/21/2021 19:18,19:18,12,0,1,W 6TH AVE & N BRYANT ST,1,3,0,0,1,4,0,0,55,0,0,0,0,3,1,3,16
,2021-55131,39.78008352,-104.9412099,10/27/2021 13:00,13:00,15,0,0,I-70 & N COLORADO BLVD,1,1,0,0,1,4,0,0,55,0,0,0,0,0,1,2,1
,2021-55132,39.68855354,-105.0302199,12/25/2021 1:31,1:31,6,0,0,1500 BLK S IRVING ST & W FLORIDA AVE,1,3,0,0,1,4,0,0,35,0,0,0,0,0,4,2,5
,2021-55133,39.79832351,-104.77211,12/15/2021 18:00,18:00,12,0,0,TOWER RD N & E 56TH AVE,1,3,0,0,1,1,0,0,45,0,0,0,0,0,4,2,16
,2021-55143,39.73124353,-104.9873099,9/18/2021 1:38,1:38,11,1,0,BROADWAY ST (800 BLK N) & E 10TH AVE,1,3,0,0,1,4,0,0,35,0,1,0,0,4,4,3,14
,2021-55144,39.75485353,-105.0393099,12/3/2021 12:58,12:58,15,0,1,N PERRY ST & W 26TH AVE,1,1,3,0,1,3,0,0,25,0,0,0,0,3,4,2,1
,2021-55166,39.75047353,-104.9865799,12/22/2021 10:29,10:29,6,0,0,2100 BLK STOUT ST & 22ND ST,1,1,3,0,1,4,0,0,25,0,0,0,0,0,4,2,13
,2021-55171,39.73998354,-105.0407499,12/15/2021 12:12,12:12,12,0,0,COLFAX AVE & 4100 BLK W,1,1,3,0,1,4,0,0,30,0,0,0,0,0,2,2,13
,2021-55175,39.71124354,-105.0396899,7/11/2021 15:44,15:44,3,0,4,W ALAMEDA AVE & S PERRY ST,1,1,0,0,1,1,0,0,35,0,0,0,0,2,4,2,1
,2021-55176,39.68999354,-104.9734099,10/26/2021 15:20,15:20,12,0,0,I-25 & S DOWNING ST,1,1,0,0,1,4,0,0,55,0,0,0,0,0,1,3,3
,2021-55177,39.67839354,-104.9245399,10/10/2021 1:28,1:28,5,0,4,5400 BLK E EVANS AVE & S HUDSON ST,1,3,0,0,3,4,0,0,35,0,0,0,0,3,4,1,1
,2021-55178,39.76201353,-105.0252299,11/7/2021 17:55,17:55,11,0,1,W 32ND AVE & N FEDERAL BLVD,1,3,0,0,1,1,0,0,35,0,1,0,0,2,2,1,13
,2021-55182,39.74486353,-104.9823099,12/9/2021 18:35,18:35,11,0,1,E 18TH AVE & N LOGAN ST,1,3,3,0,1,3,0,0,0,0,1,0,0,3,4,1,16
,2021-55186,39.72636354,-105.0530909,7/21/2021 7:54,7:54,12,0,0,N SHERIDAN BLVD & W 6TH AVE WB SLIP RAMP ON,1,1,3,0,1,1,0,0,25,0,0,0,0,0,2,2,3
,2021-55222,39.73684353,-104.9861199,11/20/2021 23:45,23:45,3,0,1,E 13TH AVE & N LINCOLN ST,1,3,1,0,1,1,0,0,0,0,0,1,0,3,4,1,16
,2021-55223,39.65790355,-105.0532199,11/9/2021 9:41,9:41,12,0,0,S SHERIDAN BLVD & W COLUMBIA PL,1,1,0,0,1,4,0,0,25,0,0,0,0,0,4,2,3
,2021-55225,39.72313353,-104.9823699,12/15/2021 18:44,18:44,15,0,0,E SPEER BLVD & N LOGAN ST,1,3,3,0,1,4,0,0,,0,0,0,0,0,4,2,16
,2021-55248,39.76094353,-105.0043199,11/22/2021 0:46,0:46,11,1,0,I-25 & 20TH ST NB OFF RAMP,1,3,0,0,1,4,0,0,0,0,1,0,0,4,1,1,16