id,drcog_id,latitude,longitude,crashtime,time,crashtype,numbkilled,numbinjurd,drcoglocat,rdconditin,lightngcon,roadcntgrd,weatherco,location,roaddescrp,schoolzone,constrzone,splimit,bikeinv,pedinv,sctrinv,motoinv,svrty,rdsystem,ttlvehcls,hcf
,2021-55251,39.76929253,-105.0253144,12/11/2021 2:11,2:11,3,0,1,W 38TH AVE & N FEDERAL BLVD,1,3,0,0,1,1,0,0,35,0,0,0,0,2,2,2,5
,2021-55252,39.78631351,-104.8470399,9/27/2021 20:20,20:20,11,0,1,N PEORIA ST & E ANDREWS DR,1,3,0,0,1,4,0,0,0,0,1,0,0,2,4,1,16
,2021-55267,39.71476353,-104.9866399,11/16/2021 12:18,12:18,6,0,0,BAYAUD AVE & 24 BLK E,1,1,0,0,1,4,0,0,30,0,0,0,0,0,4,2,7
,2021-55268,39.73828353,-104.9269099,10/9/2021 16:00,16:00,10,0,0,E 14TH AVE & N FOREST ST,1,1,3,0,1,1,0,0,30,0,0,0,0,0,4,2,8
,2021-55289,39.73011353,-104.9999499,12/28/2021 20:12,20:12,15,0,1,KALAMATH ST N & 886 KALAMATH ST N,1,3,3,0,1,4,0,0,30,0,0,0,1,1,4,2,11
,2021-55291,39.71114354,-105.0287899,10/25/2021 8:47,8:47,12,0,2,ALAMEDA AVE W & IRVING ST S,1,1,3,0,1,4,0,0,30,0,0,0,0,1,2,3,11
,2021-55300,39.69051754,-104.9732023,10/6/2021 7:45,7:45,15,0,0,I-25 NB OFF RAMP TO & DOWNING ST S,1,1,1,0,1,8,0,0,25,0,0,0,0,0,1,2,1
,2021-55301,39.73800353,-105.0258599,11/25/2021 20:24,20:24,2,0,1,14TH AVE W & FEDERAL BLVD N,1,4,1,0,1,2,0,0,0,1,0,0,0,2,4,2,16
,2021-55305,39.72926353,-104.9161499,11/12/2021 15:39,15:39,15,0,0,E 8TH AVE & N KRAMERIA ST,1,1,3,0,1,1,0,0,30,0,0,0,0,0,4,2,1
,2021-55306,39.68211354,-104.9923899,12/20/2021 19:38,19:38,5,0,2,S SANTA FE DR & W JEWELL AVE,14,5,3,7,3,1,0,0,,0,0,0,0,3,2,1,16
,2021-55311,39.68952354,-105.0500199,12/22/2021 13:18,13:18,3,0,1,S XAVIER ST & W FLORIDA AVE,1,1,3,0,1,1,0,0,25,0,0,0,0,3,4,3,10
,2021-55321,39.75558353,-105.0439999,11/24/2021 11:45,11:45,6,0,0,N TENNYSON ST & W 27TH AVE,1,1,1,0,1,4,0,0,25,0,0,0,0,0,4,2,1
,2021-55325,39.73577353,-104.9859299,9/5/2021 1:15,1:15,15,0,0,LINCOLN ST 1200 N & E 12TH AVE,1,3,0,0,1,4,0,0,30,0,0,0,0,0,4,2,1
,2021-55338,39.73823353,-104.9412299,12/15/2021 7:30,7:30,12,0,0,3900 BLK E 14TH AVE & COLORADO BLVD,11,1,3,2,1,3,0,0,35,0,0,0,0,0,4,2,13
,2021-55466,39.72087646,-104.9407909,3/29/2021 21:12,21:12,1,0,0,CHERRY CREEK DR SOUTH & COLORADO BLVD,1,3,3,0,1,1,0,0,40,0,0,0,0,0,2,2,3
,2021-55481,39.69655353,-104.9405999,4/25/2021 3:08,3:08,3,0,0,S COLORADO BLVD & E MISSISSIPPI AVE,1,3,3,0,1,1,0,0,25,0,0,0,0,0,4,2,16
,2021-55546,39.68226354,-105.0250299,12/6/2021 7:23,7:23,14,0,0,W JEWELL AVE & S FEDERAL BLVD,1,1,3,1,1,1,0,0,30,0,0,0,0,0,2,2,1
,2021-55549,39.8330035,-104.77311,4/23/2021 12:00,12:00,5,0,0,PENA BLVD INBOUND 7500 & OAK HILL DR,11,1,1,2,5,4,0,1,45,0,0,0,0,0,3,1,14
,2021-55559,39.72230354,-105.0528699,11/12/2021 17:39,17:39,12,0,1,N SHERIDAN BLVD & W 5TH AVE,1,3,0,0,1,4,0,0,40,0,0,0,0,2,2,4,5
,2021-55613,39.84859352,-104.9970399,5/19/2021 15:50,15:50,5,0,0,84TH AVE & 800 W,1,1,3,0,2,7,0,0,25,0,0,0,0,0,4,1,10
,2021-55694,39.67323353,-104.8964399,6/12/2021 8:48,8:48,5,0,0,TRENTON WAY & 2370 S,1,1,3,0,3,4,0,0,25,0,0,0,0,0,4,1,14
,2021-55706,39.78736901,-105.0158194,6/18/2021 19:20,19:20,6,0,1,ZUNI ST & 7932,1,1,3,0,3,4,0,0,30,0,0,0,0,2,4,3,13
,2021-55946,39.71846353,-104.9790299,11/18/2021 13:41,13:41,2,0,1,100 BLK N WASHINGTON ST & E 1ST AVE,1,1,3,0,1,4,0,0,25,1,0,0,0,3,4,1,11
,2021-56154,39.76767253,-105.0529759,8/11/2021 12:43,12:43,5,0,0,SHERIDAN BLVD & 3700 N,1,1,3,0,3,4,0,0,,0,0,0,0,0,2,1,16
,2021-56263,39.61931355,-105.0911399,10/14/2021 6:00,6:00,5,0,0,S WADSWORTH BLVD & W CRESTLINE AVE,1,3,3,0,2,4,0,0,45,0,0,0,0,0,2,1,3
,2021-56434,39.71290354,-105.0435899,11/9/2021 21:00,21:00,5,0,0,225 S STUART ST & W CEDAR AVE,1,4,3,0,3,4,0,0,25,0,0,0,0,0,4,1,16
,2021-56442,39.63424355,-105.1099399,11/11/2021 8:49,8:49,3,0,1,S KIPLING ST & W STANFORD AVE,1,1,3,1,1,1,0,0,45,0,0,0,0,2,4,2,13
,2021-56444,39.78109351,-104.74924,11/11/2021 5:45,5:45,5,0,0,E GVR BLVD & N JEBEL ST,1,3,3,0,3,4,0,0,35,0,0,0,0,0,4,1,2
,2021-56464,39.75120353,-104.9821299,11/1/2021 11:24,11:24,11,0,1,WELTON ST/GLENARM PL ALLEY & PARK AVE W,1,1,3,0,1,9,0,0,15,0,1,0,0,3,4,1,16
,2021-56479,39.79111351,-104.81478,11/13/2021 15:19,15:19,3,0,0,E 53RD AVE & N EAGLE ST,1,1,3,0,1,1,0,0,25,0,0,0,0,1,4,3,1
,2021-56494,39.62377355,-105.0912799,7/6/2021 15:07,15:07,12,0,1,S WADSWORTH BLVD & W BELLEVIEW AVE,1,1,3,0,1,4,0,0,45,0,0,0,0,2,2,2,10
,2021-56520,39.8254735,-104.77188,11/18/2021 9:55,9:55,15,0,0,E 71ST AVE & N TOWER RD,1,1,3,0,1,1,0,0,25,0,0,0,0,0,4,2,13
,2021-56525,39.73229353,-104.9857499,11/18/2021 7:48,7:48,6,0,0,LINCOLN ST & 1000 BLOCK N,1,1,3,0,1,4,0,0,,0,0,0,0,0,4,3,16
,2021-56570,39.78233352,-104.8828999,11/27/2021 11:52,11:52,1,0,0,E 47TH AVE & N CENTRAL PARK BLVD,1,1,3,0,1,1,0,0,45,0,0,0,0,0,4,2,11
,2021-56574,39.72590354,-105.0252334,11/27/2021 2:28,2:28,5,0,0,6TH AVE W & FEDERAL BLVD N,1,3,3,0,3,4,0,0,45,0,0,0,0,0,2,1,16
,2021-56577,39.78141352,-104.9677299,11/24/2021 0:01,0:01,5,0,0,N BALDWIN CT & E 46TH AVE,1,4,3,0,3,4,0,0,25,0,0,0,0,0,4,1,1
,2021-56579,39.63152355,-105.0943999,11/22/2021 13:00,13:00,5,0,0,8501 W UNION AVE & W UNION AVE,1,1,3,0,4,2,0,0,20,0,0,0,0,0,4,1,10
,2021-56580,39.8364935,-104.70443,11/24/2021 18:15,18:15,1,0,4,24050 E 78TH AVE & N CALAWBA ST,1,3,3,0,1,1,0,0,45,0,0,0,0,3,4,2,10
,2021-56586,39.74561352,-104.9034599,11/27/2021 2:29,2:29,5,0,0,N QUEBEC ST & E 19TH AVE,1,3,3,0,1,1,0,0,30,0,0,0,0,0,4,1,13
,2021-56599,39.77432652,-104.8640279,11/23/2021 19:29,19:29,5,0,1,I-70 EB ON RAMP & HAVANA ST N,1,3,3,0,3,8,0,0,55,0,0,0,0,2,4,1,16
,2021-56601,39.71120654,-105.0107214,11/26/2021 3:59,3:59,5,0,1,W. ALAMEDA AVE & S. DECATUR ST,1,3,3,0,3,3,0,0,35,0,0,0,0,2,4,1,16
,2021-56602,39.77979351,-104.8230599,11/25/2021 22:45,22:45,6,0,0,14500 BLOCK E 47TH AVE & N DULUTH CT,1,3,3,0,1,4,0,0,25,0,0,0,0,0,4,3,16
,2021-56604,39.69307354,-105.0050399,11/29/2021 1:32,1:32,5,0,0,W LOUISIANA AVE & S PECOS ST,1,3,3,0,2,4,0,0,25,0,0,0,0,0,4,1,14
,2021-56607,39.68949354,-105.0203699,11/28/2021 9:25,9:25,3,0,0,W FLORIDA AVE & S CLAY ST,1,1,3,1,1,1,0,0,25,0,0,0,0,0,4,2,13
,2021-56608,39.70107353,-104.9105499,11/27/2021 13:50,13:50,5,0,0,LEETSDALE DR & NIAGARA ST S,1,1,3,0,6,1,0,0,35,0,0,0,0,0,2,1,13
,2021-56614,39.77411352,-104.8827799,10/27/2021 5:00,5:00,5,0,0,N CENTRAL PARK BLVD & E 40TH AVE,1,3,3,0,3,4,0,0,35,0,0,0,0,0,4,1,13
,2021-56621,39.70725099,-104.9733709,12/1/2021 18:31,18:31,5,0,0,I-25 & S DOWNING ST,1,3,3,0,3,8,0,0,55,0,0,0,0,0,1,1,1
,2021-56622,39.78020353,-104.9891799,12/1/2021 6:44,6:44,5,0,0,I-70 WB OFF RAMP & I-25,1,2,3,0,2,8,0,0,55,0,0,0,0,0,1,1,16
,2021-56629,39.74323353,-104.9726799,12/2/2021 9:04,9:04,3,0,0,PARK AVE W & E 17TH AVE,1,1,3,0,1,1,0,0,35,0,0,0,0,0,4,2,16
,2021-56630,39.69507353,-104.9405299,11/26/2021 21:20,21:20,5,0,0,S COLORADO BLVD & E ARIZONA AVE,1,3,3,0,3,2,0,0,30,0,0,0,0,0,2,1,3
,2021-56633,39.75456353,-104.9922299,12/5/2021 11:00,11:00,6,0,1,21ST ST & LARIMER ST,1,1,3,0,1,4,0,0,30,0,0,0,0,2,4,2,10
,2021-56636,39.64940355,-105.0346199,12/5/2021 18:38,18:38,6,0,0,W KENYON AVE & S LOWELL BLVD,1,3,3,0,1,1,0,0,30,0,0,0,0,0,4,2,16
,2021-56637,39.72997353,-104.9906399,12/2/2021 8:23,8:23,5,0,0,N SPEER BLVD & N BANNOCK ST,1,1,3,0,1,11,0,0,35,0,0,0,0,0,4,1,16
,2021-56639,39.71117354,-105.0133499,12/2/2021 5:09,5:09,5,0,0,2300 BLK W ALAMEDA AVE & S YUMA ST,1,3,3,0,2,4,0,0,35,0,0,0,0,0,4,1,10
,2021-56643,39.76387353,-104.9683199,11/24/2021 7:55,7:55,6,0,0,3300 BLOCK N FRANKLIN ST & E 33RD AVE,1,1,3,0,1,4,0,0,25,0,0,0,0,1,4,2,16
,2021-56644,39.72000354,-105.0254599,12/4/2021 4:29,4:29,5,0,0,W 2ND AVE & N FEDERAL BLVD,1,3,3,0,3,3,0,0,35,0,0,0,0,0,2,1,1
,2021-56646,39.77862306,-104.9223265,12/2/2021 18:26,18:26,5,0,0,I-70 & N HOLLY ST,1,3,3,0,3,4,0,0,55,0,0,0,0,0,1,1,16
,2021-56647,39.79829351,-104.76977,12/7/2021 7:05,7:05,1,0,0,E 56TH AVE & N ARGONNE ST,1,1,3,0,1,1,0,0,40,0,0,0,0,0,4,4,11
,2021-56649,39.71128754,-105.0384994,11/26/2021 4:10,4:10,5,0,0,W ALAMEDA AVE & S OSCEOLA ST,1,3,3,0,4,1,0,0,35,0,0,0,0,0,2,1,16
,2021-56653,39.68320354,-105.0489199,12/6/2021 17:48,17:48,5,0,0,WOLCOTT CT 1800 BLK S & W. JEWELL AVE,1,3,3,0,2,4,0,0,30,0,0,0,0,0,4,1,10
,2021-56668,39.77516351,-104.74423,11/30/2021 9:00,9:00,6,0,0,E 42ND AVE & N MALAYA ST,1,1,3,0,2,4,0,0,25,0,0,0,0,0,4,2,16
,2021-56676,39.78316352,-104.8404599,12/7/2021 7:45,7:45,3,0,0,N TULSA CT & E 48TH AVE,1,1,3,0,1,1,0,0,25,0,0,0,0,0,4,2,11
,2021-56679,39.69663554,-104.9891302,8/9/2021 9:48,9:48,12,0,0,1100 BLK W  MISSISSIPPI AVE & S. KALAMATH ST,1,1,3,0,1,3,0,0,30,0,0,0,0,1,4,2,3
,2021-56680,39.71114354,-105.0269299,12/8/2021 9:45,9:45,15,0,0,W ALAMEDA AVE & S HAZEL CT,1,1,3,0,1,4,0,0,,0,0,0,0,0,2,2,16
,2021-56681,39.70804354,-105.0431899,12/8/2021 16:51,16:51,5,0,1,S STUART ST & W VIRGINIA AVE,1,4,3,0,2,4,0,0,25,0,0,0,0,2,4,1,10
,2021-56682,39.73726353,-104.9057899,12/8/2021 12:50,12:50,5,0,0,E 13TH AVE & N PONTIAC ST,1,1,3,0,3,4,0,0,35,0,0,0,0,0,4,1,16
,2021-56684,39.68915354,-104.9972099,12/8/2021 12:32,12:32,5,0,0,FLORIDA AVE 1000 BLK W & S SANTA FE DR,1,1,3,0,2,4,0,0,35,0,0,0,0,1,4,1,1
,2021-56686,39.77700552,-104.8824649,12/1/2021 17:29,17:29,5,0,0,I-70 EB OFF RAMP & N CENTRAL PARK BLVD,1,3,3,0,2,8,0,0,45,0,1,0,0,0,4,1,10
,2021-56688,39.69656353,-104.9418699,12/9/2021 7:50,7:50,3,0,0,E MISSISSIPPI AVE & S HARRISON ST,1,1,3,0,1,1,0,0,25,0,0,0,0,0,4,3,13
,2021-56703,39.76473352,-104.9117399,7/21/2021 7:10,7:10,15,0,0,N MAGNOLIA ST & E 33RD AVE,1,1,3,0,1,4,0,0,,0,0,0,0,0,4,1,16
,2021-56704,39.78223353,-105.0242899,12/10/2021 13:22,13:22,5,0,0,ELIOT ST & 4701 N,11,1,3,0,2,9,0,0,,0,0,0,0,0,4,1,16
,2021-56707,39.79826352,-104.8788099,12/10/2021 11:20,11:20,5,0,0,N CENTRAL PARK BLVD & E 56TH AVE,4,1,3,2,3,1,0,0,35,0,0,0,0,0,4,1,7
,2021-56710,39.75311053,-105.0080209,12/10/2021 16:11,16:11,5,0,1,N SPEER BLVD & ELICH CIR,1,2,3,0,2,4,0,0,35,0,0,0,0,1,4,1,3
,2021-56711,39.77294353,-105.0276099,12/10/2021 22:04,22:04,6,0,0,N GROVE ST & W 41ST AVE,1,3,3,0,1,4,0,0,25,0,0,0,0,0,4,2,14
,2021-56716,39.71839546,-104.9950242,12/6/2021 0:28,0:28,3,0,0,W 1ST AVE & N KNOX CT,1,3,3,0,1,1,0,0,30,0,0,0,0,1,4,2,16
,2021-56717,39.83422589,-104.7468541,12/10/2021 7:22,7:22,5,0,0,E-470 & 8400 BLK,9,1,3,2,2,4,0,0,75,0,0,0,0,0,2,1,13
,2021-56720,39.77837352,-104.9684099,12/11/2021 2:09,2:09,5,0,0,N BRIGHTON BLVD & 44TH ST,1,3,3,0,1,4,0,0,35,0,0,0,0,0,4,1,16
,2021-56732,39.75867253,-104.9782174,12/13/2021 2:25,2:25,3,0,0,29TH ST & CHAMPA ST,1,3,3,0,1,1,0,0,30,0,0,0,0,0,4,2,13
,2021-56736,39.72750354,-105.0251299,12/13/2021 17:12,17:12,5,0,0,N FEDERAL BLVD & W 7TH AVE,1,3,3,0,3,4,0,0,30,0,0,0,0,0,2,1,14
,2021-56737,39.77997352,-104.9781199,12/10/2021 8:21,8:21,5,0,0,I-70 WB OFF RAMP & N WASHINGTON ST,11,1,3,2,2,8,0,0,55,0,0,0,0,0,1,1,16
,2021-56738,39.75385353,-104.9792499,11/27/2021 10:29,10:29,3,0,0,26TH ST & WELTON ST,1,1,3,0,1,1,0,0,25,0,0,0,0,0,4,2,13
,2021-56744,39.77702352,-104.8829699,12/13/2021 6:00,6:00,5,0,0,I-270 & MM 5,1,3,3,0,2,4,0,0,55,0,0,0,0,0,1,1,16
,2021-56746,39.76780353,-105.0346299,12/1/2021 17:05,17:05,6,0,0,3700 BLK N LOWELL BLVD & W 38TH AVE,1,3,3,0,1,4,0,0,,0,0,0,0,0,4,2,16
,2021-56747,39.76032353,-104.9743599,12/9/2021 17:00,17:00,12,0,0,3100 BLK STOUT ST & DOWNING ST,1,3,3,0,1,4,0,0,35,0,0,0,0,0,4,2,1
,2021-56750,39.68150354,-105.0317599,9/30/2021 15:52,15:52,5,0,0,1930 S KNOX CT & W JEWELL AVE,1,1,3,0,3,4,0,0,,0,0,0,0,0,4,1,16
,2021-56752,39.74017353,-104.9541599,11/22/2021 14:30,14:30,11,0,1,N DETROIT ST & E COLFAX AVE,1,1,3,0,1,1,0,0,35,0,1,0,0,1,2,1,16
,2021-56755,39.74487722,-105.1312559,12/9/2021 22:30,22:30,5,0,0,W 18TH AVE & N IRVING ST,1,3,3,0,3,1,0,0,30,0,0,0,0,0,4,1,16
,2021-56756,39.74015352,-104.8846399,11/4/2021 13:36,13:36,3,0,3,COLFAX AVE & N YOSEMITE ST,1,1,3,0,1,1,0,0,35,0,0,0,0,3,2,2,1
,2021-56759,39.66775354,-105.0000699,11/29/2021 16:15,16:15,5,0,2,PLATTE RIVER DR & 2600 BLOCK S,1,1,3,0,2,10,0,0,30,0,0,0,0,2,4,1,1
,2021-56763,39.66937354,-104.9488599,12/7/2021 18:23,18:23,5,0,0,E VASSAR AVE & S ADAMS ST,1,4,3,0,4,1,0,0,25,0,0,0,0,1,4,1,16
,2021-56764,39.66036353,-104.86628,12/18/2021 4:00,4:00,5,0,1,E DARTMOUTH AVE & S HAVANA ST,1,3,3,0,6,1,0,0,45,0,0,0,0,3,4,1,2
,2021-56765,39.73525353,-104.9916399,12/15/2021 17:29,17:29,5,0,0,N CHEROKEE ST & W 12TH AVE,1,3,3,6,3,1,0,0,25,0,0,0,0,0,4,1,1
,2021-56766,39.70145354,-104.9875199,12/16/2021 0:45,0:45,5,0,1,I-25 & S WASHINGTON ST,1,3,3,0,3,8,0,0,55,0,0,0,0,1,1,1,16
,2021-56767,39.69658353,-104.8899299,12/16/2021 6:22,6:22,5,0,0,MISSISSIPPI AVE 8300 BLK E & S. VALENCIA ST,1,3,3,0,3,4,0,0,40,0,0,0,0,1,4,1,2
,2021-56769,39.71150353,-104.9465499,12/17/2021 8:10,8:10,5,0,0,E CHERRY CREEK N DR & E ALAMEDA AVE,1,1,3,0,3,4,0,0,30,0,0,0,0,0,4,1,11
,2021-56776,39.77967353,-104.9791499,11/21/2021 21:56,21:56,15,0,2,I-70 & WB OFF RAMP TO N WASHINGTON ST GORE PT,1,3,3,0,1,8,0,0,55,0,0,0,0,2,2,2,16
,2021-56777,39.8340925,-104.7719825,12/17/2021 17:01,17:01,5,0,0,PENA BLVD & N TOWER RD,1,3,3,0,3,4,0,0,65,0,0,0,0,0,4,1,16
,2021-56780,39.71842354,-104.9985699,11/28/2021 8:00,8:00,5,0,0,N SANTA FE DR & W 1ST AVE,1,1,3,0,3,4,0,0,30,0,0,0,0,0,4,1,13
,2021-56781,39.72539353,-104.9476799,12/18/2021 16:43,16:43,5,0,0,E 6TH AVE & 575 N COOK ST,1,2,3,0,3,4,0,0,35,0,0,0,0,0,4,1,16
,2021-56783,39.72974353,-104.9912199,12/17/2021 19:42,19:42,3,0,0,N BANNOCK ST & N SPEER BLVD,1,3,3,0,1,1,0,0,25,0,0,0,0,0,4,2,8
,2021-56788,39.74820353,-104.9647099,12/17/2021 7:49,7:49,2,0,1,E 21ST AVE & N HIGH ST,1,2,3,0,1,1,0,0,30,1,0,0,0,1,4,1,13
,2021-56801,39.68932353,-104.9372899,12/19/2021 11:12,11:12,3,0,0,E FLORIDA AVE & S BELLAIRE ST,1,1,3,0,1,3,0,0,25,0,0,0,0,0,4,2,16
,2021-56814,39.68039354,-105.0052399,12/18/2021 5:50,5:50,5,0,0,S OSAGE ST & W ASBURY AVE,1,2,3,0,3,4,0,0,20,0,0,0,0,0,4,2,16
,2021-56817,39.69334354,-105.0263299,12/19/2021 8:00,8:00,6,0,0,3127 W LOUISIANA AVE & S FEDERAL BLVD,1,1,3,0,1,4,0,0,25,0,0,0,0,0,4,2,16
,2021-56819,39.66761354,-104.9257499,12/20/2021 3:43,3:43,5,0,1,I-25 & YALE AVE E,1,3,3,0,2,4,0,0,65,0,0,0,0,3,1,1,3
,2021-56820,39.66110355,-105.0532299,12/20/2021 18:41,18:41,8,0,3,S SHERIDAN BLVD & W BATES AVE,1,3,3,0,1,4,0,0,40,0,0,0,0,3,2,2,1
,2021-56823,39.73203353,-104.9861199,12/20/2021 18:20,18:20,5,0,0,E 10TH AVE & N LINCOLN ST,1,3,3,0,2,4,0,0,25,0,0,0,0,0,4,1,10
,2021-56832,39.77210353,-105.0299399,12/21/2021 8:25,8:25,5,0,1,N IRVING ST & W 40TH AVE,1,1,3,0,2,1,0,0,25,0,0,0,0,1,4,1,13
,2021-56834,39.69167549,-104.9968271,11/7/2021 7:32,7:32,5,0,0,800 BLOCK S PLATTE RIVER DR & S HURON ST,1,1,3,1,2,4,0,0,35,0,0,0,0,0,4,1,16
,2021-56842,39.65304854,-104.8720445,12/23/2021 12:30,12:30,5,0,1,E HAMPDEN AVE & S FLORENCE ST,1,1,3,0,3,4,0,0,45,0,0,0,0,1,2,1,13
,2021-56845,39.77825352,-104.8965999,12/23/2021 7:35,7:35,5,0,0,I-270 & I-70 EB RAMP MERGE PT,1,2,3,0,2,8,0,0,55,0,0,0,0,0,1,1,16
,2021-56851,39.70888004,-104.9863869,12/24/2021 10:33,10:33,5,0,3,S LINCOLN ST & E MAPLE AVE,1,1,3,0,2,3,0,0,30,0,0,0,0,1,4,3,2
,2021-56857,39.79260351,-104.77555,12/25/2021 3:37,3:37,5,0,0,18300 E ELMENDORF DR & N YAMPA ST,1,3,3,0,2,4,0,0,30,0,0,0,0,0,4,1,16
,2021-56858,39.75390352,-104.8907099,12/24/2021 23:28,23:28,5,0,1,2500 BLK N CENTRAL PARK BLVD & N VERBENA ST,1,3,3,0,2,4,0,0,30,0,0,0,0,2,4,1,1
,2021-56859,39.77384352,-104.8827899,12/26/2021 1:00,1:00,5,0,0,CENTRAL PARK BLVD 3900 BLK N & E 40TH AVE,1,3,3,0,3,4,0,0,35,0,0,0,0,0,4,1,14
,2021-56876,39.68232354,-104.9579199,12/26/2021 23:40,23:40,5,0,0,E BUCHTEL BLVD & S JOSEPHINE ST,1,3,3,0,3,4,0,0,30,0,0,0,0,0,4,1,14
,2021-56886,39.72571443,-105.0151054,12/28/2021 9:28,9:28,5,0,0,I-25 SB OFF RAMP & W 6TH AVE FWY WB COLLECTOR RAMP,1,1,3,0,3,8,0,0,55,0,0,0,0,0,1,1,13
,2021-56889,39.73828353,-104.9292199,12/29/2021 14:59,14:59,3,0,2,E 14TH AVE & N ELM ST,1,1,3,0,1,1,0,0,35,0,0,0,0,3,4,2,3
,2021-56892,39.78092352,-104.8808299,12/30/2021 19:19,19:19,5,0,0,N DALLAS ST & E 46TH PL,1,3,3,0,4,1,0,0,25,0,0,0,0,0,4,1,1
,2021-56893,39.72095353,-104.9406899,12/29/2021 10:24,10:24,3,0,0,N COLORADO BLVD & E 3RD AVE,1,1,3,0,1,1,0,0,35,0,0,0,0,0,2,2,16
,2021-56894,39.77160353,-104.9736599,12/27/2021 9:43,9:43,5,0,0,38TH ST & WALNUT ST,1,1,3,0,1,5,0,0,35,0,0,0,0,0,4,1,7
,2021-56895,39.67845353,-104.9104999,12/31/2021 5:15,5:15,5,0,0,E EVANS AVE & S MONACO ST,1,3,3,0,2,4,0,0,45,0,0,0,0,0,4,1,2
,2021-56898,39.72557353,-104.8918699,12/12/2021 2:47,2:47,5,0,0,E 6TH AVE & N UINTA WAY,1,3,3,0,3,1,0,0,30,0,0,0,0,0,4,1,16
,2021-56900,39.77073352,-104.8475099,12/25/2021 1:05,1:05,16,0,0, ,1,3,3,0,5,7,0,0,,0,0,0,0,0,3,1,16
,2021-56903,39.78363089,-104.9023694,12/31/2021 22:44,22:44,5,0,1,N QUEBEC ST & SAND CREEK DR S,5,3,3,2,3,1,0,0,,0,0,0,0,2,2,1,16
,2021-56905,39.68691354,-104.9604399,12/6/2021 10:36,10:36,16,0,0, ,1,1,3,0,5,7,0,0,,0,0,0,0,0,3,1,11
,2021-56906,39.78317311,-104.9005972,12/31/2021 22:15,22:15,5,0,0,N NORTHFIELD QUEBEC ST NB & I-270 EB RAMP,5,3,3,2,3,3,0,0,45,0,0,0,0,0,2,1,14
,2021-56907,39.70219354,-105.0188799,12/30/2021 14:00,14:00,16,0,0,790 S CANOSA CT & W OHIO AVE,1,1,3,0,5,7,0,0,,0,0,0,0,0,3,1,16
,2021-56915,39.73829353,-104.9223199,12/24/2021 7:00,7:00,5,0,0,E 14TH AVE & N HOLLY ST,1,3,3,0,2,9,0,0,30,0,0,0,0,0,4,1,16
,2021-56931,39.72551297,-105.016571,12/2/2021 6:35,6:35,5,0,0,W 6TH AVE FWY & EB OFF RAMP TO I-25 GORE PT,1,2,3,0,3,8,0,0,55,0,0,0,0,0,2,1,16
,2021-56937,39.74693353,-104.9634499,12/30/2021 10:59,10:59,11,0,1,N RACE ST & E 20TH AVE,1,1,3,0,1,1,0,0,25,0,0,1,0,3,4,1,11
,2021-56953,39.76741387,-104.8991116,12/31/2021 23:51,23:51,5,0,0,E 36TH AVE & N OLIVE ST,9,3,3,2,2,4,0,0,,0,0,0,0,0,4,1,16
,2021-56957,39.65277354,-104.8843299,12/24/2021 1:49,1:49,5,0,0,E HAMPDEN AVE & S YOSEMITE ST,1,3,3,0,2,4,0,0,35,0,0,0,0,0,4,1,16
,2021-56958,39.77649353,-105.0137899,12/2/2021 6:50,6:50,6,0,0,W 44TH AVE & N VALLEJO ST,1,2,3,1,1,4,0,0,30,0,0,0,0,0,4,3,14
,2021-56962,39.73368353,-104.9752699,12/24/2021 11:45,11:45,11,0,1,N OGDEN ST & E 11TH AVE,1,1,3,0,1,1,0,0,25,0,1,0,0,3,4,1,16
,2021-56963,39.76419352,-104.9318299,12/30/2021 9:39,9:39,5,0,1,DAHLIA ST & BRUCE RANDOLF ST,1,1,3,0,3,2,0,0,25,0,0,0,0,1,4,1,16
,2021-56980,39.69710354,-105.0344599,12/5/2021 1:00,1:00,5,0,0,MISSISSIPPI AVE W 3600 BLK & S MEADE ST,1,4,3,0,3,4,0,0,30,0,0,0,0,0,4,1,16
,2021-56986,39.71055353,-104.9035099,12/25/2021 7:33,7:33,5,0,0,S QUEBEC ST & E ALAMEDA AVE,1,1,3,0,3,4,0,0,30,0,0,0,0,0,4,1,16
,2021-56987,39.74032353,-105.0141399,12/30/2021 16:22,16:22,5,0,1,I-25 SB ON RAMP & W COLFAX AVE,1,1,3,0,3,8,0,0,25,0,0,0,0,2,1,1,16
,2021-56989,39.77987352,-104.9671599,12/14/2021 13:18,13:18,5,0,0,I-70 & N BRIGHTON BLVD,1,1,3,0,3,8,0,0,55,0,0,0,0,0,1,1,16
,2021-56990,39.77419352,-104.8470299,11/23/2021 21:50,21:50,5,0,0,I-70 & PEORIA ST N,1,3,3,0,2,4,0,0,55,0,0,0,0,0,1,1,16
,2021-56992,39.69650354,-105.0254699,11/25/2021 20:34,20:34,5,0,0,1101 S FEDERAL BLVD & S FEDERAL BLVD / W MISSISSIPPI AVE,1,3,3,0,3,1,0,0,40,0,0,0,0,0,2,1,3
,2021-57011,39.77473353,-105.0135099,3/9/2021 19:41,19:41,6,0,0,VALLEJO ST & W 43RD AVE,1,3,0,0,1,4,0,0,25,0,0,0,0,0,4,2,16
,2021-57012,39.76928353,-105.0005799,5/29/2021 9:15,9:15,10,0,0,KALAMATH ST & W 38TH AVE,1,1,3,0,1,2,0,0,25,0,0,0,0,0,4,2,3